train_no,journey_date,station_sequence,remaining_delay_min,split,station_code,xgb_pred,xgb_low,xgb_high,kf_pred,kf_low,kf_high,gcn_pred,gcn_low,gcn_high,fused_pred,fused_low,fused_high
12015,28-08-2026,1,-22.0,test,NDLS,-18.552494,-23.509056,0.55548203,-11.36694213854749,-43.9766037160979,21.242719439002915,-18.551922,-25.283693,-8.401908,-16.255918202864876,-34.540713022183695,2.028876616453939
12015,28-08-2026,2,-24.0,test,DEC,-20.24552,-25.549833,-0.7053545,-15.015043792262103,-46.624731238413936,16.594643653889726,-20.228903,-27.593569,-9.580861,-18.5684185380991,-36.85754931698308,-0.2792877592151193
12015,28-08-2026,3,-24.0,test,GGN,-19.773134,-26.074463,-1.2683164,-15.240457534164925,-46.49921203201527,16.018296963685412,-22.396917,-31.276993,-9.026807,-19.197151985490095,-38.1013797518024,-0.2929242191777881
12015,28-08-2026,4,-22.0,test,RE,-19.473776,-25.647781,-2.7082782,-15.37304514295275,-39.19382568490464,8.447735398999138,-21.300035,-29.984428,-7.6221447,-18.770605382045296,-34.857610245006754,-2.6836005190838357
12015,28-08-2026,5,-29.0,test,AWR,-22.929693,-31.256935,-5.55716,-21.74076927882837,-42.071704965618565,-1.4098335920381864,-27.398542,-37.486107,-12.662264,-24.03593092717699,-39.88573885928476,-8.186122995069228
12015,28-08-2026,6,-28.0,test,BKI,-22.746449,-30.28372,-6.583971,-20.816852883344517,-35.30391688193556,-6.329788884753468,-24.153257,-32.61684,-12.305755,-22.59764154163702,-35.333297196350955,-9.861985886923085
12015,28-08-2026,7,-32.0,test,GADJ,-27.470892,-35.197807,-10.839755,-25.36025609358769,-38.73871773709938,-11.981794450076,-26.396029,-34.521233,-15.035097,-26.438901447596162,-38.778735723279134,-14.09906717191319
12015,28-08-2026,8,-32.0,test,JP,-25.533455,-32.892914,-7.8302627,-23.46519746147949,-34.55042097418644,-12.379973948772546,-26.957071,-35.362415,-15.218136,-25.345923417411928,-37.159816713035674,-13.532030121788182
12015,28-08-2026,9,-28.0,test,KSG,-24.066471,-30.338907,-8.442666,-23.12424344520425,-32.79810249570613,-13.450384394702368,-24.423895,-32.536087,-13.160831,-23.884218370733862,-34.51198982034181,-13.256446921125917
12015,28-08-2026,10,-23.0,test,AII,-19.715601,-25.147575,-4.302411,-18.65037633739497,-20.774749263494076,-16.526003411295868,-20.669163,-28.544292,-9.678472,-19.692297243347554,-27.505846512516836,-11.878747974178271
12015,29-08-2026,1,-21.0,test,NDLS,-18.130898,-23.499588,0.52405363,-11.73966941829609,-44.34933099584649,20.86999215925432,-19.372196,-25.808384,-9.620167,-16.501181912955452,-34.65741230600755,1.6550484800966458
12015,29-08-2026,2,-22.0,test,DEC,-19.935791,-25.449663,-0.533907,-15.071888739590356,-46.68157618574219,16.537798706561475,-20.722506,-29.594406,-7.631133,-18.643003569217917,-37.63491372229556,0.34890658385972273
12015,29-08-2026,3,-22.0,test,GGN,-19.55588,-26.012686,-1.1614844,-15.229512462747165,-46.4882669605975,16.029242035103174,-20.974834,-29.318539,-8.782309,-18.64514273466406,-37.25834432192659,-0.03194114740152543
12015,29-08-2026,4,-20.0,test,RE,-19.079323,-25.586004,-2.6142344,-15.364853928286646,-39.18563447023853,8.455926613665241,-20.812544,-29.7351,-7.25226,-18.468653857103195,-34.58260030206966,-2.354707412136733
12015,29-08-2026,5,-28.0,test,AWR,-23.172487,-31.56771,-5.55184,-22.109862480796597,-42.44079816758678,-1.7789267940064055,-28.694223,-38.594185,-14.327697,-24.669245199445953,-40.47946507523874,-8.859025323653162
12015,29-08-2026,6,-21.0,test,BKI,-20.813988,-26.30388,-5.933607,-18.972232019188294,-33.45929601777934,-4.485168020597248,-21.13953,-29.930468,-8.216881,-20.333657757910142,-32.706159077638006,-7.961156438182277
12015,29-08-2026,7,-23.0,test,GADJ,-23.272303,-29.302876,-8.949966,-22.73713344230949,-36.115595085821184,-9.358671798797802,-22.083948,-30.168331,-10.6790905,-22.70606201255131,-34.31501910978724,-11.097104915315386
12015,29-08-2026,8,-24.0,test,JP,-21.232141,-27.111502,-5.902982,-21.117599210036303,-32.20282272274325,-10.03237569732936,-23.305462,-31.601282,-11.6845045,-21.885056659653642,-32.9553868991199,-10.814726420187382
12015,29-08-2026,9,-28.0,test,KSG,-24.22477,-30.97321,-8.6424265,-23.85765437531917,-33.53151342582105,-14.18379532481729,-24.97433,-33.05152,-13.749108,-24.35672589468236,-35.051135063749584,-13.662316725615135
12015,29-08-2026,10,-22.0,test,AII,-19.455431,-25.17768,-4.103263,-19.06178038371399,-21.186153309813093,-16.93740745761489,-21.308994,-29.10572,-10.424345,-19.946063417010503,-27.769275061738448,-12.122851772282559
12015,30-08-2026,1,-23.0,test,NDLS,-17.566671,-23.499588,0.57586175,-11.73966941829609,-44.34933099584649,20.86999215925432,-19.375257,-25.816282,-9.612924,-16.305934836438396,-34.47427002648852,1.8624003536117257
12015,30-08-2026,2,-29.0,test,DEC,-21.576496,-29.598143,-1.5023766,-16.651300401692097,-48.26098784784393,14.958387044459734,-25.572762,-34.788776,-12.393588,-21.331515929436726,-40.97957143629644,-1.6834604225770136
12015,30-08-2026,3,-26.0,test,GGN,-19.236864,-26.163473,-1.2725292,-16.122682444998485,-47.38143694284882,15.136072052851851,-22.407394,-30.35173,-11.056839,-19.296040755918185,-37.69976415371768,-0.8923173581186923
12015,30-08-2026,4,-22.0,test,RE,-18.474699,-25.51173,-2.6145139,-15.388030593681314,-39.2088111356332,8.432749948270573,-20.553822,-29.553667,-6.9633512,-18.179700870117358,-34.29879746354914,-2.0606042766855737
12015,30-08-2026,5,-29.0,test,AWR,-22.669117,-31.280384,-4.816134,-21.73243466973788,-42.06337035652807,-1.4014989829476896,-26.167015,-35.811623,-12.475543,-23.53305941142552,-39.2627146342324,-7.803404188618638
12015,30-08-2026,6,-23.0,test,BKI,-20.15368,-26.338772,-5.388326,-18.96502137036376,-33.452085368954805,-4.477957371772716,-20.877138,-29.570889,-8.166191,-20.01440340091844,-32.43892438884583,-7.5898824129910505
12015,30-08-2026,7,-22.0,test,GADJ,-21.744293,-28.366293,-8.354379,-21.62733436812304,-35.00579601163473,-8.248872724611351,-20.03159,-28.278454,-7.9731483,-21.13732377326576,-32.826491914654774,-9.448155631876745
12015,30-08-2026,8,-23.0,test,JP,-19.583319,-26.709831,-5.25064,-19.985707127469595,-31.07093064017654,-8.900483614762651,-20.577787,-29.00259,-8.476523,-20.042644482824556,-31.26513329719588,-8.820155668453232
12015,30-08-2026,9,-22.0,test,KSG,-21.191362,-26.92588,-6.9766564,-20.879157314444274,-30.55301636494616,-11.205298263942392,-19.433844,-27.372927,-8.149976,-20.50709124893119,-30.752706067204727,-10.26147643065765
12015,30-08-2026,10,-23.0,test,AII,-18.324326,-25.169296,-4.028003,-18.578750965711308,-20.703123891810407,-16.45437803961221,-20.596962,-28.370804,-9.766934,-19.16144333698477,-26.983335624187593,-11.33955104978195
12015,31-08-2026,1,0.0,test,NDLS,-17.693916,-23.346687,0.7849722,-11.73966941829609,-44.34933099584649,20.86999215925432,-19.427221,-25.60726,-9.992925,-16.36747831007476,-34.4432359476057,1.7082793274561823
12015,31-08-2026,2,-7.0,test,DEC,-21.28619,-29.97218,-1.3963734,-16.967182734112445,-48.57687018026428,14.642504712039386,-26.45482,-36.001087,-12.780324,-21.62482925917582,-41.50469387614767,-1.7449646422039677
12015,31-08-2026,3,-11.0,test,GGN,-25.224293,-33.329815,-3.5097098,-18.89846893451931,-50.15722343236965,12.360285563331026,-27.874264,-36.411873,-15.817057,-24.083959466842693,-43.61481148903502,-4.553107444650362
12015,31-08-2026,4,-13.0,test,RE,-25.592087,-33.536396,-6.033678,-20.64808732219648,-44.468867864148365,3.1726932197554056,-30.296402,-39.419067,-17.358223,-25.57657227889162,-42.44428086934642,-8.708863688436821
12015,31-08-2026,5,-20.0,test,AWR,-33.136337,-39.875263,-9.820901,-26.99158925854411,-47.32252494533429,-6.660653571753922,-34.34063,-44.121525,-20.556513,-31.57308548364671,-47.99833830882727,-15.147832658466147
12015,31-08-2026,6,-15.0,test,BKI,-29.967909,-36.50772,-9.537819,-24.56098925270988,-39.04805325130092,-10.073925254118832,-30.313122,-39.070156,-17.969513,-28.354752328683183,-41.825458927257564,-14.884045730108802
12015,31-08-2026,7,-18.0,test,GADJ,-32.995773,-39.216698,-13.828375,-28.70517024573825,-42.08363188924994,-15.326708602226562,-33.227142,-42.37109,-20.150616,-31.701512159276454,-44.70690585232866,-18.696118466224245
12015,31-08-2026,8,-16.0,test,JP,-28.25285,-35.906933,-10.536095,-26.23996729146926,-37.3251908041762,-15.154743778762317,-30.580418,-39.311783,-18.220053,-28.3836413166876,-40.41923919347571,-16.34804343989949
12015,31-08-2026,9,-30.0,test,KSG,-22.7768,-45.357258,-9.810559,-32.40255155887839,-42.07641060938028,-22.72869250837651,-41.59658,-52.294373,-26.122383,-32.11190062524523,-46.41921882996047,-17.804582420529982
12015,31-08-2026,10,-19.0,test,AII,-26.667845,-35.351727,-9.072298,-25.861551973515517,-27.985924899614616,-23.73717904741641,-31.881788,-40.365135,-19.802715,-28.144160306658915,-37.24633909832108,-19.04198151499675
12182,28-08-2026,1,4.0,test,AII,-9.97626,-29.727468,10.589569,-5.2129870169992,-35.32680671983919,24.90083268584079,-10.482657,-23.250874,11.698358,-8.622407100330364,-32.192270945632295,14.947456744971568
12182,28-08-2026,2,4.0,test,KSG,-10.90638,-30.611122,9.619561,-5.822604604598582,-36.14155032431967,24.4963411151225,-10.822318,-26.898312,16.335945,-9.25373164728532,-34.32321104257586,15.815747748005219
12182,28-08-2026,3,0.0,test,FL,-15.946166,-33.895096,7.9640627,-11.65804569654229,-41.96193731073765,18.64584591765308,-14.4308195,-30.304348,11.617965,-14.071795873228524,-39.20455253917684,11.06096079271979
12182,28-08-2026,4,-11.0,test,JP,-22.79073,-41.660522,4.9869847,-19.53588817780945,-51.18023326694557,12.108456911326662,-25.206059,-41.156887,-0.5408211,-22.553797921327437,-48.78274065257198,3.675144809917107
12182,28-08-2026,5,-9.0,test,DPA,-20.862518,-41.280087,4.839491,-18.487605463284893,-50.33479971122495,13.359588784655156,-23.030745,-37.527313,-0.68829155,-20.82461866374033,-46.36575344122042,4.716516113739761
12182,28-08-2026,6,-15.0,test,BNLW,-26.6806,-48.60941,-0.6881546,-23.58994781085205,-54.975023653054606,7.795128031350519,-28.840387,-42.466606,-8.531525,-26.41115502721138,-51.61921879851589,-1.203091255906866
12182,28-08-2026,7,-8.0,test,CKB,-22.3431,-43.268333,1.374393,-19.35210257781656,-51.53418295246642,12.829977796833305,-22.490784,-35.661186,-2.5396862,-21.436340898357134,-46.17107460747944,3.2983928107651757
12182,28-08-2026,8,4.0,test,SWM,-10.991396,-29.685572,8.570561,-7.899199667825509,-38.59985835978123,22.80145902413021,-12.489985,-26.003149,9.357524,-10.501563885640678,-33.96382373377147,12.960695962490114
12182,28-08-2026,9,-6.0,test,IDG,-19.38477,-40.19328,5.3130016,-15.65494618102412,-47.0702992025594,15.760406840511155,-19.705765,-35.113396,4.50021,-18.299531779726312,-44.06819469800837,7.4691311385557455
12182,28-08-2026,10,-7.0,test,LKE,-21.921892,-41.095978,1.1497675,-20.28600820154966,-50.68864847549399,10.116632072394673,-20.783255,-33.723503,-1.1713982,-21.020415277261836,-44.620882653082205,2.580052098558536
12182,28-08-2026,11,4.0,test,KOTA,-12.045174,-31.74566,7.23498,-11.30451758893119,-45.65992051116366,23.05088533330128,-11.897152,-24.225914,7.7236977,-11.759244789436869,-35.9846446834386,12.466155104564864
12182,28-08-2026,12,2.0,test,ATH,-11.330732,-31.93961,11.0901375,-13.419674560178784,-46.67348414159724,19.834135021239675,-13.750496,-25.909071,5.2260094,-12.803061483876618,-37.256039755338776,11.649916787585543
12182,28-08-2026,13,3.0,test,BAZ,-14.231523,-31.258762,7.619288,-15.389810056648766,-46.927728936597234,16.148108823299697,-12.98625,-24.936916,5.7036724,-14.187554081384025,-37.22022229210208,8.845114129334025
12182,28-08-2026,14,1.0,test,ATRU,-14.366103,-30.730692,5.247617,-16.521897814311785,-48.591379502244855,15.547583873621283,-14.763872,-26.858229,3.743311,-15.187345437079745,-37.86201779317938,7.487326919019893
12182,28-08-2026,15,2.0,test,CAG,-14.477618,-30.616755,9.11186,-15.549482526451238,-47.7004328837776,16.60146783087513,-14.087404,-26.12709,4.395174,-14.690395575375712,-38.06344538450507,8.68265423375365
12182,28-08-2026,16,4.0,test,RTA,-9.715109,-29.375214,12.612002,-7.327374063744327,-38.25789286172007,23.60314473423141,-12.571988,-24.565067,5.8991137,-9.90213582875326,-33.26797861023609,13.463706952729574
12182,28-08-2026,17,4.0,test,GUNA,-9.761444,-29.462326,11.432307,-8.332373751570948,-40.52050486745853,23.85575736431664,-12.564541,-24.751095,6.1650906,-10.23695827747879,-33.90420094822099,13.430284393263408
12182,28-08-2026,18,-2.0,test,ASKN,-15.490062,-32.955936,8.210461,-13.632810068029844,-44.885562320046986,17.6199421839873,-18.434233,-30.296234,-1.2514591,-15.875653147150238,-38.95190142103412,7.200595126733646
12182,28-08-2026,19,-16.0,test,MNV,-21.451818,-40.757744,5.2189617,-22.790964350454445,-54.51058941739233,8.928660716483442,-29.637861,-43.459427,-10.359928,-24.602207836098152,-49.421528815355856,0.21711314315954766
12182,28-08-2026,20,4.0,test,MAKR,-9.408282,-28.772787,8.333829,-8.447226823336674,-41.44014363924244,24.545689992569084,-13.079769,-25.195835,5.0207577,-10.322165487531969,-33.4455487029132,12.80121772784926
12182,28-08-2026,21,5.0,test,SGO,-18.015293,-31.386683,-1.3873088,-14.281480808038054,-43.4318547671901,14.86889315111399,-13.057922,-24.283184,3.0651588,-15.173361646035865,-35.208612991969815,4.861889699898086
12182,28-08-2026,22,5.0,test,DMO,-19.772371,-32.516205,-6.1646833,-17.867002157159313,-42.070668386034896,6.336664071716271,-13.661484,-24.455925,1.3755474,-17.131157276783632,-34.575462604159014,0.3131480505917459
12182,28-08-2026,23,-30.0,test,KMZ,-39.638073,-50.529484,-6.744361,-38.50822249861499,-58.56219916483046,-18.45424583239952,-39.44286,-51.27317,-24.135887,-39.21206944250699,-58.67561041676133,-19.748528468252648
12182,28-08-2026,24,-29.0,test,SHR,-35.339085,-41.407623,-4.415827,-34.319395847756326,-49.841602388985294,-18.79718930652736,-36.097973,-46.425735,-22.569254,-35.265591202799506,-51.3950173478668,-19.136165057732217
12182,29-08-2026,1,-9.0,test,AII,-11.091252,-29.65009,10.583342,-5.2129870169992,-35.32680671983919,24.90083268584079,-11.571471,-23.40036,8.993054,-9.372359802792847,-32.480713741932846,13.735994136347148
12182,29-08-2026,2,-8.0,test,KSG,-11.329734,-30.138424,9.582437,-5.462703071577932,-35.78164879129901,24.85624264814315,-10.163103,-25.657747,16.049028,-9.066741511340945,-33.77642114223737,15.642938119555476
12182,29-08-2026,3,-11.0,test,FL,-14.500652,-30.24177,8.069502,-10.904409804979393,-41.20830141917476,19.39948180921597,-13.276279,-28.347965,11.50683,-12.944163503939157,-37.06801941901928,11.179692411140968
12182,29-08-2026,4,-17.0,test,JP,-19.372696,-38.79707,8.49684,-16.91876783827425,-48.56311292741036,14.725577250861864,-19.605202,-35.397438,6.477213,-18.665784632849117,-45.232520619848756,7.900951354150525
12182,29-08-2026,5,-16.0,test,DPA,-17.630348,-37.37379,6.340284,-16.125062176437318,-47.97225642437736,15.722132071502733,-18.17686,-33.50177,7.2394485,-17.331035822542074,-43.114195049876514,8.45212340479237
12182,29-08-2026,6,-27.0,test,BNLW,-26.20468,-47.629726,-0.08566892,-23.201086094756405,-54.58616193695897,8.183989747446159,-27.454985,-41.573086,-6.0993805,-25.660592331701636,-51.068413638702836,-0.2527710247004329
12182,29-08-2026,7,-19.0,test,CKB,-19.76333,-41.593307,2.967446,-18.63724706810215,-50.81932744275201,13.544833306547716,-20.424387,-32.450092,-1.9688568,-19.623298966755605,-43.88207655699702,4.635478623485806
12182,29-08-2026,8,-8.0,test,SWM,-11.112198,-28.838848,8.516079,-7.512435183590223,-38.21309387554594,23.188223508365496,-10.775205,-22.981415,9.170726,-9.84969904837617,-32.587175780290906,12.887777683538562
12182,29-08-2026,9,-22.0,test,IDG,-21.506048,-39.923115,5.358472,-16.75411165853392,-48.1694646800692,14.661241363001356,-22.53817,-37.579803,0.8044014,-20.33065770638517,-45.84363522639927,5.182319813628926
12182,29-08-2026,10,-21.0,test,LKE,-22.576736,-41.847805,1.1870891,-20.81833349188859,-51.22097376583292,9.58430678205574,-21.962183,-35.125713,-1.8807926,-21.81039814401548,-45.675944429977335,2.055148141946372
12182,29-08-2026,11,-12.0,test,KOTA,-12.716214,-31.984688,7.190499,-12.423255286999666,-46.77865820923213,21.93214763523281,-13.5594225,-26.962505,7.7474833,-12.9030137838079,-37.64589943936993,11.83987187175413
12182,29-08-2026,12,-15.0,test,ATH,-14.567125,-37.12291,10.978675,-14.916839606816788,-48.170649188235245,18.336969974601672,-17.256245,-29.371819,1.081768,-15.573204836265596,-40.833414592415096,9.687004919883908
12182,29-08-2026,13,-16.0,test,BAZ,-16.303638,-38.371864,7.190855,-17.603872130718177,-49.14179101066664,13.934046749230289,-18.044367,-30.0233,-0.15623283,-17.298083407173593,-41.41645054665098,6.820283732303789
12182,29-08-2026,14,-16.0,test,ATRU,-16.02178,-37.076298,6.219971,-18.073232357284983,-50.14271404521806,13.996249330648084,-18.26548,-30.223429,-0.53182983,-17.423574875694303,-41.27577913678002,6.42862938539141
12182,29-08-2026,15,-14.0,test,CAG,-15.424361,-35.947186,8.98644,-16.67823655566813,-48.829186912994494,15.472713801658236,-16.73784,-28.690723,1.1498089,-16.26190104820591,-40.466460816165196,7.942658719753375
12182,29-08-2026,16,-8.0,test,RTA,-9.90432,-28.718084,11.114338,-6.977180572977567,-37.90769937095331,23.953338224998173,-11.720092,-23.734093,6.9301195,-9.572722479038186,-32.57998192914616,13.434536971069784
12182,29-08-2026,17,-8.0,test,GUNA,-9.570628,-28.759558,10.64954,-7.909392014708525,-40.09752313059611,24.27873910117906,-11.596551,-23.839874,7.381715,-9.71348225357908,-33.16275942482933,13.735794917671171
12182,29-08-2026,18,-12.0,test,ASKN,-15.602628,-32.045128,7.3041487,-12.505636668185032,-43.75838892020218,18.74711558383211,-15.915431,-28.389658,2.5849714,-14.716908353873505,-37.798263710356984,8.364447002609973
12182,29-08-2026,19,-17.0,test,MNV,-20.302586,-38.27956,4.4708304,-18.355412001932503,-50.07503706887039,13.364213065005384,-20.43454,-32.17657,-3.786396,-19.72418459325085,-43.13207469926327,3.6837055127615734
12182,29-08-2026,20,-8.0,test,MAKR,-10.018528,-28.761696,7.679721,-7.841189129125516,-40.83410594503128,25.15172768678024,-12.504213,-24.073586,4.59737,-10.14934654161809,-32.881385254433496,12.582692171197316
12182,29-08-2026,21,-13.0,test,SGO,-20.432943,-34.362625,-1.4225485,-16.173922118142098,-45.32429607729414,12.976451841009949,-17.096256,-28.093552,-1.7986193,-17.96215201049896,-38.350510737875055,2.4262067168771324
12182,29-08-2026,22,-21.0,test,DMO,-26.687704,-41.513096,-7.3130283,-22.72204288826893,-46.92570911714452,1.4816233406066497,-23.919458,-35.883217,-8.075142,-24.499711622017166,-43.72243061153499,-5.276992632499347
12182,29-08-2026,23,-28.0,test,KMZ,-35.18212,-47.0047,-11.609362,-32.97465398431544,-53.028630650530914,-12.920677318099964,-28.337137,-38.257786,-15.981642,-32.20022369063179,-49.282874218631235,-15.117573162632343
12182,29-08-2026,24,-28.0,test,SHR,-29.531534,-39.279785,-8.591661,-29.044860342828223,-44.56706688405719,-13.522653801599256,-28.840418,-38.879345,-16.388271,-29.146157566075402,-43.886008838501645,-14.406306293649157
12182,30-08-2026,1,-10.0,test,AII,-11.493044,-29.289953,9.38223,-4.8402597372506,-34.95407944009059,25.273559965589392,-10.002452,-23.22202,12.712811,-8.871198279488818,-32.312762905034525,14.570366346056888
12182,30-08-2026,2,-10.0,test,KSG,-11.599775,-30.057713,7.5431633,-5.449877324849981,-35.768823044571064,24.8690683948711,-10.298527,-25.790733,15.900717,-9.20161351713861,-33.521465721100085,15.118238686822865
12182,30-08-2026,3,-15.0,test,FL,-16.912447,-33.740738,6.689711,-11.656295795325526,-41.96018740952089,18.64759581886984,-15.124713,-30.573044,9.935554,-14.638122418060329,-39.263135550971775,9.986890714851116
12182,30-08-2026,4,-22.0,test,JP,-20.784943,-39.32494,5.0178237,-18.05104768045841,-49.69539276959452,13.593297408677705,-21.623344,-37.09967,2.4982243,-20.190060300475942,-45.82033953583003,5.440218934878146
12182,30-08-2026,5,-21.0,test,DPA,-19.343401,-38.682953,5.928297,-17.263959362182206,-49.11115361012226,14.583234885757845,-20.715836,-34.835663,1.3474636,-19.135273970246526,-44.286439569012494,6.015891628519441
12182,30-08-2026,6,-20.0,test,BNLW,-19.935823,-39.82204,1.8218144,-19.86018262249389,-51.24525846469646,11.52489321970867,-19.640041,-31.965008,-0.49122047,-19.813281774787683,-43.44522816455621,3.8186646149808467
12182,30-08-2026,7,-19.0,test,CKB,-18.854664,-39.461266,3.0319583,-17.803159655019094,-49.98524002966896,14.37892071963077,-18.777248,-31.192911,0.37550545,-18.492874177719234,-42.56389978192014,5.578151426481671
12182,30-08-2026,8,-14.0,test,SWM,-11.799979,-29.62621,7.584523,-8.944689966557874,-39.6453486585136,21.75596872539785,-14.227518,-27.425945,6.955944,-11.694798159522279,-34.79525280473736,11.405656485692798
12182,30-08-2026,9,-24.0,test,IDG,-21.486614,-40.08539,3.190728,-16.89414443022154,-48.30949745175681,14.521208591313734,-22.933884,-37.3915,-0.89520264,-20.500251861768906,-45.31736482541889,4.316861101881084
12182,30-08-2026,10,-25.0,test,LKE,-23.226353,-41.588585,0.9896521,-21.49376975275909,-51.89641002670342,8.908870521185243,-23.830643,-36.05899,-5.693268,-22.873615406384538,-46.15306328375807,0.4058324709890009
12182,30-08-2026,11,-11.0,test,KOTA,-12.3789,-30.991108,6.8259845,-11.34181712138384,-45.69722004361631,23.01358580084863,-11.196848,-24.253994,9.8446865,-11.654351853748803,-36.04248881088906,12.733785103391455
12182,30-08-2026,12,-13.0,test,ATH,-11.634446,-31.474752,10.565543,-13.411127351880255,-46.66493693329871,19.842682229538205,-13.733356,-25.918186,5.292238,-12.90027592898089,-37.1857152171974,11.385163359235623
12182,30-08-2026,13,-14.0,test,BAZ,-14.373439,-30.968918,7.4244013,-16.092002522538863,-47.62992140248733,15.4459163574096,-14.706189,-26.667511,3.7058268,-15.033326149380827,-37.93081126643697,7.864158967675316
12182,30-08-2026,14,-13.0,test,ATRU,-14.6091385,-30.171148,6.5728,-16.21221635840763,-48.2816980463407,15.85726532952544,-13.917843,-25.97874,4.6740437,-14.891552983788397,-37.71499344240877,7.931887474831971
12182,30-08-2026,15,-17.0,test,CAG,-15.865346,-36.678394,7.167142,-16.9547905482742,-49.10574090560057,15.196159809052164,-17.74239,-30.285889,0.9216938,-16.83776056475192,-41.08229830548515,7.406777175981308
12182,30-08-2026,16,-11.0,test,RTA,-10.208955,-29.061136,8.427139,-7.400948017846524,-38.33146681582227,23.529570780129216,-12.57645,-24.560648,5.878536,-10.098915988631564,-32.63879756816394,12.440965590900813
12182,30-08-2026,17,-12.0,test,GUNA,-9.699496,-29.198116,7.75112,-8.662152914704835,-40.85028403059242,23.525978201182756,-13.471369,-25.612772,5.0368958,-10.622384338278405,-33.522584819490326,12.277816142933517
12182,30-08-2026,18,-17.0,test,ASKN,-15.190389,-32.63336,5.200299,-13.639286244039674,-44.89203849605681,17.61346600797747,-18.40436,-30.254705,-1.2372036,-15.763547441251482,-38.22640903377837,6.699314151275406
12182,30-08-2026,19,-23.0,test,MNV,-21.259583,-40.572205,0.42203876,-19.85410842209741,-51.5737334890353,11.865516644840476,-23.868853,-36.29127,-6.492405,-21.678177306329314,-45.01131514873843,1.654960536079809
12182,30-08-2026,20,-10.0,test,MAKR,-9.382439,-28.631577,6.661606,-7.910465841365802,-40.90338265727157,25.08245097453996,-12.499578,-24.074343,4.613125,-9.94868269663608,-32.47391383286825,12.576548439596088
12182,30-08-2026,21,-15.0,test,SGO,-20.16442,-34.523735,-2.5090668,-16.15021686567654,-45.30059082482859,13.000157093475504,-17.096256,-28.093552,-1.7986193,-17.86117108701643,-38.08053170734414,2.3581895333112826
12182,30-08-2026,22,-27.0,test,DMO,-28.176699,-44.034523,-10.295526,-24.198512894881134,-48.40217912375672,0.0051533339944498,-25.927433,-38.69845,-8.8691025,-26.15730026258722,-45.64872962064105,-6.665870904533396
12182,30-08-2026,23,-22.0,test,KMZ,-31.21497,-45.358727,-11.733565,-30.01654511562357,-50.07052178183904,-9.962568449408096,-23.410986,-33.20424,-11.321038,-28.236613263660185,-44.92738708882926,-11.545839438491107
12182,30-08-2026,24,-30.0,test,SHR,-30.56936,-40.331562,-12.671515,-28.987170092679857,-44.50937663390882,-13.464963551450891,-29.047615,-39.464527,-16.125618,-29.557633300880894,-43.89252771853286,-15.222738883228926
12182,31-08-2026,1,14.0,test,AII,-10.548771,-29.292625,7.7271876,-4.8402597372506,-34.954078568246985,25.27355909374578,-10.658287,-22.604698,10.2270565,-8.760845173985489,-31.358861083679272,13.837170735708296
12182,31-08-2026,2,14.0,test,KSG,-10.808658,-29.961214,6.075659,-5.449889525007784,-35.76883438328932,24.869055333273742,-10.235636,-26.161737,16.640568,-8.90551361223169,-33.13370077413849,15.322673549675105
12182,31-08-2026,3,9.0,test,FL,-16.366531,-33.51739,5.897571,-11.65631805161152,-41.96020862820422,18.64757252498118,-14.952106,-30.201323,9.868717,-14.390830242048546,-38.753822997216304,9.97216251311921
12182,31-08-2026,4,-3.0,test,JP,-23.523312,-42.378777,0.25744843,-19.914133640728068,-51.558477736792746,11.73021045533661,-26.36644,-41.520958,-3.4684124,-23.315412216215766,-48.364227473915975,1.7334030414844435
12182,31-08-2026,7,-9.0,test,CKB,-30.609804,-49.69896,-5.8876095,-23.083718773406584,-55.26596544843767,9.098527901624504,-31.393654,-43.16885,-14.393707,-28.465273360287664,-52.289369717483964,-4.641177003091361
12182,31-08-2026,8,4.0,test,SWM,-18.574837,-36.566845,5.6840363,-11.327672702492972,-42.02836574869937,19.373020343713424,-19.339178,-32.021774,0.021024704,-16.51295687534108,-40.125453539127506,7.099539788445352
12182,31-08-2026,9,-9.0,test,IDG,-27.011475,-42.17724,-2.5084672,-20.13321805311272,-51.54857475299443,11.282138646768992,-31.327585,-46.118065,-9.630791,-26.248698325583234,-50.40546350932016,-2.091933141846308
12182,31-08-2026,10,-12.0,test,LKE,-28.989613,-48.028225,-3.2484207,-25.455104078472484,-55.857745873468645,4.947537716523673,-33.687824,-45.553684,-16.870367,-29.422518613763124,-52.81027193824801,-6.034765289278237
12182,31-08-2026,11,5.0,test,KOTA,-17.993559,-38.253204,5.252958,-14.346699938129351,-48.70210293100972,20.00870305475101,-18.042812,-31.04436,1.7838154,-16.844462125165418,-42.049708975476335,8.360784725145496
12182,31-08-2026,12,6.0,test,ATH,-14.394394,-37.808033,7.7607365,-15.276231184420652,-48.53004076479209,17.977578395950786,-17.9539,-30.036604,0.18793678,-15.859994569886037,-40.61767031697505,8.89768117720298
12182,31-08-2026,13,3.0,test,BAZ,-20.711023,-42.213707,5.887936,-18.626749857799396,-50.16466873467448,12.911169019075691,-20.680014,-32.35658,-3.536642,-20.034610567215466,-44.43380895603553,4.364587821604594
12182,31-08-2026,14,5.0,test,ATRU,-17.129234,-38.05313,4.970741,-18.4688658611948,-50.5383475458926,13.600615823503,-19.129013,-30.962336,-1.678627,-18.2224221636572,-41.953664081399,5.508819754084595
12182,31-08-2026,15,5.0,test,CAG,-17.406973,-38.67585,3.8858745,-17.750656430173073,-49.90160678044703,14.400293920100886,-19.300005,-31.10053,-1.9723129,-18.14637154030043,-41.793405456264736,5.500662375663879
12182,31-08-2026,16,13.0,test,RTA,-10.996269,-29.184559,8.427139,-7.377960752855436,-38.30847955412874,23.552558048417865,-12.58328,-24.565247,5.8680506,-10.367706446112852,-32.929099784250184,12.193686892024484
12182,31-08-2026,17,13.0,test,GUNA,-9.797299,-29.303457,7.75112,-8.268921670962865,-40.457052786515646,23.919209444589917,-12.57435,-24.761356,6.1556835,-10.232414268442113,-33.198534822313746,12.733706285429523
12182,31-08-2026,18,7.0,test,ASKN,-15.2263975,-33.030807,5.200299,-13.601049135127726,-44.85380138447202,17.651703114216573,-18.443794,-30.306122,-1.2604027,-15.776967465125962,-38.31733764915427,6.763402718902343
12182,31-08-2026,19,3.0,test,MNV,-20.90882,-40.1247,1.3057667,-19.11748945148843,-50.83711451583564,12.60213561285877,-22.14786,-34.698524,-4.4046173,-20.74840560949644,-44.247640036825274,2.7508288178323923
12182,31-08-2026,20,13.0,test,MAKR,-9.656091,-29.413483,6.661606,-8.2249407835737,-41.21785759751385,24.767976030366448,-13.441422,-25.029545,3.554162,-10.457600688338463,-33.10750702055607,12.192305643879145
12182,31-08-2026,21,-6.0,test,SGO,-26.43491,-45.298153,-4.540652,-21.705091334250376,-50.855465290428384,7.445282621927635,-29.288525,-41.672672,-12.586899,-25.872359437544922,-48.175613087172515,-3.56910578791733
12182,31-08-2026,22,-11.0,test,DMO,-30.071766,-41.656387,-11.426818,-27.23885753620808,-51.44252376447111,-3.0351913079450554,-32.766747,-43.003296,-19.630676,-30.062680423285336,-47.785883019796216,-12.33947782677446
12182,31-08-2026,23,-43.0,test,KMZ,-46.357567,-55.091187,-12.497418,-46.73024275881434,-66.78421942386252,-26.676266093766163,-51.935246,-64.905106,-33.88101,-48.331628718586586,-68.25623624025519,-28.407021196917974
12182,31-08-2026,24,-35.0,test,SHR,-36.296326,-41.674316,-10.787559,-39.93825937942417,-55.460465920653135,-24.4160528381952,-45.494366,-56.875404,-29.814846,-40.51920750938267,-56.093158144662844,-24.94525687410249
12316,31-08-2026,1,2.0,test,UDZ,-1.5123922,-11.611151,5.4966497,-7.081183825230657,-25.241956656766256,11.079589006304944,-0.9088069,-17.90839,33.849575,-3.0913539915867565,-21.346525929271337,15.163817946097822
12316,31-08-2026,2,-1.0,test,RPZ,-1.217155,-12.758771,4.60807,-7.863675192851323,-26.02448175498205,10.297131369279407,-4.1284823,-22.769667,32.758884,-4.309490700897422,-23.270318521651483,14.65133711985664
12316,31-08-2026,3,0.0,test,MVJ,-0.94238293,-12.445709,4.10731,-7.863432024816578,-26.024286903378677,10.297422853745516,-3.374099,-22.40504,34.25674,-3.962949995083096,-22.973033886721574,15.04713389655538
12316,31-08-2026,4,-2.0,test,CNA,-1.5561246,-14.775222,2.2542925,-8.59210468788596,-26.753770034428,9.56956065865608,-6.191779,-23.954914,29.029224,-5.346382311661606,-23.801645066015958,13.108880442692744
12316,31-08-2026,5,2.0,test,BHL,-3.653595,-14.503367,3.4525137,-7.063331052085891,-25.224286162210262,11.09762405803848,-1.0641773,-19.495407,35.659492,-3.882132330496256,-22.88534138197235,15.121076720979838
12316,31-08-2026,6,-18.0,test,BJNR,-19.050634,-29.527262,-8.136927,-14.626888730893011,-32.788133875583895,3.534356413797872,-20.336689,-38.47225,14.001381,-18.06457836710531,-37.226939610996325,1.0977828767857112
12316,31-08-2026,7,-25.0,test,NSD,-25.33472,-36.281677,-6.705182,-17.31811021380083,-35.47871589997004,0.8424954723683875,-27.336218,-44.688583,4.2787914,-23.43837711180717,-43.483293600194344,-3.3934606234199975
12316,31-08-2026,8,-1.0,test,AII,-0.08359693,-14.890018,4.347488,-8.580737868175639,-26.74097239967116,9.579496663319883,-4.304481,-20.924738,28.32185,-4.202878330804058,-22.40831389072353,14.002557229115414
12316,31-08-2026,9,-5.0,test,JP,-1.339803,-16.894373,3.9992063,-9.552601018074778,-27.714682043191853,8.609480007042297,-7.6630955,-23.950775,23.38064,-6.06740794387105,-24.241508993021924,12.106693105279824
12316,31-08-2026,10,2.0,test,SWM,-1.028491,-13.479646,4.338227,-7.040756539624265,-25.202143200713945,11.120630121465414,-1.180088,-16.749199,28.727003,-3.0003297263099302,-20.288594760397466,14.287935307777603
12316,31-08-2026,11,-11.0,test,IDH,-16.521255,-28.949059,-2.3380845,-11.953762586066317,-30.115765217506123,6.208240045373488,-10.501713,-26.804338,18.599302,-13.05964833243179,-31.941247455268204,5.821950790404626
12316,31-08-2026,12,2.0,test,TDL,-4.633502,-18.725527,2.9218311,-6.981295065716334,-25.141010964909142,11.178420833476476,-1.5944054,-15.577996,24.117023,-4.373110556124022,-21.35076988478959,12.604548772541545
12316,31-08-2026,14,-21.0,test,PRYJ,-24.657833,-35.565174,-5.6513896,-15.642460292205271,-33.80365165302147,2.5187310686109203,-15.104032,-26.55134,2.6589384,-18.599372711824206,-35.25652245774135,-1.9422229659070638
12316,31-08-2026,15,-6.0,test,DDU,-7.2648225,-20.36387,2.0105684,-10.04158050174598,-28.200958044810942,8.117797041318987,-4.685713,-12.254574,7.316766,-7.29449851828381,-20.89125982905449,6.3022627924868715
12316,31-08-2026,16,-4.0,test,PNBE,-10.932157,-24.983858,-0.032274134,-9.311069986192337,-27.47009158157993,8.847951609195256,-4.5451164,-12.544941,7.9703875,-8.289955126433235,-22.522054384276927,5.942144131410457
12316,31-08-2026,17,2.0,test,JAJ,-5.1391973,-18.17114,3.068486,-7.077819274588655,-25.23663309381552,11.080994544638209,-1.6458416,-9.929959,11.714095,-4.596969137670707,-18.348194519468798,9.154256244127382
12316,31-08-2026,18,-2.0,test,JSME,-4.6694994,-19.45495,2.2324185,-8.55250892263675,-26.71124126014521,9.60622341487171,-4.2933993,-13.49312,10.051069,-5.785367057930992,-19.95009255084996,8.379358434987976
12316,31-08-2026,19,-5.0,test,MDP,-5.5664525,-21.283966,1.6200198,-9.684223042250991,-27.84294318850712,8.474497104005138,-6.7873435,-15.264048,5.734197,-7.28845497428501,-21.230837112842295,6.6539271642722735
12316,31-08-2026,20,-3.0,test,ASN,-9.134246,-20.769968,3.0339036,-8.981647194369796,-27.14035850899848,9.17706412025889,-5.9458547,-14.1448555,6.244951,-8.025119238397833,-22.02560315844982,5.975364681654153
12316,31-08-2026,21,2.0,test,BWN,-9.041299,-18.50567,1.2703705,-7.088959613218137,-25.247660197987656,11.069740971551385,-4.1192994,-12.031561,7.6427035,-6.780460810406799,-19.920445875010984,6.359524254197385
12413,28-08-2026,1,12.0,test,AII,-14.77062,-35.41822,12.02759,-6.777272725768157,-38.41419196750057,24.85964651596426,-12.139793,-23.23027,6.30851,-11.341145835046692,-35.779305549317655,13.097013879224267
12413,28-08-2026,2,11.0,test,KSG,-15.101395,-37.463253,10.3934145,-8.509176035877685,-40.49615851117874,23.47780643942337,-14.054401,-28.196255,8.691603,-12.64643170698664,-38.560228385352886,13.26736497137961
12413,28-08-2026,3,-2.0,test,FL,-23.66245,-45.76978,7.2043514,-16.808515542905738,-47.37237430034279,13.755343214531315,-28.716764,-42.962696,-7.5752125,-23.152949830079294,-49.26178732042099,2.9558876602624053
12413,28-08-2026,4,-8.0,test,JP,-29.085335,-46.609825,8.069573,-20.99000882512683,-52.13937684557658,10.15935919532292,-32.19071,-44.983326,-13.890511,-27.530950404246205,-53.397836341074495,-1.6640644674179157
12413,28-08-2026,5,-6.0,test,GADJ,-27.89827,-45.343864,10.621878,-19.620913671319943,-50.98851976719573,11.746692424555846,-32.533817,-45.038414,-14.514864,-26.794598605813174,-52.870236544452894,-0.7189606671734587
12413,28-08-2026,6,-9.0,test,DO,-28.89962,-48.638866,9.484165,-25.017431345582057,-56.888496638746325,6.85363394758221,-32.556286,-44.036724,-16.5265,-28.87502771499946,-54.987449953871305,-2.7626054761276215
12413,28-08-2026,7,-15.0,test,BKI,-34.643715,-52.300526,7.0556436,-29.83422343984754,-62.06745961878613,2.3990127390910487,-39.408672,-51.776764,-22.262249,-34.69135450861979,-61.50044987755114,-7.882259139688436
12413,28-08-2026,8,-14.0,test,RHG,-34.18948,-52.45191,7.296614,-30.45170936942201,-62.99643376955065,2.093015030706624,-37.361916,-48.611034,-21.701244,-34.05000169996375,-60.58049170300163,-7.519511696925878
12413,28-08-2026,9,-5.0,test,AWR,-29.26488,-47.440582,8.827354,-22.01463398590428,-53.40930903106271,9.38004105925415,-29.683569,-40.686264,-14.411318,-27.0870620251872,-52.4851701497912,-1.688953900583197
12413,28-08-2026,10,-16.0,test,KRH,-34.208298,-51.88104,4.7281566,-28.84357558668288,-60.42781277325332,2.74066159988757,-38.43877,-50.077545,-22.341192,-33.90074185349388,-59.67994048452814,-8.121543222459614
12413,28-08-2026,11,4.0,test,RE,-19.707832,-41.6086,10.3056965,-10.813917645481869,-42.866716200922994,21.238880909959253,-21.307266,-31.73554,-6.7358704,-17.397402992535028,-41.99862979166431,7.203823806594251
12413,28-08-2026,12,0.0,test,GGN,-25.290281,-47.245045,7.5402937,-18.258203054368625,-50.205512605702026,13.689106496964772,-25.00126,-35.35578,-10.838353,-22.946823906520443,-47.95276353853656,2.0591157254956762
12413,28-08-2026,13,-2.0,test,DEC,-26.017374,-48.441914,7.2904377,-23.030137908695373,-54.88080221039327,8.82052639300252,-27.098433,-37.52514,-12.841069,-25.42222812671352,-50.59777654418238,-0.2466797092446562
12413,28-08-2026,14,-3.0,test,DLI,-30.91657,-48.771793,6.473909,-21.704544994876937,-47.55679744456268,4.147707454808803,-27.906761,-38.64056,-13.348903,-26.971588749531648,-50.15150410786917,-3.79167339119412
12413,28-08-2026,15,-21.0,test,KUN,-46.39534,-71.52152,-19.495935,-47.09282930086645,-73.04419370017222,-21.141464901560685,-41.293156,-53.16587,-24.919695,-44.92142031964209,-68.06239043123227,-21.78045020805191
12413,28-08-2026,16,9.0,test,UMB,-15.247193,-36.897457,1.185638,-21.50369267363569,-43.65451209713498,0.6471267498635918,-18.209484,-28.034203,-4.9844017,-18.231833406748336,-36.64402434059525,0.18035752709857888
12413,28-08-2026,17,7.0,test,LDH,-18.01973,-37.626675,1.2965423,-21.03719393959821,-43.11881418223577,1.0444263030393373,-20.128286,-29.734709,-7.7823076,-19.68530183029513,-38.036090895166346,-1.3345127654239164
12413,28-08-2026,18,-1.0,test,JRC,-25.875307,-50.545284,-5.3122807,-27.34521296069093,-50.09672152402893,-4.593704397352923,-26.38795,-36.99823,-12.936327,-26.515553988485422,-46.61174194528958,-6.4193660316812675
12413,28-08-2026,19,-25.0,test,PTKC,-33.492504,-46.322323,-6.045037,-34.81977057401082,-52.80161225092017,-16.83792889710146,-39.500843,-50.766182,-24.283478,-35.91486139619816,-53.9281808187573,-17.90154197363903
12413,28-08-2026,20,-41.0,test,MSKT,-38.56455,-49.707645,-9.290003,-42.4432456772688,-63.156779597925166,-21.72971175661243,-49.251987,-61.536606,-31.852402,-43.35842348815537,-62.873006444745776,-23.843840531564958
12413,29-08-2026,1,18.0,test,AII,-14.743578,-35.191807,12.245059,-6.777272725768157,-38.41419196750057,24.85964651596426,-13.2689705,-23.432116,3.6230602,-11.70726825852195,-35.71016115204128,12.295624634997385
12413,29-08-2026,2,17.0,test,KSG,-14.820307,-37.32991,10.338932,-8.509176035877685,-40.49615851117874,23.47780643942337,-13.6536045,-27.656414,8.940239,-12.415363580487554,-38.244015604699705,13.413288443724596
12413,29-08-2026,3,11.0,test,FL,-18.576065,-42.730232,8.8331175,-14.213258222156668,-44.77711697959372,16.350600535280385,-21.574743,-35.727135,0.18627739,-18.17904886206871,-44.122075684549685,7.763977960412262
12413,29-08-2026,4,10.0,test,JP,-19.3088,-42.621048,10.8896265,-16.479690550364893,-47.62905857081464,14.669677470084856,-24.036612,-37.943657,-2.093359,-19.97698417971596,-46.46108711243916,6.507118753007237
12413,29-08-2026,5,12.0,test,GADJ,-18.454893,-42.963566,12.192937,-15.06832466278003,-46.43593075865582,16.299281433095757,-20.76435,-34.324463,0.7620468,-18.140653571170294,-44.86519412541065,8.583886983070062
12413,29-08-2026,6,7.0,test,DO,-24.262829,-48.41121,9.546792,-21.254402628573462,-53.12546792173774,10.616662664590802,-23.976147,-36.16234,-6.2876835,-23.206043419737753,-49.70115439322599,3.2890675537504883
12413,29-08-2026,7,3.0,test,BKI,-27.665375,-50.68222,8.545136,-25.382783574316356,-57.61601975325495,6.850452604622237,-27.728172,-39.427456,-11.251362,-26.95678019281908,-53.5086653338398,-0.4048950517983627
12413,29-08-2026,8,2.0,test,RHG,-27.03084,-48.846737,8.470275,-26.66606220438215,-59.21078660451079,5.878662195746486,-27.965227,-38.862503,-12.907268,-27.22501067380174,-53.144793982377806,-1.3052273652256794
12413,29-08-2026,9,11.0,test,AWR,-21.284386,-45.38917,10.676869,-18.29879748777899,-49.69347253293742,13.095877557379438,-21.224178,-33.647503,-2.4372864,-20.31021715754947,-46.53314562477679,5.9127113096778565
12413,29-08-2026,10,6.0,test,KRH,-29.485758,-49.30882,6.6103997,-22.966447084330525,-54.55068427090097,8.617790102239923,-26.042208,-37.939987,-8.788216,-26.257075785840925,-52.157400645105156,-0.35675092657669083
12413,29-08-2026,11,14.0,test,RE,-16.426027,-35.40185,10.257018,-9.206552570981902,-41.25935112642303,22.84624598445922,-17.846506,-29.121925,-1.2998409,-14.591206968898465,-38.54285642547437,9.360442487677435
12413,29-08-2026,12,7.0,test,GGN,-23.99358,-46.85651,8.690428,-17.929244177160793,-49.87655372849419,14.018065374172604,-24.933811,-36.523056,-8.739918,-22.3682081098492,-48.08341924291211,3.347003023213709
12413,29-08-2026,13,0.0,test,DEC,-30.925964,-48.88501,6.021945,-24.454036663278977,-56.30470096497688,7.396627638418916,-30.272757,-41.44664,-15.126509,-28.640405126334244,-53.950873161301516,-3.329937091366972
12413,29-08-2026,14,-9.0,test,DLI,-28.274933,-47.676334,6.4763618,-25.950986426967106,-51.80323887665284,-0.0987339772813626,-38.22941,-50.07494,-22.074356,-30.842783411281232,-54.29606848320395,-7.389498339358511
12413,29-08-2026,15,-23.0,test,KUN,-47.9535,-70.17501,-19.901735,-50.15928903794583,-76.11065343725159,-24.207924638640065,-47.77223,-59.93078,-30.602797,-48.598149619001006,-71.60799483697161,-25.588304401030403
12413,29-08-2026,16,14.0,test,UMB,-17.392185,-33.8601,1.2735655,-21.88354453829907,-44.03436396179836,0.2672748852002158,-18.838123,-28.53141,-5.876437,-19.308423998368895,-37.113053554907964,-1.5037944418298217
12413,29-08-2026,17,11.0,test,LDH,-17.926182,-37.852608,1.3219068,-21.769978997948414,-43.85159924058597,0.3116412446891381,-21.35976,-30.759567,-9.450482,-20.29649708515491,-38.5808560408049,-2.0121381295049225
12413,29-08-2026,18,8.0,test,JRC,-23.322601,-45.75193,-4.3073297,-26.24300380926868,-48.99451237260668,-3.4914952459306754,-23.256153,-32.498062,-11.744799,-24.233815749464075,-43.06048183342473,-5.407149665503418
12413,29-08-2026,19,3.0,test,PTKC,-30.194168,-43.58732,-2.7446833,-26.640108627003865,-44.62195030391322,-8.658266950094504,-25.796904,-34.8611,-14.543481,-27.595956696460462,-44.636105973939735,-10.555807418981189
12413,29-08-2026,20,-11.0,test,MSKT,-32.19072,-42.924187,-0.6802145,-33.458948272025864,-54.17248219268223,-12.745414351369496,-36.12102,-47.0517,-21.847704,-33.90311930243566,-52.968989279866626,-14.837249325004699
12413,30-08-2026,1,-12.0,test,AII,-14.935929,-33.03276,11.605689,-6.777272725768157,-38.41419196750057,24.85964651596426,-12.343807,-23.777462,6.275831,-11.466496831515347,-35.481809340206254,12.548815677175565
12413,30-08-2026,2,-15.0,test,KSG,-15.974858,-35.786575,8.79982,-9.228345243186013,-41.21532771848707,22.75863723211505,-15.842377,-29.54346,5.882887,-13.774723179219045,-38.83612493053167,11.286678572093578
12413,30-08-2026,3,-15.0,test,FL,-16.092436,-32.400146,8.468972,-12.75384061291497,-43.31769937035202,17.810018144522083,-17.38987,-31.427246,4.583992,-15.45696092690848,-39.46408689599288,8.550165042175923
12413,30-08-2026,4,-18.0,test,JP,-19.052544,-39.35287,10.161498,-15.705613422968376,-46.854981443418126,15.443754597481377,-20.901346,-34.649883,0.058755875,-18.597772790670554,-44.15273808688912,6.957192505548015
12413,30-08-2026,5,-16.0,test,GADJ,-17.052069,-34.025776,11.301264,-14.322720414294963,-45.69032651017075,17.044885681580826,-18.140835,-30.770214,1.2523365,-16.54190288712847,-40.936423788790435,7.852618014533494
12413,30-08-2026,6,-25.0,test,DO,-27.05159,-45.726852,8.036469,-22.00004209347405,-53.87110738663832,9.871023199690216,-25.814342,-37.861984,-8.427475,-25.025727635670137,-50.677956680876676,0.6265014095364023
12413,30-08-2026,7,-30.0,test,BKI,-30.076181,-47.95339,8.45117,-26.52638966833661,-58.7596258472752,5.706846510601981,-30.763102,-42.809067,-13.907728,-29.1701737144595,-55.33318639794779,-3.0071610309712113
12413,30-08-2026,8,-30.0,test,RHG,-28.059212,-45.951237,8.707009,-27.461685115480705,-60.00640951560934,5.083039284647931,-29.758589,-40.651924,-14.763677,-28.433411461771826,-53.85595479553567,-3.010868128007978
12413,30-08-2026,9,-23.0,test,AWR,-24.184359,-43.573307,10.165602,-19.77589315033381,-51.17056819549224,11.618781894824618,-23.75574,-34.287594,-9.072278,-22.63293977932767,-47.3841870795318,2.118307520876453
12413,30-08-2026,10,-35.0,test,KRH,-32.71821,-45.664654,5.8198185,-26.994844087388454,-58.579081273958906,4.58939309918199,-34.678726,-46.481358,-18.552372,-31.5411212510407,-56.41807595757757,-6.664166544503825
12413,30-08-2026,11,-19.0,test,RE,-19.38881,-38.205967,9.1367235,-10.441861839039577,-42.4946603944807,21.610936716401547,-20.579617,-31.23228,-5.4872465,-16.925535762188357,-40.822035069263976,6.970963544887265
12413,30-08-2026,12,-26.0,test,GGN,-25.712456,-44.399235,6.7071323,-19.024181543818493,-50.97149109515189,12.923128007514904,-26.158236,-36.533848,-12.050181,-23.723244614315522,-48.0514358721762,0.6049466435451585
12413,30-08-2026,13,-40.0,test,DEC,-31.437117,-46.506554,7.403847,-27.98760001531383,-59.83826431701172,3.863064286384063,-39.129448,-51.248367,-22.400583,-32.89293479501644,-58.462736482621345,-7.323133107411529
12413,30-08-2026,14,-29.0,test,DLI,-30.309013,-45.054745,6.3924937,-23.19656475705933,-49.04881720674507,2.6556876926264046,-29.220552,-39.549694,-15.456199,-27.674002266261795,-49.95104480602137,-5.396959726502214
12413,30-08-2026,15,-44.0,test,KUN,-44.82779,-65.38667,-17.895315,-46.71458773782391,-72.66595213712966,-20.76322333851814,-40.73755,-51.963276,-25.228397,-44.07049470928732,-66.11955353032917,-22.021435888245456
12413,30-08-2026,16,-12.0,test,UMB,-11.424702,-34.996616,-0.5607056,-20.379327274887583,-42.53014669838687,1.7714921486117028,-15.929811,-25.831833,-2.2686338,-15.784712230209351,-33.620492638573154,2.0510681781544555
12413,30-08-2026,17,-12.0,test,LDH,-11.748791,-30.520792,-0.6459961,-19.170382765384765,-41.25200300802232,2.9112374772527865,-16.519304,-26.067677,-3.9258108,-15.707133664096936,-32.43857985701614,1.0243125288222643
12413,30-08-2026,18,-12.0,test,JRC,-15.849298,-35.893745,-4.5269604,-22.521730904028185,-45.27323946736619,0.2297776593098177,-16.72212,-26.03757,-4.7156305,-18.271972235185302,-35.35751720122572,-1.1864272691448825
12413,30-08-2026,19,-12.0,test,PTKC,-18.859009,-37.13471,-0.31163582,-21.04815767035248,-39.02999934726184,-3.066315993443123,-16.779188,-25.660046,-5.764759,-18.866942279335458,-35.09930033289912,-2.6345842257717926
12413,30-08-2026,20,-25.0,test,MSKT,-31.396137,-47.23804,-2.3171437,-27.489465868653816,-48.20299978931018,-6.775931947997449,-25.832613,-36.002827,-13.056373,-28.297375316115403,-47.45794182447352,-9.136808807757287
12413,31-08-2026,1,14.0,test,AII,-12.532758,-34.975117,7.5412383,-7.150000005516757,-38.78691924724917,24.486919236215662,-14.131133,-24.346525,2.7152815,-11.344085298405616,-34.449551937998564,11.761381341187331
12413,31-08-2026,2,11.0,test,KSG,-14.035526,-37.290337,5.616106,-9.601072522934611,-41.58805499823567,22.385909952366447,-16.269566,-30.559208,6.3670444,-13.361318192544433,-38.37780824525501,11.655171860166147
12413,31-08-2026,3,11.0,test,FL,-13.32815,-33.721172,5.8903937,-13.12656789266357,-43.69042665010062,17.437290864773484,-18.188755,-32.23733,3.7842712,-14.880211980865338,-38.6594930891252,8.899069127394524
12413,31-08-2026,4,6.0,test,JP,-20.693884,-43.120655,5.6060677,-16.8231342775785,-47.972502298028246,14.32623374287125,-23.890783,-37.57914,-3.3708363,-20.520043368274795,-45.843811078148434,4.803724341598844
12413,31-08-2026,5,8.0,test,GADJ,-17.23368,-43.20469,7.1273537,-15.46152767866398,-46.82913377453977,15.90607841721181,-20.797897,-33.75152,-1.0347672,-17.852675397033813,-43.28241698019325,7.57706618612562
12413,31-08-2026,6,5.0,test,DO,-22.653368,-48.265663,1.7458361,-20.89764185919781,-52.76870715236208,10.973423433966452,-22.757715,-34.81662,-5.2645645,-22.12696899639747,-47.11456359178007,2.860625598985134
12413,31-08-2026,7,-9.0,test,BKI,-34.811527,-52.391216,-1.3344973,-28.63952784698612,-60.87276402592471,3.5937083319524703,-37.14999,-50.1422,-19.001703,-33.616755645180504,-59.19409890031775,-8.03941239004326
12413,31-08-2026,8,-9.0,test,RHG,-33.78492,-52.053383,-2.5156589,-29.80277243278421,-62.347496832912846,2.741951967344427,-35.972477,-47.649353,-19.739563,-33.2398030249318,-58.08019475995009,-8.399411289913512
12413,31-08-2026,9,1.0,test,AWR,-27.189257,-47.048027,2.0977147,-20.975901209455,-52.37057625461343,10.41877383570343,-27.10913,-38.33171,-11.374471,-25.17692177248116,-49.393501766590646,-0.9603417783716672
12413,31-08-2026,10,-5.0,test,KRH,-34.028507,-49.080605,-3.532417,-25.948674262374283,-57.53291144894473,5.635562924196165,-32.217003,-43.765587,-16.391764,-30.84387454699349,-54.53981408024413,-7.147935013742856
12413,31-08-2026,11,6.0,test,RE,-19.741741,-41.668015,5.172661,-11.097663874196448,-43.15046242963757,20.955134681244672,-22.745066,-33.7381,-7.351877,-17.978045900435838,-41.894818012937876,5.9387262120662
12413,31-08-2026,12,2.0,test,GGN,-26.50523,-47.473717,3.4859853,-18.669725050988973,-50.61703460232237,13.277584500344425,-25.685036,-36.10791,-11.479153,-23.728359263446045,-48.05509904669664,0.5983805198045538
12413,31-08-2026,13,-2.0,test,DEC,-28.549213,-48.796654,-0.08576548,-24.121044547766058,-55.97170884946395,7.729619753931836,-28.932734,-39.375298,-14.9065,-27.261589368107053,-51.117291510889245,-3.4058872253248644
12413,31-08-2026,14,-15.0,test,DLI,-22.844824,-48.263,-2.2921996,-26.81981315027182,-52.67206559995756,-0.9675607005860803,-40.742798,-52.208096,-24.824442,-30.06746913457369,-51.9188610407959,-8.21607722835148
12413,31-08-2026,15,-52.0,test,KUN,-56.324314,-72.645386,-26.170403,-59.8408211322607,-85.79218553156646,-33.88945673295494,-66.72365,-80.66605,-45.68338,-60.90662458569753,-84.21012533843592,-37.60312383295914
12413,31-08-2026,16,-43.0,test,UMB,-43.070225,-53.933308,-15.458284,-42.03185024144398,-64.18266966494326,-19.881030817944698,-55.10982,-67.31686,-37.149876,-46.742367930084264,-66.46878229100014,-27.01595356916838
12413,31-08-2026,17,-46.0,test,LDH,-35.791138,-44.24948,-13.712286,-41.94955434796891,-64.03117459060647,-19.86793410533136,-55.303062,-67.85382,-37.050507,-44.24831998103063,-62.61300885689217,-25.883631105169094
12413,31-08-2026,18,-56.0,test,JRC,-39.534924,-48.10139,-19.991055,-48.96520462718573,-71.71671319052373,-26.213696063847724,-61.47715,-74.86574,-41.752052,-49.8459826243114,-68.39565606521533,-31.296309183407462
12413,31-08-2026,19,-39.0,test,PTKC,-35.25136,-47.04157,-14.996036,-41.243821693685206,-59.22566337059456,-23.261980016775848,-48.606186,-60.532654,-31.80929,-41.60784843172874,-58.50910076588501,-24.70659609757247
12413,31-08-2026,20,-48.0,test,MSKT,-39.93327,-48.230938,-14.456669,-46.137155379681325,-66.85068930033769,-25.42362145902496,-55.716713,-68.984955,-36.751595,-47.16500763336636,-65.91145628386126,-28.41855898287146
12466,28-08-2026,1,0.0,test,BGKT,-18.041643,-28.263144,2.1817167,-12.560869561859366,-29.41908882757712,4.297349703858384,-18.181168,-30.348167,1.2030468,-16.336478530212787,-33.062108099326586,0.3891510389010122
12466,28-08-2026,2,0.0,test,JU,-18.166107,-28.493423,2.4457157,-13.969228579476829,-30.132864100141653,2.1944069411879976,-19.305357,-33.07463,2.561205,-17.203731598371512,-34.4997183649541,0.09225516821107504
12466,28-08-2026,3,-1.0,test,RKB,-19.91298,-30.0406,1.9801316,-15.24147246264564,-31.372933822969387,0.8899888976781085,-19.778267,-33.003014,0.76612663,-18.375240823461176,-35.532029666848516,-1.2184519800738371
12466,28-08-2026,4,-3.0,test,GOTN,-23.0443,-32.2153,-4.7208047,-19.63310349288766,-34.53077645491169,-4.7354305308636295,-20.766632,-32.229492,-4.2696686,-21.196656309342682,-36.09855201435257,-6.294760604332792
12466,28-08-2026,5,-2.0,test,MTD,-21.381556,-32.091724,-3.4307394,-19.619208053177054,-34.47863911462127,-4.759776991732847,-19.766975,-31.023693,-3.27524,-20.281379386382913,-35.34656190553703,-5.216196867228799
12466,28-08-2026,6,-27.0,test,REN,-41.130993,-53.80269,-19.571215,-38.89110956788773,-56.92060975790131,-20.861609377874156,-42.500145,-56.29187,-23.717138,-40.87049955836008,-58.859383998228594,-22.88161511849157
12466,28-08-2026,7,-15.0,test,DNA,-29.018057,-40.776047,-9.867611,-26.64907570185264,-43.38753155063471,-9.910619853070564,-32.95979,-46.76126,-13.653908,-29.571865505815595,-46.61366443072241,-12.530066580908777
12466,28-08-2026,8,-16.0,test,MKN,-30.476849,-43.20402,-10.401662,-28.85572206860287,-46.52551428515598,-11.18592985204976,-34.01535,-47.163467,-15.73691,-31.135557323846598,-48.542282069885815,-13.728832577807381
12466,28-08-2026,9,-19.0,test,KMNC,-35.17682,-45.718765,-12.954285,-31.53542822939355,-48.83160463871388,-14.23925182007322,-36.93604,-49.966755,-19.09867,-34.59815162427597,-51.77507910617564,-17.4212241423763
12466,28-08-2026,10,-16.0,test,NAC,-31.685966,-43.030006,-11.043078,-28.57292348494989,-45.79891557883106,-11.346931391068717,-33.612206,-46.28511,-16.30228,-31.33169505643096,-48.18851051701979,-14.474879595842122
12466,28-08-2026,11,-5.0,test,SBR,-21.53932,-31.896984,0.4046109,-18.24233793543246,-33.543681474953445,-2.940994395911476,-22.904728,-34.574585,-6.606615,-20.93974988278374,-36.85639760802421,-5.023102157543272
12466,28-08-2026,12,-9.0,test,FL,-22.0024,-37.49373,-4.998406,-22.067522767793395,-38.12393303790377,-6.011112497683023,-26.177769,-38.122204,-9.941296,-23.411808582143173,-39.65438618293973,-7.169230981346612
12466,28-08-2026,13,-9.0,test,JP,-26.00985,-40.211643,-6.70721,-26.52092845457094,-42.03446369808027,-11.0073932110616,-26.399708,-38.375736,-10.185215,-26.30283687492939,-42.549207688477786,-10.056466061380995
12466,28-08-2026,14,-15.0,test,DPA,-29.805468,-41.537655,-12.326805,-28.94028099456499,-44.75192269084693,-13.128639298283046,-31.592722,-43.921577,-15.351061,-30.12335276442102,-45.7520092770224,-14.494696251819638
12466,28-08-2026,15,-10.0,test,BNLW,-28.355446,-41.031563,-10.366596,-30.83796923741904,-47.360842787686735,-14.315095687151343,-26.940882,-38.831924,-11.115043,-28.67838057622312,-44.662207669346536,-12.694553483099705
12466,28-08-2026,16,-11.0,test,ISA,-30.464348,-43.12462,-13.127483,-31.65723979872429,-47.38325714288871,-15.931222454559878,-27.6016,-39.159264,-12.4486,-29.8935168828334,-45.3123054593802,-14.474728306286599
12466,28-08-2026,17,-10.0,test,CKB,-28.144598,-42.20008,-12.354724,-32.643663411738856,-47.12910267833953,-18.158224145138185,-27.011656,-38.57773,-11.782378,-29.205645294124007,-44.19520999772669,-14.216080590521319
12466,28-08-2026,18,-10.0,test,SWM,-24.324118,-35.997803,-5.190826,-21.55544927782409,-37.45652138704233,-5.654377168605851,-27.215675,-38.429195,-12.666059,-24.400937395256882,-39.86092392494148,-8.940950865572283
12466,28-08-2026,19,-14.0,test,IDG,-30.171194,-40.77977,-10.484147,-27.48716391909849,-42.572381185950064,-12.401946652246917,-30.368479,-41.644955,-15.974439,-29.379032403158202,-44.45569348702438,-14.302371319292025
12466,28-08-2026,20,-14.0,test,LKE,-28.469059,-40.1095,-9.581278,-26.58422933527357,-41.92335998732075,-11.245098683226384,-30.342766,-41.254963,-16.458351,-28.48983409428176,-43.54159402164004,-13.438074166923487
12466,28-08-2026,21,-14.0,test,KPZ,-32.696476,-40.2113,-9.247731,-28.39578129806927,-43.8961715967816,-12.895390999356945,-30.393522,-41.194317,-16.690552,-30.556153817500345,-45.690398950848696,-15.421908684151992
12466,28-08-2026,22,-13.0,test,KOTA,-29.483639,-39.411224,-8.90678,-27.330407802714767,-42.66041560673215,-12.000399998697382,-30.097197,-41.090904,-16.196522,-28.9995514048247,-44.060978197206595,-13.938124612442802
12466,28-08-2026,23,-19.0,test,NKOT,-34.42287,-44.391838,-12.108677,-31.64562616613086,-48.81821019602481,-14.473042136236916,-35.886936,-48.279533,-20.05796,-34.022210320319765,-50.607689290402746,-17.436731350236787
12466,28-08-2026,24,-35.0,test,DARA,-36.86825,-46.701206,-20.439308,-37.26273519648706,-52.033527893590914,-22.4919424993832,-47.18497,-60.4036,-29.463596,-40.42533764290046,-55.579895082940396,-25.270780202860518
12466,28-08-2026,25,-44.0,test,RMA,-41.3642,-51.16101,-21.847252,-41.97446849775039,-57.25991510950274,-26.689021885998027,-51.92308,-65.20981,-33.582184,-45.07078327774688,-61.07542807122354,-29.066138484270216
12466,28-08-2026,26,-53.0,test,BWM,-42.399364,-49.107018,-25.061134,-47.18210225339558,-61.88255152806892,-32.48165297872224,-56.503834,-70.66034,-36.785286,-48.61855250157642,-63.85727200697293,-33.37983299617991
12466,28-08-2026,27,-54.0,test,GOH,-43.745052,-51.074764,-27.159662,-48.64425185962619,-63.14245429762013,-34.14604942163224,-54.281,-67.40118,-35.823776,-48.814681558997606,-63.560484893226445,-34.06887822476877
12466,28-08-2026,28,-55.0,test,SGZ,-44.29708,-50.409393,-27.102234,-48.62670233948621,-63.20864424578613,-34.04476043318628,-54.72549,-67.848145,-36.207867,-49.14891808603125,-63.8227764079147,-34.4750597641478
12466,28-08-2026,29,-57.0,test,SVA,-44.70594,-53.230556,-28.813152,-50.5639039936481,-65.29091776805315,-35.83689021924306,-56.18977,-69.41734,-37.386898,-50.39721073081118,-65.39062483215108,-35.40379662947129
12466,28-08-2026,30,-57.0,test,CMU,-45.338017,-52.057495,-29.237421,-50.455860492992144,-65.76356584761099,-35.1481551383733,-56.576656,-69.88435,-37.65204,-50.71121443529897,-65.64302847366515,-35.779400396932786
12466,28-08-2026,31,-50.0,test,VMA,-39.55451,-46.149624,-23.13561,-44.13777149683924,-59.24375471963184,-29.031788274046637,-52.21596,-65.11399,-34.255386,-45.230045907226426,-59.88973981770179,-30.570351996751064
12466,28-08-2026,32,-44.0,test,MEP,-34.53827,-43.019768,-19.695667,-38.41596021055497,-52.827591423405735,-24.004328997704206,-48.4777,-60.88762,-31.448692,-40.41333274627512,-54.648782680970285,-26.17788281157995
12466,28-08-2026,33,-44.0,test,NAD,-34.493103,-40.945885,-17.672325,-37.05548909737996,-51.05721202120288,-23.053766173557044,-48.03098,-60.38668,-31.115417,-39.814272035033945,-53.873668087466434,-25.754875982601455
12466,28-08-2026,34,-37.0,test,UJN,-26.445347,-38.92761,-16.0794,-33.02999778724528,-44.05091111776899,-22.009084456721567,-43.89913,-55.808372,-27.951351,-34.35427361583273,-47.08881851213057,-21.61972871953489
12466,28-08-2026,35,-36.0,test,DWX,-26.562593,-38.436363,-17.875349,-34.18468112060809,-43.47442499954709,-24.89493724166909,-43.801464,-55.809135,-27.793098,-34.731594751477346,-46.495299464405065,-22.967890038549626
12466,29-08-2026,1,-20.0,test,BGKT,-16.791029,-28.001537,2.352658,-12.933596841607963,-29.7918147932864,3.924621110070472,-17.960857,-28.999916,-0.857357,-15.947304386822985,-32.061230168095044,0.16662139444907353
12466,29-08-2026,2,-18.0,test,JU,-16.495226,-28.006462,2.4826713,-13.814370393309956,-29.978004526752727,2.3492637401328142,-14.735717,-27.419584,4.9265394,-15.05331077490705,-31.69273839908155,1.586116849267448
12466,29-08-2026,3,-20.0,test,RKB,-18.900282,-30.029644,2.0170875,-15.159225625780348,-31.29068562399012,0.9722343724294262,-18.509794,-34.017605,5.744875,-17.57483716968607,-35.78280164808683,0.6331273087146947
12466,29-08-2026,4,-24.0,test,GOTN,-22.378773,-33.84487,-4.8066964,-20.37010358905801,-35.2677741401492,-5.472433037966821,-22.609823,-34.632957,-5.122154,-21.813674871750827,-37.268275063438196,-6.359074680063454
12466,29-08-2026,5,-24.0,test,MTD,-20.516638,-33.680153,-3.54735,-20.73436764735793,-35.59379718603228,-5.874938108683592,-22.640274,-33.892998,-6.3724594,-21.292475396153336,-36.58664743987907,-5.998303352427602
12466,29-08-2026,6,-48.0,test,REN,-41.71923,-55.571873,-20.486786,-39.68728985695166,-57.716789030476754,-21.65779068342656,-43.683617,-57.201332,-25.261316,-41.723148292710405,-59.75709860126775,-23.68919798415306
12466,29-08-2026,7,-35.0,test,DNA,-28.918562,-40.82612,-9.877898,-27.035717272068155,-43.77417205558494,-10.297262488551368,-32.618027,-45.777897,-14.481197,-29.547161134211816,-46.28008832223055,-12.814233946193085
12466,29-08-2026,8,-36.0,test,MKN,-31.255384,-43.64314,-11.187356,-29.21647747113947,-46.88626853304532,-11.546686409233622,-31.74151,-42.77471,-17.18548,-30.765452835250166,-47.089697368436426,-14.441208302063906
12466,29-08-2026,9,-40.0,test,KMNC,-35.72431,-47.764866,-13.797582,-32.22978580938293,-49.52596121798835,-14.933610400777509,-35.21421,-46.778923,-19.893139,-34.43787365886414,-51.139153196315476,-17.73659412141281
12466,29-08-2026,11,-27.0,test,SBR,-22.676949,-33.664684,-0.9474893,-19.352383745444627,-34.653772355132546,-4.050995135756708,-25.189663,-36.972218,-8.983763,-22.45012163376645,-38.446257987823934,-6.4539852797089665
12466,29-08-2026,12,-31.0,test,FL,-23.792732,-38.811436,-6.746125,-23.208476527553017,-39.2649179269274,-7.152035128178639,-28.083344,-39.40187,-13.075605,-25.03293604986959,-40.87317723964148,-9.192694860097706
12466,29-08-2026,13,-38.0,test,JP,-32.73595,-45.12526,-11.771995,-30.232125451032605,-45.74566304382904,-14.718587858236168,-34.465057,-46.99474,-18.18162,-32.51081497955568,-48.838285117929175,-16.183344841182194
12466,29-08-2026,14,-40.0,test,DPA,-34.756683,-46.800262,-14.419822,-31.522001578308927,-47.33364438185335,-15.710358774764504,-34.77142,-46.37392,-19.679213,-33.72783246269352,-49.607806606708,-17.847858318679037
12466,29-08-2026,15,-36.0,test,BNLW,-33.011234,-44.72912,-13.692976,-33.43488171233128,-49.957755303181386,-16.912008121481165,-32.013645,-43.70403,-16.924492,-32.814858197253685,-48.70281099502572,-16.926905399481647
12466,29-08-2026,16,-39.0,test,ISA,-35.46224,-46.592834,-16.78712,-34.9766844186044,-50.70270176753005,-19.250667069678755,-34.13579,-45.708122,-19.227966,-34.86592877927362,-50.209513332042036,-19.522344226505197
12466,29-08-2026,17,-40.0,test,CKB,-36.15102,-49.256527,-16.883595,-36.71641716893853,-51.20185643670317,-22.230977901173905,-34.71053,-46.08,-20.069447,-35.85265007701544,-51.166776110001834,-20.538524044029042
12466,29-08-2026,18,-18.0,test,SWM,-16.967197,-29.014065,-2.0220013,-18.025157789694028,-33.926229899143806,-2.124085680244253,-18.34093,-30.007462,-2.0209503,-17.76216445902392,-32.91366937781562,-2.6106595402322164
12466,29-08-2026,19,-23.0,test,IDG,-23.83632,-34.965034,-5.3318825,-23.534221598091406,-38.61943886497161,-8.449004331211198,-22.748102,-34.360622,-7.1453,-23.37786718183262,-38.60326848047532,-8.152465883189917
12466,29-08-2026,20,-23.0,test,LKE,-23.203337,-33.764633,-5.4166436,-22.689046693713557,-38.0281773457718,-7.349916041655312,-22.917807,-34.02965,-8.181752,-22.944019880911508,-37.78117857438249,-8.106861187440531
12466,29-08-2026,21,-23.0,test,KPZ,-24.823227,-34.903595,-5.8936586,-24.578674946579877,-40.079065245294174,-9.078284647865576,-23.076826,-33.995026,-8.729534,-24.164274094957207,-39.07474313357365,-9.253805056340763
12466,29-08-2026,22,-22.0,test,KOTA,-22.067064,-33.170403,-4.5284696,-23.5662177865582,-38.896225590575824,-8.236209982540569,-22.707722,-33.886055,-7.9859257,-22.75923188081118,-37.656128857666076,-7.862334903956279
12466,29-08-2026,23,-30.0,test,NKOT,-29.000305,-40.981018,-8.2739935,-28.603811825060223,-45.7763958549542,-11.431227795166244,-30.237827,-42.60974,-14.308804,-29.285153120817803,-45.96189472286875,-12.60841151876686
12466,29-08-2026,24,-29.0,test,DARA,-28.947962,-40.572563,-10.230321,-28.34405699810604,-43.11484969520991,-13.573264301002176,-28.275816,-38.980614,-14.843891,-28.531429159341812,-43.24329663888934,-13.819561679794282
12466,29-08-2026,25,-32.0,test,RMA,-31.672506,-42.294823,-11.556635,-30.38490524090897,-45.67035185266133,-15.09945862915661,-30.379957,-41.05893,-16.972939,-30.831148584712814,-45.77916478709293,-15.883132382332697
12466,29-08-2026,26,-35.0,test,BWM,-35.615654,-43.911163,-13.0821905,-33.3060014075293,-48.00645068220264,-18.60555213285596,-32.55167,-43.44185,-18.832333,-33.858541867865185,-48.71824056636662,-18.998843169363756
12466,29-08-2026,27,-36.0,test,GOH,-35.843056,-44.646133,-15.222664,-34.65756460100004,-49.15576703899399,-20.15936216300609,-32.666256,-43.231678,-19.329426,-34.407688457872936,-48.81936010078697,-19.9960168149589
12466,29-08-2026,28,-38.0,test,SGZ,-36.5052,-44.01814,-15.186481,-35.043654730525326,-49.62559663682525,-20.4617128242254,-33.966587,-44.61057,-20.427578,-35.19385105206062,-49.57456296592394,-20.813139138197307
12466,29-08-2026,29,-40.0,test,SVA,-38.20785,-46.676617,-16.585718,-37.07012054904771,-51.79713432202578,-22.34310677606964,-35.445374,-46.298935,-21.533955,-36.92553753099093,-51.68650687797177,-22.164568184010086
12466,29-08-2026,30,-41.0,test,CMU,-38.549732,-48.271725,-16.79998,-37.32561478393716,-52.63332013819895,-22.017909429675377,-36.22971,-47.19086,-22.120974,-37.38695768974137,-52.64819189354053,-22.12572348594222
12466,29-08-2026,31,-34.0,test,VMA,-33.01431,-42.566273,-12.051231,-31.08107695435924,-46.18706017698398,-15.975093731734493,-32.498314,-43.011177,-19.2689,-32.22487610458329,-47.011908168532116,-17.43784404063446
12466,29-08-2026,32,-28.0,test,MEP,-26.357456,-39.171543,-7.286844,-25.36956855459662,-39.781199767411096,-10.957937341782143,-28.691984,-38.855762,-16.111725,-26.818133817742336,-41.44800271711738,-12.188264918367286
12466,29-08-2026,33,-21.0,test,NAD,-24.494366,-31.653051,-5.972048,-21.683458069595027,-35.68518099246972,-7.681735146720337,-24.661472,-34.666843,-12.495656,-23.651619718760468,-36.91100059338234,-10.3922388441386
12466,29-08-2026,34,-27.0,test,UJN,-23.446766,-33.276814,-6.822947,-22.051357959929145,-33.072271290269015,-11.030444629589264,-28.796347,-39.40354,-15.87362,-24.779918657525215,-37.41742351391859,-12.142413801131838
12466,29-08-2026,35,-31.0,test,DWX,-26.680695,-33.71892,-11.058762,-25.220128218369883,-34.50987209730888,-15.930384339430884,-31.472448,-42.558052,-17.909035,-27.80750793513981,-39.36668182415761,-16.24833404612201
12466,30-08-2026,1,-31.0,test,BGKT,-14.371785,-27.317432,2.4383564,-13.306324121356566,-30.16454338707432,3.5518951443611844,-18.77619,-29.700832,-1.9984684,-15.496047597176064,-31.423835327049247,0.43174013269711864
12466,30-08-2026,2,-51.0,test,JU,-24.9104,-38.12671,-3.0780923,-19.99092977297328,-36.1545652936381,-3.827294252308452,-37.029533,-50.741444,-18.118027,-27.36865974586895,-44.88915613317856,-9.84816335855934
12466,30-08-2026,3,-62.0,test,RKB,-33.95353,-44.81202,-8.686816,-24.852240102322725,-40.98370146264647,-8.720778741998977,-47.47705,-61.35798,-28.427662,-35.542403102922435,-53.30229372557041,-17.782512480274463
12466,30-08-2026,4,-67.0,test,GOTN,-32.56839,-42.722176,-13.9752035,-32.89769828576479,-47.79537124778882,-18.000025323740758,-47.471268,-59.366722,-30.925999,-37.62986006703276,-52.84444755971745,-22.41527257434807
12466,30-08-2026,5,-67.0,test,MTD,-33.765137,-44.370403,-14.032183,-33.16910495198411,-48.02853601342832,-18.309673890539894,-47.203945,-58.92778,-30.842234,-38.04397970497737,-53.474314959311975,-22.61364445064276
12466,30-08-2026,6,-69.0,test,REN,-39.607323,-52.16435,-22.721863,-44.38166133068657,-62.41116152070015,-26.35216114067299,-48.992157,-61.005573,-32.1416,-44.25422453292927,-60.720650851235305,-27.787798214623237
12466,30-08-2026,7,-54.0,test,DNA,-28.510012,-39.318764,-11.948495,-30.094275322983457,-46.83273117176553,-13.355819474201382,-37.323803,-49.37494,-21.462841,-31.94750647658477,-47.436081862361355,-16.458931090808186
12466,30-08-2026,8,-56.0,test,MKN,-31.210331,-43.872585,-14.090666,-32.758683525802155,-50.42847574235526,-15.088891309249046,-38.430084,-49.218708,-23.924232,-34.10622206702612,-49.890702033664354,-18.32174210038788
12466,30-08-2026,9,-56.0,test,KMNC,-32.954144,-43.585377,-14.887106,-34.541240733676936,-51.83741714299727,-17.24506432435661,-39.774723,-51.153976,-24.453587,-35.729664368609676,-51.436347154660496,-20.022981582558856
12466,30-08-2026,10,-52.0,test,NAC,-29.381102,-42.30124,-12.128829,-31.10774608107997,-48.33373817496114,-13.881753987198795,-37.20416,-48.877316,-21.647154,-32.53461241745091,-48.579449029177454,-16.489775805724367
12466,30-08-2026,11,-36.0,test,SBR,-17.94134,-31.902996,0.4562337,-18.997844153681708,-34.29918769320269,-3.696500614160725,-24.427433,-36.368828,-7.866974,-20.436052082032454,-36.45644041605139,-4.415663748013518
12466,30-08-2026,12,-48.0,test,FL,-24.368053,-39.46864,-7.352426,-25.09315075726071,-41.14956102737108,-9.036740487150336,-35.021347,-48.171417,-17.624247,-28.142732969299924,-44.72922325040835,-11.556242688191496
12466,30-08-2026,13,-46.0,test,JP,-26.022177,-40.854774,-9.00583,-29.523978125403293,-45.03751336891263,-14.010442881893956,-31.904606,-43.51859,-16.854942,-29.097606584161042,-44.77506220264533,-13.420150965676752
12466,30-08-2026,14,-47.0,test,DPA,-26.085335,-40.96471,-11.3973255,-30.421857887386555,-46.2334995836685,-14.61021619110461,-32.817123,-44.145134,-18.120564,-29.709998179261916,-44.95924671805539,-14.460749640468444
12466,30-08-2026,15,-41.0,test,BNLW,-26.864155,-39.575718,-9.696709,-31.5398475493196,-48.06272109958729,-15.0169739990519,-28.31327,-40.12726,-12.738689,-28.840360402483768,-44.623333379435785,-13.057387425531749
12466,30-08-2026,16,-44.0,test,ISA,-28.384851,-41.07296,-13.542109,-33.08145831309103,-48.807475657255445,-17.355440968926608,-30.836725,-42.343548,-16.005875,-30.701226525258882,-45.604498172626734,-15.797954877891033
12466,30-08-2026,17,-45.0,test,CKB,-27.664938,-41.969658,-13.841535,-34.83491841911785,-49.32035768571852,-20.349479152517176,-31.577772,-42.990074,-16.929958,-31.257632708608213,-45.80522514783428,-16.71004026938215
12466,30-08-2026,18,-28.0,test,SWM,-14.869004,-28.030758,-1.388288,-17.897775389069754,-33.79884749828799,-1.9967032798515163,-18.612759,-31.018763,-0.86914635,-17.08200526386248,-32.547342217318594,-1.6166683104063697
12466,30-08-2026,19,-34.0,test,IDG,-18.70318,-35.035748,-4.3248715,-23.9468399204627,-39.03205718731427,-8.861622653611127,-24.72995,-38.148598,-6.2049103,-22.383282616464008,-38.631063604639095,-6.135501628288917
12466,30-08-2026,20,-33.0,test,LKE,-18.568579,-32.455914,-4.3465548,-22.794872358289297,-38.13400301033648,-7.455741706242113,-23.057976,-34.40024,-7.931119,-21.412265895528094,-36.314310526911385,-6.510221264144807
12466,30-08-2026,21,-39.0,test,KPZ,-23.93046,-37.244953,-5.14113,-26.716199061268995,-42.21658935998132,-11.215808762556668,-28.616295,-40.82422,-12.6922865,-26.37909825994386,-42.35504936465781,-10.403147155229911
12466,30-08-2026,22,-36.0,test,KOTA,-19.009823,-35.35526,-3.5263994,-25.150902610646355,-40.48091041466374,-9.82089480662897,-25.846125,-36.857903,-11.688695,-23.24595124266512,-38.597227260440405,-7.894675224889841
12466,30-08-2026,23,-38.0,test,NKOT,-23.260874,-38.25764,-6.1296067,-28.01132798277644,-45.183912012670376,-10.838743952882492,-27.614351,-38.456795,-13.894457,-26.226871393461717,-42.145124039269625,-10.308618747653808
12466,30-08-2026,24,-36.0,test,DARA,-21.296211,-36.98918,-7.8953276,-27.18500626934255,-41.95579896644641,-12.414213572238696,-26.127184,-36.744797,-12.726322,-24.784803915206695,-39.248044505635626,-10.321563324777761
12466,30-08-2026,25,-39.0,test,RMA,-24.941277,-38.30331,-8.387022,-29.205236936355384,-44.49068354810774,-13.919790324603024,-28.833557,-39.9161,-14.949334,-27.59841918811756,-42.55012195687501,-12.646716419360112
12466,30-08-2026,26,-42.0,test,BWM,-28.729496,-41.062862,-10.829174,-32.155252906724094,-46.85570218139743,-17.45480363205076,-30.435522,-41.027184,-17.171997,-30.391682807973584,-45.0109657461469,-15.772399869800266
12466,30-08-2026,27,-45.0,test,GOH,-30.764095,-41.60342,-13.095927,-34.17239437929175,-48.6705968172857,-19.674191941297803,-32.193207,-42.765366,-18.87313,-32.32860977919208,-46.571257063674196,-18.08596249470996
12466,30-08-2026,28,-47.0,test,SGZ,-30.054403,-41.197994,-13.45652,-34.683324886806574,-49.2652667931065,-20.10138298050665,-33.507828,-44.10657,-20.063835,-32.6822317247548,-46.839365342842754,-18.52509810666685
12466,30-08-2026,29,-49.0,test,SVA,-32.039856,-42.959106,-14.996025,-36.71629640564488,-51.44331018004992,-21.98928263123984,-34.892986,-45.674095,-21.119114,-34.48323163461936,-48.8189532515741,-20.147510017664615
12466,30-08-2026,30,-51.0,test,CMU,-32.095093,-42.759373,-15.335755,-37.29650622547802,-52.60421158009686,-21.988800870859176,-36.22077,-47.18258,-22.112555,-35.1294505215678,-49.65143985251362,-20.607461190621976
12466,30-08-2026,31,-43.0,test,VMA,-28.35374,-40.04775,-10.346977,-30.754479437483024,-45.86046266027562,-15.648496214690423,-31.662874,-42.083992,-18.599922,-30.221491186563245,-44.81473885602213,-15.628243517104355
12466,30-08-2026,32,-37.0,test,MEP,-22.318933,-36.10755,-5.798754,-25.001010431276526,-39.41264164412729,-10.589379218425764,-28.17213,-38.332664,-15.626549,-25.12267057300947,-39.458126868952554,-10.787214277066381
12466,30-08-2026,33,-31.0,test,NAD,-20.28789,-30.525572,-4.875293,-21.642729720264047,-35.64445264408697,-7.641006796441127,-24.643774,-34.642227,-12.488569,-22.169504766130693,-35.42021428586554,-8.918795246395849
12466,30-08-2026,34,-31.0,test,UJN,-20.458,-30.956099,-5.511705,-19.873927657123435,-30.894840987647143,-8.853014326599725,-24.297781,-34.060432,-12.572983,-21.54833036420348,-33.64487286678031,-9.451787861626647
12466,30-08-2026,35,-33.0,test,DWX,-22.712309,-32.021423,-8.493794,-22.23422420091156,-31.52396807985056,-12.944480321972565,-24.817533,-34.27137,-13.479483,-23.25965215800018,-34.30379457750138,-12.215509738498978
12466,31-08-2026,1,-5.0,test,BGKT,-16.23711,-27.895987,2.542626,-12.560869561859366,-29.41908882757712,4.297349703858384,-17.273254,-28.06254,-0.45741463,-15.406832221474087,-31.442339763864382,0.6286753209162086
12466,31-08-2026,2,-4.0,test,JU,-16.026909,-27.77871,2.6547325,-13.705416247776869,-29.869051768441693,2.458219272887959,-16.72324,-28.148323,0.9224167,-15.516575443488668,-31.57395623662792,0.5408053496505882
12466,31-08-2026,3,-7.0,test,RKB,-18.262049,-29.868734,2.413951,-15.337595682256646,-31.469057042580395,0.7938656780671014,-20.188412,-32.629257,-1.4028034,-17.96808900415065,-34.72876648005521,-1.2074115282460909
12466,31-08-2026,4,-9.0,test,GOTN,-21.867712,-33.508053,-4.6116514,-20.01126519872288,-34.908938160746914,-5.113592236698851,-21.257565,-33.208565,-4.15337,-21.0715060787304,-36.42066820246629,-5.7223439549945105
12466,31-08-2026,5,-8.0,test,MTD,-20.084011,-31.823565,-3.1588917,-19.99851398624124,-34.857945047685455,-5.139082924797032,-21.490002,-35.384365,-0.5275917,-20.52427592908743,-36.83123405192198,-4.217317806252879
12466,31-08-2026,6,-33.0,test,REN,-40.05801,-53.31653,-19.892988,-39.2676397725426,-57.29713996255618,-21.238139582529023,-42.785656,-56.68746,-23.925188,-40.712549792104824,-58.58663367005549,-22.838465914154153
12466,31-08-2026,7,-20.0,test,DNA,-28.125414,-40.72383,-9.488097,-26.664310939975778,-43.40276678875785,-9.925855091193704,-32.811,-46.674995,-13.375429,-29.21674774428568,-46.35187793632579,-12.081617552245568
12466,31-08-2026,8,-22.0,test,MKN,-30.754652,-43.702927,-11.152066,-29.213814720067784,-46.88360693662089,-11.544022503514675,-32.04305,-43.095394,-17.449451,-30.69070610453671,-47.04221599539083,-14.339196213682584
12466,31-08-2026,9,-25.0,test,KMNC,-34.269985,-46.11948,-13.177378,-31.91228856906342,-49.20846497838375,-14.616112159743093,-34.33346,-45.55551,-19.489346,-33.53761333550854,-49.90857001161901,-17.166656659398065
12466,31-08-2026,10,-23.0,test,NAC,-33.37806,-44.47844,-12.108351,-29.29303890022999,-46.51903099411116,-12.067046806348817,-33.72967,-45.621437,-17.992043,-32.189488088891345,-48.70537006317868,-15.673606114604016
12466,31-08-2026,11,-11.0,test,SBR,-20.165594,-32.530556,0.14814024,-18.65337216347311,-33.95471570299409,-3.352028623952128,-23.431799,-35.402847,-6.6795216,-20.768549536578707,-36.88594743654779,-4.651151636609626
12466,31-08-2026,12,-19.0,test,FL,-24.212952,-39.52244,-7.416219,-23.64679991596349,-39.70321018607386,-7.590389645853119,-30.588434,-43.666386,-12.936096,-26.152303786432938,-42.768941620446526,-9.53566595241935
12466,31-08-2026,13,-18.0,test,JP,-26.932943,-41.82181,-8.816042,-28.05436160070011,-43.56789684420944,-12.54082635719077,-29.325237,-40.96347,-14.00033,-28.086931896313136,-44.027937618029604,-12.145926174596667
12466,31-08-2026,14,-20.0,test,DPA,-28.334103,-41.44634,-12.135137,-29.24697866938269,-45.05862036566464,-13.435336973100748,-30.918472,-42.390797,-15.978293,-29.48532306928663,-44.75552042021622,-14.215125718357038
12466,31-08-2026,15,-20.0,test,BNLW,-30.649082,-42.93806,-12.567258,-32.65659316727891,-49.17946671754661,-16.133719617011216,-30.776089,-42.507256,-15.548343,-31.332888468864034,-47.13065506954199,-15.535121868186083
12466,31-08-2026,16,-21.0,test,ISA,-32.491337,-44.87914,-15.28581,-33.53587827728233,-49.26189562144675,-17.80986093311791,-31.287827,-42.804577,-16.455856,-32.424905839583715,-47.70675646253059,-17.14305521663684
12466,31-08-2026,17,-34.0,test,CKB,-36.78669,-52.541443,-20.345985,-39.352326981254194,-53.83776624785487,-24.86688771465352,-42.87628,-56.189827,-25.370113,-39.631831974698265,-55.753219933899786,-23.51044401549675
12466,31-08-2026,18,-13.0,test,SWM,-22.663502,-36.053898,-4.056783,-21.50977710297352,-37.41084921219176,-5.608704993755282,-25.740967,-37.184326,-10.711501,-23.318258343102407,-39.11949855603902,-7.517018130165797
12466,31-08-2026,19,-21.0,test,IDG,-29.51371,-40.920834,-10.550982,-28.084763893191564,-43.169981160043136,-12.99954662633999,-33.717888,-46.75744,-16.758635,-30.455219424415,-46.30114892463902,-14.609289924190977
12466,31-08-2026,20,-21.0,test,LKE,-28.149776,-40.726074,-9.569998,-27.2643155172199,-42.60344616926708,-11.925184865172715,-31.661592,-42.668762,-17.642109,-29.034716770273967,-44.241300235156444,-13.828133305391493
12466,31-08-2026,21,-23.0,test,KPZ,-33.021538,-40.792454,-10.671213,-29.820561994563143,-45.32095229327547,-14.320171695850815,-33.028893,-44.041637,-18.99114,-32.001004144800724,-47.07688187964735,-16.925126409954096
12466,31-08-2026,22,-17.0,test,KOTA,-28.128326,-39.42848,-8.698632,-27.034682293634848,-42.36469009765223,-11.704674489617464,-29.314665,-40.21354,-15.560308,-28.173354287749884,-43.233839943896115,-13.112868631603657
12466,31-08-2026,23,-20.0,test,NKOT,-32.14563,-42.92741,-9.722961,-30.179561671536028,-47.352145701429976,-13.006977641642084,-31.588953,-42.497368,-17.796206,-31.332173260870807,-47.47123945261119,-15.19310706913043
12466,31-08-2026,24,-17.0,test,DARA,-31.00849,-42.08747,-11.120162,-29.05356918031017,-43.82436187741403,-14.282776483206314,-29.496649,-40.161907,-16.10048,-29.880938319227717,-44.693808813228266,-15.06806782522717
12466,31-08-2026,25,-21.0,test,RMA,-30.844954,-42.711433,-11.90862,-31.39967722568711,-46.68512383743947,-16.11423061393475,-32.70003,-43.862446,-18.628738,-31.639174456528938,-46.7993821317221,-16.478966781335778
12466,31-08-2026,26,-23.0,test,BWM,-34.34356,-44.011005,-13.811698,-34.037203624263896,-48.73765289893723,-19.33675434959056,-33.571083,-44.32212,-19.940508,-33.98875192841374,-48.69366921554552,-19.283834641281963
12466,31-08-2026,27,-25.0,test,GOH,-35.816742,-45.247726,-15.823364,-35.70246125014201,-50.20066368813596,-21.20425881214806,-34.548252,-45.306576,-20.829361,-35.3583598530795,-49.87058224586931,-20.84613746028969
12466,31-08-2026,28,-26.0,test,SGZ,-34.503033,-45.70508,-15.306507,-35.81053312346548,-50.3924750297654,-21.22859121716555,-35.15547,-45.958626,-21.316746,-35.13786881049566,-49.88485178309547,-20.390885837895855
12466,31-08-2026,29,-29.0,test,SVA,-37.291416,-47.04093,-18.14499,-38.13346048290922,-52.860474257314266,-23.40644670850418,-37.286705,-48.48696,-22.82954,-37.5589529981914,-52.25751755134876,-22.86038844503404
12466,31-08-2026,30,-30.0,test,CMU,-37.497673,-48.440395,-18.197025,-38.44303764225044,-53.75074299686928,-23.135332287631595,-37.8487,-49.030533,-23.32892,-37.916536711562976,-53.063743594221904,-22.76932982890405
12466,31-08-2026,31,-23.0,test,VMA,-33.351833,-44.378784,-13.039382,-32.204890725982004,-47.310873948774606,-17.098907503189402,-34.14149,-44.834797,-20.551144,-33.247903975325755,-48.28000413187896,-18.21580381877255
12466,31-08-2026,32,-17.0,test,MEP,-27.560225,-41.141266,-8.535268,-26.491421550365573,-40.90305276321634,-12.07979033751481,-30.637724,-40.911156,-17.819118,-28.242132164552274,-43.06448516932288,-13.419779159781667
12466,31-08-2026,33,-14.0,test,NAD,-24.324095,-37.235043,-6.366842,-24.133459304911582,-38.1351822287345,-10.131736381088665,-28.694933,-38.768356,-16.287899,-25.71677417640626,-39.977439467061565,-11.456108885750957
12466,31-08-2026,34,-22.0,test,UJN,-24.7459,-34.340828,-9.847506,-25.42348046278942,-36.44439379331313,-14.40256713226571,-35.309605,-47.053146,-20.663818,-28.475599730804923,-41.25431807959361,-15.696881382016239
12466,31-08-2026,35,-36.0,test,DWX,-27.456648,-34.960747,-17.38619,-32.2115421627058,-41.5012860416448,-22.9217982837668,-44.225555,-56.85502,-27.612692,-34.55304592618154,-45.98547227587143,-23.12061957649165
12468,28-08-2026,0,7.0,test,JP,-7.8348484,-20.79751,10.412582,-5.324793368004072,-25.41697311169389,14.767386375685742,-6.999122,-21.37833,16.47241,-6.754739299691574,-25.80520044917072,12.295721849787574
12468,28-08-2026,1,5.0,test,KKU,-11.244295,-22.480095,6.655033,-9.016737370640218,-29.56099479051394,11.527520049233503,-8.791608,-22.411617,13.105594,-9.71671723902005,-28.132518242004824,8.699083763964726
12468,28-08-2026,2,2.0,test,JOB,-14.000927,-24.146461,8.154142,-11.138986264973331,-31.955843648174024,9.677871118227358,-11.52608,-25.981258,11.220426,-12.263240991847022,-31.64270206829604,7.116220084601993
12468,28-08-2026,3,7.0,test,FL,-10.056038,-21.649439,9.98117,-5.6817663546233454,-24.81558020694588,13.452047497699189,-7.035092,-21.248337,15.875147,-7.653420265772903,-26.332106383980403,11.025265852434595
12468,28-08-2026,4,7.0,test,SBR,-8.868053,-21.19247,11.10068,-6.029198681731731,-27.07050747119148,15.012110107728011,-8.523793,-21.725609,12.413497,-7.846311259559521,-26.765007353959685,11.072384834840644
12468,28-08-2026,5,7.0,test,NAC,-9.349447,-21.483038,8.462894,-6.406596351074284,-26.917254772058836,14.104062069910263,-9.466793,-22.74894,11.396824,-8.44798535982709,-26.761128276772812,9.865157557118632
12468,28-08-2026,6,7.0,test,KMNC,-10.756045,-21.65212,7.896038,-6.607374543523531,-27.28676216571301,14.072013078665954,-9.464467,-22.549902,11.008681,-9.000659142504945,-27.19525890383168,9.193940618821786
12468,28-08-2026,7,7.0,test,MKN,-10.563683,-22.218414,8.562579,-7.055864551675343,-27.631228060409757,13.519498957059067,-9.400981,-22.439253,10.964412,-9.055963130884548,-27.413748192664194,9.3018219308951
12468,28-08-2026,8,7.0,test,GCH,-9.713093,-21.067446,9.323751,-6.286877733542979,-27.482785272571853,14.909029805485892,-9.702851,-22.616652,10.398553,-8.614724129693435,-27.041731673120964,9.812283413734093
12468,28-08-2026,9,6.0,test,DNA,-10.425453,-22.421406,7.8156734,-7.895800852594378,-28.96324572449038,13.171644019301628,-10.979497,-23.786907,8.630628,-9.801274903651073,-28.052677896567186,8.45012808926504
12468,28-08-2026,10,7.0,test,REN,-9.660981,-21.463976,10.058681,-7.237401438554876,-28.347239145121584,13.872436268011832,-10.267693,-23.152115,9.4147415,-9.088217698094786,-27.614689704403503,9.438254308213933
12468,28-08-2026,11,7.0,test,MTDB,-10.602397,-21.314705,2.9077013,-9.78735018203844,-30.76911845866125,11.194418094584368,-10.331186,-22.774479,8.288305,-10.251725037855664,-27.13944078279284,6.635990707081511
12468,28-08-2026,12,-3.0,test,MDW,-17.231518,-30.46543,3.8688831,-15.352684234914166,-36.69464909926042,5.989280629432082,-19.230587,-32.918213,0.5971012,-17.29590074460758,-36.57933006887117,1.9875285796560114
12468,28-08-2026,13,7.0,test,NGO,-9.339085,-23.612925,6.6928616,-11.157558284025589,-34.60283676363765,12.287720195586472,-11.111639,-23.729877,8.058943,-10.50973521019993,-29.461825642895967,8.44235522249611
12468,28-08-2026,14,-18.0,test,NOK,-31.511787,-43.69998,-3.9845648,-29.61750588733277,-53.79145494511306,-5.4435568295524845,-30.82507,-43.8023,-13.513777,-30.678025074145054,-51.33106757029175,-10.024982577998362
12468,28-08-2026,15,-9.0,test,DSO,-26.626503,-33.16421,4.179077,-16.242666932385784,-37.27797841548441,4.79264455071284,-26.704765,-38.949844,-10.099628,-23.334025270173125,-42.24953295151528,-4.418517588830969
12468,28-08-2026,16,-7.0,test,BKN,-18.458324,-29.733746,8.405032,-12.99701263667491,-31.382670363629657,5.388645090279837,-24.8757,-36.001076,-10.303108,-18.847195082305632,-36.468472052641516,-1.2259181119697509
12468,28-08-2026,17,-12.0,test,LGH,-24.479952,-33.436977,3.4967468,-18.12437251466498,-37.24660383208036,0.9978588027504004,-30.105835,-42.084084,-14.462586,-24.319803850092363,-42.30402598791918,-6.335581712265544
12468,28-08-2026,18,-20.0,test,KLYT,-32.252678,-42.140255,-0.5536534,-27.87768762805075,-45.70481986265735,-10.050555393444156,-34.989227,-46.657253,-20.041763,-31.764592322623074,-49.988288502109455,-13.540896143136688
12468,28-08-2026,19,-7.0,test,PLCJ,-13.282139,-26.153809,10.314042,-11.960963196725151,-27.116747587315245,3.1948211938649376,-23.31468,-32.698296,-11.843593,-16.19642027954357,-31.583099974557868,-0.8097405845292709
12468,28-08-2026,20,-14.0,test,RDRA,-21.08119,-29.66174,3.0887792,-18.718922784586542,-30.5458215162964,-6.892024052876684,-28.788889,-38.765236,-16.34938,-22.88958606058609,-36.75293077093765,-9.026241350234526
12468,28-08-2026,21,-24.0,test,POK,-18.569277,-34.979496,1.4142733,-20.57681617496664,-30.14702468657808,-11.0066076633552,-34.53011,-45.40001,-20.739002,-24.5189249360282,-38.68233870804115,-10.35551116401525
12468,28-08-2026,22,-19.0,test,SBLT,-18.1916,-30.447536,-2.8898227,-20.91108397183305,-27.826605542269284,-13.995562401396818,-29.598602,-38.94139,-17.854912,-22.854312958008602,-33.889163706363014,-11.81946220965419
12468,29-08-2026,0,-20.0,test,JP,-8.720038,-21.108582,10.411012,-6.070247927501272,-26.162421986972404,14.021926131969858,-9.754683,-24.010647,13.184929,-8.217298552294134,-27.209888420611897,10.775291316023631
12468,29-08-2026,1,-24.0,test,KKU,-14.087734,-23.940538,6.620126,-10.370262525470205,-30.91451451696577,10.173989466025366,-11.813065,-25.758556,10.174969,-12.14320718157932,-30.892025608755404,6.605611245596762
12468,29-08-2026,2,-27.0,test,JOB,-15.878725,-26.11257,8.051653,-12.652281903928934,-33.46913414920608,8.16457034134821,-15.318515,-29.503792,6.5965185,-14.661298008882532,-34.18879358555556,4.866197567790497
12468,29-08-2026,3,-23.0,test,FL,-13.207676,-23.415451,9.974941,-7.539759404060166,-26.67356820657707,11.594049398456736,-11.480402,-26.086838,11.592102,-10.821864986983673,-29.918902841946775,8.275172867979428
12468,29-08-2026,4,-20.0,test,SBR,-9.674231,-21.395643,11.094453,-7.0205877845527525,-28.061892292134655,14.020716723029151,-10.331556,-24.045479,11.425087,-9.044775386049238,-28.231907233525103,10.142356461426626
12468,29-08-2026,5,-18.0,test,NAC,-10.14528,-21.59604,8.456667,-6.437479192276758,-26.948133262209108,14.073174877655592,-9.287247,-22.595818,11.676155,-8.674972346536913,-27.029648959437196,9.679704266363371
12468,29-08-2026,6,-18.0,test,KMNC,-11.499438,-21.736517,7.889811,-6.554986130030483,-27.23436969842952,14.124397438368558,-9.454102,-22.54908,11.024004,-9.239057135497156,-27.450462798247248,8.972348527252937
12468,29-08-2026,7,-18.0,test,MKN,-11.231457,-22.278687,8.65377,-7.009588487303184,-27.58494817454262,13.565771199936254,-9.399689,-22.319138,10.7169,-9.273028029882688,-27.59428505391,9.048228994144623
12468,29-08-2026,8,-19.0,test,GCH,-10.560167,-21.221893,9.344851,-6.61808629870971,-27.813989882022483,14.577817284603064,-10.671937,-23.512947,9.038844,-9.337513276167595,-27.71566651006698,9.040639957731791
12468,29-08-2026,9,-19.0,test,DNA,-11.1268425,-22.536573,7.792996,-7.929407385738952,-28.99684863374141,13.138033862263512,-11.014951,-23.79866,8.523631,-10.06778262074461,-28.31944539435186,8.183880152862637
12468,29-08-2026,10,-18.0,test,REN,-10.410975,-21.48864,10.052454,-7.226755114367158,-28.336589231811285,13.883079003076968,-10.294274,-23.162193,9.33948,-9.354539004560026,-27.872995831784387,9.163917822664336
12468,29-08-2026,11,-18.0,test,MTDB,-11.67856,-21.362251,2.8617706,-9.778610428159151,-30.76037540080388,11.203154544485573,-10.357771,-22.784561,8.213051,-10.63211412260108,-27.50874481237929,6.244516567177131
12468,29-08-2026,12,-24.0,test,MDW,-12.953004,-25.818878,4.1743736,-13.962405050150585,-35.30436689906104,7.379556798759868,-16.430779,-29.017477,1.5942307,-14.432190747751907,-32.415888902663845,3.551507407160031
12468,29-08-2026,13,-18.0,test,NGO,-10.039511,-23.664062,6.829269,-10.980616636081647,-34.42589256728327,12.464659295119972,-11.087518,-23.438038,7.410102,-10.68880722875732,-29.510904868174457,8.133290410659818
12468,29-08-2026,14,-45.0,test,NOK,-32.561195,-43.919125,-2.915684,-30.35587950216978,-54.5298256258837,-6.181933378455863,-32.543934,-45.411034,-15.527298,-31.850671550391176,-52.66825719587665,-11.0330859049057
12468,29-08-2026,15,-24.0,test,DSO,-12.66754,-25.123835,10.502915,-12.69586841976437,-33.731177262258115,8.339440422729375,-17.926361,-30.720179,0.7301121,-14.425511764709949,-33.48151367257293,4.630490143153036
12468,29-08-2026,16,-19.0,test,BKN,-10.643029,-20.606747,9.817547,-8.088330681357917,-26.47398587656152,10.297324513845684,-13.623371,-25.29741,2.9253674,-10.8177569564652,-27.47104155066753,5.83552763773713
12468,29-08-2026,17,-27.0,test,LGH,-18.155802,-26.038046,8.456365,-13.9292792027102,-33.051508201176844,5.1929497957564426,-21.112886,-33.7103,-3.7010536,-17.78850715067616,-35.744158351865124,0.16714405051280323
12468,29-08-2026,18,-34.0,test,KLYT,-25.857496,-33.660755,0.6585457,-23.72469965745768,-41.55182941505656,-5.897569899858791,-26.94135,-38.683537,-11.822424,-25.53634470989499,-42.47577063207214,-8.596918787717843
12468,29-08-2026,19,-18.0,test,PLCJ,-11.281513,-20.442616,10.171484,-6.73982402039847,-21.89560585803928,8.41595781724234,-13.238148,-23.414764,0.29679394,-10.480778291176923,-25.297247399541444,4.335690817187597
12468,29-08-2026,20,-18.0,test,RDRA,-14.543857,-22.690117,4.683401,-10.919324243648775,-22.746221963388624,0.90757347609107,-13.649965,-23.425137,-0.8038864,-13.08823488661573,-26.005492633141756,-0.17097714008970577
12468,29-08-2026,22,-19.0,test,SBLT,-15.090341,-20.851736,-2.3838263,-11.380422543525366,-18.2959441139616,-4.464900973089132,-13.758865,-21.75515,-4.0542707,-13.461904329521005,-22.245654306772213,-4.678154352269797
12468,30-08-2026,0,-15.0,test,JP,-9.2469015,-21.15781,8.87345,-6.442975207249873,-26.53515495093969,13.649204536439942,-10.865578,-25.126816,11.893835,-8.88913312964097,-27.57938364022099,9.801117380939049
12468,30-08-2026,1,-19.0,test,KKU,-14.718947,-24.08721,6.218923,-10.743066124910934,-31.287323544784652,9.80119129496279,-12.904926,-27.354038,9.972288,-12.845033774147769,-31.790552507758008,6.10048495946247
12468,30-08-2026,2,-22.0,test,JOB,-16.656971,-27.353655,7.4697495,-13.025051824982636,-33.841909208183324,7.791805558218055,-16.199104,-30.999527,6.9254704,-15.343996508265851,-35.31046113832907,4.622468121797363
12468,30-08-2026,3,-17.0,test,FL,-13.699225,-23.443975,8.701589,-7.567674196198816,-26.701488048521348,11.566139656123717,-11.136283,-25.4248,11.43543,-10.887327137835614,-29.614090612008404,7.839436336337178
12468,30-08-2026,4,-17.0,test,SBR,-12.555758,-22.471582,9.378997,-7.909211405254569,-28.950520194714315,13.132097384205176,-12.304059,-25.787453,8.707606,-10.987090070844648,-29.887112683940217,7.912932542250921
12468,30-08-2026,5,-19.0,test,NAC,-13.625073,-24.387121,7.554381,-8.982716986604148,-29.49337540758869,11.5279414343804,-15.045811,-28.147331,4.718395,-12.613944256627622,-31.068025561596684,5.84013704834144
12468,30-08-2026,6,-19.0,test,KMNC,-14.286784,-22.964304,7.4651623,-9.24778596683204,-29.927173589021525,11.431601655357444,-15.332657,-28.284985,4.039034,-13.024226606237269,-31.16421792341501,5.115764710940473
12468,30-08-2026,7,-19.0,test,MKN,-13.449037,-23.674961,7.322294,-9.6942535141716,-30.26961702290601,10.881109994562811,-15.5297165,-28.388214,3.6256504,-12.941037794404895,-31.09565955004409,5.213583961234299
12468,30-08-2026,8,-16.0,test,GCH,-11.333246,-21.47681,7.5538507,-7.842151180115133,-29.038058719144004,13.35375635891374,-13.380829,-26.128002,5.799219,-10.89851055062967,-28.88709653045334,7.090075429194002
12468,30-08-2026,9,-22.0,test,DNA,-16.908377,-27.475395,6.247962,-11.042328113505242,-32.10977298540125,10.025116758390762,-19.117668,-32.52118,0.4034443,-15.768423832453987,-34.74502802862685,3.208180363718874
12468,30-08-2026,10,-21.0,test,REN,-14.257675,-24.513035,7.95748,-10.63387566409007,-31.743713370656774,10.475962042476638,-17.845043,-30.326248,0.041101456,-14.292613405651757,-32.60815268112421,4.0229258698207
12468,30-08-2026,11,-18.0,test,MTDB,-14.348055,-23.587223,2.6490326,-12.139860624177798,-33.12162890080061,8.84190765244501,-15.739359,-28.043896,1.8969135,-14.105055924086244,-31.16464587169857,2.954534023526083
12468,30-08-2026,12,-47.0,test,MDW,-29.689157,-48.37939,0.17587002,-24.15453001729054,-45.49649488163679,-2.812565152944291,-39.649994,-52.939907,-21.961086,-31.233041280535037,-52.67063272046754,-9.795449840602537
12468,30-08-2026,13,-57.0,test,NGO,-35.695297,-51.080025,0.17419173,-27.51977901168217,-50.96505749129423,-4.074500532070115,-50.165066,-62.737476,-32.834824,-37.894724411611065,-60.34309605489289,-15.446352768329241
12468,30-08-2026,14,-63.0,test,NOK,-46.540817,-59.637505,-8.717777,-39.770292845473456,-63.94424190325374,-15.596343787693169,-52.72611,-65.52986,-35.007294,-46.434101450315914,-69.17413962809118,-23.69406327254064
12468,30-08-2026,15,-45.0,test,DSO,-32.80814,-45.5151,3.0008073,-22.7185511845344,-43.75386266763302,-1.6832397014357738,-38.01886,-49.010628,-23.63863,-31.316593011600908,-51.66515353289776,-10.968032490304054
12468,30-08-2026,16,-26.0,test,BKN,-18.83665,-29.878155,7.091384,-13.206445915180629,-31.59210364213537,5.17921181177412,-24.779625,-35.772785,-10.4383,-19.013774862437018,-36.35806176984556,-1.669487955028469
12468,30-08-2026,17,-32.0,test,LGH,-23.78668,-33.629875,2.801156,-18.22748372822464,-37.34971504564002,0.894747589190743,-30.91598,-42.877853,-15.352932,-24.38103218747196,-42.25659034451219,-6.505474030431724
12468,30-08-2026,18,-41.0,test,KLYT,-33.392082,-42.62931,-5.1057343,-28.40846354748313,-46.235595782089725,-10.581331312876536,-36.427902,-47.600727,-21.95306,-32.8090168036385,-50.121742571169804,-15.496291036107195
12468,30-08-2026,19,-21.0,test,PLCJ,-14.351991,-22.667986,7.40182,-10.079842648164243,-25.235627038754338,5.0759417424258455,-19.87313,-29.349663,-8.217096,-14.822839012536074,-29.08962206440176,-0.5560559606703883
12468,30-08-2026,20,-18.0,test,RDRA,-14.28262,-23.853994,4.250087,-13.15834891608324,-24.985247647793106,-1.3314501843733826,-17.813404,-27.098515,-6.2529984,-15.097548944422979,-27.83818200915428,-2.3569158796916785
12468,30-08-2026,21,-20.0,test,POK,-12.448606,-23.317205,2.1122324,-12.427314555865909,-21.99752306747735,-2.8571060442544685,-18.4632,-27.039684,-8.254636,-14.442066391772798,-25.577239630489792,-3.3068931530558032
12468,30-08-2026,22,-18.0,test,SBLT,-14.401323,-21.497171,-2.3244195,-13.291195905743924,-20.20671747618016,-6.37567433530769,-16.8421,-24.88389,-7.3817577,-14.858270088691928,-23.736037382843534,-5.980502794540319
12468,31-08-2026,0,-11.0,test,JP,-7.251029,-20.680017,7.4461207,-5.697520647752673,-25.789700391442487,14.394659095937143,-9.046436,-23.428726,14.195219,-7.351648882572459,-25.799320089504228,11.09602232435931
12468,31-08-2026,1,-14.0,test,KKU,-10.818837,-22.316551,4.53201,-9.693538107901276,-30.237795527775,10.850719311972448,-9.881813,-24.097996,13.05718,-10.147585055953364,-28.431799297997106,8.136629186090378
12468,31-08-2026,2,-17.0,test,JOB,-13.489972,-24.541716,5.677087,-11.895655405103684,-32.71251278830438,8.921201978097006,-13.065759,-28.40646,11.36848,-12.839374431886236,-32.28794370049717,6.609194836724699
12468,31-08-2026,3,-14.0,test,FL,-9.959048,-21.7284,7.205287,-7.1283419272189175,-26.26215577954145,12.005471925103617,-11.243188,-25.924397,11.895806,-9.481464929333518,-27.789285109323885,8.826355250656848
12468,31-08-2026,4,-13.0,test,SBR,-8.265761,-20.977772,7.454229,-7.250356733172022,-28.291665522631767,13.790952056287722,-11.337557,-24.535576,9.185732,-8.962837036902856,-27.10346302136479,9.177788947559074
12468,31-08-2026,5,-12.0,test,NAC,-8.424125,-21.458094,6.4009895,-7.196355098330061,-27.707013519314607,13.314303322654489,-10.846464,-24.018429,9.618282,-8.837343460940712,-26.68050612330487,9.005819201423446
12468,31-08-2026,6,-10.0,test,KMNC,-9.448236,-21.428183,5.704887,-6.6724944232123775,-27.35188204540186,14.006893198977108,-9.449988,-22.543118,11.041501,-8.561736774092843,-26.31983889807182,9.196365349886133
12468,31-08-2026,7,-10.0,test,MKN,-9.474367,-21.88083,5.4651065,-7.023079549763668,-27.59844305849808,13.552283958970744,-9.402453,-22.437578,10.956134,-8.66705904404246,-26.395796148310257,9.061678060225336
12468,31-08-2026,8,-10.0,test,GCH,-8.24692,-20.824944,6.1416097,-6.256228884764032,-27.452136423792904,14.939678654264842,-9.664991,-22.58827,10.449028,-8.08233329279167,-25.887789720909343,9.723123135326002
12468,31-08-2026,9,-10.0,test,DNA,-9.096445,-22.163754,5.384111,-7.540786931753416,-28.60823180364942,13.526657940142588,-10.071854,-22.941864,9.734676,-8.92367232435895,-26.72919273896881,8.881848090250909
12468,31-08-2026,10,-12.0,test,REN,-8.562964,-21.75241,6.4508376,-7.910035757896884,-29.019873464463597,13.199801948669824,-11.982969,-24.81129,7.3510437,-9.491684843466349,-27.341337080779695,8.357967393846998
12468,31-08-2026,12,-13.0,test,MDW,-9.978179,-23.680326,2.8092258,-12.860370431758104,-34.202350337082976,8.481609473566767,-13.584195,-25.843744,4.3786345,-12.098528033099177,-29.37441013618747,5.177354069989116
12468,31-08-2026,13,-25.0,test,NGO,-23.05271,-31.923876,-0.8731393,-16.016832511889806,-39.46211621594817,7.428451192168563,-24.88555,-37.724888,-6.9631767,-21.413702865567195,-40.32250624798604,-2.5048994831483498
12468,31-08-2026,14,-29.0,test,NOK,-25.987085,-35.034336,-3.8002102,-27.70309848444063,-51.87704793825277,-3.529149030628492,-28.497694,-41.10936,-11.558998,-27.3704446032465,-46.34575197105755,-8.395137235435445
12468,31-08-2026,15,-16.0,test,DSO,-11.074566,-24.801271,6.718971,-12.518687896220255,-33.55399942216202,8.516623629721504,-16.913782,-28.266975,-1.3643961,-13.47802346711585,-30.990071920580817,4.034024986349117
12468,31-08-2026,16,-13.0,test,BKN,-9.667857,-20.611517,6.5486264,-8.83032839579724,-27.2159861295631,9.555329337968615,-15.347377,-26.96046,0.8448534,-11.289026190483245,-27.273323718232746,4.695271337266254
12468,31-08-2026,17,-17.0,test,LGH,-12.560385,-23.406036,5.0995045,-13.705125379286176,-32.82735670131855,5.417105942746197,-19.671896,-31.651213,-2.9836311,-15.291290301310223,-31.91900187881079,1.3364212761903431
12468,31-08-2026,18,-25.0,test,KLYT,-24.934885,-33.674915,-2.4401402,-23.35601705786104,-41.18314929282377,-5.528884822898316,-25.631033,-37.57897,-10.137219,-24.66182140077659,-41.13933040666443,-8.18431239488875
12468,31-08-2026,19,-10.0,test,PLCJ,-9.780954,-20.164913,7.9318757,-6.736892404065207,-21.892676794657035,8.41889198652662,-13.22029,-23.440441,0.39958954,-9.951936375995103,-24.331125955283916,4.4272532032937075
12468,31-08-2026,20,-25.0,test,RDRA,-19.328926,-28.39593,1.2719103,-16.437076941632615,-28.263975673342483,-4.610178209922747,-24.685944,-35.22309,-11.633143,-20.186313746233235,-33.69169400441849,-6.680933488047986
12468,31-08-2026,21,-15.0,test,POK,-13.35281,-22.47219,2.2294943,-12.278480889036633,-21.84868940064808,-2.708272377425189,-17.156694,-26.837093,-4.9259977,-14.27452405749122,-25.822598121496153,-2.7264499934862876
12468,31-08-2026,22,-18.0,test,SBLT,-14.858452,-22.02876,-2.40453,-13.981997142901283,-20.89751871333752,-7.066475572465051,-17.879044,-25.486086,-8.897159,-15.58290516960335,-24.38367722438511,-6.78213311482159
12481,28-08-2026,0,-10.0,test,DLI,-12.811265,-20.97468,3.652587,-9.338339883094504,-24.177091887743785,5.500412121554779,-10.074591,-19.337141,6.4499016,-10.791242890324757,-24.770389298476008,3.187903517826495
12481,28-08-2026,1,-20.0,test,SSB,-19.227854,-27.526897,-2.430055,-18.22552738569442,-45.12035549356895,8.669300722180115,-20.96612,-32.199203,-1.929472,-19.4856193067303,-38.378762376294546,-0.5924762371660499
12481,28-08-2026,2,-27.0,test,BGZ,-22.782803,-29.895975,-4.0589504,-20.87115062217669,-33.25141039245784,-8.490890851895534,-27.735336,-38.178085,-11.133554,-23.818926682449135,-37.4135757918439,-10.224277573054371
12481,28-08-2026,3,-28.0,test,SPZ,-24.67962,-31.43029,-5.179204,-22.788122586743143,-35.95993842874215,-9.616306744744136,-28.294928,-36.787083,-15.439986,-25.277465905374868,-38.218584443716296,-12.336347367033436
12481,28-08-2026,4,-26.0,test,ROK,-24.094173,-30.408873,-7.323032,-24.117889049844127,-45.519388797187744,-2.716389302500513,-26.314106,-34.652485,-13.728793,-24.840032157668706,-39.89076448913008,-9.789299826207332
12481,28-08-2026,5,-34.0,test,JIND,-33.119637,-38.456238,-14.891807,-31.49803521398781,-55.37892974181528,-7.617140686160344,-33.616962,-43.368473,-19.2956,-32.766794082601216,-49.28676176237656,-16.246826402825878
12481,28-08-2026,6,-34.0,test,NRW,-33.36245,-39.2163,-14.268243,-30.720725814428608,-44.44331973454874,-16.99813189430847,-32.23475,-40.447014,-20.337866,-32.14316034249768,-44.81499634731541,-19.471324337679953
12481,28-08-2026,7,-37.0,test,TUN,-37.131866,-42.629204,-16.534935,-36.01036042743801,-57.35703344966234,-14.663687405213675,-34.409767,-42.743176,-22.291153,-35.868166539040075,-51.367547622029,-20.36878545605115
12481,28-08-2026,8,-38.0,test,JHL,-36.845383,-42.323277,-16.8695,-36.45168555501443,-57.52640655003913,-15.376964559989728,-35.116306,-43.439774,-22.994453,-36.1445270698119,-51.434514295281154,-20.854539844342646
12481,28-08-2026,9,-38.0,test,BLZ,-37.407642,-42.441982,-17.919132,-34.993174494059815,-51.23802555940975,-18.74832342870988,-34.660847,-42.886066,-22.741604,-35.722519810428615,-49.16924626538379,-22.27579335547344
12481,28-08-2026,10,-38.0,test,MSZ,-35.84296,-42.083992,-18.499517,-35.3958369083656,-51.46962765312794,-19.32204616360326,-34.611534,-42.843494,-22.711147,-35.29053317192058,-48.50637677716865,-22.07468956667251
12481,28-08-2026,11,-40.0,test,MAUR,-37.965515,-46.095367,-19.843378,-37.46388311181511,-57.49414327902447,-17.43362294460574,-35.869164,-44.330173,-23.608627,-37.10802119556267,-52.24152406392548,-21.97451832719986
12481,28-08-2026,12,-9.0,test,BTI,-11.468254,-23.26956,2.072891,-11.749277180737536,-32.21739637204085,8.718842010565783,-11.176648,-19.594576,2.325202,-11.461085456400832,-26.78462720519235,3.8624562923906876
12481,28-08-2026,13,-16.0,test,GDB,-16.037163,-23.139198,0.13372001,-13.426087096951514,-23.339881489650484,-3.5122927042525447,-17.934547,-26.864336,-4.7030754,-15.833715827740189,-27.27984169346061,-4.387589962019767
12481,28-08-2026,14,-18.0,test,MOT,-16.876959,-23.407623,-1.4824275,-14.5205524830578,-23.885352849583683,-5.155752116531916,-19.256748,-27.151997,-8.198258,-16.91533275390459,-27.37108700702964,-6.459578500779539
12481,28-08-2026,15,-18.0,test,ABS,-17.539825,-23.117895,-5.461721,-15.875835623277826,-20.267522646403552,-11.4841486001521,-18.959576,-26.640608,-8.265168,-17.480205572778022,-25.386588297413006,-9.573822848143038
12481,29-08-2026,0,-19.0,test,DLI,-23.734203,-29.49401,-1.5854921,-14.929249079323506,-29.767994806556626,-0.0905033520903888,-23.920568,-31.951296,-11.536578,-20.982261996025198,-34.62262874103431,-7.341895251016085
12481,29-08-2026,12,-4.0,test,BTI,-10.750543,-23.402504,2.0293536,-12.024053160785654,-32.492184871187575,8.444078549616266,-12.219888,-20.701927,1.2696352,-11.646194078071026,-26.99510890828045,3.7027207521383954
12481,29-08-2026,13,-11.0,test,GDB,-15.818269,-23.265137,-0.0038261823,-13.95156200300217,-23.865357232861165,-4.0377667731431774,-18.439438,-26.502073,-6.9242086,-16.093418156043214,-27.086367527524484,-5.100468784561944
12481,29-08-2026,14,-11.0,test,MOT,-15.74432,-23.051207,-1.1998956,-14.31071053648059,-23.675511006660507,-4.945910066300671,-18.610682,-26.60384,-7.3055935,-16.239423567290824,-26.741835625834803,-5.737011508746846
12481,29-08-2026,15,-11.0,test,ABS,-16.403568,-22.778738,-4.8671317,-15.519523974698958,-19.91121099782469,-11.12783695157323,-18.238792,-25.943604,-7.4516277,-16.731379680638206,-24.704756525571533,-8.758002835704879
12481,30-08-2026,0,-1.0,test,DLI,-12.323518,-21.023302,5.564091,-9.338339883094504,-24.177091887743785,5.500412121554779,-10.050217,-19.777151,7.159237,-10.61347518842462,-25.15125386688164,3.9243034900324005
12481,30-08-2026,1,-1.0,test,SSB,-12.64901,-23.465311,1.1056951,-15.143010477640894,-42.03783858551543,11.75181763023364,-11.0878725,-20.201805,5.1956587,-12.926866779609023,-30.87329117118746,5.019557611969416
12481,30-08-2026,2,-12.0,test,BGZ,-20.41911,-28.20887,-2.9243522,-18.429742649007395,-30.81000241928855,-6.04948287872624,-21.979761,-33.133698,-3.0674648,-20.302363969847118,-34.32369889539703,-6.2810290442972025
12481,30-08-2026,3,-14.0,test,SPZ,-22.694761,-29.743233,-3.7882652,-20.821770599250343,-33.99358644124935,-7.649954757251336,-23.532509,-32.47757,-9.157197,-22.37479235055003,-35.606364774390286,-9.143219926709772
12481,30-08-2026,4,-15.0,test,ROK,-22.459127,-29.592606,-5.8892803,-23.28450435600868,-44.686004103352296,-1.883004608665068,-24.153442,-33.222794,-9.906182,-23.286380064589785,-38.86767769359044,-7.70508243558913
12481,30-08-2026,5,-26.0,test,JIND,-31.42773,-38.24036,-13.800408,-31.876149131315724,-55.75704365914319,-7.995254603488256,-34.264977,-43.915154,-20.231716,-32.514616579028946,-49.126477182809,-15.902755975248894
12481,30-08-2026,6,-29.0,test,NRW,-32.229897,-39.91342,-14.908571,-32.20670627646186,-45.92930019658199,-18.48411235634173,-35.28361,-43.75319,-22.925398,-33.23805451905258,-46.04573603702562,-20.430373001079545
12481,30-08-2026,7,-39.0,test,TUN,-41.145824,-51.161434,-22.081877,-40.022741757564695,-61.36941477978903,-18.67606873534036,-43.76726,-54.22397,-28.458975,-41.65871233517794,-58.63090372779753,-24.686520942558346
12481,30-08-2026,8,-41.0,test,JHL,-41.9567,-50.876392,-22.21814,-40.98209909705751,-62.056820092082205,-19.907378102032805,-43.046906,-52.439102,-29.03722,-42.00780162039607,-58.39920129914135,-25.616401941650793
12481,30-08-2026,10,-44.0,test,MSZ,-42.731976,-52.049732,-22.169174,-40.93698194059583,-57.01077564829215,-24.863188232899503,-44.275913,-53.83716,-30.000504,-42.671789963437504,-57.684192283675515,-27.659387643199494
12481,30-08-2026,11,-46.0,test,MAUR,-45.113976,-55.176357,-23.044308,-43.1041534545989,-63.134414318887615,-23.073892590310187,-45.453655,-55.201855,-30.86977,-44.58463593748413,-61.42235052059944,-27.746921354368826
12481,30-08-2026,12,-6.0,test,BTI,-12.977343,-25.043121,1.4530827,-14.132202785408689,-34.60032203016857,6.335916459351191,-16.542395,-24.611814,-4.4884853,-14.5320415801224,-29.752624388245508,0.6885412280007106
12481,30-08-2026,13,-11.0,test,GDB,-16.519815,-25.079218,-0.42728016,-14.890662491366186,-24.804456892038736,-4.976868090693637,-21.095068,-29.554283,-9.280257,-17.52074958672416,-28.889203814267127,-6.152295359181197
12481,30-08-2026,14,-15.0,test,MOT,-19.029808,-26.11638,-3.2792013,-16.60910143606812,-25.973901803656275,-7.244301068479961,-24.151514,-32.037987,-13.429339,-19.95950785856844,-30.521556160054956,-9.397459557081925
12481,30-08-2026,15,-15.0,test,ABS,-17.662333,-25.42442,-6.0103226,-18.09081110533145,-22.482498128457177,-13.699124082205724,-24.19403,-32.241436,-13.268311,-19.971504622100774,-28.30327429730897,-11.639734946892577
12481,31-08-2026,0,-7.0,test,DLI,-22.688883,-28.884497,-0.28773132,-13.811067240077705,-28.649819244726988,1.0276847645715783,-21.429832,-29.749954,-8.170453,-19.43295663677896,-33.40238268012173,-5.463530593436188
12481,31-08-2026,1,-16.0,test,SSB,-26.58646,-35.945736,-7.2566056,-22.39000305187227,-49.2848311597468,4.5048250560022645,-31.343815,-41.82204,-15.054825,-26.827487219147137,-45.765120168334164,-7.889854269960111
12481,31-08-2026,2,-18.0,test,BGZ,-25.698233,-32.851685,-5.566515,-23.227447231096058,-35.607707001377214,-10.847187460814904,-32.596924,-41.258812,-19.709171,-27.20289767936096,-40.10260768643474,-14.303187672287182
12481,31-08-2026,3,-18.0,test,SPZ,-25.681885,-34.772804,-5.9544387,-24.606794752054267,-37.77861059405328,-11.43497891005526,-32.40931,-40.764347,-20.093533,-27.575633594812793,-40.86751081012177,-14.283756379503815
12481,31-08-2026,4,-17.0,test,ROK,-26.67514,-34.62119,-9.430973,-26.25751031004879,-47.65901005739241,-4.856010562705176,-31.33675,-39.474854,-19.398075,-28.09197720735387,-43.379141053552516,-12.804813361155224
12481,31-08-2026,5,-26.0,test,JIND,-35.558083,-42.468704,-17.743284,-34.08414951708991,-57.96504404491738,-10.203254989262444,-37.49784,-46.05325,-24.852749,-35.73213998710982,-51.96261572562605,-19.50166424859358
12481,31-08-2026,6,-26.0,test,NRW,-35.64376,-43.436977,-17.455654,-33.33054913343882,-47.05314305355896,-19.60795521331869,-37.569195,-46.17218,-24.925783,-35.544834531692686,-48.603927577101565,-22.485741486283807
12481,31-08-2026,7,-38.0,test,TUN,-43.42002,-51.448708,-22.84372,-41.80764920227333,-63.15432222449766,-20.460976180049,-47.440147,-58.262608,-31.40167,-44.24170030115398,-61.318575870983935,-27.164824731324032
12481,31-08-2026,8,-39.0,test,JHL,-43.764023,-51.95844,-23.201107,-42.51694616422977,-63.59166715925447,-21.44222516920507,-45.378395,-55.036533,-30.862295,-43.90236686692329,-60.446712911943806,-27.35802082190277
12481,31-08-2026,9,-39.0,test,BLZ,-43.952,-52.04971,-22.271383,-41.04439135471063,-57.289242420060575,-24.799540289360696,-45.25557,-55.021408,-30.666948,-43.456301924154374,-58.59784311798613,-28.314760730322618
12481,31-08-2026,10,-40.0,test,MSZ,-44.733894,-52.919647,-22.843569,-41.74723060390547,-57.82102134866781,-25.67343985914313,-45.56278,-55.31089,-30.964493,-44.05506634242968,-59.19217354758743,-28.917959137271936
12481,31-08-2026,11,-41.0,test,MAUR,-45.38135,-55.33956,-23.009481,-43.49831942604441,-63.52857959325378,-23.468059258835044,-46.322372,-56.229065,-31.481306,-45.092518358593296,-62.03897300735804,-28.146063709828553
12481,31-08-2026,12,0.0,test,BTI,-14.234976,-25.13669,1.7341846,-14.148386127423905,-34.61650531872722,6.319733063879415,-16.52078,-24.584661,-4.4721203,-14.967489800777177,-30.254611439768865,0.31963183821451047
12481,31-08-2026,13,-6.0,test,GDB,-18.954494,-25.835524,-1.7814918,-15.23051851724914,-25.14431290994811,-5.31672412455017,-21.900349,-30.311718,-10.214751,-18.744070690865726,-29.972421126178652,-7.515720255552802
12481,31-08-2026,14,-7.0,test,MOT,-19.02603,-25.807495,-2.294904,-15.976218599978168,-25.34101896650405,-6.6114182334522855,-22.496277,-30.221794,-11.924761,-19.20545485845265,-29.836439477727783,-8.574470239177518
12481,31-08-2026,15,-17.0,test,ABS,-21.888166,-29.573298,-8.05312,-20.86520686934042,-25.256893892466145,-16.473519846214693,-30.3294,-39.36093,-17.85455,-24.368533822521513,-33.527218526927115,-15.209849118115908
12964,28-08-2026,1,-1.0,test,UDZ,0.24736384,-9.235316,7.8958573,2.445454548463686,-7.516475908354978,12.40738500528235,0.52790743,-8.513854,17.369871,1.0431378729466103,-9.947471619274813,12.033747365168034
12964,28-08-2026,2,-3.0,test,RPZ,-0.7482243,-9.878839,7.1509843,-0.0174614411792708,-9.74743795019253,9.712515067833989,-1.3916072,-12.47552,17.965395,-0.7286532860936898,-12.418597571192274,10.961290999004893
12964,28-08-2026,3,-2.0,test,MVJ,-2.276405,-9.182061,6.3864822,0.4550431596551125,-9.085775732406152,9.995862051716378,-0.8840587,-12.288893,18.940393,-0.9404279832881515,-12.437687327903724,10.556831361327422
12964,28-08-2026,4,-4.0,test,KIN,-3.1885478,-12.114326,5.5637016,-2.282885771572486,-12.165932466945987,7.600160923801015,-3.326613,-13.671459,14.5146885,-2.945029081031282,-14.411034150985568,8.520975988923006
12964,28-08-2026,5,-3.0,test,COR,-0.251243,-9.39067,6.3534226,1.1580823672699414,-9.232986005072751,11.549150739612632,-2.440737,-13.723111,17.283566,-0.5290023619922074,-12.304765559564778,11.246760835580364
12964,28-08-2026,6,-5.0,test,MLGH,-0.49937084,-8.878052,7.0452046,0.1294650110797132,-11.838570864408169,12.097500886567596,-3.8503509,-14.271042,13.84273,-1.4128356959494457,-13.245392832147182,10.419721440248292
12964,28-08-2026,7,-9.0,test,BUDI,-2.8608427,-12.614407,7.524247,-2.307524134497106,-14.224742786760451,9.60969451776624,-7.6663957,-17.688387,8.485186,-4.282186862913235,-16.52875188229067,7.9643781564642016
12964,28-08-2026,8,-11.0,test,KOTA,-7.8572803,-18.598944,4.2536345,-13.273531175248213,-24.512792546247688,-2.034269804248739,-9.95425,-19.27805,4.8979235,-10.285612201731198,-22.451519056278908,1.880294652816513
12964,28-08-2026,9,-9.0,test,SWM,-7.008646,-17.48535,5.058656,-11.976440407865322,-27.3647830764508,3.411902260720158,-7.451053,-16.11239,6.207502,-8.743402990666606,-21.9211671810463,4.43436119971309
12964,28-08-2026,10,-13.0,test,GGC,-13.896626,-20.25471,-0.21842305,-14.543466389802193,-30.691986999755173,1.605054220150791,-11.53941,-20.556774,1.919569,-13.31940977207622,-26.32161783855861,-0.3172017055938312
12964,28-08-2026,11,-15.0,test,SMVJ,-15.344191,-23.239464,-2.4308026,-17.700216687933285,-34.31897346647702,-1.0814599093895545,-13.486301,-21.907366,-1.4032812,-15.479262731778231,-28.43596238494313,-2.5225630786133326
12964,28-08-2026,12,-14.0,test,HAN,-13.425226,-22.480364,-2.5918906,-17.094332141532714,-32.95014913790449,-1.2385151451609406,-12.383822,-20.480824,-0.6732187,-14.251474462743253,-26.66251076322486,-1.8404381622616466
12964,28-08-2026,13,-13.0,test,BXN,-14.221009,-21.91083,-3.690756,-17.3269256008803,-32.87317022876806,-1.780680972992542,-11.676795,-19.91286,0.3138752,-14.367483901580265,-26.443135460727476,-2.2918323424330556
12964,28-08-2026,14,-12.0,test,BTE,-9.972613,-20.591043,-2.2339652,-17.887670576597728,-34.35210398972459,-1.4232371634708656,-11.102275,-19.394733,0.964488,-12.877826786438188,-25.30973992659783,-0.445913646278548
12964,28-08-2026,15,-3.0,test,MTJ,-6.029988,-11.536118,3.417189,-3.204942210534507,-11.590802783475947,5.180918362406932,-4.290837,-13.111662,9.764406,-4.548762366913607,-14.087646820055303,4.990122086228089
12964,28-08-2026,16,-11.0,test,KSV,-14.238174,-20.243826,-6.48647,-15.664177572178367,-23.11092055704423,-8.217434587312503,-11.604559,-21.893679,4.0254154,-13.818044045233485,-23.354698626905623,-4.2813894635613465
12964,28-08-2026,17,-1.0,test,BVH,-2.1761236,-8.834642,4.6257687,0.7490863896073473,-4.772498694613099,6.270671473827794,-3.1952202,-11.440349,9.6733885,-1.5801935151550703,-9.577600257023022,6.417213226712881
12964,29-08-2026,1,-1.0,test,UDZ,0.28976905,-9.235316,7.765567,2.445454548463686,-7.516470387962935,12.407379484890306,1.3159468,-9.031326,20.021748,1.3199655368218082,-10.200212024068124,12.84014309771174
12964,29-08-2026,2,-4.0,test,RPZ,-0.84205765,-10.031904,7.0939927,-0.2696636147165235,-9.999634387949312,9.460307158516263,-2.3166747,-14.0586815,17.936695,-1.1495410716941254,-13.128434987672852,10.829352844284601
12964,29-08-2026,3,-2.0,test,MVJ,-2.0882416,-9.197757,6.2711887,0.440483945632257,-9.100329056393276,9.98129694765779,-1.2170919,-12.978635,19.232073,-0.9903850316042775,-12.640808696440407,10.660038633231851
12964,29-08-2026,4,-3.0,test,KIN,-2.707947,-11.921618,5.5092196,-1.9150895224986495,-11.79813072913301,7.96795168413571,-2.1712382,-12.384318,15.413433,-2.2760701726140464,-13.629118109930218,9.076977764702125
12964,29-08-2026,6,-1.0,test,MLGH,0.093505025,-8.242306,7.0358205,1.6552879296020002,-10.312859243968752,13.623435103172753,-0.4001823,-10.260773,16.89485,0.4284405765962204,-11.119048851854224,11.975930005046663
12964,29-08-2026,7,-1.0,test,BUDI,-0.3434586,-9.341665,7.510518,0.6795189355749066,-11.237702853960243,12.596740725110058,-0.4841321,-10.350421,16.694561,-0.0633151905488382,-11.86185246827771,11.735222087180034
12964,29-08-2026,8,-14.0,test,KOTA,-13.633881,-22.458641,2.5330718,-14.270866839482526,-25.51012844108883,-3.031605237876219,-12.973702,-23.851208,4.5251245,-13.61789654836463,-26.90782861465474,-0.32796448207452045
12964,29-08-2026,9,-10.0,test,SWM,-8.316216,-18.149282,4.542322,-12.40129018023404,-27.7896328473379,2.9870524868698194,-8.327953,-16.962587,5.157898,-9.625642658840484,-22.795545041790685,3.5442597241097182
12964,29-08-2026,10,-16.0,test,GGC,-17.376127,-21.837915,-4.8781867,-15.66395515046282,-31.81247576676885,0.4845654658432146,-14.207394,-22.489494,-2.3525105,-15.775123777974462,-27.807041931523898,-3.7432056244250287
12964,29-08-2026,11,-17.0,test,SMVJ,-18.418549,-23.740541,-5.5062733,-18.47898623878693,-35.09774301847942,-1.860229459094452,-15.271254,-23.284931,-4.059638,-17.39117243192351,-29.654461073397293,-5.127883790449729
12964,29-08-2026,12,-16.0,test,HAN,-16.261333,-22.81642,-5.2361584,-17.83457801689559,-33.69039501348557,-1.978761020305612,-14.438013,-22.505203,-3.0489511,-16.157737648743378,-28.085902430153318,-4.229572867333438
12964,29-08-2026,13,-14.0,test,BXN,-14.792855,-22.833166,-3.7782645,-17.709126871061805,-33.25537149897371,-2.1628822431499035,-12.67335,-20.83974,-0.94556713,-15.019967384058232,-27.190010300506728,-2.8499244676097355
12964,29-08-2026,14,-12.0,test,BTE,-9.914991,-20.645346,-1.9644412,-17.88798825809921,-34.352421671227354,-1.4235548449710649,-11.144056,-19.435349,0.91963387,-12.871779678130174,-25.362090149095124,-0.3814692071652246
12964,29-08-2026,15,-11.0,test,MTJ,-7.3865504,-13.786066,2.8809752,-6.071739911153556,-14.457600484095146,2.314120661788034,-10.879836,-19.332256,1.3939018,-8.128115259553848,-17.604590863288422,1.3483603441807244
12964,29-08-2026,16,-16.0,test,KSV,-18.122963,-23.00711,-8.472128,-17.612628400021112,-25.059371386266715,-10.16588541377551,-16.054289,-25.967667,-2.0859213,-17.271892450035928,-26.594839127128637,-7.948945772943221
12964,29-08-2026,17,-1.0,test,BVH,-2.375746,-8.966045,4.696356,0.7222893013737989,-4.799295782846648,6.243874385594245,-3.1881206,-11.466475,9.752187,-1.6558345196259427,-9.708448398534273,6.396779359282387
12964,30-08-2026,1,17.0,test,UDZ,0.23166928,-9.269923,7.8151374,2.0727272687150853,-7.889203188103578,12.034657725533748,-0.30502492,-9.313165,16.356575,0.641553874677777,-10.303273020238153,11.586380769593708
12964,30-08-2026,2,13.0,test,RPZ,-2.0978775,-10.903076,6.9217076,-0.894613985158319,-10.624590494171578,8.83536252385494,-3.9597723,-15.228603,15.293955,-2.332541690173983,-14.181916406772675,9.51683302642471
12964,30-08-2026,3,15.0,test,MVJ,-2.6448808,-9.932551,6.1694503,-0.3107133072881911,-9.851532199349457,9.230105584773074,-2.1152997,-13.949369,18.235514,-1.7227967958386594,-13.48432207450691,10.03872848282959
12964,30-08-2026,4,14.0,test,KIN,-3.0760174,-12.220832,5.464739,-2.6671802002414227,-12.550226895614925,7.215866495132079,-3.1785114,-14.517108,16.141048,-2.9794459576601655,-14.878437548886321,8.919545633565992
12964,30-08-2026,5,15.0,test,COR,-0.59417194,-9.569533,6.4029436,0.7943527463510804,-9.596715625991612,11.185421118693773,-3.3158774,-13.91675,14.71748,-1.0555756537700276,-12.458820690212606,10.347669382672551
12964,30-08-2026,6,18.0,test,MLGH,0.093505025,-8.07301,7.2032113,1.6105379378564586,-10.357497937631424,13.57857381334434,-0.10727859,-10.424516,18.070965,0.5115497681141769,-11.269491565389817,12.292591101618171
12964,30-08-2026,7,17.0,test,BUDI,-0.4015583,-9.376272,7.8609576,0.3174082592130645,-11.599810393050282,12.23462691147641,-1.5605414,-11.612279,15.690279,-0.5572296013653728,-12.471055434470278,11.356596231739532
12964,30-08-2026,8,4.0,test,KOTA,-13.414442,-22.4888,1.8990954,-14.6455551372667,-25.884816508266177,-3.4062937662672272,-13.815246,-24.32526,2.7394476,-13.941180550091538,-26.89183565343634,-0.9905254467467355
12964,30-08-2026,9,3.0,test,SWM,-16.994696,-21.86218,-1.8643802,-14.634195296643725,-30.022537965229205,0.7541473719417571,-13.995901,-22.421074,-1.7034044,-15.243013449255514,-27.67604373655326,-2.809983161957767
12964,30-08-2026,10,-3.0,test,GGC,-21.714945,-26.996138,-6.283933,-17.90886993174743,-34.057390541700414,-1.7603493217944468,-20.353031,-29.99245,-6.8132763,-20.045655518047784,-33.294012947644546,-6.797298088451026
12964,30-08-2026,11,-6.0,test,SMVJ,-26.02574,-31.81039,-8.968728,-21.427904370890744,-38.04666114943447,-4.8091475923470135,-22.579647,-30.900185,-11.438461,-23.410284330464123,-36.55625602921136,-10.264312631716885
12964,30-08-2026,12,-7.0,test,HAN,-26.166666,-31.275242,-10.27209,-21.54652364924389,-37.40234064561567,-5.690706652872121,-22.962961,-30.62845,-12.729661,-23.624692089964427,-35.906014609623206,-11.343369570305649
12964,30-08-2026,13,-8.0,test,BXN,-26.220915,-31.599728,-11.785952,-22.550762750711883,-38.09700737859964,-7.004518122824123,-23.961771,-31.677778,-13.67655,-24.29667376345611,-36.274797065355244,-12.318550461556978
12964,30-08-2026,14,-6.0,test,BTE,-26.002268,-32.038235,-10.716306,-22.772606399131167,-39.23703981225803,-6.308172986004305,-22.408184,-30.102175,-12.257183,-23.774841357173873,-36.3092151815582,-11.240467532789548
12964,30-08-2026,15,3.0,test,MTJ,-15.814615,-18.401762,0.7639634,-8.055666355196484,-16.441526928137925,0.330194217744955,-15.392975,-23.528292,-4.298094,-13.194756938720776,-22.866350049524378,-3.523163827917175
12964,30-08-2026,16,-10.0,test,KSV,-24.128576,-30.820807,-12.675046,-22.32570434185249,-29.772447326718357,-14.878961356986624,-26.337717,-36.38318,-12.832248,-24.287098339098463,-34.211686073998926,-14.362510604198
12964,30-08-2026,17,2.0,test,BVH,-10.003262,-17.396227,2.7323153,-5.2471408203534295,-10.768725904573875,0.274444263867017,-15.917902,-23.499634,-6.173072,-10.450306220203837,-19.00421235265042,-1.896400087757252
12964,31-08-2026,1,5.0,test,UDZ,0.4069316,-9.305096,6.728816,2.445454548463686,-7.516475908354978,12.40738500528235,1.3431108,-9.012212,20.07084,1.3697541533514586,-9.979071084168764,12.71857939087168
12964,31-08-2026,2,3.0,test,RPZ,-0.63233334,-9.835063,6.1438627,-0.0174614411792708,-9.74743795019253,9.712515067833989,-1.4039192,-13.248379,19.189323,-0.6924354652178119,-12.539100771508876,11.154229841073251
12964,31-08-2026,3,3.0,test,MVJ,-2.1881256,-9.737988,5.4332914,0.0910178344379658,-9.4498010576233,9.631836726499232,-1.5709698,-13.801294,19.629644,-1.2545017996133478,-13.063617919706363,10.554614320479669
12964,31-08-2026,4,2.0,test,KIN,-2.9278138,-12.006041,4.9522076,-2.300369952330785,-12.183416647704286,7.582676743042716,-2.5188344,-14.168582,17.546658,-2.591279260823791,-14.542012468899154,9.359453947251572
12964,31-08-2026,5,4.0,test,COR,0.23777263,-8.968422,5.467267,1.526269618051552,-8.86479875429114,11.917337990394245,-1.517645,-12.536422,17.572836,0.06575863010784189,-11.31437584074657,11.445893100962254
12964,31-08-2026,6,5.0,test,MLGH,0.1669907,-7.9680376,6.1342864,1.6221800121813068,-10.345855863306577,13.590215887669189,-0.38705003,-10.601651,17.489923,0.44778902797835735,-11.048353574375236,11.943931630331951
12964,31-08-2026,7,5.0,test,BUDI,-0.22629608,-9.316917,6.0930853,0.6827423804329088,-11.234476271830436,12.599961032696257,-0.38605428,-10.482495,17.130924,0.011087282247094488,-11.623326076256584,11.645500640750774
12964,31-08-2026,8,-8.0,test,KOTA,-13.58528,-22.467085,1.8990954,-14.26919193108329,-25.508453302082764,-3.029930560083816,-13.109502,-23.969654,4.271659,-13.645618337171292,-26.797741369435627,-0.4934953049069595
12964,31-08-2026,9,-8.0,test,SWM,-13.917942,-21.491514,2.241707,-13.888723809930502,-29.277066478515984,1.499618858654978,-12.083296,-20.505259,0.46579552,-13.298458785770585,-26.457892491192624,-0.139025080348544
12964,31-08-2026,10,-15.0,test,GGC,-21.260447,-26.176638,-6.277835,-17.533123514299714,-33.6816441242527,-1.3846029043467318,-18.93476,-26.9772,-7.876461,-19.29580465679833,-31.683530045067094,-6.908079268529569
12964,31-08-2026,11,-17.0,test,SMVJ,-23.626265,-31.243492,-8.501506,-20.70701010120249,-37.32576687974622,-4.088253322658758,-20.433056,-28.13353,-10.09269,-21.63135770977639,-34.51104237541291,-8.751673044139864
12964,31-08-2026,12,-18.0,test,HAN,-24.164406,-30.685425,-9.782952,-20.79114961450788,-36.64696661087965,-4.935332618136107,-21.349037,-28.96985,-11.218019,-22.150064914831795,-34.387342786272086,-9.9127870433915
12964,31-08-2026,13,-23.0,test,BXN,-27.888596,-32.6608,-12.219709,-23.232628609116308,-38.77887323700406,-7.686383981228548,-25.959846,-34.23665,-14.9277525,-25.759182922157805,-38.080183635573164,-13.438182208742449
12964,31-08-2026,14,-26.0,test,BTE,-31.26995,-35.760582,-12.717752,-25.361360011705717,-41.825793424832575,-8.896926598578851,-28.099163,-36.399765,-16.9365,-28.32715666122346,-41.45834952493107,-15.195963797515846
12964,31-08-2026,15,-11.0,test,MTJ,-16.473682,-18.83815,0.70059764,-8.555249063823151,-16.94110963676459,-0.1693884908817118,-16.194359,-24.30155,-5.232932,-13.850185509738935,-23.56168833585426,-4.13868268362361
12964,31-08-2026,16,-18.0,test,KSV,-22.418478,-29.230888,-11.866202,-20.49453944929838,-27.941282434164243,-13.047796464432516,-22.920946,-31.991581,-11.007891,-21.97072356737718,-31.304434778957877,-12.637012355796486
12964,31-08-2026,17,4.0,test,BVH,-1.4784088,-9.077236,4.548989,0.3329489454284616,-5.188636138791985,5.854534029648908,-3.908306,-12.122401,8.768689,-1.707635692367665,-9.696449532712725,6.2811781479773945
12974,28-08-2026,1,3.0,test,JP,-1.2762887,-13.375455,7.061042,-1.955844181923372,-8.852205573984508,4.940517210137763,-5.1890574,-14.699722,11.021962,-2.7947273890950797,-13.3319717947962,7.74251701660604
12974,28-08-2026,2,-3.0,test,DPA,-6.4275737,-18.24378,1.5103081,-7.552340942353803,-14.64990027437079,-0.4547816103368172,-11.597284,-21.391628,4.1202164,-8.506314072826052,-18.949813827020066,1.9371856813679607
12974,28-08-2026,3,9.0,test,SWM,0.95976126,-15.084052,5.4505434,-4.120433833975869,-16.139975985564085,7.899108317612346,-0.37917393,-9.596845,15.801757,-1.1090742408471317,-13.326973306140019,11.108824824445755
12974,28-08-2026,4,2.0,test,KOTA,-5.895625,-18.08489,4.1562047,-9.216301869121173,-23.05648418070732,4.623880442464978,-6.5707583,-16.143282,9.2358055,-7.18138744810829,-20.3184596423394,5.955684746122819
12974,28-08-2026,5,-8.0,test,RMA,-19.762928,-27.055601,-4.738026,-18.51374722986996,-38.572054588709655,1.544560128969735,-15.841282,-25.018414,-1.9605427,-18.059494017748847,-32.891824478881,-3.227163556616693
12974,28-08-2026,6,8.0,test,NAD,-0.39892742,-14.684896,3.9898927,-5.294339770537173,-15.7436221733678,5.154942632293453,-2.7080839,-10.816969,10.800526,-2.7313744451401596,-13.422538996196442,7.959790105916122
12974,28-08-2026,7,4.0,test,UJN,-8.396415,-17.77151,-3.42262,-8.65434345241033,-13.750141487473869,-3.5585454173467914,-6.1235447,-13.965092,6.329136,-7.7229595659143415,-15.59665696955765,0.15073783772896743
12974,28-08-2026,8,0.0,test,DWX,-13.489632,-20.658325,-5.5782337,-13.57922340680824,-20.509124511853987,-6.649322301762491,-10.321064,-18.784157,2.3233223,-12.4644978993845,-21.22917676823834,-3.699819030530664
12974,30-08-2026,1,-9.0,test,JP,-2.6021252,-13.535962,6.5873914,-2.328571461671972,-9.224932853733108,4.567789930389163,-6.3850865,-15.031193,8.314945,-3.7727958173783316,-13.83808718558511,6.2924955508284475
12974,30-08-2026,2,-13.0,test,DPA,-3.8307934,-16.586285,2.822968,-7.337329560595894,-14.43488889261288,-0.2397702285789078,-10.112419,-18.035357,2.712122,-7.040496457920508,-16.589171417233644,2.508178501392626
12974,30-08-2026,3,-6.0,test,SWM,0.79710877,-15.474567,4.9415326,-5.598527458204985,-17.6180696097932,6.42101469338323,-3.801276,-11.705773,9.649782,-2.776110746698146,-14.266460212320041,8.714238718923749
12974,30-08-2026,4,-15.0,test,KOTA,-10.154134,-21.676722,0.6354143,-11.456636239872452,-25.296818551458603,2.383546071713699,-12.057023,-20.591389,1.4762249,-11.20323357367421,-23.775101106233556,1.3686339588851393
12974,30-08-2026,5,-21.0,test,RMA,-21.792713,-28.537476,-6.74339,-19.26820956424706,-39.32651692308676,0.7900977945926364,-16.862381,-24.279905,-6.2715845,-19.34624938718165,-33.2013363303554,-5.491162444007902
12974,30-08-2026,6,-13.0,test,NAD,-6.607957,-18.880793,2.3159337,-9.0109545857704,-19.460236988601025,1.4383278170602267,-10.454993,-17.668922,0.28343773,-8.655319140959076,-19.167113052923604,1.8564747710054519
12974,30-08-2026,7,-17.0,test,UJN,-15.739822,-22.456665,-6.122858,-12.389782421284751,-17.48558045634829,-7.293984386221214,-14.276692,-21.544666,-3.9793396,-14.182612789158167,-21.94233373629861,-6.422891842017722
12974,30-08-2026,8,-21.0,test,DWX,-20.76243,-24.821102,-8.937633,-17.30950769516853,-24.23940880021428,-10.379606590122783,-18.03516,-25.95204,-7.1724834,-18.751927938523608,-27.2568678980844,-10.246987978962814
12980,28-08-2026,1,8.0,test,JP,-3.4605293,-15.494602,14.486412,4.246464657386711,-17.23762607678224,25.73055539155566,-1.5100582,-13.511685,19.884338,-0.34883397374364655,-18.864127723074105,18.16645977558681
12980,28-08-2026,2,-6.0,test,DPA,-10.397466,-26.32423,8.316208,-8.352636826737362,-27.89501676982113,11.189743116346405,-12.259963,-26.773167,11.604087,-10.363379758856821,-29.94772697065192,9.220967452938277
12980,28-08-2026,3,1.0,test,SWM,-5.090037,-19.101074,11.326697,-1.3035373111710122,-26.41855382077649,23.81147919843447,-7.651348,-19.454258,11.946541,-4.731744731402363,-24.19866626921927,14.735176806414547
12980,28-08-2026,4,5.0,test,KOTA,-6.3584785,-19.931732,9.146235,-4.267228373675715,-34.54628811136325,26.011831364011822,-4.384082,-16.000143,15.227435,-5.033526778134522,-25.956564405172934,15.889510848903889
12980,28-08-2026,5,8.0,test,NAD,-0.8088413,-14.296098,12.9143715,4.871456740401278,-16.28550879635619,26.028422277158747,-2.4329016,-12.94903,15.217545,0.46637824059752375,-16.52013374101478,17.45289022220983
12980,28-08-2026,6,7.0,test,RTM,-3.8469565,-17.063206,12.488866,2.064204860859771,-20.95829142497857,25.08670114669811,-3.4065392,-13.64516,13.499063,-1.8113764779932982,-19.67301387159286,16.050260915606263
12980,28-08-2026,7,5.0,test,MGN,-4.744911,-17.640785,8.01866,-1.3847747888269728,-25.13015890253735,22.3606093248834,-4.958213,-15.638173,12.261424,-3.7420036250064124,-21.267230810214155,13.783223560201332
12980,28-08-2026,8,6.0,test,DHD,-6.061084,-19.307928,8.203362,-2.427966053539436,-26.44551165321185,21.58957954613298,-4.2376046,-14.354202,12.108374,-4.293566667896061,-21.997403486579476,13.410270150787351
12980,28-08-2026,9,8.0,test,GDA,-1.4152707,-14.01639,14.745387,4.917396262614087,-17.169442126274454,27.004234651502628,-2.967796,-13.296466,13.786276,0.09222563440413423,-17.300381453021124,17.48483272182939
12980,28-08-2026,10,-19.0,test,BRC,-21.531822,-35.375,6.6092663,-11.603374112610974,-33.35400215755966,10.147253932337716,-19.379164,-32.130943,-1.7083988,-17.64294510557244,-37.92054849180342,2.6346582806585417
12980,28-08-2026,11,-5.0,test,ST,-11.560106,-26.12476,5.349184,-10.509021676990429,-26.83560381456753,5.817560460586677,-12.991383,-22.755316,0.16788006,-11.700194249754103,-26.928918498499996,3.5285299989917913
12980,28-08-2026,12,-12.0,test,NVS,-18.037676,-31.728222,0.14631733,-16.98021202350048,-34.150815339622085,0.1903912926211219,-18.23312,-27.634876,-6.4357605,-17.764726230272874,-33.04880757963973,-2.480644880906018
12980,28-08-2026,13,-40.0,test,BL,-13.949874,-39.93916,-5.72191,-30.278027207755144,-44.5173397842772,-16.03871463123309,-35.233143,-46.869976,-20.455864,-26.246232198082446,-41.88503746754242,-10.607426928622477
12980,28-08-2026,14,-35.0,test,VAPI,-14.679204,-40.50851,-1.4118443,-27.138031508829684,-41.280883823738144,-12.995179193921222,-33.43829,-44.28652,-19.729347,-24.89952472946375,-41.07282189343107,-8.726227565496426
12980,28-08-2026,15,-31.0,test,PLG,-25.990112,-33.884663,-13.350172,-30.308033595379214,-39.99333578798294,-20.622731402775493,-29.665468,-39.469894,-17.405914,-28.592357357523202,-39.44473299645,-17.739981718596407
12980,28-08-2026,16,-22.0,test,BVI,-23.815966,-32.748486,-6.4839425,-21.06072994888669,-30.24517538130757,-11.876284516465816,-24.386831,-33.75312,-13.152047,-23.12528909061588,-34.600596872994124,-11.649981308237635
12980,28-08-2026,17,-21.0,test,ADH,-23.793694,-32.62479,-6.928962,-19.789308930978702,-27.067397866956338,-12.511219995001074,-23.634518,-32.499496,-12.9703865,-22.461020695340828,-33.00560384650079,-11.916437544180862
12980,31-08-2026,1,-26.0,test,JP,-5.5537896,-17.666897,9.580208,1.26464641939791,-20.21944431477104,22.74873715356686,-7.270705,-19.49385,13.35591,-3.9457203484221353,-21.86637081466307,13.9749301178188
12980,31-08-2026,2,-33.0,test,DPA,-11.088368,-25.80512,0.87419814,-9.23759987029191,-28.779979813375675,10.304780072791855,-13.950797,-26.987686,7.1911554,-11.448846446732738,-28.84629708727084,5.948604193805366
12980,31-08-2026,3,-22.0,test,SWM,-3.1426291,-17.815449,7.83685,-0.1330611612250709,-25.248077670830558,24.98195534838041,-5.5710254,-16.766518,13.279652,-2.988428340322988,-21.34673678350588,15.369880102859904
12980,31-08-2026,4,-25.0,test,KOTA,-8.313628,-21.43332,6.1003985,-5.767463122427609,-36.04652286011515,24.51159661525993,-6.548146,-17.141968,10.914461,-6.912771310490579,-27.000120385131787,13.174577764150627
12980,31-08-2026,5,-18.0,test,NAD,-1.7352664,-14.355922,9.077956,4.871703360236237,-16.28526217652123,26.028668896993707,-2.7627327,-12.904884,14.21024,0.03451075856284069,-16.07873815231198,16.147759669437665
12980,31-08-2026,6,-18.0,test,RTM,-3.8962107,-17.124098,8.611715,2.442899418600251,-20.579596867238088,25.465395704438592,-2.3829482,-12.933631,15.276327,-1.367070641671138,-18.717858357203575,15.9837170738613
12980,31-08-2026,7,-21.0,test,MGN,-6.0002594,-17.599537,5.224059,-1.3768110566944929,-25.12219517040487,22.368573057015883,-4.9033012,-15.978526,12.96204,-4.157866672002862,-21.34696259307788,13.031229249072158
12980,31-08-2026,8,-20.0,test,DHD,-6.9201207,-19.21474,5.336591,-2.4307206828212085,-26.448266282493627,21.586824916851207,-4.2375793,-14.362963,12.123615,-4.593252535986132,-21.760732216482193,12.57422714450993
12980,31-08-2026,9,-18.0,test,GDA,-2.513217,-14.008562,9.779806,4.9164708737435685,-17.170367515144974,27.003309262632108,-2.967796,-13.296466,13.786276,-0.28998820899194033,-16.77435111211782,16.19437469413394
12980,31-08-2026,10,-26.0,test,BRC,-7.784609,-20.006096,7.397064,-4.54230824080537,-26.29293628575406,17.208319804143322,-7.563465,-19.907398,11.25791,-6.674876844700666,-24.41936335219279,11.069609662791457
12980,31-08-2026,11,-19.0,test,ST,-8.059738,-17.62289,6.280513,-6.002565677472934,-22.32914781505004,10.324016460104172,-4.9126735,-14.945095,10.2003975,-6.355684496644883,-20.589885790946486,7.878516797656721
12980,31-08-2026,12,-25.0,test,NVS,-11.624926,-22.344675,3.4909415,-12.148609522588618,-29.31921283871022,5.021993793532985,-8.896132,-19.95786,6.8390894,-10.884775683535896,-26.043401995380478,4.273850628308686
12980,31-08-2026,13,-27.0,test,BL,-13.225397,-23.359129,-0.32472536,-15.972012728275477,-30.21132530479753,-1.7327001517534235,-10.832949,-20.612925,2.4221764,-13.307517781624638,-26.314140985506583,-0.3008945777426941
12980,31-08-2026,14,-27.0,test,VAPI,-11.32424,-23.154263,1.7759353,-14.143581147357123,-28.286433462265585,-0.0007288324486616,-11.365554,-20.864603,1.2591515,-12.238995336987212,-25.400340371900974,0.9223496979265491
12980,31-08-2026,15,-26.0,test,PLG,-14.412262,-24.95431,-3.9390981,-18.703945651368645,-28.38924784397237,-9.018643458764922,-11.314326,-20.677094,0.88289165,-14.753538253972906,-25.605706514928556,-3.901369993017255
12980,31-08-2026,16,-19.0,test,BVI,-11.517172,-21.18842,-1.4525192,-10.244263222768256,-19.428708655189133,-1.059817790347379,-7.0492,-16.744503,6.1930685,-9.624464088040693,-20.315459939220396,1.0665317631390128
12980,31-08-2026,17,-18.0,test,ADH,-11.210605,-20.670002,-3.045045,-8.998724933210534,-16.276813869188164,-1.720635997232903,-6.5761404,-16.032578,6.4035807,-8.962446925466287,-18.54069363038419,0.6157997794516152
12985,28-08-2026,1,15.0,test,JP,7.415639,-9.769492,14.256993,7.974703568302157,-4.3588870071290255,20.30829414373334,4.7885475,-4.8604355,20.874569,6.7206189433143315,-6.29908754152488,19.740325428153543
12985,28-08-2026,2,8.0,test,GADJ,2.285491,-11.951226,12.811701,1.9005289302968067,-8.632157016699667,12.43321487729328,0.5915558,-9.96668,16.976238,1.5991138111388734,-11.161664780061937,14.359892402339685
12985,28-08-2026,3,5.0,test,DO,0.8933159,-13.570159,12.74719,-0.1846952913772336,-12.334872841315915,11.965482258561453,-1.9187797,-11.752379,12.752254,-0.38641350232414884,-13.548110062573862,12.775283057925563
12985,28-08-2026,4,-5.0,test,AWR,-8.941326,-26.570015,7.371825,-4.734768073207162,-17.16036005591116,7.690823909496835,-8.207134,-19.76992,8.0236435,-7.352809300493172,-22.57355192916515,7.867933328178804
12985,28-08-2026,5,9.0,test,GGN,2.9934793,-13.16572,11.287805,2.599695246138886,-7.861976519151561,13.061367011429333,0.7747179,-8.6784315,15.351067,2.129742061314508,-10.042025157003629,14.301509279632644
12985,29-08-2026,1,21.0,test,JP,6.9028645,-10.321494,13.582167,6.8565217290563565,-5.477068846374826,19.19011230448754,3.9846797,-4.10442,17.361061,5.917557623072495,-6.334266391652724,18.169381637797713
12985,29-08-2026,2,13.0,test,GADJ,2.34076,-12.906882,11.919577,0.5083515645962141,-10.02433438240026,11.041037511592688,-1.0511278,-12.223383,15.894481,0.6271168519407633,-12.350407750578345,13.60464145445987
12985,29-08-2026,3,15.0,test,DO,1.4268714,-13.095836,12.4008465,0.1528757799397363,-11.997301769998948,12.30305332987842,-0.6618878,-10.4510765,14.088437,0.3250674961563955,-12.692848992005672,13.342983984318462
12985,29-08-2026,4,15.0,test,AWR,0.77719426,-15.55034,12.196722,-0.6446874190626901,-13.070279401766689,11.780904563641307,-0.3157661,-10.8759165,15.886407,-0.04070025033476153,-13.950099286516767,13.868698785847243
12985,29-08-2026,5,16.0,test,GGN,3.2045438,-13.467234,10.811639,1.885601381036777,-8.57607038425367,12.347273146327224,-0.5311563,-9.220264,12.472088,1.5406548867162677,-10.191155131201052,13.272464904633589
12985,30-08-2026,1,0.0,test,JP,3.7057936,-10.153677,12.966502,7.229249008804956,-5.104339753004478,19.56283777061439,4.025558,-4.5227733,18.174976,4.938176254112527,-7.385719813913235,17.262072322138287
12985,30-08-2026,3,-8.0,test,DO,-2.8023293,-14.228431,11.048259,-0.1982724872466888,-12.348451033758604,11.951906059265228,-0.6410952,-11.942025,16.665913,-1.251356587965856,-14.939439134143935,12.436725958212225
12985,30-08-2026,4,-8.0,test,AWR,-1.1269931,-16.214802,11.270097,-1.0241481872758182,-13.449740177272789,11.40144380272115,-2.1728091,-11.672937,11.742495,-1.4419310459370198,-14.719091671480191,11.835229579606152
12985,30-08-2026,5,-3.0,test,GGN,1.3516934,-12.905145,10.416771,2.9981051424671024,-7.463566622823345,13.459776907757549,0.8576925,-7.7590485,14.028782,1.7135706672849367,-9.860150220203439,13.287291554773313
12985,31-08-2026,1,-9.0,test,JP,5.690824,-10.231124,13.148413,7.974703568302157,-4.3588870071290255,20.30829414373334,5.4255652,-2.8810458,19.533186,6.332498049843947,-5.98926087017961,18.654256969867504
12985,31-08-2026,2,-16.0,test,GADJ,0.48318854,-12.079868,11.80459,1.9005289302968067,-8.632157016699667,12.43321487729328,1.1011504,-9.536264,17.72591,1.1416621669926128,-11.5144319890506,13.797756323035827
12985,31-08-2026,3,-16.0,test,DO,-0.8822987,-12.95461,11.403769,0.9158574294125332,-11.234320120526151,13.066034979351215,0.16394053,-9.721285,15.180818,0.04030902967102832,-12.833037998343578,12.913656057685635
12985,31-08-2026,4,-16.0,test,AWR,-1.5668983,-15.357193,11.721103,0.0967665881483668,-12.328825394555633,12.522358570852363,-0.21547358,-10.080637,14.812957,-0.5857766896031085,-14.046768303307143,12.875214924100927
12985,31-08-2026,5,-9.0,test,GGN,0.50699925,-12.482082,10.31592,4.859605959234903,-5.602065806055544,15.32127772452535,3.4079902,-5.4272795,17.583216,2.862799946057101,-8.828719201966845,14.554319094081048
12991,28-08-2026,0,0.0,test,UDZ,-2.7962718,-13.816471,5.2887087,-2.5438735165654607,-11.14770200744152,6.0599549743106,-4.689634,-12.144281,8.052923,-3.3452821285593144,-13.247798119300807,6.557233862182177
12991,28-08-2026,1,-3.0,test,RPZ,-4.856241,-14.796433,3.1463733,-5.217832031895814,-13.855549245704625,3.4198851819129974,-7.49868,-16.987404,7.907525,-5.850591716287635,-16.372422501275132,4.67123906869986
12991,28-08-2026,2,-2.0,test,MVJ,-6.3265452,-15.824903,1.8254694,-7.632326966884516,-18.910434120638644,3.645780186869612,-6.3647537,-16.556683,10.324884,-6.756558771503203,-18.457866242292816,4.944748699286411
12991,28-08-2026,3,-7.0,test,FAN,-10.59743,-21.101696,-1.3331884,-11.700287684829672,-22.772137481844894,-0.6284378878144476,-11.086393,-21.083445,4.585788,-11.1124991029806,-22.91973651710191,0.6947383111407088
12991,28-08-2026,4,-8.0,test,KIN,-12.654529,-22.643581,-1.9109814,-13.456510884336115,-25.56086321630012,-1.3521585523721118,-11.881972,-21.180748,2.3547258,-12.653901213908437,-24.61111960245305,-0.6966828253638209
12991,28-08-2026,5,-17.0,test,COR,-20.21367,-28.658474,-6.7305446,-18.00862866939247,-28.56721834931592,-7.450038989469016,-20.60329,-29.937843,-7.4139442,-19.638549993009967,-31.11873945380065,-8.158360532219284
12991,28-08-2026,6,-13.0,test,BHL,-15.572933,-26.016169,-4.3457437,-15.706780438627211,-26.778593251365898,-4.63496762588853,-17.109734,-26.512201,-2.7970486,-16.126800142163816,-27.94017392787093,-4.313426356456704
12991,28-08-2026,7,-12.0,test,MDL,-15.588951,-24.28319,-4.3715687,-15.07313170852031,-25.966705459927837,-4.1795579571127845,-15.223574,-23.69627,-2.8520784,-15.302590641275446,-26.23369572291451,-4.37148555963638
12991,28-08-2026,9,-12.0,test,BJNR,-17.810457,-26.964176,-6.0876,-17.035913750293414,-26.20329106345937,-7.868536437127453,-15.93573,-24.260063,-4.1322126,-16.939450332618236,-27.34245585968283,-6.536444805553641
12991,28-08-2026,10,-15.0,test,NSD,-19.917452,-29.062304,-8.468781,-21.277911525617824,-31.404898858331723,-11.150924192903926,-18.008043,-26.23858,-6.8265276,-19.717223371034812,-30.26557004898802,-9.168876693081604
12991,28-08-2026,11,-2.0,test,AII,-6.1771197,-18.475752,3.0760481,-4.90214316512052,-15.161625436137571,5.357339105896535,-8.440021,-16.597752,4.2139025,-6.522227724021551,-17.534403810484477,4.4899483624413765
12991,28-08-2026,12,-2.0,test,KSG,-10.794051,-19.370405,-0.1858261,-9.810113234598148,-16.82669306802262,-2.7935334011736765,-9.2832365,-17.411865,3.245839,-9.977151100872401,-19.441947768383617,-0.5123544333611854
12991,28-08-2026,13,-1.0,test,FL,-11.664378,-18.557753,-0.9524537,-11.024543170437124,-18.703160416093244,-3.345925924781003,-8.231514,-15.791887,3.3835487,-10.318234594791136,-19.457976559329943,-1.1784926302523289
12991,28-08-2026,14,-3.0,test,JOB,-11.694073,-20.104126,-2.5439088,-12.621657958528807,-20.18445663901465,-5.058859278042962,-9.927721,-17.963825,2.4342518,-11.403080954840956,-20.70919689375679,-2.09696501592512
12991,29-08-2026,0,-7.0,test,UDZ,-3.301991,-13.847086,5.5659537,-2.1711462368168606,-10.77496504530297,6.43267257166925,-4.1878257,-13.127741,11.066383,-3.235192156114535,-13.891782492107382,7.42139817987831
12991,29-08-2026,1,-9.0,test,RPZ,-5.2994556,-14.6705265,3.4387646,-4.5950424130668015,-13.232749878673818,4.042665052540215,-6.034242,-16.431332,11.137917,-5.318703442137551,-16.337866645072847,5.700459760797745
12991,29-08-2026,2,-22.0,test,MVJ,-18.223991,-26.779055,-2.7225502,-11.942112700576716,-23.22021266423784,-0.6640127369155895,-16.130896,-27.103552,0.23859787,-15.52030724833236,-28.471917577516535,-2.5686969191481825
12991,29-08-2026,3,-26.0,test,FAN,-20.279179,-29.474691,-5.0968122,-15.987043505429838,-27.058887000016934,-4.9152000108427405,-19.345247,-28.776924,-6.1538963,-18.59688585925948,-30.714021904724838,-6.479749813794122
12991,29-08-2026,4,-25.0,test,KIN,-18.659048,-28.630941,-5.8687487,-16.96246422366356,-29.066811352871618,-4.858117094455499,-18.969212,-28.78989,-5.049631,-18.21999819544252,-30.583614338163635,-5.856382052721409
12991,29-08-2026,5,-31.0,test,COR,-23.68378,-29.83297,-8.018161,-20.310832254605145,-30.86941606115338,-9.752248448056903,-24.434874,-33.92706,-11.847558,-22.85563097130202,-34.237569399330376,-11.473692543273664
12991,29-08-2026,6,-29.0,test,BHL,-24.649544,-31.671036,-9.334416,-18.660486019596952,-29.73229297544178,-7.588679063752124,-22.537498,-31.981293,-9.656355,-22.033138355712317,-33.72544135179595,-10.340835359628684
12991,29-08-2026,7,-28.0,test,MDL,-20.856869,-27.413475,-8.822625,-18.058243137113564,-28.9518122186748,-7.164674055552334,-21.233618,-29.606941,-10.257568,-20.087768535916723,-30.516679667258757,-9.65885740457469
12991,29-08-2026,9,-23.0,test,BJNR,-20.171682,-27.22915,-6.485654,-18.18386106490362,-27.351233331910255,-9.01648879789698,-19.058496,-28.748737,-5.2547007,-19.166196091520302,-30.132627816269874,-8.199764366770731
12991,29-08-2026,10,-26.0,test,NSD,-21.70306,-30.784315,-9.797106,-22.3733948372694,-32.50037924325413,-12.246410431284673,-21.409197,-30.419075,-9.314139,-21.819558526038534,-32.73537409372138,-10.903742958355686
12991,29-08-2026,12,-15.0,test,KSG,-11.354505,-21.049404,-1.3870351,-11.476920385394392,-18.493501230758227,-4.460339540030555,-12.71821,-20.549946,-1.4090452,-11.847152358466102,-21.134371853134024,-2.5599328637981813
12991,29-08-2026,13,-11.0,test,FL,-12.208532,-18.780748,-1.2434225,-11.806725860970593,-19.48534311347392,-4.128108608467263,-10.213233,-18.283813,2.028696,-11.416547599119802,-20.74240746578716,-2.090687732452446
12991,29-08-2026,14,-24.0,test,JOB,-19.362173,-26.332756,-6.607713,-17.124835338520022,-24.687634019005863,-9.562036658034176,-22.318663,-32.174026,-8.069634,-19.630391838540156,-29.978965394503966,-9.281818282576348
12991,30-08-2026,0,-15.0,test,UDZ,-3.641407,-13.847086,5.6365066,-2.1711462368168606,-10.77497472769292,6.432682254059199,-4.0052667,-11.515771,8.963631,-3.2925438523448864,-13.313436968569587,6.728349263879814
12991,30-08-2026,1,-20.0,test,RPZ,-7.1382976,-15.876179,2.9207041,-5.345313922666836,-13.983031136475647,3.2924032911419747,-8.171556,-17.949453,7.5828238,-6.9089184085555235,-17.69800070062118,3.880163883510132
12991,30-08-2026,2,-22.0,test,MVJ,-7.974881,-18.276306,0.9713047,-9.097484251987256,-20.375591405741385,2.1806229017668706,-9.756644,-20.041365,6.5340433,-8.926205083649458,-20.865745441566304,3.0133352742673853
12991,30-08-2026,3,-26.0,test,FAN,-12.817618,-24.96222,-2.2992156,-12.91259243056155,-23.98444222757677,-1.8407426335463253,-12.648993,-22.552464,2.5351477,-12.79189091277545,-25.02617126867079,-0.5576105568801104
12991,30-08-2026,4,-26.0,test,KIN,-12.437335,-24.732847,-2.644306,-14.24923322328188,-26.35358555524589,-2.144880891317875,-13.122599,-22.73444,1.4807215,-13.244285471508594,-25.567798386368292,-0.9207725566488953
12991,30-08-2026,5,-30.0,test,COR,-17.829657,-26.65177,-5.3092856,-16.957430530763805,-27.51602021068726,-6.398840850840353,-16.842546,-25.47897,-4.5854654,-17.22262552755649,-28.311236633688168,-6.134014421424814
12991,30-08-2026,6,-23.0,test,BHL,-10.843518,-20.619509,-2.1609058,-13.450995223642064,-24.522808036380745,-2.379182410903381,-11.719517,-20.68296,1.9748907,-11.968155049173086,-23.010382455026942,-0.9259276433192323
12991,30-08-2026,7,-25.0,test,MDL,-13.527347,-22.576963,-2.7625782,-13.763943801556888,-24.65751755296441,-2.870370050149363,-13.053218,-21.748592,-0.14199257,-13.445279098781242,-24.491742100223828,-2.3988160973386563
12991,30-08-2026,9,-21.0,test,BJNR,-14.0679455,-22.769567,-4.087373,-14.457896480495904,-23.625273793661865,-5.290519167329943,-10.377207,-19.102621,3.141695,-12.965143951741657,-23.336943027911246,-2.5933448755720683
12991,30-08-2026,10,-28.0,test,NSD,-19.187353,-28.90751,-7.30488,-20.115887686717446,-30.242875019431345,-9.988900354003547,-15.373853,-23.549652,-3.9019995,-18.21584743537274,-28.989612702001928,-7.442082168743552
12991,30-08-2026,11,-15.0,test,AII,-5.7732196,-18.175816,3.1895752,-3.8125353388308696,-14.072017609847924,6.446946932186185,-7.446411,-17.224823,9.047907,-5.703067616466253,-17.63469722336437,6.228561990431864
12991,30-08-2026,12,-16.0,test,KSG,-10.1852,-18.936075,-0.27040634,-9.064634675659686,-16.08121450908416,-2.0480548422352145,-7.6007514,-15.81571,5.3209805,-8.96757922069692,-18.421242794335626,0.48608435294178953
12991,30-08-2026,13,-18.0,test,FL,-12.0563345,-18.796318,-1.1384922,-11.387516839987391,-19.06613408564351,-3.708899594331271,-9.224647,-17.52023,3.6276999,-10.900861048797605,-20.39458990916574,-1.4071321884294683
12991,30-08-2026,14,-21.0,test,JOB,-12.04692,-21.204554,-2.712817,-13.363946056597785,-20.92674473708363,-5.801147376111939,-11.448677,-19.285166,0.2262001,-12.268863312713872,-21.590275094015478,-2.9474515314122662
12991,31-08-2026,0,-3.0,test,UDZ,-2.8870456,-13.858706,5.1272717,-2.5438735165654607,-11.14770200744152,6.0599549743106,-4.7960024,-13.706594,10.29414,-3.4122323711543063,-13.957070272275429,7.132605529966815
12991,31-08-2026,1,-5.0,test,RPZ,-5.0242815,-14.655889,3.4341996,-4.967727446636002,-13.605444660444814,3.669989767172809,-6.692342,-16.99416,10.205403,-5.560952201733263,-16.512065297901714,5.390160894435189
12991,31-08-2026,2,-4.0,test,MVJ,-5.5684066,-15.552685,2.2746086,-7.255535347696917,-18.533642501451045,4.022571806057211,-6.106308,-17.140408,12.187029,-6.28647460948296,-18.44713664074032,5.874187421774401
12991,31-08-2026,3,-9.0,test,FAN,-9.870357,-20.588398,-0.7268799,-11.318922327608025,-22.390772124623247,-0.247072530592801,-10.087041,-20.838543,7.1525526,-10.405357214271284,-22.63497390841993,1.8242594798773624
12991,31-08-2026,4,-9.0,test,KIN,-9.235891,-20.501495,-0.94298184,-12.727735897792028,-24.83208822975603,-0.6233835658280213,-10.35111,-20.476767,5.648118,-10.722714629680828,-22.91762857667437,1.4721993173127146
12991,31-08-2026,5,-12.0,test,COR,-12.828054,-24.149355,-3.3475173,-15.097749886156866,-25.65633956608032,-4.539160206233413,-12.952836,-22.61618,1.8379021,-13.594910477972919,-25.206460104613,-1.9833608513328382
12991,31-08-2026,6,-9.0,test,BHL,-9.603755,-20.163134,-1.4611244,-13.046327592669996,-24.11814040540868,-1.974514779931312,-10.9296055,-20.639982,4.3062267,-11.144881413966928,-22.631103553658942,0.341340725725086
12991,31-08-2026,7,-8.0,test,MDL,-10.196398,-19.15128,-1.8370059,-12.441487926493034,-23.33506167790056,-1.5479141750855092,-10.108365,-19.72962,5.1723537,-10.88461523778882,-22.049875269530478,0.28064479395283826
12991,31-08-2026,9,-10.0,test,BJNR,-13.640468,-23.162428,-4.274348,-15.15687531948115,-24.32425263264711,-5.9894980063151895,-15.168932,-26.084335,2.189722,-14.633406181466853,-26.09558782726507,-3.1712245356686335
12991,31-08-2026,10,-19.0,test,NSD,-20.031172,-29.324203,-8.489566,-21.612170022529824,-31.739157355243723,-11.485182689815923,-20.40461,-30.051443,-6.6792574,-20.660627000883384,-31.94443919585555,-9.376814805911215
12991,31-08-2026,11,-2.0,test,AII,-6.8908753,-18.150665,3.3871624,-3.949652423189771,-14.209134694206826,6.309829847827283,-6.918994,-15.843883,7.663726,-5.960259675763838,-17.440593645193665,5.520074293665989
12991,31-08-2026,12,-6.0,test,KSG,-11.036113,-19.308443,-0.44927523,-10.09602293206554,-17.112602765490013,-3.079443098641069,-9.642792,-17.571804,2.3793993,-10.272300754854793,-19.554316872934056,-0.9902846367755309
12991,31-08-2026,13,-4.0,test,FL,-11.167575,-18.376585,-0.6293102,-11.051395004700892,-18.730012250357014,-3.372777759044773,-8.899046,-17.7274,4.73767,-10.376004367299593,-20.116039077531546,-0.6359696570676405
12991,31-08-2026,14,-15.0,test,JOB,-16.769524,-25.802946,-5.2532735,-15.705836830808156,-23.268635511294,-8.143038150322312,-18.973877,-28.745787,-4.6118946,-17.162685347517062,-27.66700350657846,-6.658367188455662
14602,28-08-2026,1,-5.0,test,HMH,-6.208215,-14.615917,3.7639155,-6.663223145283136,-19.366838811713183,6.04039252114691,-9.159233,-17.068596,1.6000319,-7.335043977016392,-18.21394655577545,3.5438586017426648
14602,28-08-2026,2,-13.0,test,SDS,-16.143871,-20.581804,0.039732873,-10.674945629908954,-20.925010889156766,-0.4248803706611443,-14.990582,-25.36251,-1.5452375,-14.01254370581622,-25.376451434992234,-2.6486359766402074
14602,28-08-2026,3,-6.0,test,SGNR,-9.135191,-15.682715,2.4450445,-8.424864135272705,-15.997094899702727,-0.8526333708426801,-9.968933,-18.877293,1.7914066,-9.185458447018785,-18.645634376620563,0.2747174825829948
14602,28-08-2026,4,-4.0,test,ABS,-7.691759,-13.90752,1.2536606,-5.589392420940311,-13.284560449052496,2.105775607171875,-8.738211,-16.051676,0.8910179,-7.367893838824731,-15.677011219800923,0.9412235421514605
14602,28-08-2026,5,-4.0,test,CWDA,-7.328258,-13.593956,3.1675017,-5.147053074885009,-13.248757439347797,2.954651289577778,-8.697079,-16.317728,1.3460102,-7.0864071751402475,-15.950079003951721,1.7772646536712253
14602,28-08-2026,6,-4.0,test,KUKA,-7.0384707,-13.788504,3.928246,-4.981072706109893,-13.179147513759723,3.2170021015399364,-9.018911,-16.364656,0.501173,-7.039591900085248,-15.970743862349163,1.8915600621786686
14602,28-08-2026,7,-12.0,test,FKA,-13.153484,-18.569675,0.8171524,-11.294499880270408,-18.390686345949387,-4.198313414591428,-14.443665,-24.360767,-1.5256643,-12.98845651599375,-22.89707136864194,-3.07984166334556
14602,28-08-2026,8,-11.0,test,LDK,-12.068466,-18.149595,0.45263505,-10.55412258280494,-17.06505134714342,-4.04319381846646,-13.867958,-22.281654,-3.1860256,-12.182960901674363,-21.098995202807547,-3.2669266005411792
14602,28-08-2026,9,-17.0,test,JBD,-14.693547,-22.333551,-3.5630496,-12.240008200322023,-17.47062782021366,-7.00938858043039,-18.472136,-27.85579,-6.907812,-15.166075739741673,-24.00663291158193,-6.325518567901417
14602,28-08-2026,10,-12.0,test,GHS,-11.124225,-18.025585,-0.8843857,-10.35632428473478,-15.720295527353636,-4.992353042115926,-14.750474,-23.315826,-4.009139,-12.084792777553792,-20.385987658918097,-3.7835978961894874
14602,28-08-2026,11,-9.0,test,FZP,-10.250639,-15.500622,-1.062624,-8.159416285316004,-12.398622177655636,-3.9202103929763714,-13.220882,-21.604532,-2.7900715,-10.570127615554414,-17.914292188538816,-3.2259630425700117
14602,29-08-2026,1,5.0,test,HMH,-5.505823,-14.449168,3.8480835,-5.917768585785936,-18.621384241070587,6.785847069498715,-6.792225,-15.550639,5.363537,-6.065290957524153,-17.32118188834911,5.190599973300804
14602,29-08-2026,2,5.0,test,SDS,-7.0585876,-15.317393,2.781685,-7.053118121784956,-17.30318336817024,3.1969471246003307,-8.166602,-17.941133,5.1518164,-7.425330383442558,-18.20212083315412,3.351460066269004
14602,29-08-2026,3,1.0,test,SGNR,-11.451877,-16.045053,2.2745142,-8.5610070002446,-16.133237750760284,-0.9887762497289172,-11.763652,-19.932436,-1.271575,-10.631688500462744,-19.776326773821186,-1.4870502271043016
14602,29-08-2026,4,6.0,test,ABS,-7.010182,-13.6528425,1.5390868,-4.93494811647222,-12.630116133330455,2.760219900386016,-7.257416,-14.591574,2.592085,-6.429193237747053,-14.785998085982254,1.9276116104881469
14602,29-08-2026,5,5.0,test,CWDA,-6.917396,-13.60537,3.283005,-4.746069176912628,-12.847773532880773,3.355635179055516,-8.076778,-15.251484,1.3635921,-6.609049231923066,-15.312803884580209,2.0947054207340763
14602,29-08-2026,7,3.0,test,FKA,-9.907082,-16.202517,1.2014621,-8.9353830996085,-16.031570530275907,-1.8391956689410955,-9.714582,-16.929276,-0.45347977,-9.53252338177125,-17.968705417632847,-1.0963413459096536
14602,29-08-2026,8,3.0,test,LDK,-9.126894,-15.714283,0.5082412,-8.22946554048054,-14.740394730763892,-1.718536350197187,-9.727192,-16.950027,-0.4975462,-9.039730686777276,-17.059693563937195,-1.019767809617358
14602,29-08-2026,10,3.0,test,GHS,-7.9619813,-15.033092,-0.74046385,-7.49338797503248,-12.857359675518682,-2.129416274546278,-10.345007,-18.383236,0.062192917,-8.60474588673777,-16.235360366392744,-0.9741314070827967
14602,29-08-2026,11,-10.0,test,FZP,-15.886127,-23.55561,-2.9627464,-11.26670528550293,-15.505911177842563,-7.027499393163297,-20.116577,-29.757998,-7.9521008,-15.8167495248592,-24.80721626501929,-6.82628278469911
14602,30-08-2026,1,-4.0,test,HMH,-5.505823,-14.373704,3.819507,-5.917768585785936,-18.621384252215982,6.785847080644111,-6.3388333,-15.556271,6.6600823,-5.914507138344327,-17.37875637898027,5.549742102291615
14602,30-08-2026,2,-14.0,test,SDS,-16.09538,-21.107546,0.12113577,-10.648584423138296,-20.898649682386107,-0.3985191638904855,-15.625749,-26.04735,-2.0763779,-14.198488176135168,-25.700108452502114,-2.69686789976822
14602,30-08-2026,3,-8.0,test,SGNR,-9.733852,-16.010183,2.2934365,-8.798944930307378,-16.371175694737403,-1.226714165877354,-10.714249,-19.667923,0.9766302,-9.761120104599657,-19.2491956707116,-0.2730445384877118
14602,30-08-2026,4,-4.0,test,ABS,-7.2384644,-13.804304,1.4704226,-5.254072773223525,-12.949240801335712,2.441095254888661,-8.057029,-15.499994,1.8647232,-6.876513934152718,-15.28005172083585,1.527023852530415
14602,30-08-2026,5,-5.0,test,CWDA,-7.5103574,-13.713929,3.1965845,-5.08899078400073,-13.190695148463517,3.012713580462057,-8.697079,-16.317728,1.3460102,-7.131194269773769,-16.02208667575597,1.7596981362084305
14602,30-08-2026,6,-6.0,test,KUKA,-6.9761963,-14.00719,3.9282656,-5.288908002588388,-13.486982810238215,2.909166805061441,-9.819374,-17.361748,-0.09222889,-7.382517866755821,-16.424093538554153,1.6590578050425115
14602,30-08-2026,7,-9.0,test,FKA,-12.311324,-17.029032,1.3738974,-10.056900856791808,-17.15308732247079,-2.960714391112828,-11.85723,-19.566471,-2.1046772,-11.43982962884306,-20.23059337583007,-2.6490658818560515
14602,30-08-2026,8,-10.0,test,LDK,-11.544038,-16.821932,0.55191094,-9.690794277482578,-16.201723041821058,-3.1798655131440983,-12.378618,-19.898457,-3.0313358,-11.229326490755808,-19.53193869385694,-2.9267142876546757
14602,30-08-2026,9,-10.0,test,JBD,-11.181352,-16.885906,-1.7623286,-9.42668161080282,-14.657301230694454,-4.196061990911185,-12.847469,-20.098965,-4.032607,-11.174685978091905,-18.496918249805987,-3.852453706377821
14602,30-08-2026,10,-8.0,test,GHS,-10.240113,-16.187849,-0.60196996,-8.315890985144673,-13.679862227763527,-2.951919742525819,-11.503901,-19.159105,-1.8524675,-10.04545906352886,-17.713415668589942,-2.377502458467778
14602,30-08-2026,11,-5.0,test,FZP,-8.551125,-14.187273,-0.87171537,-6.271010794789631,-10.510216687129263,-2.0318049024499985,-9.818551,-18.388859,1.3545694,-8.243943589184934,-15.545324439562865,-0.9425627388070028
14602,31-08-2026,1,-2.0,test,HMH,-4.3599644,-14.20235,4.384036,-5.917768585785936,-18.62138424850068,6.785847076928809,-7.3803368,-14.993044,3.2085314,-5.8622941567940625,-16.697370884054024,4.972782570465897
14602,31-08-2026,2,-15.0,test,SDS,-21.506613,-23.96342,-1.9350486,-11.727223476305008,-21.97728873126508,-1.4771582213449364,-16.992462,-27.690311,-3.3178282,-16.880014438278266,-28.59777723179559,-5.162251644760941
14602,31-08-2026,3,-5.0,test,SGNR,-8.449865,-15.489144,3.0118997,-8.513010577175557,-16.08524133696717,-0.9407798173839436,-9.948862,-18.722422,1.59583,-8.968564555185292,-18.435722040390207,0.49859293001962257
14602,31-08-2026,4,-2.0,test,ABS,-6.378281,-13.5087,1.8943295,-5.22229814230854,-12.91746616666909,2.4728698820520094,-8.130645,-15.316807,1.3600483,-6.59162882053607,-14.89849764020645,1.7152399991343108
14602,31-08-2026,5,-2.0,test,CWDA,-5.615032,-13.243032,3.816532,-4.75868730604419,-12.860391667675165,3.343017055586782,-7.982201,-15.173182,1.5031562,-6.128604112733914,-14.874317580483355,2.6171093550155273
14602,31-08-2026,7,-9.0,test,FKA,-11.837977,-17.696388,1.5613316,-10.652680178730414,-17.74886761418671,-3.5564927432741174,-12.87848,-21.640305,-1.6433887,-11.80521397540917,-21.19470842829104,-2.4157195225273007
14602,31-08-2026,8,-9.0,test,LDK,-11.267187,-17.221827,0.95352995,-10.123505937965742,-16.6344351323655,-3.612576743565985,-13.330306,-20.982712,-3.8453274,-11.587813613473454,-20.08398606776764,-3.091641159179268
14602,31-08-2026,9,-10.0,test,JBD,-10.1813135,-17.778353,-1.3190001,-10.158150766307964,-15.388770485805653,-4.927531046810275,-14.359206,-21.962606,-5.1504974,-11.563346707751077,-19.259725324023222,-3.86696809147893
14602,31-08-2026,10,-11.0,test,GHS,-10.215616,-17.80251,-0.45727476,-10.089484473248527,-15.45345573107059,-4.725513215426466,-15.198468,-22.757084,-6.1087255,-11.832446267152712,-19.706762071125166,-3.9581304631802565
14602,31-08-2026,11,-9.0,test,FZP,-10.245194,-16.267803,-0.9218599,-8.53035427023902,-12.769560162578651,-4.291148377899387,-13.962364,-22.281624,-3.7122755,-10.933372926705145,-18.40055029186632,-3.4661955615439686
14662,28-08-2026,1,-1.0,test,JAT,-0.39712867,-8.566408,10.306531,1.0692640759510477,-9.732718961872436,11.871247113774531,-0.53905237,-14.222028,27.403698,0.02430725541394793,-14.314803642026353,14.36341815285425
14662,28-08-2026,2,-3.0,test,SMBX,-8.516958,-17.312338,2.307893,-9.53011985928855,-21.29545109753557,2.235211378958468,-3.4061546,-16.976128,23.39379,-7.141055596459902,-21.720638762594106,7.438527569674303
14662,28-08-2026,3,-5.0,test,MSKT,-4.246718,-12.252927,10.177831,-3.362854889500623,-17.501190183116606,10.775480404115358,-4.622178,-17.669308,21.1678,-4.089115904694618,-19.710623532474063,11.532391723084828
14662,28-08-2026,6,-7.0,test,DZA,-7.7872148,-16.810734,7.4823704,-7.58209526839554,-24.923797832909944,9.759607296118862,-6.3235583,-19.780552,19.500395,-7.2348958156392005,-24.34893015998722,9.87913852870882
14662,28-08-2026,7,-1.0,test,JRC,-1.0878596,-11.905625,9.759342,-0.3955442611498683,-15.334595532961632,14.543507010661894,-0.6156241,-14.523925,26.507292,-0.7095561974750604,-16.842993750690724,15.423881355740605
14662,28-08-2026,8,-4.0,test,PGW,-1.0654299,-11.31985,7.6951623,-1.9091642936750075,-17.17853007461619,13.360201487266174,-3.0294342,-16.910542,23.586922,-1.98823975423369,-17.655391294598907,13.678911786131525
14662,28-08-2026,9,-4.0,test,LDH,-1.6846589,-14.232598,8.773257,-2.478321647730731,-19.759020074368628,14.802376778907169,-3.030415,-16.70059,22.879519,-2.3858567641918573,-19.29657606826523,14.524862539881518
14662,28-08-2026,10,-1.0,test,KNN,0.20934144,-10.049244,9.793104,-0.08048359820774,-15.369192013104287,15.208224816688809,-0.79757273,-14.519516,25.513372,-0.21814991398165212,-15.96176594261187,15.525466114648566
14662,28-08-2026,11,-8.0,test,SIR,-7.638927,-14.822226,5.9466825,-6.782497516973881,-20.52311112830005,6.958116094352291,-7.5250626,-22.375935,20.265352,-7.327358341047612,-23.176122181401745,8.52140549930652
14662,28-08-2026,12,-4.0,test,RPJ,-2.291354,-11.308997,7.1514897,-3.377068016398237,-16.107688695306663,9.353552662510191,-3.3203208,-17.33465,23.201492,-2.980532544718847,-17.70126096586055,11.740195876422852
14662,28-08-2026,13,-3.0,test,UBC,-2.2632577,-10.00047,8.390397,-1.6154840985320431,-13.899534081802754,10.668565884738667,-2.763701,-16.301733,22.75483,-2.2226714885138437,-16.522501129529427,12.077158152501742
14662,28-08-2026,14,-13.0,test,UMB,-14.11231,-21.461266,3.9325376,-3.8635976514620616,-16.83721410510885,9.110018802184724,-12.147144,-27.252796,15.612247,-10.183435732082376,-26.65848977657839,6.291618312413636
14662,28-08-2026,15,-18.0,test,JUDW,-14.97487,-20.04605,1.77255,-8.623309663632519,-22.886762174994256,5.640142847729219,-16.960781,-30.009418,5.7144127,-13.605466103287245,-28.613592601038945,1.4026603944644567
14662,28-08-2026,16,-19.0,test,YJUD,-17.017904,-22.135069,0.09045531,-9.8800134580169,-24.115294856329044,4.355267940295244,-17.408495,-29.679096,3.6636028,-14.866648496593225,-29.52389232130176,-0.20940467188469114
14662,28-08-2026,17,-1.0,test,SRE,-0.017046595,-8.872593,9.861553,0.6427838030383662,-10.138557003505452,11.424124609582185,-0.83498716,-14.070702,24.01293,-0.07819683162286234,-13.766590322253062,13.610196659007336
14662,28-08-2026,18,-3.0,test,DBD,-2.226948,-9.961046,9.678883,-0.56775049195671,-12.580640509398584,11.445139525485164,-2.8697457,-15.937342,21.24186,-1.9104697455490254,-16.019627523331526,12.198688032233473
14662,28-08-2026,19,-4.0,test,MOZ,-2.1230834,-11.382436,9.60855,-2.332480631882874,-16.75024984304717,12.08528857928142,-3.8381367,-16.835497,19.961304,-2.760376136488957,-17.856485682506072,12.335733409528157
14662,28-08-2026,20,-5.0,test,KAT,-2.6412053,-12.557756,8.746794,-3.161839379574679,-17.294371133082723,10.970692373933367,-5.1616883,-18.202982,18.490229,-3.645824859155944,-18.68539570276957,11.39374598445768
14662,28-08-2026,21,-10.0,test,SKF,-10.274054,-18.047878,5.72705,-9.608463133070977,-24.01832443051168,4.801398164369724,-10.030374,-24.020973,14.555585,-9.98030167496253,-25.892904116912213,5.932300766987154
14662,28-08-2026,22,-11.0,test,MUT,-10.602806,-18.382265,5.394055,-11.346836686577614,-26.449644796219864,3.755971423064637,-10.949269,-23.58973,11.124486,-10.955808809325854,-26.42683365053924,4.515216031887533
14662,28-08-2026,23,-9.0,test,MTC,-9.681179,-17.874138,3.3072073,-11.266272498561786,-24.95051974878784,2.417974751664266,-9.022903,-21.701443,13.359776,-9.968827221890784,-24.55052742057714,4.612872976795574
14662,28-08-2026,24,-13.0,test,MDNR,-15.123639,-22.95941,-0.037122183,-15.5560116809499,-29.690931471931087,-1.4210918899687108,-13.412449,-26.370731,8.621571,-14.69273030723017,-29.731557704745992,0.34609709028565305
14662,28-08-2026,25,-16.0,test,MUD,-17.446175,-25.016623,-4.2106724,-19.403560402527557,-33.80975333401006,-4.997367471045047,-16.33315,-29.134457,5.0048923,-17.701566448020778,-32.296013202837074,-3.107119693204483
14662,28-08-2026,27,-26.0,test,GZB,-26.978132,-34.297638,-11.832038,-28.401811719222238,-40.90254715430452,-15.901076284139949,-26.400665,-39.63515,-5.248558,-27.24106953369226,-41.54236883792261,-12.939770229461912
14662,28-08-2026,28,-27.0,test,DLI,-28.295572,-38.107086,-12.743192,-34.61810377101137,-50.312822255394,-18.923385286628744,-27.346594,-38.80155,-10.074232,-30.000550140915138,-44.91481766509234,-15.086282616737934
14662,28-08-2026,29,-28.0,test,DEE,-33.144955,-36.952152,-14.2003,-38.96307210320879,-54.859804086603575,-23.066340119814,-28.808943,-40.242634,-11.662176,-33.562309434578125,-48.041712434525046,-19.082906434631205
14662,28-08-2026,30,-28.0,test,DEC,-34.42456,-39.898453,-13.533892,-39.94735546143012,-55.54606459356704,-24.348646329293203,-28.718307,-40.38489,-11.413197,-34.29183537927619,-49.399295083521565,-19.184375675030825
14662,28-08-2026,31,-29.0,test,PM,-34.97353,-41.12339,-16.250404,-40.9972111645656,-56.735676852884176,-25.25874547624702,-30.281008,-41.937515,-12.847643,-35.338015354058435,-50.24061455633837,-20.4354161517785
14662,28-08-2026,32,-28.0,test,GGN,-30.673615,-38.739773,-9.2133665,-40.27643612991085,-54.69448606191695,-25.858386197904743,-30.71885,-43.128716,-11.252338,-33.757564269697994,-49.55340849262182,-17.96172004677417
14662,28-08-2026,33,-31.0,test,GHH,-38.096043,-44.817795,-18.237461,-44.57700002757662,-59.17617108106909,-29.97782897408414,-34.009785,-46.174664,-15.362116,-38.8082906244502,-53.94115737506549,-23.675423873834916
14662,28-08-2026,34,-23.0,test,PTRD,-30.066982,-36.986588,-12.490881,-38.07728232936516,-53.17450972587368,-22.98005493285665,-25.85228,-38.40983,-5.6346493,-31.22526644844887,-46.487240466198166,-15.963292430699573
14662,28-08-2026,35,-26.0,test,KIP,-33.699295,-39.25838,-15.205354,-41.57306234766287,-62.21534733853788,-20.930777356787864,-28.51681,-40.465363,-10.1318245,-34.49209154021346,-51.10763187899043,-17.876551201436488
14662,28-08-2026,36,-5.0,test,RE,-9.511759,-21.677525,-1.5485603,-19.83261021869522,-40.93247670732694,1.267256269936503,-8.1708765,-19.980492,11.791083,-12.364199930080213,-28.667754397256765,3.9393545370963405
14662,28-08-2026,37,-4.0,test,BWL,-12.359813,-23.26063,-4.309701,-20.923801691599408,-42.56345378343694,0.7158504002381285,-7.2197237,-19.255962,13.341897,-13.387292538000878,-29.801114046510047,3.0265289705082914
14662,28-08-2026,39,-9.0,test,KRH,-17.220211,-25.9496,-6.175718,-28.053484278606625,-51.39315682600837,-4.713811731204878,-12.182201,-24.237978,7.3633347,-19.00686536748512,-35.967442962150365,-2.0462877728198734
14662,28-08-2026,40,-11.0,test,AWR,-18.228664,-28.090431,-6.48345,-29.84355350649654,-53.87127631207636,-5.815830700916717,-14.116026,-25.837626,4.5837173,-20.572859830175005,-37.893061339029884,-3.25265832132013
14662,28-08-2026,41,-9.0,test,MKH,-17.073689,-27.075172,-6.383013,-27.713516762694788,-52.17662210658078,-3.250411418808796,-12.796648,-25.727112,8.977905,-19.051595680341066,-37.09875354258597,-1.004437818096168
14662,28-08-2026,42,-10.0,test,RHG,-17.08431,-26.388006,-4.867231,-29.58636679319073,-53.97269964747271,-5.200033938908756,-14.145437,-26.369478,6.0166054,-20.102387394693647,-37.8702228487745,-2.334551940612794
14662,28-08-2026,43,-9.0,test,BU,-17.51753,-26.396215,-7.2426925,-29.003646296568174,-52.74262552688831,-5.264667066248045,-13.107528,-24.769772,5.861558,-19.721678091995617,-36.5336006144579,-2.9097555695333313
14662,28-08-2026,44,-10.0,test,BKI,-18.157726,-26.465776,-7.6496053,-30.747688871893654,-53.97037431710686,-7.525003426680456,-13.97065,-25.076813,3.650362,-20.78878368959566,-37.03338737158081,-4.544180007610514
14662,28-08-2026,45,-11.0,test,DO,-20.122936,-28.460165,-8.509052,-33.42339454342439,-56.05069621125517,-10.796092875593615,-13.668086,-25.263569,4.4329367,-22.226866250981683,-38.64818809737283,-5.805544404590535
14662,28-08-2026,46,-16.0,test,GTJT,-31.420073,-34.297997,-15.117494,-41.57600657683364,-63.36139531667786,-19.79061783698943,-20.536623,-31.370811,-4.6938562,-31.046251118405415,-46.517120340344555,-15.575381896466277
14662,28-08-2026,47,-16.0,test,GADJ,-27.9762,-31.793728,-14.855046,-42.30987204198806,-64.65407578762859,-19.965668296347523,-20.850073,-31.004993,-6.111533,-30.187082872443852,-45.12467274535353,-15.249492999534175
14662,28-08-2026,48,-6.0,test,JP,-16.58955,-24.115398,-6.0230985,-29.472793724756364,-53.55653557288322,-5.389051876629512,-12.553953,-23.514315,5.4917145,-19.364712633679154,-35.81474910784206,-2.9146761595162474
14662,28-08-2026,49,-4.0,test,JOB,-12.401484,-22.978678,-8.150065,-29.57473718525379,-56.01404468947996,-3.135429681027624,-10.788653,-21.128916,6.3133383,-17.353399689543547,-33.72482931428947,-0.9819700647976219
14662,28-08-2026,50,-1.0,test,FL,-9.447988,-19.794735,-1.4642268,-16.79351863483657,-42.017424514206695,8.430387244533552,-7.6645255,-17.27399,8.477545,-11.202376649923572,-27.510281775314088,5.105528475466944
14662,28-08-2026,51,-1.0,test,KMNC,-6.128063,-19.01831,-1.3510634,-14.330033986323537,-39.36702042243884,10.706952449791777,-6.8516855,-14.70788,6.0707827,-8.989933681377149,-24.245734723868054,6.265867361113756
14662,28-08-2026,52,-1.0,test,MKN,-7.140851,-19.392788,-1.6627728,-15.261950828263462,-39.609045863198446,9.085144206671526,-6.826036,-14.18092,5.0935493,-9.631524922700493,-24.40465689637408,5.1416070509730964
14662,28-08-2026,53,-1.0,test,DNA,-6.48604,-19.393656,-0.057224486,-12.005709153945649,-35.084912504617456,11.07349419672616,-6.3552656,-12.76226,3.9676962,-8.20654508260993,-22.403315289743308,5.990225124523448
14662,28-08-2026,54,-1.0,test,MTD,-6.8084993,-19.67961,-2.0133398,-12.96422404573738,-40.03174238926636,14.103294297791605,-6.3373365,-12.210115,2.9730768,-8.61907493432459,-23.57910814970127,6.340958281052091
14662,28-08-2026,55,-15.0,test,RKB,-19.683018,-28.052061,-5.1846747,-22.812440826425632,-54.93560406326603,9.310722410414758,-20.478676,-29.183094,-8.851834,-20.94774148948636,-39.452934712229165,-2.4425482667435574
14662,28-08-2026,56,-6.0,test,JU,-10.45272,-20.075888,-1.5908741,-20.23842174014707,-52.17183735882115,11.694993878527004,-11.54642,-18.24879,-2.2222738,-13.943801422154895,-30.83341156857301,2.9458087242632196
14662,28-08-2026,57,-8.0,test,BANE,-12.029838,-23.5936,-4.564851,-22.39789843748,-55.84474151564725,11.048944640687246,-12.916539,-18.537786,-5.4856267,-15.638190438315466,-32.61562945284638,1.3392485762154465
14662,28-08-2026,58,-2.0,test,LUNI,-7.0883794,-21.229036,-1.5150791,-17.76802192086729,-51.07307872882152,15.537034887086932,-8.4791975,-14.129882,-0.32726002,-10.96396189893181,-28.149985044619584,6.222061246755963
14662,28-08-2026,59,-20.0,test,DOR,-22.430416,-29.777723,-6.0603733,-22.26697586135076,-48.17276046977544,3.638808747073924,-24.913198,-32.8422,-14.231223,-23.20387839238034,-39.477611362968915,-6.930145421791764
14662,28-08-2026,60,-16.0,test,SMR,-19.224613,-25.956905,-4.7137628,-21.895413399435395,-45.95597503372719,2.1651482348563995,-20.957438,-28.336147,-11.32566,-20.65444048518479,-35.57770200279616,-5.731178967573424
14662,28-08-2026,61,-12.0,test,BLT,-13.181963,-19.898268,-3.2901,-15.811166574875008,-30.29084845382861,-1.3314846959214055,-16.171068,-22.363602,-8.4249,-15.016296031271377,-25.341801232593507,-4.690790829949247
14662,28-08-2026,62,-16.0,test,BUT,-19.10419,-23.689247,-6.4113708,-18.24862332208719,-31.783229016598064,-4.71401762757632,-20.119112,-27.42772,-10.852619,-19.168295933177014,-29.75928202034894,-8.577309846005086
14662,28-08-2026,63,-23.0,test,UTL,-24.897629,-28.77879,-12.793899,-23.58420889134982,-25.826790921574293,-21.34162686112535,-26.515448,-35.02307,-15.421086,-25.015916999158463,-32.110082700099255,-17.92175129821767
14662,29-08-2026,1,-3.0,test,JAT,0.11043735,-8.620882,10.725479,1.0692640759510477,-9.732721021870766,11.87124917377286,-0.5518791,-14.290276,27.489569,0.19659716525224305,-14.255879715536336,14.649074046040822
14662,29-08-2026,2,-8.0,test,SMBX,-11.598905,-18.776548,2.3588438,-10.632308760684383,-22.397641956659385,1.1330244352906185,-5.549691,-21.297098,24.846382,-9.27821824039588,-25.142555992408475,6.5861195116167135
14662,29-08-2026,3,-10.0,test,MSKT,-7.650102,-14.455828,10.144816,-4.526405474150467,-18.664742295709186,9.611931347408248,-7.356118,-21.135788,19.468628,-6.554049536659502,-22.880391663778404,9.7722925904594
14662,29-08-2026,4,-12.0,test,PTKC,-8.882821,-19.914888,13.404716,-5.87214075995343,-23.562462927658373,11.818181407751512,-9.25168,-23.206913,17.38535,-8.043327438251993,-27.151719168162202,11.065064291658217
14662,29-08-2026,5,-12.0,test,MEX,-8.614828,-18.126236,10.651254,-8.213665324795818,-25.634435671141404,9.20710502154977,-9.245913,-22.703663,16.352451,-8.696501952116279,-26.616751719480888,9.22374781524833
14662,29-08-2026,6,-12.0,test,DZA,-8.717097,-17.736116,11.419806,-8.677299249616212,-26.01832210871582,8.663723609483398,-8.966812,-22.10197,15.997778,-8.787425640795428,-26.583044320010615,9.00819303841976
14662,29-08-2026,7,-5.0,test,JRC,-1.334873,-12.200099,14.354481,-1.115956753297076,-16.05495261319158,13.823039106597427,-2.3997602,-16.001095,23.939976,-1.6190589157171278,-18.455081386841087,15.216963555406833
14662,29-08-2026,8,-7.0,test,PGW,-1.1058278,-11.568064,10.833992,-2.274879682679835,-17.544233060995168,12.9944736956355,-3.879123,-17.136427,21.61482,-2.4017485346481706,-18.382551145071353,13.579054075775012
14662,29-08-2026,9,-10.0,test,LDH,-5.338039,-16.302206,13.2089615,-3.933375847910316,-21.214073213637334,13.347321517816706,-6.6794167,-20.279213,18.644,-5.335231524057155,-23.319257897228375,12.648794849114067
14662,29-08-2026,10,-10.0,test,KNN,-4.070962,-12.39568,14.202691,-2.708230816619304,-17.996939284204053,12.580477650965443,-6.8492117,-20.584026,18.759296,-4.559413733799034,-21.41641783586416,12.297590368266093
14662,29-08-2026,11,-18.0,test,SIR,-15.506432,-20.54227,3.3255324,-9.79904745283094,-23.539661180889688,3.941566275227805,-15.519558,-30.746613,12.048513,-13.686809971662523,-30.128354056931467,2.754734113606421
14662,29-08-2026,12,-19.0,test,RPJ,-13.743107,-19.205399,5.2804704,-8.21824416835199,-20.948864985352863,4.512376648648884,-15.435136,-28.67358,8.087224,-12.540166277237983,-27.702082110698942,2.6217495562229765
14662,29-08-2026,13,-15.0,test,UBC,-11.843497,-16.431828,8.934058,-5.506852243755919,-17.790902365309357,6.777197877797521,-11.353313,-24.37274,12.076813,-9.655388562267692,-24.773816542923583,5.463039418388201
14662,29-08-2026,14,-3.0,test,UMB,-1.182028,-12.622771,12.362397,-0.8875886529087442,-13.861205230293788,12.086027924476298,-0.4308856,-13.986611,25.282108,-0.8381236339840565,-16.61063993661437,14.934392668646256
14662,29-08-2026,15,-6.0,test,JUDW,-2.392858,-11.583041,13.389762,-3.107760045355233,-17.37121270469501,11.155692613984543,-2.935133,-16.291206,21.93423,-2.801672681550917,-18.822596430138347,13.219251067036511
14662,29-08-2026,16,-7.0,test,YJUD,-4.014425,-12.708551,10.354207,-4.415892574522252,-18.651174095009477,9.819388945964969,-4.0040092,-16.87456,19.73317,-4.139263543156623,-19.51947257369851,11.240945487385265
14662,29-08-2026,17,-3.0,test,SRE,0.014552241,-8.822118,14.923391,1.1034509960018433,-9.677889954273462,11.884791946277147,-0.90481126,-14.158575,23.96921,0.056795197884637216,-14.55448273355088,14.668073129320156
14662,29-08-2026,18,-6.0,test,DBD,-2.457966,-10.177265,14.832101,-1.0901712040808489,-13.103061363211452,10.922718955049753,-3.7332208,-16.763813,20.190216,-2.444950654545549,-17.49536045083614,12.605459141745044
14662,29-08-2026,19,-5.0,test,MOZ,-1.9242572,-11.271869,14.594894,-2.1052977424206123,-16.523067061634485,12.31247157679326,-2.9616673,-15.995906,21.026007,-2.327124784657563,-18.352953205543283,13.698703636228156
14662,29-08-2026,20,-6.0,test,KAT,-2.6412053,-12.275791,13.094329,-2.8197465107331268,-16.952278367555927,11.312785346089672,-4.2807074,-17.364742,19.575378,-3.243511000862979,-19.06864640073683,12.581624399010872
14662,29-08-2026,21,-11.0,test,SKF,-9.451268,-17.4224,8.995257,-9.248673871819,-23.65853526361156,5.161187519973561,-8.913239,-23.431862,16.884493,-9.20759068684904,-25.906574378873962,7.4913930051758815
14662,29-08-2026,22,-13.0,test,MUT,-10.717918,-18.446003,8.701269,-11.33063043531048,-26.433438632992,3.772177762371042,-11.068914,-24.028337,11.522129,-11.030461164132381,-27.26309743204444,5.202175103779675
14662,29-08-2026,23,-14.0,test,MTC,-11.411096,-18.679157,2.5622916,-12.09840127950494,-25.782648623670973,1.585846064661089,-12.075893,-24.606295,9.667213,-11.85183816738668,-26.30698131585953,2.603304981086172
14662,29-08-2026,24,-13.0,test,MDNR,-13.283102,-20.691471,1.8366708,-14.983804578203374,-29.118724459506705,-0.8488846969000434,-11.10963,-23.452806,10.301579,-13.103790471318629,-27.854500499213078,1.6469195565758206
14662,29-08-2026,25,-18.0,test,MUD,-17.530195,-24.95185,-3.6212897,-19.291208921859173,-33.69740193786242,-4.885015905855926,-16.199757,-29.825787,6.7965565,-17.65052458932994,-32.77430265228531,-2.5267465263745716
14662,29-08-2026,27,-15.0,test,GZB,-20.309626,-25.235956,-4.3090296,-24.03149247689328,-36.53222800644724,-11.530756947339311,-13.4536,-25.49525,7.0140285,-19.218975414662133,-32.911506008081574,-5.526444821242693
14662,29-08-2026,28,-59.0,test,DLI,-48.265736,-57.235424,-25.842867,-44.59314186916721,-60.287860430372255,-28.89842330796217,-56.68179,-68.83681,-38.242336,-49.890949472410306,-66.23217435506834,-33.549724589752266
14662,29-08-2026,29,-59.0,test,DEE,-51.928658,-59.36096,-29.459974,-49.99403504538906,-65.89076710259158,-34.09730298818655,-54.18378,-65.78336,-36.635174,-52.060366600862224,-67.94446926130063,-36.17626394042382
14662,29-08-2026,30,-62.0,test,DEC,-51.31924,-61.876072,-30.748682,-52.30398268522293,-67.90269188912957,-36.70527348131628,-57.332687,-69.430305,-39.08154,-53.63383108948751,-69.85151356105374,-37.41614861792129
14662,29-08-2026,31,-64.0,test,PM,-52.846027,-65.20419,-35.094475,-53.7321220974274,-69.47058785447817,-37.993656340376624,-57.840946,-69.844406,-39.71252,-54.790361546336925,-70.83122653506551,-38.74949655760834
14662,29-08-2026,32,-63.0,test,GGN,-53.141933,-61.46259,-29.54875,-53.13257189004278,-67.55062189635736,-38.71452188372821,-56.981865,-68.802086,-39.122772,-54.4159819496963,-70.26421536367802,-38.567748535714586
14662,29-08-2026,33,-66.0,test,GHH,-54.53631,-67.42543,-37.00527,-57.3050032431873,-71.90417436837515,-42.70583211799945,-58.627663,-70.68341,-40.378708,-56.78179467824205,-72.52722151322378,-41.03636784326032
14662,29-08-2026,34,-64.0,test,PTRD,-54.166985,-63.35923,-34.189274,-52.73110669393735,-67.82833416286294,-37.63387922501175,-56.40797,-68.19524,-38.696304,-54.453382761480086,-69.99694100529938,-38.9098245176608
14662,29-08-2026,35,-65.0,test,KIP,-56.865868,-67.642075,-35.95757,-55.718408377479726,-76.3606934194673,-35.07612333549216,-57.291832,-69.15324,-39.401215,-56.64082078635849,-74.54849081679825,-38.73315075591873
14662,29-08-2026,36,-41.0,test,RE,-36.869457,-45.887276,-13.066301,-32.85938163538073,-53.959248172069074,-11.759515098692384,-38.78886,-49.29496,-24.036701,-36.22623516854759,-53.71039004445783,-18.742080292637347
14662,29-08-2026,37,-41.0,test,BWL,-39.402523,-46.94842,-18.042204,-34.00596050492984,-55.64561264320247,-12.366308366657211,-40.00635,-51.071045,-24.404562,-37.878683220505806,-55.07493044392113,-20.682435997090476
14662,29-08-2026,38,-55.0,test,HSI,-47.425346,-54.741463,-26.560858,-42.09714619514756,-65.3592653372425,-18.83502705305261,-53.592815,-65.889046,-35.578583,-47.773646164522354,-66.01805545357443,-29.529236875470275
14662,29-08-2026,39,-58.0,test,KRH,-48.595387,-55.614296,-27.677404,-45.699986791501296,-69.03963477525315,-22.360338807749443,-53.805458,-65.64857,-36.341362,-49.402769906008444,-67.45352131538417,-31.35201849663273
14662,29-08-2026,40,-65.0,test,AWR,-54.236767,-61.511883,-32.21816,-49.3087226604971,-73.33643761818317,-25.281007702811028,-58.90265,-71.52958,-40.104256,-54.21357007122269,-73.1128156420478,-35.314324500397575
14662,29-08-2026,41,-67.0,test,MKH,-53.79856,-62.03972,-32.64059,-48.64233676083471,-73.10543981300535,-24.17923370866408,-59.144585,-71.51476,-40.5993,-53.92863464125149,-72.90420826539315,-34.95306101710983
14662,29-08-2026,42,-69.0,test,RHG,-57.89084,-61.91155,-32.408314,-50.966029108312384,-75.35236124112652,-26.57969697549825,-59.417988,-71.79294,-40.853725,-56.18566439984157,-75.15863597890025,-37.21269282078289
14662,29-08-2026,43,-69.0,test,BU,-57.86572,-62.023853,-33.871128,-50.712467934255415,-74.45144682743961,-26.97348904107121,-60.716537,-73.313705,-41.75976,-56.52774899099278,-75.14419336552565,-37.9113046164599
14662,29-08-2026,44,-68.0,test,BKI,-54.983955,-62.79859,-32.5215,-51.83421302535665,-75.05689832567306,-28.611527725040236,-59.46369,-71.84929,-40.87951,-55.467167629273774,-74.19632032257209,-36.73801493597546
14662,29-08-2026,45,-70.0,test,DO,-59.425694,-65.26156,-35.21327,-54.698333910009815,-77.32563554913732,-32.07103227088231,-63.248333,-76.21744,-43.62072,-59.18619606269722,-77.9578378659048,-40.414554259489634
14662,29-08-2026,46,-73.0,test,GTJT,-63.30253,-65.68651,-40.081993,-62.1023241925714,-83.8877129435126,-40.31693544163019,-64.26396,-77.43794,-44.330383,-63.23870511302313,-81.0055014938591,-45.47190873218716
14662,29-08-2026,47,-74.0,test,GADJ,-62.94902,-67.52585,-38.9277,-63.0889559907438,-85.43315977759472,-40.74475220389287,-64.54704,-77.66611,-44.643784,-63.52519245836372,-82.01132264560867,-45.039062271118766
14662,29-08-2026,48,-57.0,test,JP,-49.834988,-55.940365,-26.935448,-48.360795452600655,-72.44453733030777,-24.27705357489354,-52.215363,-63.61267,-35.359245,-50.155497882633234,-68.4669934778104,-31.844002287456064
14662,29-08-2026,49,-56.0,test,JOB,-48.086674,-56.285088,-28.708414,-48.12093327646318,-74.56024078367501,-21.681625769251337,-49.07149,-59.643677,-33.37125,-48.42514153465523,-66.92037257951215,-29.929910489798317
14662,29-08-2026,50,-41.0,test,FL,-36.63238,-47.021645,-12.612824,-31.220662671518685,-56.444568549782645,-5.996756793254725,-36.94524,-45.778603,-24.296997,-35.00693050950136,-53.505534725231406,-16.50832629377131
14662,29-08-2026,51,-30.0,test,KMNC,-26.340889,-33.815422,-8.805506,-24.312950954393934,-49.3499373810461,0.7240354722582367,-27.383644,-34.74947,-17.303051,-26.0395804822995,-42.05449544099305,-10.02466552360595
14662,29-08-2026,52,-30.0,test,MKN,-26.238037,-33.807983,-9.453254,-25.11346228261869,-49.4605573127287,-0.7663672525086866,-26.530264,-33.535927,-16.895119,-25.97582671017276,-41.49893094677912,-10.452722473566405
14662,29-08-2026,53,-48.0,test,DNA,-38.207394,-45.648655,-18.181942,-28.559824440743878,-51.63902779100236,-5.480621090485389,-40.162807,-49.62925,-26.419067,-35.774496459398975,-52.587456849804255,-18.9615360689937
14662,29-08-2026,54,-52.0,test,MTD,-40.363544,-46.570248,-18.369967,-31.28739302820937,-58.35491137172028,-4.219874684698457,-39.598263,-48.004242,-27.047165,-37.20844529893304,-55.10031168248887,-19.316578915377214
14662,29-08-2026,55,-54.0,test,RKB,-42.60419,-50.077652,-19.929117,-36.64775932514553,-68.77092256198583,-4.524596088305231,-45.853516,-56.59994,-30.30183,-41.78123521156577,-62.65791513580406,-20.904555287327486
14662,29-08-2026,56,-53.0,test,JU,-42.561523,-49.30044,-18.02604,-35.87132554354484,-67.80474116221885,-3.937909924870837,-41.91287,-51.357292,-28.114567,-40.20772306139162,-60.6928706378755,-19.72257548490774
14662,29-08-2026,57,-57.0,test,BANE,-46.51222,-53.652588,-22.571173,-39.60845323990687,-73.05529631807408,-6.161610161739638,-43.047134,-52.140675,-29.45264,-43.1535097513639,-64.0144165178425,-22.292602984885292
14662,29-08-2026,58,-57.0,test,LUNI,-46.457703,-53.914772,-19.850687,-37.54882970619502,-70.85388651414924,-4.243772898240806,-43.147743,-52.63356,-29.192038,-42.509783326349186,-63.999364901888924,-21.020201750809445
14662,29-08-2026,59,-39.0,test,DOR,-34.118004,-45.54432,-15.499204,-29.52425457627685,-55.43003918470153,-3.618469967852168,-30.637897,-38.321953,-19.853415,-31.492542228701588,-48.89698254312723,-14.088101914275946
14662,29-08-2026,60,-36.0,test,SMR,-32.146767,-41.39707,-14.615708,-28.287879191551923,-52.34844082584372,-4.227317557260129,-29.199429,-36.49811,-18.934118,-29.93333726772599,-45.96462988019077,-13.902044655261204
14662,29-08-2026,61,-20.0,test,BLT,-19.021248,-24.05709,-6.5338125,-18.030929483080957,-32.51061136203455,-3.551247604127351,-19.815123,-26.179218,-11.613742,-18.968776156181857,-29.5708324896248,-8.366719822738913
14662,29-08-2026,62,-20.0,test,BUT,-19.643036,-24.45479,-6.776938,-18.888640442394795,-32.42324613690567,-5.354034747883924,-20.41616,-27.427454,-11.452273,-19.6590601689268,-30.218344730783922,-9.099775607069677
14662,29-08-2026,63,-27.0,test,UTL,-25.492928,-29.211853,-14.337404,-24.25684002146896,-26.49942205169343,-22.014257991244484,-27.641916,-36.16896,-16.357536,-25.812580193727797,-32.74052483189199,-18.884635555563605
14662,30-08-2026,1,23.0,test,JAT,-9.7278805,-17.070171,10.936753,-3.776190560780754,-14.578175658602568,7.025794537041059,-12.136127,-24.767117,12.673431,-8.626724185847724,-23.9031587938927,6.649710422197254
14662,30-08-2026,2,14.0,test,SMBX,-23.186016,-31.91491,-0.8144741,-16.947419791685405,-28.71275298766041,-5.182086595710404,-22.498983,-37.707706,5.195032,-20.963776498293136,-38.082102418530475,-3.8454505780557966
14662,30-08-2026,3,13.0,test,MSKT,-20.994944,-27.841778,5.3451633,-10.556764065138816,-24.69510088669753,3.5815727564198987,-23.164583,-36.452034,0.9687309,-18.38062506505694,-35.71913654005982,-1.0421135900540577
14662,30-08-2026,4,9.0,test,PTKC,-22.722755,-35.35651,-1.8746746,-12.584300977375392,-30.274623145080334,5.10602119032955,-26.992886,-39.742825,-4.4228497,-20.902781168082946,-39.1202661457169,-2.685296190448991
14662,30-08-2026,5,6.0,test,MEX,-26.30902,-38.36298,-3.585062,-16.056184267527016,-33.47695461387261,1.3645860788185722,-29.757393,-42.589737,-7.755308,-24.17920076841383,-42.458149162172845,-5.900252374654812
14662,30-08-2026,6,-10.0,test,DZA,-37.527096,-47.00906,-12.63483,-22.14873169733199,-39.4897545564316,-4.807708838232379,-47.99887,-61.50738,-25.86797,-36.09500342706313,-54.41401846385478,-17.775988390271486
14662,30-08-2026,7,-2.0,test,JRC,-31.646967,-40.535374,-7.0892806,-14.775214400807185,-29.714210260701687,0.1637814590873212,-37.936245,-50.440525,-17.594452,-28.34664518351713,-45.202420234538124,-11.490870132496134
14662,30-08-2026,8,-4.0,test,PGW,-31.686062,-40.751026,-10.261127,-15.824882630268302,-31.09423600858364,-0.5555292519529687,-39.72891,-51.591476,-20.796404,-29.2918851880429,-45.360553944216576,-13.223216431869222
14662,30-08-2026,9,9.0,test,LDH,-21.724113,-35.19636,-3.4162195,-11.47686795757846,-28.75756532330548,5.803829408148562,-26.161852,-38.913643,-4.6169014,-19.925112475774824,-37.51572389543103,-2.3345010561186186
14662,30-08-2026,10,16.0,test,KNN,-16.435514,-24.778843,1.3546954,-7.405691985972586,-22.694400453557336,7.883016481612161,-20.666191,-35.669456,6.0614967,-14.95671977683643,-32.14571283669027,2.2322732830174132
14662,30-08-2026,11,16.0,test,SIR,-16.837671,-25.473724,-0.35113055,-11.624598213712796,-25.36521194177154,2.11601551434595,-19.953407,-33.491722,3.9944,-16.20785347658544,-31.95160349353803,-0.4641034596328506
14662,30-08-2026,12,17.0,test,RPJ,-16.45003,-22.497614,-0.009576555,-9.109051317730394,-21.839672134731263,3.62156949927048,-18.383991,-31.262604,4.185789,-14.747147147687741,-29.31507384045162,-0.17922045492386118
14662,30-08-2026,13,23.0,test,UBC,-12.2799,-18.35549,3.6207151,-5.7265357013093166,-18.010585822862758,6.557514420244123,-12.236018,-25.228756,10.98721,-10.170957527401967,-24.629577886585537,4.287662831781605
14662,30-08-2026,14,35.0,test,UMB,-1.3492087,-12.893536,7.1681128,-1.0913764120026903,-14.064992989387733,11.882240165382353,-1.3672385,-14.54068,23.472492,-1.2728058364299615,-15.926972225174149,13.381360552314225
14662,30-08-2026,15,31.0,test,JUDW,-4.9940915,-12.612753,6.6755633,-3.773255128657404,-18.03670778799718,10.490197530682376,-4.9473467,-18.840511,20.495422,-4.588386191162251,-19.765099809186992,10.588327426862488
14662,30-08-2026,16,30.0,test,YJUD,-6.468672,-14.011872,6.059031,-5.134402011974621,-19.36968353246184,9.100879508512598,-5.8209424,-18.680544,17.64834,-5.826846509138084,-20.611996749734807,8.958303731458638
14662,30-08-2026,17,36.0,test,SRE,-0.19422004,-8.972659,7.961849,1.0694959883283983,-9.711844961946907,11.850836938603704,-0.8842402,-14.135019,23.986092,-0.0198359425306035,-13.386123282335163,13.346451397273956
14662,30-08-2026,18,35.0,test,DBD,-1.5714077,-9.656273,7.964802,-0.3237168927683492,-12.336607051898952,11.689173266362252,-1.9953432,-15.100449,22.306946,-1.313653613765334,-15.093970379805912,12.466663152275244
14662,30-08-2026,19,34.0,test,MOZ,-2.2803404,-11.538335,8.146616,-2.0324293828231035,-16.450198702036978,12.38533993639077,-2.9616673,-15.995906,21.026007,-2.427699966504896,-17.324605590686765,12.469205657676973
14662,30-08-2026,20,30.0,test,KAT,-5.6145287,-14.475424,7.2732368,-3.892621889183165,-18.02515374600597,10.239909967639631,-6.952021,-19.907963,16.306274,-5.509043145946867,-20.546089423349823,9.528003131456089
14662,30-08-2026,21,26.0,test,SKF,-10.031733,-18.131182,5.229173,-10.107503335616974,-24.517364727409536,4.302358056175587,-10.915758,-23.844322,11.689785,-10.349946877879809,-25.65563266790938,4.955738912149764
14662,30-08-2026,22,25.0,test,MUT,-9.973819,-18.518559,4.270441,-11.764005351986548,-26.866813549668063,3.338802845694973,-11.891727,-24.451544,9.9116955,-11.183769335220635,-26.413209815325924,4.045671144884654
14662,30-08-2026,23,26.0,test,MTC,-10.084674,-18.648203,3.2651486,-11.939379176163412,-25.623626520329445,1.7448681680026166,-10.950435,-23.517925,10.98631,-10.965332502930567,-25.583463193931223,3.65279818807009
14662,30-08-2026,24,22.0,test,MDNR,-15.1733465,-23.301565,-0.57151884,-16.32877106693635,-30.46369094823968,-2.1938511856330205,-15.054067,-27.298767,5.6382933,-15.50293279914813,-30.14781095428919,-0.8580546440070691
14662,30-08-2026,25,19.0,test,MUD,-18.240038,-25.555967,-4.3618746,-20.17743155427148,-34.58362457027472,-5.771238538268232,-18.045174,-30.138912,1.9882088,-18.794391848569152,-33.10838905280196,-4.480394644336341
14662,30-08-2026,27,12.0,test,GZB,-26.492542,-34.22405,-9.776827,-28.1608452494721,-40.66158077902607,-15.660109719918134,-25.466839,-38.605473,-4.4948807,-26.68458804188674,-41.29958233263072,-12.069593751142758
14662,30-08-2026,28,-5.0,test,DLI,-39.38863,-49.949924,-23.060926,-39.79767051504589,-55.49238907625093,-24.102951953840844,-43.60022,-56.64828,-24.142248,-40.91999506886612,-56.77253493179724,-25.067455205935005
14662,30-08-2026,29,-33.0,test,DEE,-64.18225,-67.820465,-37.022984,-51.81307028906512,-67.70980234626762,-35.9163382318626,-67.49368,-81.10552,-46.659294,-61.33053870117232,-78.30338909122557,-44.357688311119084
14662,30-08-2026,30,-35.0,test,DEC,-64.12207,-69.93458,-37.24249,-56.45923414442308,-72.05794334832973,-40.860524940516434,-68.8845,-82.61258,-47.79731,-63.25698665451631,-80.5402597307532,-45.973713578279416
14662,30-08-2026,31,-43.0,test,PM,-65.92063,-74.559906,-40.16125,-59.87022736933077,-75.60869312638155,-44.13176161228,-74.88289,-89.80964,-51.909462,-66.96758546520603,-85.14802909377885,-48.78714183663321
14662,30-08-2026,32,-43.0,test,GGN,-66.20344,-70.93142,-37.15374,-60.48327239483486,-74.90132240114943,-46.0652223885203,-74.15902,-88.89221,-51.55603,-67.02114310558242,-84.54662829024203,-49.495657920922824
14662,30-08-2026,33,-47.0,test,GHH,-70.48347,-78.75369,-40.73508,-65.06083093355156,-79.66000205873941,-50.461659808363706,-75.90136,-91.06667,-52.714325,-70.55230251233388,-89.0904649376851,-52.014140086982664
14662,30-08-2026,34,-45.0,test,PTRD,-66.68237,-68.1414,-39.033913,-60.458698712312646,-75.55592618123825,-45.36147124338704,-70.941055,-85.1729,-49.275658,-66.10969051259276,-82.7589752149326,-49.46040581025292
14662,30-08-2026,35,-47.0,test,KIP,-73.62592,-82.47685,-39.256798,-63.68673995194887,-84.32902499393643,-43.0444549099613,-73.70232,-88.478645,-51.19915,-70.47492786314425,-91.80350490327766,-49.14635082301083
14662,30-08-2026,36,-23.0,test,RE,-51.823692,-59.42184,-23.689198,-40.83160020252232,-61.93146673921066,-19.73173366583397,-55.494675,-67.42867,-37.75977,-49.53165163163695,-68.31762651887989,-30.745676744394
14662,30-08-2026,37,-23.0,test,BWL,-50.772995,-58.219494,-26.50428,-41.93798658664108,-63.57763872491371,-20.29833444836845,-56.317036,-68.28806,-38.43674,-49.79324359475561,-68.05853788753626,-31.527949301974964
14662,30-08-2026,38,-35.0,test,HSI,-62.820568,-72.792496,-35.387463,-49.276256583954336,-72.53837572604928,-26.014137441859383,-66.932785,-80.740776,-45.95991,-59.85962028049818,-80.56912064490483,-39.150119916091526
14662,30-08-2026,39,-40.0,test,KRH,-64.761086,-73.70992,-36.19139,-53.40133872634328,-76.74098671009514,-30.06169074259143,-71.17812,-85.52216,-49.275604,-63.26479911079724,-84.27694936518675,-42.25264885640773
14662,30-08-2026,40,-49.0,test,AWR,-75.823715,-80.08164,-36.184208,-57.87193914497479,-81.89965410266086,-33.84422418728872,-77.66833,-93.275406,-53.808273,-70.70008018896279,-93.67034346895643,-47.72981690896914
14662,30-08-2026,41,-47.0,test,MKH,-69.45886,-81.389565,-36.145454,-55.872595277073536,-80.33569832924417,-31.409492224902905,-75.19027,-90.32014,-52.16221,-67.02299734995879,-90.15670645358404,-43.88928824633353
14662,30-08-2026,42,-49.0,test,RHG,-75.456154,-80.339134,-35.312428,-58.02373366762656,-82.41006580044069,-33.637401534812426,-74.73521,-89.79191,-51.874626,-69.6452725409476,-92.67150123092947,-46.61904385096573
14662,30-08-2026,43,-49.0,test,BU,-73.27182,-79.66586,-36.637222,-57.75908062615287,-81.49805951933706,-34.02010173296867,-74.47729,-89.48617,-51.69497,-68.71510207544432,-91.13720166733349,-46.293002483555156
14662,30-08-2026,44,-57.0,test,BKI,-78.109116,-83.5843,-36.014206,-61.82616365211907,-85.04884895243549,-38.60347835180266,-81.40353,-97.78491,-56.493275,-74.00096760155769,-97.69034976581634,-50.31158543729905
14662,30-08-2026,45,-60.0,test,DO,-83.59928,-85.98324,-37.96767,-65.59764874927515,-88.22495038840265,-42.97034711014765,-83.903336,-100.749756,-58.29139,-77.94737074575757,-101.72202653925838,-54.172714952256754
14662,30-08-2026,46,-86.0,test,GTJT,-85.72511,-87.70597,-41.52455,-81.44300361328246,-103.22839236422364,-59.657614862341255,-98.97118,-118.723976,-68.77861,-88.76184466973254,-113.22625202365359,-64.2974373158115
14662,30-08-2026,47,-90.0,test,GADJ,-84.75439,-92.63012,-40.413692,-83.5427075349712,-105.88691132182213,-61.198503748120274,-103.04249,-123.547035,-71.86978,-90.44920283710809,-116.5056264458758,-64.39277922834037
14662,30-08-2026,48,-76.0,test,JP,-79.57015,-85.85238,-35.878326,-69.95630425880019,-94.0400461365073,-45.87256238109308,-90.933685,-109.09998,-63.326767,-80.27687551297663,-105.4766843745859,-55.07706665136736
14662,30-08-2026,49,-74.0,test,JOB,-80.58578,-84.08203,-37.131977,-69.59944251940965,-96.03875002662149,-43.16013501219781,-86.30171,-103.48984,-60.2002,-78.97566367155838,-103.98004174735738,-53.971285595759376
14662,30-08-2026,50,-56.0,test,FL,-68.61553,-75.65465,-29.133364,-51.554691094184506,-76.77859697244847,-26.330785215920542,-72.345894,-86.83407,-50.344975,-64.40376496116347,-87.73463298268587,-41.072896939641076
14662,30-08-2026,51,-45.0,test,KMNC,-53.054226,-61.94466,-28.630514,-44.44861583658811,-69.48560226324028,-19.41162940993594,-63.059715,-75.78775,-43.77736,-53.63152382810294,-73.70580496670784,-33.55724268949804
14662,30-08-2026,52,-45.0,test,MKN,-55.48009,-64.33514,-29.571877,-45.23863564325716,-69.58573067336717,-20.891540613147143,-62.455948,-75.05119,-43.363182,-54.527038634346184,-74.5781681983308,-34.47590907036157
14662,30-08-2026,53,-37.0,test,DNA,-45.72045,-55.751026,-26.50063,-39.17222797168134,-62.25143132193982,-16.093024621422853,-55.957775,-67.31683,-38.76557,-47.032356993369994,-65.10359762257102,-28.961116364168976
14662,30-08-2026,54,-35.0,test,MTD,-52.660107,-56.712364,-27.95321,-39.36200619586241,-66.42952453937332,-12.294487852351502,-54.337723,-65.421135,-37.56537,-48.96817247106365,-68.16660075863135,-29.769744183495956
14662,30-08-2026,55,-46.0,test,RKB,-64.42603,-68.47512,-29.291103,-48.14196699026849,-80.26513022710878,-16.018803753428195,-64.6824,-77.98859,-44.510605,-59.307168771346596,-83.08750415672777,-35.52683338596542
14662,30-08-2026,56,-45.0,test,JU,-61.81966,-66.553,-28.468409,-47.41712578056425,-79.35054139923825,-15.483710161890244,-62.234768,-75.01263,-42.848923,-57.354896053057985,-80.6413109929297,-34.068481113186266
14662,30-08-2026,57,-46.0,test,BANE,-66.173744,-69.5282,-31.076859,-50.28674163967324,-83.73358471784047,-16.83989856150601,-62.877068,-75.79609,-43.283516,-60.00014555244362,-83.92229819978033,-36.07799290510691
14662,30-08-2026,58,-41.0,test,LUNI,-59.561108,-67.02026,-28.502256,-46.16541408722759,-79.4704708951818,-12.860357279273371,-59.80785,-72.13913,-41.200233,-55.362120611967356,-78.97410741899046,-31.75013380494426
14662,30-08-2026,59,-32.0,test,DOR,-52.919975,-55.742237,-28.169994,-41.165805268353125,-67.07158987677781,-15.260020659928443,-52.0407,-62.832962,-35.82292,-48.87111421763839,-67.31529202854882,-30.426936406727965
14662,30-08-2026,60,-26.0,test,SMR,-51.908146,-54.100113,-27.919065,-39.2030827158575,-63.26364435014929,-15.142521081565704,-47.600163,-57.48954,-32.749687,-46.415114655976936,-63.589672374850565,-29.240556937103307
14662,30-08-2026,61,-8.0,test,BLT,-32.560406,-33.920315,-17.859392,-28.131197598662432,-42.61087947761604,-13.65151571970883,-36.3786,-44.883324,-24.134787,-32.41471422849796,-43.82926841350299,-21.00016004349293
14662,30-08-2026,62,-31.0,test,BUT,-36.625237,-38.475338,-26.45767,-37.334049752769744,-50.86865544728062,-23.79944405825887,-55.567818,-67.44345,-37.860256,-43.15146868512976,-55.05302866786249,-31.249908702397022
14662,30-08-2026,63,-25.0,test,UTL,-32.867374,-37.509037,-26.79007,-38.3266923213816,-40.56927435160608,-36.08411029115712,-50.200783,-61.02111,-34.114113,-40.37663004658462,-47.784576681276484,-32.96868341189276
14662,31-08-2026,1,-2.0,test,JAT,-0.3890141,-8.762805,8.853996,0.6965367962024476,-10.105430632377512,11.498504224782408,-1.1423956,-14.2070055,25.796368,-0.29264067135896926,-14.119090057870201,13.533808715152263
14662,31-08-2026,2,-6.0,test,SMBX,-10.663976,-18.86217,2.0340672,-10.637963141065413,-22.403279545747548,1.1273532636167225,-5.514666,-20.85023,24.139479,-8.94316416511024,-24.562375186812233,6.676046856591755
14662,31-08-2026,3,-9.0,test,MSKT,-7.6632347,-14.842076,8.1172,-4.877426494357359,-19.015750211400047,9.260897222685326,-8.32706,-21.890846,17.964851,-6.9937030989624915,-22.88956892275779,8.902162724832806
14662,31-08-2026,4,-10.0,test,PTKC,-8.3489685,-19.98922,6.8040414,-5.887149735849982,-23.577461771353903,11.80316229965394,-9.261897,-22.804514,16.654057,-7.86582254718726,-25.584428977607274,9.852783883232753
14662,31-08-2026,5,-12.0,test,MEX,-8.812542,-18.442478,4.443841,-8.933342145527812,-26.354102435480755,8.48741814442513,-11.144408,-24.464422,13.953895,-9.626653051710903,-26.35969512930079,7.106389025878983
14662,31-08-2026,6,-13.0,test,DZA,-12.092512,-20.489576,2.7034202,-9.799026947371226,-27.140040554345696,7.541986659603241,-11.856625,-24.874933,12.484545,-11.281102862649679,-27.858518626228328,5.296312900928971
14662,31-08-2026,7,-1.0,test,JRC,-1.7593013,-12.171905,8.054861,-0.3929634796208865,-15.331943944926389,14.546016985684616,-0.6296983,-14.3322525,26.11655,-0.9469715144234775,-16.71605228287933,14.822109254032373
14662,31-08-2026,8,-3.0,test,PGW,-1.5069442,-11.072517,7.1343136,-1.490189257611091,-16.75953099438061,13.779152479158432,-2.1399012,-15.84275,24.275822,-1.712091182984623,-17.165490505016596,13.741308139047351
14662,31-08-2026,9,-2.0,test,LDH,-1.4041649,-13.437831,7.8978066,-1.6867492672333866,-18.96743658026633,15.593938045799556,-1.4280155,-14.9087305,24.435738,-1.5024062295311644,-18.06696414965264,15.062151690590312
14662,31-08-2026,10,-2.0,test,KNN,-0.67838824,-10.204086,7.7200756,-0.4233115100533294,-15.712007890059017,14.865384869952358,-1.9943889,-15.985228,24.786152,-1.034530291774904,-16.556782578054634,14.487721994504827
14662,31-08-2026,11,-8.0,test,SIR,-7.1193085,-14.784738,5.0145054,-6.826190590805533,-20.56679319152221,6.914412009911143,-7.2840157,-21.4319,19.133188,-7.080409215381065,-22.38958786987856,8.228769439116432
14662,31-08-2026,12,-5.0,test,RPJ,-2.8227572,-11.400148,6.1812057,-3.7378668190378233,-16.468476335795906,8.992742697720258,-4.3867197,-18.892456,23.05851,-3.6353360955770304,-18.4425395920101,11.171867400856037
14662,31-08-2026,13,-3.0,test,UBC,-2.6957443,-10.034407,7.099331,-1.6459330754076884,-13.929972150532247,10.63810599971687,-2.2976587,-15.645396,22.87641,-2.227850948328929,-16.204732208785344,11.749030312127488
14662,31-08-2026,14,-2.0,test,UMB,-1.5412894,-12.773687,6.9972353,-0.4854585009917107,-13.459065226506954,12.488148224523531,-1.4436452,-14.561368,23.28855,-1.1713896182884207,-15.74395631259652,13.401177076019678
14662,31-08-2026,15,-10.0,test,JUDW,-9.691664,-15.050037,5.670459,-5.474102100279703,-19.73754302820213,8.789338827642723,-8.934773,-23.96566,18.49059,-8.092081636161273,-24.075138670137328,7.890975397814779
14662,31-08-2026,16,-12.0,test,YJUD,-8.486616,-15.628195,4.3357444,-7.169022658569798,-21.40429449613205,7.06624917899245,-10.691836,-24.02806,13.104581,-8.798921399251986,-23.704869449506162,6.10702665100219
14662,31-08-2026,17,-3.0,test,SRE,-0.45376688,-9.364277,7.9280224,0.1227831811972005,-10.658546379077912,10.904112741472316,-2.5573225,-15.723487,21.866795,-0.969087290149693,-14.308028749576197,12.369854169276811
14662,31-08-2026,18,-3.0,test,DBD,-1.9917706,-9.933846,7.964802,-0.716797719080758,-12.72967665165466,11.296081213493146,-2.87441,-15.914185,21.173985,-1.877848096325681,-15.653115287223127,11.897419094571763
14662,31-08-2026,19,-4.0,test,MOZ,-2.5555727,-11.500863,8.146616,-2.3911630877444656,-16.808923846535354,12.026597671046424,-3.8404465,-16.830347,19.937157,-2.930338674098482,-17.77597886071747,11.915301512520507
14662,31-08-2026,20,-5.0,test,KAT,-3.165965,-12.687831,7.2680125,-3.1878756513722943,-17.320399323593946,10.94464802084936,-5.1780443,-18.206623,18.440453,-3.842121578535281,-18.627333765007844,10.94309060793728
14662,31-08-2026,21,-9.0,test,SKF,-9.096678,-17.54018,5.2789717,-9.307989155095674,-23.717843072604573,5.101864762413225,-9.121298,-23.15242,15.653631,-9.172397447776582,-24.950522631359377,6.6057277358062105
14662,31-08-2026,22,-11.0,test,MUT,-10.199755,-18.459244,5.2175984,-11.317864930598615,-26.42066615463679,3.7849362934395554,-11.036863,-23.926464,11.403265,-10.83548054980789,-26.39580411534346,4.724843015727679
14662,31-08-2026,23,-11.0,test,MTC,-10.505723,-18.708103,3.2424614,-11.810424341314206,-25.49466424457849,1.8738155619500816,-10.747952,-23.333677,11.2287,-11.003242086427374,-25.6383175890753,3.6318334162205517
14662,31-08-2026,24,-21.0,test,MDNR,-19.941921,-27.5517,-2.402156,-18.42455056006691,-32.559463287642686,-4.289637832491128,-20.79574,-33.26095,-0.09880066,-19.740947418264156,-34.86697218757413,-4.614922648954185
14662,31-08-2026,25,-25.0,test,MUD,-24.881922,-30.98895,-6.9862723,-22.83440849565364,-37.24059481771559,-8.428222173591681,-25.00651,-36.78499,-6.283928,-24.269004018222574,-38.8119955480425,-9.726012488402642
14662,31-08-2026,27,-39.0,test,GZB,-35.691273,-42.91977,-17.299562,-33.25111282365986,-45.75184087166464,-20.75038477565508,-40.52075,-53.548897,-20.605389,-36.51756962616955,-51.14300082839392,-21.892138423945184
14662,31-08-2026,28,-42.0,test,DLI,-39.20141,-49.171276,-22.919012,-40.32925394568374,-56.02396642363704,-24.634541467730443,-43.167896,-55.686733,-24.636393,-40.88097907926302,-56.36307488652599,-25.39888327200005
14662,31-08-2026,29,-48.0,test,DEE,-46.453728,-52.464394,-27.07432,-46.0357236712027,-61.932449883992525,-30.13899745841288,-45.725594,-55.85515,-30.381157,-46.077986144651625,-60.496795342785504,-31.65917694651775
14662,31-08-2026,30,-50.0,test,DEC,-46.08052,-52.83006,-27.528793,-48.1738066292583,-63.77251015038593,-32.57510310813067,-47.645786,-57.671074,-32.298485,-47.27005861891904,-61.55493952549348,-32.985177712344594
14662,31-08-2026,31,-52.0,test,PM,-46.476933,-54.724415,-30.472322,-49.6564560807817,-65.3949163956741,-33.9179957658893,-51.127777,-62.345215,-34.345367,-49.039781325249976,-63.63867467394482,-34.44088797655513
14662,31-08-2026,32,-52.0,test,GGN,-47.150585,-54.400482,-27.960308,-49.44043096179568,-63.85847508484591,-35.02238683874545,-53.300663,-65.22627,-35.534958,-49.92770505439631,-64.77843018577798,-35.076979923014655
14662,31-08-2026,33,-56.0,test,GHH,-55.93606,-59.811848,-33.049786,-54.06617803290039,-68.66534348201452,-39.46701258378626,-56.442947,-68.48971,-38.342934,-55.50705079317462,-70.55686005480558,-40.45724153154366
14662,31-08-2026,34,-49.0,test,PTRD,-46.94478,-52.96955,-28.533266,-47.91391742519677,-63.0111391615518,-32.81669568884175,-47.613766,-58.476902,-31.727118,-47.476984269384914,-61.676079406290576,-33.27788913247925
14662,31-08-2026,35,-49.0,test,KIP,-47.857994,-52.971394,-28.566301,-50.427433089881504,-71.0697140860448,-29.785152093718214,-47.67212,-58.67701,-31.663317,-48.61732911857873,-64.71752260582713,-32.51713563133033
14662,31-08-2026,36,-26.0,test,RE,-27.522034,-34.08441,-9.450393,-27.83262133884354,-48.93248407184453,-6.732758605842555,-27.057806,-37.860706,-11.635263,-27.466905032911804,-43.62482484293895,-11.308985222884655
14662,31-08-2026,37,-26.0,test,BWL,-28.71017,-37.068768,-12.520801,-29.07345861545719,-50.713107078741686,-7.433810152172697,-27.542582,-38.488647,-11.892516,-28.437968090549173,-44.82602709166707,-12.04990908943127
14662,31-08-2026,38,-26.0,test,HSI,-29.05152,-37.85858,-12.210847,-32.268851866692174,-55.53096740219424,-9.006736331190112,-27.406687,-38.232376,-12.225867,-29.53270724233053,-46.56309825927282,-12.502316225388242
14662,31-08-2026,39,-30.0,test,KRH,-31.814772,-39.80145,-15.173691,-35.75443482151322,-59.09407937980564,-12.414790263220812,-31.267807,-41.82747,-16.659996,-32.89192083967123,-49.61556578119428,-16.168275898148185
14662,31-08-2026,40,-33.0,test,AWR,-39.108845,-43.99203,-18.625843,-38.00917917255055,-62.03689064140512,-13.981467703695966,-36.212437,-47.75859,-19.718721,-37.79415547558509,-55.38505774505572,-20.203253206114464
14662,31-08-2026,41,-32.0,test,MKH,-37.964363,-41.79963,-18.811703,-36.26846763790447,-60.73156748438045,-11.80536779142848,-35.68431,-47.285603,-19.118977,-36.66410849568762,-53.988924593444324,-19.33929239793092
14662,31-08-2026,42,-33.0,test,RHG,-38.74612,-43.065544,-17.792246,-38.182507307867446,-62.56883642308669,-13.7961781926482,-36.857124,-48.326725,-20.785002,-37.93777788936475,-55.54508001581411,-20.330475762915395
14662,31-08-2026,44,-43.0,test,BKI,-46.443718,-49.618015,-25.113367,-42.87620142287909,-66.0988979094065,-19.65350493635168,-45.983223,-57.556885,-29.516005,-45.15045154149372,-62.3140628502546,-27.986840232732845
14662,31-08-2026,45,-45.0,test,DO,-48.37783,-50.590813,-26.374146,-46.21214641057268,-68.83944902160192,-23.58484379954344,-47.197556,-58.427547,-31.026081,-47.293190719774465,-64.09277809335046,-30.493603346198466
14662,31-08-2026,46,-53.0,test,GTJT,-55.150238,-57.504562,-32.930336,-55.41659466865578,-77.20197972346364,-33.63120961384793,-48.878757,-60.25304,-32.4236,-53.14966393375272,-69.80675603857448,-36.49257182893096
14662,31-08-2026,47,-54.0,test,GADJ,-54.347855,-60.001514,-32.638416,-56.44906497264572,-78.79326532466284,-34.10486462062859,-51.191544,-62.578884,-34.508575,-53.96967778521736,-71.36564688750609,-36.573708682928626
14662,31-08-2026,48,-37.0,test,JP,-40.16248,-47.42889,-20.242435,-41.72523576492181,-65.80897478482747,-17.641496745016156,-39.80215,-50.064487,-25.405075,-40.54207691383185,-57.89397470061613,-23.190179127047575
14662,31-08-2026,49,-38.0,test,JOB,-40.53767,-50.043823,-21.77333,-42.17790461331436,-68.61720959556088,-15.738599631067846,-38.49874,-48.01228,-25.057402,-40.38377833023231,-58.42647474841114,-22.34108191205348
14662,31-08-2026,50,-17.0,test,FL,-21.638653,-28.18888,-5.7720027,-23.22657498947644,-48.45047861300497,1.997328634052096,-21.30719,-30.031567,-8.976259,-22.03589288636669,-38.27009603983297,-5.801689732900407
14662,31-08-2026,51,-7.0,test,KMNC,-8.833571,-20.764353,-1.6490897,-16.431814664568083,-41.468798548556975,8.605169219420809,-11.832252,-19.276413,-0.4975605,-12.259113144558139,-27.430186371934397,2.9119600828181174
14662,31-08-2026,52,-6.0,test,MKN,-9.149915,-20.8663,-1.9283986,-16.930442881112093,-41.27753572874271,7.416649966518516,-10.966317,-17.961042,-0.38218117,-12.240523407055157,-26.93818820684429,2.457141392733977
14662,31-08-2026,53,-5.0,test,DNA,-6.7038603,-20.111338,-0.39511153,-13.387243583169088,-36.46644459076306,9.69195742442488,-9.681515,-15.8223,-0.39981174,-9.830035252410003,-23.867880921138372,4.207810416318365
14662,31-08-2026,54,-2.0,test,MTD,-6.7254963,-19.735527,-1.9169861,-13.31445408811762,-40.38197064215564,13.75306246592039,-7.1490874,-12.954824,1.8939786,-8.972093177129423,-23.901549625818888,5.957363271560039
14662,31-08-2026,55,-2.0,test,RKB,-7.8120565,-20.347118,-1.929687,-17.967809925601962,-50.09097141077002,14.155351559566093,-7.563689,-12.9136505,0.30522776,-10.975070986028634,-27.425801481468636,5.4756595094113685
14662,31-08-2026,56,-3.0,test,JU,-6.957722,-19.364315,-1.4329816,-17.665464237694376,-49.59887816990707,14.267949694518316,-8.6322775,-13.889177,-1.0911369,-10.936646846674375,-27.161456224339425,5.288162530990675
14662,31-08-2026,57,-4.0,test,BANE,-9.175297,-22.6798,-3.9428222,-20.757395601818217,-54.20423752560888,12.68944632197244,-9.71976,-15.078321,-2.098463,-13.057818705853096,-29.96935036519627,3.853712953490076
14662,31-08-2026,59,-15.0,test,DOR,-17.4397,-26.109499,-4.5123014,-20.828619097550884,-46.734405670974205,5.077167475872436,-21.524794,-29.304018,-11.004038,-19.881317232480885,-35.713568980920435,-4.049065484041336
14662,31-08-2026,60,-16.0,test,SMR,-19.460669,-26.26102,-5.1828403,-21.755786642674018,-45.81634870202675,2.304775416678716,-20.044596,-27.04128,-11.063494,-20.388347043909405,-35.101175212036765,-5.67551887578205
14662,31-08-2026,61,-11.0,test,BLT,-13.572855,-19.846212,-2.6527722,-15.46145757358945,-29.941139510459085,-0.9817756367198172,-15.56548,-21.742058,-7.871247,-14.839106083982951,-25.259640002326506,-4.418572165639398
14662,31-08-2026,62,-12.0,test,BUT,-14.137718,-20.327377,-4.7309904,-16.781580622396696,-30.316186318365048,-3.2469749264283454,-16.880234,-23.650038,-8.414591,-15.894728078971212,-25.944738895012534,-5.8447172629298905
14662,31-08-2026,63,-24.0,test,UTL,-25.465595,-29.155367,-14.307816,-23.879864673763105,-26.122446703987578,-21.637282643538637,-26.534498,-34.514927,-15.966922,-25.314304883347084,-32.01674636100174,-18.61186340569242
14701,28-08-2026,1,-20.0,test,SGNR,-7.0124927,-15.088435,4.4931755,-2.540909087398427,-20.20881318536009,15.126995010563236,-6.899157,-20.15104,21.639666,-5.545755377499443,-22.347037753568646,11.25552699856976
14701,28-08-2026,2,-25.0,test,SDS,-11.541737,-19.23057,4.004269,-7.642038612626893,-26.79239413059851,11.50831690534472,-10.720784,-26.772549,21.901249,-10.022433641278566,-29.19010197370148,9.145234691144351
14701,28-08-2026,3,-28.0,test,HMH,-13.394352,-20.99859,3.7494934,-12.575507422164709,-38.77304871542361,13.6220338710942,-13.564514,-29.095207,17.752626,-13.189253113112038,-34.67923379826918,8.300727572045101
14701,28-08-2026,4,-28.0,test,HMO,-13.626454,-22.571934,3.3987646,-12.59307856194796,-38.10256362344074,12.916406499544818,-14.668383,-29.208317,14.633478,-13.642716822628685,-34.60023569852666,7.314802053269286
14701,28-08-2026,5,-23.0,test,ENB,-12.241691,-20.635275,1.5538278,-10.585672154308051,-34.56856544467814,13.397221136062038,-10.242442,-24.39838,18.741047,-11.047566960555727,-30.679590634269445,8.58445671315799
14701,28-08-2026,6,-20.0,test,NHR,-10.796245,-20.476229,1.8218523,-8.285411503907557,-32.24331818359504,15.672495175779924,-7.1263857,-20.937511,21.45213,-8.773343652856676,-28.285972903457633,10.73928559774428
14701,28-08-2026,7,-21.0,test,GAMI,-12.886743,-22.468826,-2.1877303,-13.77439838053992,-23.9819248630819,-3.56687189799794,-7.7450976,-21.243298,20.223406,-11.460473686915577,-25.82949964184319,2.908552268012034
14701,28-08-2026,8,-24.0,test,TSD,-11.147193,-22.560144,2.585911,-13.883330313742553,-38.08967918694016,10.323018559455054,-10.078776,-23.620663,17.37793,-11.666296117371894,-31.53951557221459,8.2069233374708
14701,28-08-2026,9,-31.0,test,SDLP,-17.209564,-24.636427,2.7289672,-9.161702080214054,-29.052637079151737,10.729232918723628,-16.36371,-29.923042,10.102297,-14.356293718689415,-33.01678739589164,4.3041999585128075
14701,28-08-2026,10,-29.0,test,CUR,-14.892778,-23.667526,3.2165086,-10.696633103399044,-29.72432138199828,8.331055175200191,-14.605645,-28.257627,12.562907,-13.45626689800842,-31.878020906815543,4.9654871107986995
14701,28-08-2026,11,-33.0,test,BUB,-17.564905,-27.645428,0.2877315,-14.747890357407824,-33.902195261480124,4.406414546664477,-19.051981,-31.376957,5.040674,-17.159187618639884,-35.04628050733204,0.7279052700522719
14701,28-08-2026,12,-31.0,test,RSWT,-15.47068,-25.056938,2.4412842,-13.372586763563772,-32.944033876090764,6.198860348963221,-16.975212,-29.111082,6.8129826,-15.300523529962241,-33.16198966392871,2.560942604004225
14701,28-08-2026,13,-38.0,test,FPS,-24.57383,-32.54091,-4.450647,-21.611197637999556,-40.55398552833738,-2.668409747661727,-23.969477,-37.07745,0.8701687,-23.426032057634934,-41.53797146400797,-5.314092651261905
14701,28-08-2026,14,-38.0,test,LNH,-25.111069,-33.329895,-6.5203137,-22.804932111948386,-41.54828152564784,-4.061582698248934,-23.929964,-35.8555,-1.2064705,-23.981266764253743,-41.216475173556866,-6.74605835495062
14701,28-08-2026,15,-30.0,test,SIKR,-18.95351,-26.337412,-2.3506668,-18.113194091543534,-40.704870008856176,4.478481825769109,-16.723928,-28.980076,7.306776,-17.94346984809803,-36.24048885055893,0.35354915436287726
14701,28-08-2026,16,-30.0,test,PLSN,-19.151642,-26.065025,-2.0340476,-18.91437415356185,-41.121699667333786,3.292951360210079,-16.443558,-28.286608,6.5761223,-18.175191490500406,-36.102664936450346,-0.2477180445504672
14701,28-08-2026,17,-30.0,test,RGS,-19.559471,-25.918713,-0.9267792,-20.645509961528752,-43.0446301283116,1.7536102052540947,-16.532255,-28.458107,6.6015835,-18.89979456915273,-37.101506046846325,-0.6980830914591287
14701,28-08-2026,18,-33.0,test,GND,-23.359776,-31.049316,-4.18022,-24.00709477779412,-46.274361116441554,-1.739828439146688,-20.245478,-32.558365,3.1620789,-22.530930995919476,-41.146571209586625,-3.9152907822523275
14701,28-08-2026,19,-32.0,test,COM,-22.904383,-30.817993,-5.4766,-23.92056665863557,-46.323096833270135,-1.5180364840010014,-19.240896,-31.110634,3.3967705,-22.010778227529112,-40.18102393263693,-3.840532522421295
14701,28-08-2026,20,-29.0,test,DKBJ,-22.58606,-28.56318,-6.302631,-22.995575316123,-40.44806333571712,-5.543087296528881,-16.261642,-28.21264,6.957281,-20.613631929116625,-36.67587748155768,-4.55138637667557
14701,28-08-2026,21,-20.0,test,JP,-13.0091305,-20.592203,4.350398,-12.778302072398832,-29.560454403115514,4.003850258317852,-7.5676723,-20.548836,18.18215,-11.125703636239317,-28.074562404565683,5.823155132087047
14701,28-08-2026,22,-21.0,test,JOB,-14.862079,-24.176687,-1.6497519,-18.140473170207063,-35.75128931393648,-0.5296570264776541,-8.48395,-20.782612,15.933701,-13.788635385658779,-30.222655133900886,2.6453843625833287
14701,28-08-2026,23,-26.0,test,FL,-17.76594,-26.73395,-0.86186206,-20.582453877463784,-39.133830041846,-2.0310777130815723,-13.542701,-25.95314,10.184979,-17.261535589956388,-34.52111258616449,-0.00195859374828089
14701,28-08-2026,24,-27.0,test,NRI,-18.320377,-26.934753,-5.0959044,-20.282877490882782,-38.37981119454906,-2.1859437872165017,-14.412541,-26.017303,7.7221327,-17.6479369119183,-33.599663030666434,-1.6962107931701649
14701,28-08-2026,25,-27.0,test,KSG,-17.469185,-23.320482,-1.6340829,-19.79008620842606,-37.68948458816435,-1.8906878286877744,-14.253847,-25.986588,7.832056,-17.14158700925151,-33.01301691020292,-1.270157108300097
14701,28-08-2026,26,-22.0,test,AII,-11.768359,-19.866287,4.7995067,-10.8486477445051,-27.822274563381495,6.124979074371302,-9.332659,-21.132965,13.016369,-10.664397021918623,-26.827007459205348,5.498213415368101
14701,28-08-2026,27,-21.0,test,BER,-12.301757,-21.69521,5.0250936,-11.576819757694803,-30.34503531485944,7.191395799469825,-8.277279,-20.108532,14.108927,-10.731664038345759,-27.883561149337243,6.4202330726457255
14701,28-08-2026,28,-21.0,test,SOD,-12.858394,-21.172651,1.5740161,-10.191419554444256,-27.806201458830166,7.423362349941655,-7.6870375,-19.20588,13.751716,-10.28624180052089,-26.105453475979317,5.532969874937534
14701,28-08-2026,29,-21.0,test,MJ,-9.607003,-19.720688,6.257395,-5.960687990357112,-25.147975107443084,13.22659912672886,-7.8372793,-19.363026,13.357169,-7.853145556108224,-24.748703157706217,9.042412045489769
14701,28-08-2026,30,-23.0,test,SOS,-9.191283,-19.56901,5.8243732,-6.3483935793992,-26.016177684428783,13.319390525630386,-9.731156,-21.170162,11.077388,-8.462286534176169,-25.329780106610468,8.40520703825813
14701,28-08-2026,31,-22.0,test,JAL,-10.28686,-18.316486,5.661362,-7.431608334626469,-27.19673206177079,12.333515392517848,-8.88384,-20.078066,11.45856,-8.907767658480386,-25.425293440257384,7.609758123296613
14701,28-08-2026,32,-23.0,test,RANI,-11.156406,-20.030533,5.8163013,-8.258974559777947,-27.89775342858511,11.379804309029216,-9.76704,-20.790867,9.973288,-9.768374579054813,-26.449945807117402,6.913196649007775
14701,28-08-2026,33,-22.0,test,FA,-10.667859,-19.912327,5.5555677,-7.05785173320761,-26.51940021599774,12.403696749582522,-8.847328,-20.149298,11.6558075,-8.908708010540954,-25.643353706128096,7.82593768504619
14701,28-08-2026,34,-24.0,test,SJWB,-11.407899,-20.605848,4.613521,-8.938437294835719,-28.36999194244909,10.493117352777652,-11.028453,-23.025618,10.896911,-10.492507377012787,-27.541401418898324,6.556386664872752
14701,28-08-2026,35,-24.0,test,MOI,-10.897062,-19.03403,3.7994137,-8.913143446320058,-28.376950534376576,10.550663641736458,-10.870536,-21.875946,8.736543,-10.254212167160208,-26.300283164979252,5.7918588306588354
14701,28-08-2026,36,-23.0,test,NANA,-10.716084,-19.020002,3.72626,-9.138315335339415,-29.018140647723897,10.741509977045064,-10.037772,-21.108149,9.647073,-9.986269546003397,-26.18094067847605,6.208401586469256
14701,28-08-2026,37,-23.0,test,PDWA,-12.412882,-20.448027,2.655163,-10.043659102880344,-29.376594601206385,9.289276395445697,-9.994925,-21.258862,10.180716,-10.851580427987678,-27.047405341884392,5.344244485909037
14701,28-08-2026,38,-24.0,test,SRPJ,-12.383832,-19.91139,0.5840769,-10.493484686981986,-30.234756744540555,9.247787370576582,-10.989285,-22.252075,9.063029,-11.315925257491688,-27.150817297521606,4.518966782538227
14701,28-08-2026,39,-21.0,test,ABR,-8.212442,-18.067219,4.425117,-5.201010826105309,-25.702050206409357,15.300028554198734,-8.309829,-19.383411,11.538186,-7.282425403236968,-23.668229794722247,9.103378988248313
14701,28-08-2026,40,-20.0,test,PNU,-7.1477923,-15.970812,4.500248,-3.4745606500532915,-22.416567465405773,15.46744616529919,-7.2896504,-18.167679,12.404488,-6.021064718335005,-21.453580104992856,9.411450668322846
14701,28-08-2026,41,-20.0,test,CHP,-7.3511024,-15.427658,6.35519,-3.633042574199341,-22.817158722226075,15.551073573827397,-7.4272966,-17.756248,10.879813,-6.188210714195366,-21.603486624927424,9.227065196536692
14701,28-08-2026,42,-20.0,test,SID,-7.947196,-16.294016,4.931752,-3.855078142346072,-22.860049971963733,15.149893687271591,-7.5436096,-17.52714,10.068508,-6.505201510506266,-21.57697471675753,8.566571695744997
14701,28-08-2026,43,-20.0,test,UJA,-10.729325,-18.744854,1.8278279,-9.995139887064283,-18.24347401911126,-1.7468057550173055,-7.3859386,-17.11763,9.918694,-9.382786213443907,-20.628106803371345,1.8625343764835307
14701,28-08-2026,44,-20.0,test,MSH,-8.635777,-17.275589,4.556915,-5.263700661919716,-24.918266073480098,14.390864749640665,-7.0461597,-16.195236,9.148117,-7.029459501434994,-22.036767090543933,7.977848087673944
14701,28-08-2026,45,-20.0,test,KLL,-7.8498816,-17.086971,3.7659628,-4.707700616370175,-25.052355008662374,15.636953775922027,-6.927801,-15.041681,7.2169256,-6.539036630394872,-21.060431289250324,7.982358028460583
14701,28-08-2026,46,-36.0,test,SBIB,-20.794043,-27.533186,-1.4730109,-17.13345613362933,-39.45936458577822,5.19245231851956,-21.16804,-29.960304,-7.791048,-19.748558582437788,-35.87013483170661,-3.6269823331689715
14701,28-08-2026,47,-39.0,test,ADI,-20.807112,-31.584717,-1.1873621,-18.11221788141708,-34.72217788578452,-1.5022578770496473,-21.458477,-27.65976,-12.920481,-20.162491159430168,-33.86080022345017,-6.464182095410168
14701,28-08-2026,48,-24.0,test,ND,-10.095265,-18.308004,2.8504891,-7.645550497446839,-21.523461160079563,6.232360165185883,-10.571982,-16.305273,-1.4252357,-9.470917147411281,-20.589826537658972,1.6479922428364109
14701,28-08-2026,50,-28.0,test,BRC,-13.32536,-21.538502,3.243884,-11.734702761478042,-31.62683145773135,8.157425934775267,-14.426976,-20.074585,-5.820204,-13.183374637170608,-26.872989508119655,0.5062402337784384
14701,28-08-2026,52,-20.0,test,ST,-9.919761,-18.181614,3.435616,-6.096781203486295,-27.394639318370096,15.201076911397507,-9.207746,-15.443068,1.0612946,-8.461205008236607,-22.43735301110811,5.514942994634897
14701,28-08-2026,53,-28.0,test,NVS,-15.897644,-24.013428,-0.6067833,-17.206709692770687,-39.22919164676159,4.815772261220211,-16.027857,-23.34664,-4.693532,-16.359304863774636,-31.28056045938468,-1.4380492681645922
14701,28-08-2026,55,-26.0,test,DRD,-14.185825,-23.048952,-1.7165996,-18.53135804057247,-39.30747339245721,2.2447573113122665,-14.01246,-20.530508,-4.3026466,-15.516930973329096,-29.21770039325755,-1.816161553400642
14701,28-08-2026,56,-32.0,test,BVI,-23.908321,-30.374052,-7.6992745,-22.38332525771928,-30.4389510888064,-14.327699426632162,-20.465992,-28.393476,-9.069981,-22.276146794794258,-32.49403814136195,-12.05825544822657
14701,28-08-2026,57,-26.0,test,ADH,-17.994503,-23.523237,-6.154939,-17.17500304412634,-24.423502434381284,-9.926503653871393,-14.869615,-21.761621,-4.5932884,-16.69336467205224,-25.29505667415538,-8.091672669949102
14701,29-08-2026,1,-4.0,test,SGNR,-7.723367,-15.215999,4.507896,-2.913636367147028,-20.581544035163883,14.754271300869828,-5.547786,-19.08811,23.672256,-5.462725462389209,-22.45929420788304,11.533843283104623
14701,29-08-2026,2,-17.0,test,SDS,-18.55758,-28.732704,1.3342127,-10.96117066869007,-30.11152957982106,8.18918824244092,-20.483425,-36.55564,11.097885,-16.77036653815494,-37.007572235815026,3.466839159505149
14701,29-08-2026,3,-17.0,test,HMH,-16.827568,-27.054934,1.2929113,-14.927902275234445,-41.12544608583448,11.26964153536559,-20.659512,-34.622925,6.9028645,-17.494849765685203,-38.71299923662906,3.723299705258654
14701,29-08-2026,4,-16.0,test,HMO,-16.543623,-28.526184,1.2184075,-14.571965061127475,-40.08145254817868,10.937522425923731,-19.2792,-33.067707,8.147768,-16.823280043481144,-38.011436731579124,4.364876644616839
14701,29-08-2026,5,-10.0,test,ENB,-13.618943,-21.89765,1.397472,-12.06471348436984,-36.04760943194429,11.918182463204609,-13.569613,-27.232956,14.350253,-13.105830905615527,-32.66812344001096,6.4564616287799055
14701,29-08-2026,6,-6.0,test,NHR,-11.010251,-20.790672,2.1338532,-9.382354724731291,-33.34026393505009,14.575554485587508,-9.589032,-23.150906,18.358322,-10.017349074498537,-29.490661610432777,9.455963461435704
14701,29-08-2026,7,-34.0,test,GAMI,-34.846107,-42.476788,-8.438463,-24.746275217135267,-34.95380724490995,-14.538743189360584,-36.594093,-50.65062,-9.954493,-32.19969010849346,-48.94652220399023,-15.452858012996703
14701,29-08-2026,8,-36.0,test,TSD,-35.38663,-45.975132,-7.018224,-25.246432759212528,-49.45278376299972,-1.0400817554253337,-38.029423,-51.110294,-13.605232,-33.02489762872046,-54.81029119094961,-11.239504066491303
14701,29-08-2026,9,-26.0,test,SDLP,-27.414951,-37.728058,-1.4056252,-13.823139857708078,-33.714078637976506,6.06779892256035,-28.609,-41.664627,-4.140501,-23.468332246614803,-43.32785399420836,-3.6088104990212457
14701,29-08-2026,10,-13.0,test,CUR,-15.628642,-24.860346,3.4075277,-10.980999418209318,-30.008691559943863,8.04669272352523,-16.28282,-29.084154,9.067711,-14.360890009429221,-32.56941650469318,3.847636485834739
14701,29-08-2026,11,-17.0,test,BUB,-16.700386,-27.725203,0.2877315,-14.93740441189371,-34.0917124114095,4.216903587622081,-19.891659,-32.21103,4.156822,-17.19828276986624,-35.09125387339763,0.6946883336651588
14701,29-08-2026,12,-18.0,test,RSWT,-20.765303,-27.95461,-2.3066652,-14.602272050112484,-34.17372169108081,4.969177590855837,-20.88292,-32.956345,2.4666882,-18.834814208368037,-36.27090412078334,-1.3987242959527357
14701,29-08-2026,13,-26.0,test,FPS,-26.812014,-36.57916,-1.0389761,-23.441511005310552,-42.38430128901871,-4.4987207216024,-28.825397,-41.936806,-4.411772,-26.40444389331465,-45.80310635670947,-7.005781429919828
14701,29-08-2026,14,-28.0,test,LNH,-29.022392,-38.273567,-3.5293577,-25.408326813989536,-44.15167859368862,-6.66497503429045,-30.976303,-42.640873,-9.403042,-28.51720485960504,-46.95504307581701,-10.079366643393072
14701,29-08-2026,15,-21.0,test,SIKR,-23.060856,-30.085701,-1.8640487,-21.13970204218389,-43.73138001924386,1.4519759348760672,-24.613169,-36.641243,-1.7836246,-22.963136904891893,-41.7839935064346,-4.142280303349192
14701,29-08-2026,16,-20.0,test,PLSN,-21.451849,-28.865416,-1.7382487,-21.577914670338664,-43.78524227481656,0.6294129341392214,-23.634924,-35.41916,-1.3184528,-22.218159621073553,-40.578012032296705,-3.858307209850402
14701,29-08-2026,17,-21.0,test,RGS,-22.117731,-30.59395,1.045804,-23.62127585910945,-46.02039798416392,-1.2221537340549735,-24.375835,-36.98191,-0.67277336,-23.34921386331993,-42.98310264039926,-3.715325086240604
14701,29-08-2026,18,-24.0,test,GND,-25.312876,-34.19082,1.3142568,-27.00882474742628,-49.27609293003657,-4.741556564815987,-26.956326,-39.32705,-3.9062939,-26.401433430264696,-46.541852443889454,-6.261014416639938
14701,29-08-2026,19,-24.0,test,COM,-26.21713,-34.76145,-0.41137233,-27.24661154458582,-49.649143445913566,-4.844079643258073,-27.12814,-39.466896,-4.2502785,-26.849108839172253,-46.78834905679278,-6.909868621551723
14701,29-08-2026,20,-21.0,test,DKBJ,-26.355545,-32.736965,-5.417614,-26.37769097849575,-43.830181333369,-8.925200623622498,-24.30335,-36.689762,-1.1059761,-25.68012698410771,-42.73847216371034,-8.62178180450508
14701,29-08-2026,21,-13.0,test,JP,-17.071054,-25.03002,3.813861,-16.417696159359767,-33.19985085804623,0.3644585393266943,-17.144611,-29.831814,7.1020393,-16.886714199653458,-34.23424904746018,0.4608206481532662
14701,29-08-2026,22,-14.0,test,JOB,-18.260101,-27.780783,-1.5882446,-21.8931413313017,-39.50396006970047,-4.282322592902926,-18.162247,-30.622158,5.3754005,-19.38861846919574,-36.36655828569155,-2.410678652699925
14701,29-08-2026,23,-23.0,test,FL,-25.379198,-36.36778,-1.3439223,-25.73589797859876,-44.28727631277148,-7.18451964442604,-27.277458,-40.024155,-4.3046646,-26.12449508594974,-44.98227751167833,-7.266712660221149
14701,29-08-2026,24,-24.0,test,NRI,-26.212137,-36.115723,-1.4076933,-25.58873689230172,-43.68567263200511,-7.491801152598335,-27.827017,-38.730003,-8.374826,-26.549966755664407,-44.260977561936,-8.838955949392815
14701,29-08-2026,25,-24.0,test,KSG,-26.907522,-33.839928,-1.3450108,-25.06563145850304,-42.965032353591226,-7.166230563414857,-27.913921,-39.106018,-8.172424,-26.65358037814125,-43.99513783794331,-9.312022918339188
14701,29-08-2026,26,-6.0,test,AII,-11.649583,-20.286503,4.9220963,-11.3715023783916,-28.34513153147321,5.602126774690014,-10.064293,-21.66026,11.758217,-11.0334953608768,-27.167627238721813,5.100636516968214
14701,29-08-2026,27,-4.0,test,BER,-12.2087145,-21.646128,5.1645646,-11.447156619823437,-30.21537471229497,7.321061472648102,-8.245901,-20.040018,14.061295,-10.647425850986131,-27.79555174021189,6.5007000382396285
14701,29-08-2026,28,-6.0,test,SOD,-13.1449995,-21.6856,1.6382313,-10.900125750144088,-28.514910573075635,6.714659072787459,-9.484713,-20.870005,11.523922,-11.210278176554533,-27.03647682972372,4.615920476614654
14701,29-08-2026,29,-3.0,test,MJ,-9.548903,-19.671606,6.3647695,-5.625679672801346,-24.812968676414155,13.56160933081146,-6.7072034,-18.211483,14.602768,-7.35004469102226,-24.272670340087593,9.572580958043075
14701,29-08-2026,30,-3.0,test,SOS,-8.923786,-19.110788,7.1439004,-5.204455427103491,-24.872241175470283,14.463330321263305,-6.8952665,-18.539719,14.64574,-7.060526625679135,-24.249069838304955,10.128016586946686
14701,29-08-2026,31,-5.0,test,JAL,-10.28686,-18.242388,5.515594,-7.177431208986159,-26.94255643719694,12.587694019224626,-8.873955,-20.058094,11.444181,-8.82324934088842,-25.29462605451511,7.648127372738269
14701,29-08-2026,32,-6.0,test,RANI,-11.156406,-19.981451,6.1162567,-8.246700185400108,-27.885480441523903,11.392080070723686,-9.764927,-20.770218,9.934088,-9.763749171192444,-26.480685831955157,6.9531874895702686
14701,29-08-2026,33,-4.0,test,FA,-10.554214,-19.797323,5.8957634,-6.738747074644392,-26.200296893569487,12.7228027442807,-8.157869,-19.49926,12.470165,-8.537903817888887,-25.34236441679306,8.266556781015284
14701,29-08-2026,34,-5.0,test,SJWB,-11.465531,-20.203247,5.046343,-8.225587537835402,-27.657143492853272,11.205968417182468,-9.123993,-21.227623,13.199036,-9.651375845512739,-26.793809622057108,7.49105793103163
14701,29-08-2026,35,-5.0,test,MOI,-10.844198,-18.582327,4.111308,-8.15001747377488,-27.613825813709266,11.313790866159504,-9.159172,-20.465214,11.293484,-9.422795050364728,-25.643460954701446,6.797870853971988
14701,29-08-2026,36,-6.0,test,NANA,-10.716084,-18.989487,4.075892,-9.024637890881746,-28.904464391806734,10.855188610043244,-10.029303,-21.103287,9.665157,-9.947123559644176,-26.202380793621174,6.308133674332822
14701,29-08-2026,37,-6.0,test,PDWA,-12.412882,-20.38917,2.7340083,-10.055988474357305,-29.388925205314003,9.276948256599397,-9.986266,-21.253777,10.198903,-10.852640983633753,-27.054404164820284,5.349122197552775
14701,29-08-2026,38,-6.0,test,SRPJ,-12.383832,-19.877779,0.6803468,-10.17100605895472,-29.912279315868677,9.570267197959232,-10.063711,-21.397552,10.236721,-10.905049529215873,-26.807111167614927,4.997012109183183
14701,29-08-2026,39,-3.0,test,ABR,-8.071684,-18.054224,4.4431763,-4.826585128205096,-25.32762573167149,15.674455475261295,-7.328479,-18.458944,12.775481,-6.787436544851117,-23.22878548513797,9.653912395435734
14701,29-08-2026,40,-3.0,test,PNU,-7.1477923,-15.919045,4.8534303,-3.467441264402493,-22.40944970514083,15.474567176335846,-7.2760925,-18.15499,12.42116,-6.014280547300405,-21.502536381343297,9.473975286742485
14701,29-08-2026,41,-3.0,test,CHP,-7.5507245,-15.378576,6.652408,-3.641104889118501,-22.825222320951987,15.543012542714983,-7.412381,-17.744577,10.9043455,-6.255264929541303,-21.71810147744938,9.207571618366776
14701,29-08-2026,42,-4.0,test,SID,-8.005296,-16.244934,5.284235,-4.196510697484426,-23.201483647781835,14.808462252812983,-8.125757,-18.0484,9.304216,-6.828131672038303,-21.912879339548674,8.25661599547207
14701,29-08-2026,43,-3.0,test,UJA,-10.849801,-18.695772,1.9139941,-10.054689012553537,-18.303025518981755,-1.8063525061253127,-7.3518453,-17.073013,9.926361,-9.432386087155887,-20.678028378063445,1.8132562037516688
14701,29-08-2026,44,-4.0,test,MSH,-8.625588,-17.226507,4.712287,-5.617340294060047,-25.271906700137365,14.037226112017272,-7.967311,-17.037592,7.939904,-7.445278708863611,-22.408119237624366,7.517561819897143
14701,29-08-2026,45,-3.0,test,KLL,-7.874879,-17.03789,3.940048,-4.723882551842306,-25.0685380842882,15.620772980603586,-6.812452,-14.88135,7.2201753,-6.514541952820187,-21.0313391097262,8.002255204085827
14701,29-08-2026,46,-7.0,test,SBIB,-11.841195,-20.57286,3.2069867,-12.914850361486431,-35.24075967509458,9.41105895212172,-10.547658,-18.815887,3.1560555,-11.754128078984067,-27.42482029955066,3.916564141582528
14701,29-08-2026,47,-11.0,test,ADI,-13.946553,-22.768337,1.7855301,-13.795804759933164,-30.405765834170097,2.814156314303768,-13.571619,-19.83539,-3.7619848,-13.773685057170127,-26.63779288139687,-0.9095772329433842
14701,29-08-2026,48,-3.0,test,ND,-9.549326,-17.648329,2.9630349,-5.9872976469256525,-19.865209800316848,7.890614506465543,-7.3234344,-13.639048,3.3720603,-7.670698105417541,-19.06177300917843,3.7203767983433504
14701,29-08-2026,49,-13.0,test,ANND,-15.314887,-23.958292,2.6899273,-11.512017749882578,-30.857964770572043,7.833929270806887,-16.02549,-23.721119,-3.9119463,-14.335876014054305,-29.152809354681086,0.4810573265724756
14701,29-08-2026,50,-4.0,test,BRC,-9.977967,-19.337147,3.3586507,-9.316739715270067,-29.208848208764117,10.57536877822398,-9.24731,-15.894006,2.1435432,-9.523655971276987,-23.4927466556602,4.4454347131062235
14701,29-08-2026,51,-3.0,test,BH,-10.740906,-19.991793,2.1386194,-10.10416547962752,-31.653694757502823,11.445363798247785,-8.32105,-14.657581,2.2257833,-9.732646085012885,-23.95313611857027,4.4878439485445
14701,29-08-2026,52,-4.0,test,ST,-8.933493,-17.851166,3.4388769,-6.434387239941959,-27.73221151653938,14.863437036655462,-10.028412,-16.395847,0.36209297,-8.49895504569432,-22.459614995447943,5.461704904059301
14701,29-08-2026,53,-12.0,test,NVS,-16.709324,-24.495037,-0.4927363,-17.650633394241474,-39.67311333162998,4.371846543147033,-16.706787,-23.968157,-5.6252403,-17.009307454243817,-31.98518216793058,-2.033432740557055
14701,29-08-2026,54,-19.0,test,VAPI,-20.02469,-27.68339,-3.5479524,-16.619974937213676,-38.82341421197296,5.583464337545607,-22.613348,-30.089607,-12.218498,-19.79750464373798,-34.77603915922869,-4.818970128247269
14701,29-08-2026,55,-22.0,test,DRD,-23.661274,-31.336557,-6.8696895,-23.462883205875126,-44.23899343745122,-2.686772974299032,-23.51924,-30.580431,-13.933449,-23.55063548610641,-37.89700630492772,-9.204264667285104
14701,29-08-2026,56,-34.0,test,BVI,-30.84064,-36.38747,-14.4794,-29.445881106893204,-37.50150693380769,-21.39025527997872,-33.77664,-43.30977,-20.539955,-31.371318986567424,-42.0509164316827,-20.691721541452146
14701,29-08-2026,57,-28.0,test,ADH,-26.313927,-33.166084,-12.364881,-24.28173938794817,-31.53023877820312,-17.03323999769323,-27.786135,-35.645107,-16.973644,-26.154082950432098,-35.64513651863994,-16.66302938222426
14701,30-08-2026,1,1.0,test,SGNR,-8.054743,-15.164233,4.6412177,-2.540909087398427,-20.20881027964418,15.126992104847329,-4.7345843,-19.053253,25.652508,-5.188430956606394,-22.53955425943046,12.162692346217673
14701,30-08-2026,2,-3.0,test,SDS,-10.660333,-18.64124,4.2895813,-7.2737774011873295,-26.42413015747972,11.876575355105055,-11.097259,-26.153164,19.566494,-9.723352727082288,-28.31971203029658,8.873006576132001
14701,30-08-2026,3,-16.0,test,HMH,-22.788301,-30.382366,-3.9976816,-15.909412913721344,-42.106952158179496,10.288126330736803,-23.166203,-39.705482,9.340893,-20.715598508839655,-42.88831676562258,1.457119747943267
14701,30-08-2026,4,-15.0,test,HMO,-19.783743,-28.949926,-3.9699607,-15.81494287887756,-41.32442596627781,9.694540208522683,-22.333704,-37.97452,8.992548,-19.36341582366761,-40.6856742143828,1.9588425670475829
14701,30-08-2026,5,-9.0,test,ENB,-14.219863,-24.332747,0.9671469,-13.294877760991804,-37.2777688887997,10.68801336681609,-16.460321,-31.521477,14.0996,-14.669358617103427,-35.302766717914054,5.964049483707203
14701,30-08-2026,6,-5.0,test,NHR,-11.0068245,-21.761919,1.8434637,-10.548571804686222,-34.50647642487479,13.409332815502342,-12.661979,-26.284004,14.977979,-11.410826716028703,-30.96530733715025,8.143653905092846
14701,30-08-2026,7,-6.0,test,GAMI,-13.826976,-24.29054,-2.5104315,-16.002588967916,-26.2101109376904,-5.795066998141602,-13.368455,-26.678104,13.685479,-14.369776875155047,-28.819947845303954,0.08039409499385997
14701,30-08-2026,8,-10.0,test,TSD,-14.894538,-27.09384,0.6057499,-16.456720367977844,-40.66306750730203,7.749626771346339,-16.726744,-29.621931,8.894953,-16.00312017865219,-35.90936307675712,3.9031227194527425
14701,30-08-2026,9,-14.0,test,SDLP,-21.207603,-28.346264,-2.4311779,-10.65918933282506,-30.55012125468135,9.23174258903123,-20.594711,-33.545227,4.6520977,-17.632672862722615,-35.709141642358574,0.44379591691334497
14701,30-08-2026,10,-10.0,test,CUR,-15.2221,-25.459047,2.8087175,-11.4217433387365,-30.44942847386646,7.605941796393456,-17.33025,-29.98526,7.6038513,-14.70867217265277,-32.81892042979042,3.4015760844848746
14701,30-08-2026,11,-13.0,test,BUB,-16.588995,-27.290625,0.029152574,-15.11972592806067,-34.27402831337113,4.034576457249788,-19.842457,-32.10159,4.1000805,-17.201439620906193,-34.93880945170549,0.5359302098931025
14701,30-08-2026,12,-12.0,test,RSWT,-16.512943,-27.139969,0.2678524,-14.02699163317063,-33.59843668832897,5.5444534219877095,-19.167734,-31.549072,5.038368,-16.601373341474996,-34.56215412822979,1.3594074452797962
14701,30-08-2026,13,-20.0,test,FPS,-24.595034,-33.58414,-5.883637,-22.6947471107338,-41.637533053650486,-3.751961167817111,-27.565731,-41.421333,-1.2718849,-24.97569358766131,-43.40089043410825,-6.550496741214378
14701,30-08-2026,14,-21.0,test,LNH,-26.541927,-37.0045,-9.198884,-24.293103086392403,-43.036450574985615,-5.549755597799191,-28.601566,-40.949734,-5.248993,-26.508210584561446,-44.10894148858792,-8.907479680534973
14701,30-08-2026,15,-13.0,test,SIKR,-18.660757,-27.498602,-3.8512933,-19.632968959334136,-42.2246432007785,2.958705282110234,-20.983675,-33.12881,2.4956532,-19.743989603647087,-37.863368051612255,-1.6246111556819152
14701,30-08-2026,16,-14.0,test,PLSN,-21.016493,-27.748764,-3.3239288,-20.78467706172428,-42.99200087449671,1.422646751048159,-21.02653,-33.77741,3.3292027,-20.945746384996486,-39.33692406320915,-2.554568706783815
14701,30-08-2026,17,-15.0,test,RGS,-21.778162,-28.20622,-3.4164336,-22.89139030017916,-45.29050887375737,-0.4922717266009542,-22.2975,-34.93065,2.0766392,-22.306647152697987,-40.81148971541981,-3.8018045899761646
14701,30-08-2026,18,-19.0,test,GND,-25.966997,-33.875984,-6.2458863,-26.62628841813425,-48.89355325661053,-4.359023579657976,-26.627495,-38.311073,-5.0795116,-26.397356680494436,-44.71741543673397,-8.0772979242549
14701,30-08-2026,19,-20.0,test,COM,-26.084452,-34.550175,-7.2801456,-27.229810124732698,-49.632338894623125,-4.82728135484227,-27.671026,-38.873207,-7.021242,-26.97813444883514,-45.03695163180379,-8.919317265866486
14701,30-08-2026,20,-18.0,test,DKBJ,-26.695461,-33.63713,-8.736726,-26.77705373040405,-44.229539850208894,-9.324567610599203,-25.810692,-37.054718,-4.9388676,-26.427290368956342,-42.438389620017,-10.416191117895686
14701,30-08-2026,21,-11.0,test,JP,-18.053894,-26.291273,0.37964234,-17.094826853345644,-33.87697725768842,-0.3126764490028719,-18.856579,-31.205585,4.525215,-18.014339515006675,-34.754994544709206,-1.2736844853041411
14701,30-08-2026,22,-13.0,test,JOB,-20.04608,-29.451775,-4.9804754,-23.04981130049898,-40.66062533354899,-5.438997267448965,-20.507505,-33.405758,3.7206383,-21.159479137635792,-38.0201780375172,-4.298780237754386
14701,30-08-2026,23,-15.0,test,FL,-22.944012,-31.443764,-4.7643228,-24.43465481494451,-42.98602921432385,-5.883280415565164,-23.05039,-35.189667,-0.7649212,-23.455775189004534,-40.56363811380307,-6.347912264205995
14701,30-08-2026,24,-15.0,test,NRI,-23.404583,-31.131262,-7.8718667,-23.67404839858363,-41.77098044607582,-5.5771163510914405,-22.922028,-34.265133,-2.0996246,-23.330217145502797,-39.26655768729548,-7.393876603710114
14701,30-08-2026,26,0.0,test,AII,-10.942988,-19.499468,4.51853,-10.505854473935788,-27.479779015077828,6.468070067206252,-8.3404,-21.223122,16.025475,-9.937748319772773,-26.523284812764054,6.647788173218508
14701,30-08-2026,27,-3.0,test,BER,-11.663166,-21.828129,3.3039074,-12.6068915602157,-31.375125814178137,6.161342693746736,-11.235021,-23.14989,10.941564,-11.8223777871896,-28.66223145933136,5.017475884952161
14701,30-08-2026,28,1.0,test,SOD,-11.946561,-20.743103,1.3764352,-9.81545140936363,-27.430231582530503,7.79932876380324,-6.775223,-18.351942,14.877886,-9.545668649751859,-25.29788473066599,6.206547431162274
14701,30-08-2026,29,1.0,test,MJ,-8.718259,-19.415358,5.23324,-5.557010471368795,-24.744296122906903,13.630275180169315,-6.722168,-18.221062,14.573063,-7.04413827409549,-23.709812837181296,9.621536288990319
14701,30-08-2026,30,0.0,test,SOS,-8.391685,-18.873423,5.421615,-5.597182182374213,-25.26496496013964,14.070600595391213,-7.6836586,-19.145855,13.368147,-7.263140014867849,-23.97657540629684,9.450295376561138
14701,30-08-2026,31,-18.0,test,JAL,-25.593801,-32.441895,-2.355581,-12.562152114343126,-32.327274625359586,7.202970396673331,-23.889917,-35.925526,-3.2171707,-20.862439628981587,-38.70007551297364,-3.024803744989537
14701,30-08-2026,32,-19.0,test,RANI,-24.728807,-32.17241,-1.9259262,-14.85670034500854,-34.4954780873411,4.78207739732402,-25.856363,-37.133034,-6.8330135,-21.948831853493807,-39.352829719413855,-4.54483398757376
14701,30-08-2026,33,-19.0,test,FA,-24.231096,-33.093884,-1.0025213,-14.069311232546408,-33.53085862964382,5.392236164550997,-26.267176,-37.47184,-7.3975105,-21.660690944878088,-39.30272344041921,-4.018658449336968
14701,30-08-2026,35,-20.0,test,MOI,-25.249676,-31.395542,-4.1719995,-15.483118021069687,-34.94695160598542,3.980715563846042,-26.924082,-37.274788,-10.351145,-22.68529760485879,-38.88903061006642,-6.481564599651158
14701,30-08-2026,36,-21.0,test,NANA,-28.566648,-35.26772,-4.8960857,-16.257273812763355,-36.137115726021335,3.622568100494625,-27.879345,-38.064365,-11.829897,-24.40419674815928,-41.202102486704675,-7.60629100961388
14701,30-08-2026,37,-21.0,test,PDWA,-25.605597,-36.91134,-3.8496506,-17.222595248159642,-36.55553669508183,2.1103461987625387,-28.31442,-39.00863,-11.006048,-23.827395243545467,-41.241749476807335,-6.4130410102835995
14701,30-08-2026,38,-21.0,test,SRPJ,-26.249018,-36.438526,-4.394267,-17.301024733478435,-37.04229829354188,2.4402488265850053,-27.756329,-38.024216,-11.649828,-23.89066903904147,-40.97196099614331,-6.809377081939633
14701,30-08-2026,39,-10.0,test,ABR,-14.531546,-24.20615,2.5805805,-9.076019914782298,-29.577059054407485,11.425019224842886,-17.410736,-27.806347,0.0030937195,-13.745576583853556,-30.37224563964354,2.88109247193643
14701,30-08-2026,40,1.0,test,PNU,-6.178291,-15.6059475,4.2715516,-3.450948702112305,-22.3929547142961,15.491057310071486,-7.295002,-18.162868,12.373951,-5.678059692164775,-20.99600698264016,9.639887598310612
14701,30-08-2026,41,1.0,test,CHP,-6.577478,-15.041512,6.2323914,-3.493715824466133,-22.677831307222288,15.690399658290024,-7.4333987,-17.760717,10.868946,-5.876610041855377,-21.197825161557297,9.444605077846541
14701,30-08-2026,42,0.0,test,SID,-7.236923,-15.879421,4.6719675,-4.086708853087613,-23.091680110307315,14.918262404132092,-8.148313,-18.066053,9.26735,-6.533265416573148,-21.43609563454586,8.369564801399566
14701,30-08-2026,43,1.0,test,UJA,-10.037056,-18.410273,1.9731382,-9.982615067177564,-18.23094798084496,-1.7342821535101702,-7.3735147,-17.083776,9.875891,-9.133847501138536,-20.33121886187543,2.0635238595983587
14701,30-08-2026,44,1.0,test,MSH,-7.8168654,-16.958023,4.129729,-5.227573301021206,-24.882138203013145,14.426991600970734,-7.057513,-16.206438,9.130448,-6.7368330114041255,-21.607004656013082,8.13333863320483
14701,30-08-2026,45,1.0,test,KLL,-6.985745,-16.759321,3.412393,-4.691564417263265,-25.036218226047303,15.653089391520773,-6.858852,-14.912968,7.160009,-6.210361558814766,-20.574940982717365,8.154217865087833
14701,30-08-2026,46,-6.0,test,SBIB,-12.235859,-21.048977,1.5973445,-13.965104146966238,-36.29101215722783,8.360803863295358,-13.019323,-21.146675,0.041003227,-13.049053123289134,-28.37580912556258,2.277702878984311
14701,30-08-2026,47,-18.0,test,ADI,-21.575441,-31.901617,-2.2766888,-17.24392666309815,-33.85388613612134,-0.6339671900749622,-23.447628,-31.403969,-12.020024,-20.81378994171297,-35.18198988592288,-6.445589997503058
14701,30-08-2026,48,-10.0,test,ND,-14.354537,-21.7721,2.3503227,-10.20300820734344,-24.08091810957328,3.674901694886403,-16.0633,-21.850086,-7.6240215,-13.596056713513153,-25.142056149087757,-2.050057277938551
14701,30-08-2026,50,1.0,test,BRC,-9.868353,-19.421114,3.2606852,-8.85736470768645,-28.749492874717035,11.034763459344134,-8.41741,-14.566895,2.147253,-9.062719569999624,-22.798196601479,4.672757461479749
14701,30-08-2026,51,0.0,test,BH,-10.835012,-20.12208,2.0748289,-10.45166461321328,-32.00119314161314,11.097863915186585,-9.125628,-15.110773,0.6592579,-10.144013052572255,-24.182260100841084,3.8942339956965757
14701,30-08-2026,53,-14.0,test,NVS,-20.12063,-28.527176,-3.3483474,-19.775049583537395,-41.797546440254095,2.2474472731793007,-21.344778,-29.080526,-9.994738,-20.417301239042676,-35.73774341577405,-5.096859062311301
14701,30-08-2026,54,-34.0,test,VAPI,-31.998816,-44.22999,-4.660484,-23.72804223971096,-45.93148188393394,-1.5246025954879876,-33.9835,-43.213593,-21.084593,-30.01565462977036,-48.55618089123033,-11.475128368310386
14701,30-08-2026,55,-36.0,test,DRD,-34.946075,-44.701214,-12.238066,-30.246427278661866,-51.02253751848917,-9.470317038834557,-34.042625,-42.898445,-21.52885,-33.14368493049647,-49.774897958057565,-16.51247190293537
14701,30-08-2026,56,-18.0,test,BVI,-27.429413,-33.847317,-10.116347,-25.05739482307741,-33.11302065003347,-17.00176899612135,-23.631912,-30.635391,-14.149178,-25.40842515752039,-35.32381328063575,-15.493037034405036
14701,30-08-2026,57,-20.0,test,ADH,-24.559381,-31.625395,-9.872941,-22.32680582127974,-29.57530521153469,-15.078306431024794,-24.860834,-32.175323,-14.95058,-23.94614005159871,-33.35831599808828,-14.53396410510914
14701,31-08-2026,1,-15.0,test,SGNR,-6.961111,-14.763298,4.065934,-2.913636367147028,-20.581544035163883,14.754271300869828,-7.665705,-20.490755,20.225037,-5.901929705588868,-22.378135524157514,10.574276112979776
14701,31-08-2026,2,-19.0,test,SDS,-11.241625,-19.052044,3.6636927,-7.64645344395579,-26.79681235508678,11.5039054671752,-10.578141,-26.546947,21.91455,-9.872012702867668,-28.907816254096097,9.163790848360762
14701,31-08-2026,3,-20.0,test,HMH,-12.111686,-19.872019,3.7888548,-11.816932101019187,-38.01447591161922,14.380611709580847,-11.368437,-27.053093,20.472626,-11.770306204887373,-33.18009933704931,9.639486927274572
14701,31-08-2026,4,-20.0,test,HMO,-12.612494,-21.832603,3.4305744,-11.80091895763128,-37.310406444682485,13.708568529419926,-12.57876,-27.917757,18.389574,-12.341908941885873,-33.600699933560975,8.916882049789233
14701,31-08-2026,5,-17.0,test,ENB,-11.183868,-20.29811,1.4900093,-10.554113363196445,-34.53700931077089,13.428782584378006,-9.9138565,-24.368774,19.506048,-10.56024277521408,-30.2474385697761,9.126953019347939
14701,31-08-2026,6,-30.0,test,NHR,-21.582752,-31.623585,-5.9143085,-14.218677304135245,-38.17658651445405,9.739231906183557,-22.536377,-37.781593,7.5797253,-19.546459117470622,-40.2008922062474,1.1079739713061585
14701,31-08-2026,7,-40.0,test,GAMI,-32.486156,-41.8444,-11.519722,-23.30054921032013,-33.50808123809482,-13.093017182545452,-31.878624,-45.574535,-5.608122,-29.3485393546503,-45.28977810052079,-13.407300608779803
14701,31-08-2026,8,-40.0,test,TSD,-30.98363,-40.99216,-9.000252,-22.54238561866248,-46.74873662244968,1.6639653851247118,-31.267353,-43.807816,-7.55842,-28.3803028610642,-48.674510412964764,-8.086095309163642
14701,31-08-2026,9,-24.0,test,SDLP,-15.82141,-22.827175,2.8756561,-8.851191239510394,-28.74213001977882,11.039747540758034,-15.764679,-29.008287,10.533827,-13.574974444451025,-31.84748168528298,4.697532796380932
14701,31-08-2026,10,-23.0,test,CUR,-14.705989,-23.378792,3.0921946,-10.5937810360764,-29.621473177810948,8.433911105658147,-15.32601,-28.012342,9.848171,-13.59799366549235,-31.42750293594016,4.231515604955462
14701,31-08-2026,11,-25.0,test,BUB,-15.899841,-24.812557,2.087007,-14.014518989340749,-33.16882698885654,5.139789010175043,-17.099716,-29.437763,7.241295,-15.69636341893355,-33.44034684656121,2.047620008694114
14701,31-08-2026,12,-24.0,test,RSWT,-15.088728,-24.224083,1.9033182,-12.877606544043935,-32.44905618501225,6.693843096924386,-16.041136,-28.285995,8.109076,-14.69883047157369,-32.392195063874226,2.9945341207268505
14701,31-08-2026,13,-32.0,test,FPS,-24.457407,-32.359432,-5.7107205,-21.550441397973746,-40.4932316816819,-2.607651114265593,-23.863253,-37.162052,1.4070778,-23.33079111583154,-41.28799002097725,-5.373592210685839
14701,31-08-2026,14,-34.0,test,LNH,-25.693443,-34.888664,-7.621137,-23.513940218895595,-42.25729199859468,-4.7705884391965085,-26.018568,-37.91224,-3.5294914,-25.105035689801387,-42.37738271581611,-7.832688663786659
14701,31-08-2026,15,-26.0,test,SIKR,-19.153463,-26.959566,-3.7674391,-18.89693149721186,-41.48860947427183,3.694746479848103,-18.894674,-31.042368,4.6940365,-18.985414619962775,-37.041213781516724,-0.9296154584088256
14701,31-08-2026,16,-25.0,test,PLSN,-19.031672,-26.310795,-2.3470702,-19.319482036916128,-41.52680964139401,2.887845567561758,-17.87026,-29.79684,5.2408504,-18.73740230716339,-36.68314255055235,-0.7916620637744352
14701,31-08-2026,17,-31.0,test,RGS,-22.131908,-28.863565,-3.2678428,-23.16378569730918,-45.562907822363655,-0.7646635722547082,-23.922367,-36.388496,-0.71130943,-23.05712968728234,-41.476919567825334,-4.6373398067393445
14701,31-08-2026,18,-33.0,test,GND,-25.85316,-33.339634,-6.2858167,-26.371703264228948,-48.63897144683924,-4.104435081618657,-25.694479,-37.199646,-4.224882,-25.96610568819709,-44.13608877535391,-7.79612260104027
14701,31-08-2026,19,-35.0,test,COM,-26.504484,-34.86629,-7.129016,-27.21525686145016,-49.61778876277791,-4.812724960122409,-27.60017,-38.775795,-6.9882145,-27.096026154014638,-45.228931182174165,-8.96312112585511
14701,31-08-2026,20,-33.0,test,DKBJ,-26.863974,-33.855038,-8.614892,-26.80131084260069,-44.25380119747394,-9.348820487727435,-25.634384,-36.917072,-4.650635,-26.435024913046405,-42.5344614777757,-10.33558834831711
14701,31-08-2026,21,-20.0,test,JP,-14.077582,-22.098438,3.2144141,-15.549505433485894,-32.33166013217236,1.2326492652005676,-13.87765,-27.059624,11.433265,-14.481493707162347,-31.45639716721807,2.4934097528933776
14701,31-08-2026,22,-18.0,test,JOB,-14.646599,-24.406366,-2.241007,-19.282875582687403,-36.89369432108617,-1.6720568442886297,-11.30104,-24.803394,15.1654825,-15.01564993171219,-31.95153217395697,1.9202323105325902
14701,31-08-2026,23,-26.0,test,FL,-20.571262,-30.024818,-3.4059706,-22.69603502597978,-41.2474133601525,-4.144656691807057,-19.390436,-32.005527,4.0657444,-20.85759933135568,-38.24187881333952,-3.4733198493718405
14701,31-08-2026,24,-25.0,test,NRI,-20.308178,-28.954092,-6.0020804,-21.87639342540812,-39.97332916511151,-3.779457685704735,-18.17764,-29.589825,3.2166958,-20.100804228996036,-36.09293137959551,-4.108677078396562
14701,31-08-2026,25,-23.0,test,KSG,-18.626955,-24.358513,-2.0706997,-20.53086532431177,-38.430266219399954,-2.631464429223588,-16.163507,-27.788004,5.535198,-18.416148466497866,-34.31090607700454,-2.521390855991193
14701,31-08-2026,26,-19.0,test,AII,-12.938738,-21.01974,4.293404,-11.926358869389206,-28.899988022470826,5.047270283692408,-12.126907,-23.749184,9.615953,-12.345208630306633,-28.489119382833817,3.7987021222205506
14701,31-08-2026,27,-28.0,test,BER,-17.79924,-28.995739,0.016887205,-16.408523241460614,-35.17674133393216,2.359694851010925,-20.592579,-33.45684,2.389162,-18.283766225492485,-36.13862939327248,-0.4289030577124926
14701,31-08-2026,28,-23.0,test,SOD,-15.970363,-24.616623,0.9164473,-13.220869368712847,-30.835654191644394,4.3939154542187,-15.171889,-26.334713,4.7731047,-14.826122192191434,-30.831219436364908,1.1789750519820394
14701,31-08-2026,29,-26.0,test,MJ,-16.432293,-27.589851,1.4323323,-10.007604763732733,-29.19489376734554,9.179684239880077,-18.24058,-29.488049,1.2253628,-14.980446459527275,-32.08153712192181,2.120644202867261
14701,31-08-2026,30,-26.0,test,SOS,-17.115883,-25.65112,3.2192442,-9.761414096533514,-29.429199844900307,9.90637165183328,-18.31461,-29.293976,0.6623001,-15.164173188734145,-32.26658078811869,1.9382344106503968
14701,31-08-2026,31,-29.0,test,JAL,-21.88707,-27.46796,-1.3460486,-12.03153378469769,-31.796659012908474,7.733591443513095,-20.804235,-31.230576,-3.4666138,-18.37728397207181,-34.627657822623405,-2.1269101215202184
14701,31-08-2026,32,-30.0,test,RANI,-21.395607,-27.164753,-1.0018646,-13.15556575227341,-32.794346008397206,6.483214503850384,-21.991179,-32.291187,-5.01215,-18.960292280857697,-35.09108545739085,-2.829499104324544
14701,31-08-2026,33,-28.0,test,FA,-17.041254,-27.850067,1.9500998,-11.633040981536114,-31.094590800461205,7.828508837388979,-20.273327,-30.916992,-2.322998,-16.38776285767157,-33.3529135241122,0.5773878087690605
14701,31-08-2026,34,-31.0,test,SJWB,-21.479525,-29.00416,-1.7847573,-13.783587882982111,-33.21514383799998,5.6479680720357575,-23.733492,-35.337765,-3.9246082,-19.769627132735707,-36.74563527050011,-2.793618994971304
14701,31-08-2026,35,-31.0,test,MOI,-22.011002,-27.007738,-3.008285,-13.787213736279355,-33.251022076213744,5.67659460365503,-23.03455,-33.721684,-5.330868,-19.723212827084158,-35.59432017237283,-3.8521054817954816
14701,31-08-2026,36,-32.0,test,NANA,-24.502495,-29.503674,-3.860933,-14.666751491461692,-34.54657799238668,5.213075009463296,-24.110275,-34.511185,-7.205105,-21.22871122693359,-37.35012291234467,-5.107299541522504
14701,31-08-2026,37,-33.0,test,PDWA,-22.386974,-31.440975,-2.8726192,-16.024644354579735,-35.35758108553644,3.308292376376965,-25.39301,-35.93212,-8.214874,-21.353389896836408,-37.89735052127569,-4.809429272397125
14701,31-08-2026,38,-34.0,test,SRPJ,-22.546495,-32.204765,-3.6027005,-16.512816904545033,-36.25409016145899,3.22845635236892,-26.176603,-36.550564,-9.488644,-21.82548930836799,-38.39820949039888,-5.252769126337107
14701,31-08-2026,39,-25.0,test,ABR,-14.642371,-24.243322,2.6140032,-9.05712572135556,-29.558166324821958,11.443914882110832,-17.389101,-27.838888,0.16123962,-13.770893408505405,-30.443748607338755,2.9019617903279453
14701,31-08-2026,40,-14.0,test,PNU,-6.3703713,-15.696952,4.2715516,-3.4756222092553464,-22.417630649993683,15.466386231482993,-7.2760925,-18.15499,12.42116,-5.746470931149078,-21.087905415717938,9.594963553419781
14701,31-08-2026,41,-16.0,test,CHP,-7.1725616,-15.287221,5.968097,-4.197241264423272,-23.38135869625676,14.986876167410212,-8.880062,-19.02992,8.840622,-6.789558515121749,-21.97483884380733,8.395721813563831
14701,31-08-2026,42,-16.0,test,SID,-7.657286,-16.297398,4.6719675,-4.539801753430967,-23.54477470372838,14.465171196866445,-9.061314,-18.886295,8.024677,-7.1279242648426795,-22.033330216570626,7.777481686885267
14701,31-08-2026,43,-15.0,test,UJA,-10.131163,-18.4827,1.9731382,-10.380208511313338,-18.62854501774156,-2.131872004885116,-8.156092,-17.809456,8.865046,-9.553907403027601,-20.71471721380023,1.6069024077450287
14701,31-08-2026,44,-15.0,test,MSH,-8.012137,-17.049028,4.129729,-5.609082839334841,-25.26364924541216,14.045483566742478,-7.9496417,-16.990211,7.923412,-7.223375982697656,-22.0362663897615,7.589514424366191
14701,31-08-2026,45,-14.0,test,KLL,-7.122918,-16.831749,3.4297502,-4.70174877537453,-25.04640430782042,15.642906757071362,-6.838928,-14.9251995,7.241128,-6.254705532042681,-20.651980967875865,8.142569903790504
14701,31-08-2026,46,-38.0,test,SBIB,-31.413721,-38.897453,-5.8599973,-19.92783135755164,-42.25374067115979,2.398077956056514,-26.857378,-35.53908,-14.621821,-26.22772100871125,-43.404892074145295,-9.050549943277204
14701,31-08-2026,47,-28.0,test,ADI,-16.560658,-28.004992,-0.00096488,-17.429435634541015,-34.03939670877794,-0.8194745603040836,-18.69952,-25.713085,-8.104553,-17.549623438248407,-31.311830464185412,-3.7874164123113996
14701,31-08-2026,48,-19.0,test,ND,-11.794346,-18.69954,2.7177002,-7.92612605022077,-21.804038203611967,5.951786103170425,-11.212096,-17.254183,-1.6530275,-10.364487748252621,-21.65655619328873,0.927580696783485
14701,31-08-2026,49,-25.0,test,ANND,-14.9187975,-24.046265,1.8355976,-11.967662481090786,-31.31360950178025,7.378284539598679,-17.368725,-24.790565,-6.07971,-14.790431551550288,-29.275648186538117,-0.30521491656245914
14701,31-08-2026,50,-14.0,test,BRC,-10.144987,-19.406605,3.3110967,-8.901817961560074,-28.79392645505412,10.990290531933972,-8.350513,-14.374867,2.0645657,-9.150904772086246,-22.844966842210255,4.543157298037764
14701,31-08-2026,51,-14.0,test,BH,-10.810506,-20.100603,2.0539205,-10.072708373799744,-31.62223765167505,11.47682090407556,-8.491964,-14.445013,1.3853722,-9.803643726591172,-23.84468837211955,4.237400918937206
14701,31-08-2026,52,-15.0,test,ST,-9.202841,-17.923594,3.4570658,-6.431841358876016,-27.72966563547344,14.865982917721404,-9.664448,-15.512852,-0.23125458,-8.470790529120691,-22.19023176511645,5.24865070687507
14701,31-08-2026,53,-32.0,test,NVS,-22.179617,-31.251616,-4.8952813,-20.89956648832132,-42.92204642570982,1.122913449067191,-24.750046,-32.76448,-13.402164,-22.625377504065405,-38.209131592932195,-7.041623415198616
14701,31-08-2026,54,-23.0,test,VAPI,-14.02402,-23.238176,2.3078628,-14.134679935379516,-36.3381192101388,8.068759339379767,-16.605822,-23.011328,-7.0317087,-14.918011257907166,-29.823898589787756,-0.012123926026575305
14701,31-08-2026,55,-26.0,test,DRD,-19.547323,-27.265425,-4.3584623,-20.81128722285645,-41.58739745443255,-0.0351769912803554,-18.866877,-24.919348,-10.554327,-19.724970480892004,-33.3880444729892,-6.06189648879481
14701,31-08-2026,56,-33.0,test,BVI,-27.739151,-34.00473,-10.160129,-24.976384185161745,-33.03201001207623,-16.920758358247262,-24.943289,-32.693317,-14.466955,-25.926399872266636,-36.1663666773465,-15.68643306718677
14701,31-08-2026,57,-28.0,test,ADH,-21.306856,-27.652058,-8.031008,-20.11341760212947,-27.361916992384412,-12.864918211874524,-20.684355,-27.425804,-11.6035595,-20.718428234880367,-29.496492966321235,-11.9403635034395
14707,28-08-2026,0,-5.0,test,HMH,-0.42697573,-12.173012,10.831523,7.373140484059171,-24.465459018283404,39.21173998640175,-3.5306728,-16.459486,22.318089,1.033622587898986,-20.621826395064264,22.689071570862236
14707,28-08-2026,1,-8.0,test,PGK,-1.8271036,-14.859264,11.691016,1.3068374816745103,-31.44153448211465,34.055209445463674,-6.9926853,-20.361118,18.701172,-2.5434569787311045,-25.201426801946493,20.114512844484285
14707,28-08-2026,2,-5.0,test,SOG,-1.3160253,-13.3973675,14.1606045,1.770013761781466,-31.06266639576266,34.60269391932559,-4.76875,-17.766045,20.318249,-1.478045020802135,-24.177573686456796,21.221483644852526
14707,28-08-2026,3,-16.0,test,LKS,-14.467181,-25.512848,12.042567,-12.996243271934151,-44.82168053200467,18.829193988136367,-11.32548,-26.648624,16.480545,-12.95226227471943,-38.02035861421339,12.115834064774532
14707,28-08-2026,4,-14.0,test,LGH,-9.642682,-20.678782,9.468929,-4.196061557954051,-36.07520509727332,27.68308198136522,-11.353692,-24.533583,12.335448,-8.471058756663775,-31.111371055148688,14.169253541821137
14707,28-08-2026,5,-5.0,test,BKN,-0.44493768,-12.815164,12.844813,5.855071287924434,-25.28248464901848,36.99262722486735,-3.3180475,-16.751026,22.022831,0.6129368143348457,-21.291555719905872,22.51742934857556
14707,28-08-2026,6,0.0,test,DSO,4.147674,-11.5198965,14.827893,9.460349591640997,-22.57822035998004,41.49891954326203,0.32274777,-13.115773,26.028154,4.57346859609126,-17.82359285535043,26.97053004753295
14707,28-08-2026,7,-11.0,test,NOK,-7.431465,-19.58693,9.284935,-3.777977495748461,-36.83674499654789,29.28079000505097,-6.3993735,-22.595924,23.257704,-5.920628612870577,-30.292480976676973,18.45122375093582
14707,28-08-2026,8,-39.0,test,NGO,-36.180187,-46.923225,8.301286,-27.412850887946085,-60.27730426311146,5.45160248721929,-34.507343,-49.618042,-9.2564945,-32.82195359926859,-60.98221384251691,-4.661693356020265
14707,28-08-2026,9,-39.0,test,MDW,-34.68747,-46.52885,11.068137,-27.483876261221397,-59.63556888269221,4.667816360249422,-35.669315,-50.07494,-11.944981,-32.7118493070211,-60.67656316366692,-4.747135450375275
14707,28-08-2026,10,-32.0,test,MTD,-25.348833,-37.352913,11.333693,-23.522603917273145,-57.114102791364594,10.068894956818305,-27.587597,-41.01852,-5.6468716,-25.509742363983513,-51.84879077339728,0.8293060454302612
14707,28-08-2026,11,-29.0,test,GOTN,-22.85464,-33.91458,8.093061,-20.158758717894504,-53.79779236370938,13.480274927920371,-24.990847,-38.334614,-2.9585552,-22.70351542542643,-47.83957189052524,2.4325410396723797
14707,28-08-2026,12,-38.0,test,RKB,-34.743744,-46.192303,7.791718,-30.38512140936592,-66.18995045134066,5.419707632608819,-33.568817,-48.120598,-10.433624,-32.960055307021456,-61.41348179874864,-4.50662881529427
14707,28-08-2026,13,-34.0,test,JU,-29.907438,-40.166073,14.223902,-24.578169389364035,-60.06534574597942,10.90900696725135,-29.35488,-41.967113,-9.58699,-28.020526972094494,-55.51492817799374,-0.5261257661952463
14707,28-08-2026,14,-22.0,test,LUNI,-16.783936,-29.600676,16.748745,-16.66575286728733,-55.28307388244149,21.95156814786683,-17.833735,-30.970547,4.0153294,-17.09529672068919,-44.626652698642694,10.436059257264311
14707,28-08-2026,15,-14.0,test,PMY,-11.149852,-24.185705,20.417273,-11.827240246412575,-52.57269483494461,28.918214342119462,-10.462392,-23.581844,12.034829,-11.137706698297368,-39.17438604643974,16.898972649845007
14707,28-08-2026,16,-5.0,test,MJ,-0.29366136,-16.904922,21.432276,-4.19499754092869,-45.55717267785637,37.167177595998986,-2.6897564,-15.865232,20.69398,-2.337330831483458,-29.601267581723082,24.926605918756163
14707,28-08-2026,17,-6.0,test,SOS,-1.7587802,-17.43409,17.106388,-5.632225738294269,-47.10995616962696,35.84550469303842,-3.6274796,-17.101631,20.133705,-3.618141073457527,-30.345546940736003,23.10926479382095
14707,28-08-2026,18,-9.0,test,RANI,-2.44951,-19.19617,15.988389,-8.239263002379776,-51.3112731768156,34.83274717205606,-6.1774635,-19.686737,17.150043,-5.539621023567387,-32.850042902476176,21.7708008553414
14707,28-08-2026,19,-7.0,test,FA,-1.193122,-19.686968,12.84129,-8.142908331272327,-50.39924858015068,34.11343191760604,-2.948848,-17.236504,22.685255,-3.9980599829100156,-31.088312125031052,23.092192159211024
14707,28-08-2026,20,-7.0,test,SJWB,-2.3964205,-19.743267,12.17069,-8.811788729288306,-51.51153474722065,33.887957288644046,-2.8760486,-17.22291,22.925068,-4.606177119671104,-31.772533619334617,22.560179379992412
14707,28-08-2026,21,-12.0,test,PDWA,-7.2002435,-23.158686,10.909324,-10.345231837366612,-53.341410681832194,32.65094700709897,-8.687385,-20.895615,11.589276,-8.699907137063237,-35.02114536475953,17.621331090633056
14707,28-08-2026,22,0.0,test,ABR,1.6906726,-12.777192,15.289055,1.461221502082558,-41.97477729583849,44.89722030000361,1.1906819,-11.434301,23.497847,1.451062578088769,-24.34900805332363,27.25113320950117
14707,28-08-2026,23,1.0,test,PNU,3.465528,-9.792932,13.704489,7.460253844016771,-30.771069603266,45.69157729129954,1.5872008,-10.572266,22.79707,4.117504893335846,-18.828845791085662,27.06385557775735
14707,28-08-2026,25,1.0,test,MSH,2.4233782,-8.703166,13.892991,8.998101109158085,-25.368441530194445,43.364643748510616,1.1489863,-10.94231,21.843502,4.100730100990596,-17.28227212464327,25.483732326624462
14707,28-08-2026,26,0.0,test,KLL,4.481012,-10.797437,13.851493,6.248614732398454,-31.76612426640161,44.26335373119852,0.038583238,-11.587048,19.624388,3.568497018092637,-19.13869850516664,26.275692541351912
14707,28-08-2026,27,-8.0,test,SBIB,-5.0097833,-16.382532,17.314512,-1.0139744441143166,-36.99797165876025,34.970022770531614,-6.1979504,-18.850922,13.999332,-4.127934751581844,-28.09219075501284,19.836321251849153
14707,28-08-2026,28,-11.0,test,ADI,-6.9109983,-18.53505,8.452985,2.1993146476863443,-30.218837535810408,34.617466831183094,-10.005737,-22.08622,8.902227,-5.02870313224804,-26.246125500377513,16.188719235881432
14707,28-08-2026,29,-13.0,test,ND,-7.582853,-19.122143,8.88286,-1.562743933672372,-35.32138543977088,32.195897572426134,-11.638068,-23.027729,5.5721464,-7.007560967081947,-28.443479616886112,14.428357682722218
14707,28-08-2026,30,-20.0,test,ANND,-14.419863,-26.790228,8.05361,-9.084046429774547,-42.53603312780974,24.367940268260647,-18.427176,-29.477577,-2.6752987,-14.047329026535758,-36.31539632291582,8.220738269844299
14707,28-08-2026,31,-11.0,test,BRC,-7.9869657,-20.40363,8.661582,-4.326648620132247,-36.20020840148711,27.546911161222617,-10.4744215,-21.909277,7.1662016,-7.64443742542589,-28.724447542320114,13.435572691468332
14707,28-08-2026,32,1.0,test,BH,-2.692832,-14.261011,10.247161,-0.5432409237551106,-31.50747740338781,30.42099555587759,-0.53731143,-11.544304,17.684107,-1.2889992900174603,-21.258369121894596,18.680370541859673
14707,28-08-2026,33,1.0,test,ST,3.8969786,-10.360375,7.935212,7.011199812782926,-23.54870483160679,37.571104457172645,-0.7402508,-10.310123,14.784686,3.3500364287855167,-14.627391406630538,21.327464264201573
14707,28-08-2026,34,-10.0,test,NVS,-6.32384,-18.366634,5.6906123,-6.539547620771711,-28.98796727165272,15.908872030109295,-9.579185,-19.555466,4.966957,-7.475402007804181,-23.68317292192732,8.732368906318957
14707,28-08-2026,35,-11.0,test,BL,-8.497704,-19.440784,3.123594,-4.531798946243084,-26.110699192428285,17.04710129994212,-9.771687,-17.13078,0.13589764,-7.653951889858746,-22.030474479224807,6.722570699507317
14707,28-08-2026,36,-3.0,test,VAPI,-0.041931186,-13.314374,4.9350195,0.90720564655624,-17.66326815533152,19.477679448444,-3.7923915,-10.704838,6.3601036,-0.9858876229052957,-13.529668336975602,11.557893091165012
14707,28-08-2026,37,-9.0,test,PLG,-7.431458,-18.286362,0.4706448,-7.946562168521193,-25.68059490429773,9.787470567255347,-8.072973,-13.985649,-0.524477,-7.8094246306594055,-19.536014371751506,3.9171651104326966
14707,28-08-2026,38,-29.0,test,BVI,-26.352657,-32.157444,-9.100006,-22.18077537784855,-28.62589529330175,-15.735655462395354,-23.568064,-31.898441,-13.185151,-24.09332340112084,-33.734129269953826,-14.45251753228786
14707,29-08-2026,0,-47.0,test,HMH,-24.561932,-34.835773,4.3852134,-2.6904960691530317,-34.52909557149561,29.148103433189547,-28.235533,-40.125694,-7.1809464,-18.79390076366421,-42.39239601816288,4.804594490834454
14707,29-08-2026,1,-51.0,test,PGK,-27.40211,-39.81374,2.4994693,-9.120396561608802,-41.86876852539796,23.62797540218036,-32.519512,-45.428547,-11.146194,-23.261458520039373,-47.963485459020035,1.440568418941286
14707,29-08-2026,2,-50.0,test,SOG,-28.471493,-39.312885,3.8306596,-9.410255538131937,-42.24293569567606,23.42242461941219,-31.668217,-43.802155,-11.497854,-23.442961220994675,-47.97954984853669,1.0936274065473413
14707,29-08-2026,3,-52.0,test,LKS,-30.661121,-43.587532,10.922872,-20.81955600035189,-52.64499326042241,11.005881259718628,-32.67359,-44.837795,-12.871666,-28.18520070125748,-54.4005680252924,-1.9698333772225567
14707,29-08-2026,4,-26.0,test,LGH,-8.65169,-19.398926,10.534112,-2.942720392955723,-34.821863932274994,28.936423146363545,-8.593882,-21.579845,15.253529,-6.807970994934736,-29.40285404184538,15.78691205197591
14707,29-08-2026,5,-17.0,test,BKN,1.1681437,-10.6055975,12.234531,7.261207120654671,-23.87634881628824,38.398763057597584,-0.51874536,-14.061691,25.504107,2.554381476826217,-18.973421893192942,24.082184846845372
14707,29-08-2026,6,-14.0,test,DSO,4.234951,-11.54064,13.589416,10.04863372237681,-21.989936229244226,42.08720367399785,1.0885538,-12.390717,26.980722,5.046516744832587,-17.167885408948315,27.26091889861349
14707,29-08-2026,7,-21.0,test,NOK,-1.7804079,-16.31164,9.754755,-1.8847342819636208,-34.94350178276306,31.174033218835813,-3.3061597,-18.419598,24.68948,-2.3211659759463825,-25.701488998182693,21.05915704628993
14707,29-08-2026,8,-37.0,test,NGO,-24.426672,-34.221848,6.735279,-21.03076476183477,-53.89521813700015,11.8336886133306,-17.04174,-33.191277,11.621668,-20.88539914027816,-47.2173563206407,5.446558040084376
14707,29-08-2026,9,-36.0,test,MDW,-23.706831,-33.55769,10.587694,-20.620995261283213,-52.77268788275403,11.530697360187602,-17.24946,-32.575073,10.124975,-20.573129565652316,-46.879241680185224,5.732982548880592
14707,29-08-2026,10,-45.0,test,MTD,-24.973703,-36.075043,11.0976095,-22.633326184868206,-56.22482505895965,10.958172689223243,-25.92921,-41.55699,0.3311119,-24.543528189861327,-51.743861265289766,2.6568048855671123
14707,29-08-2026,11,-41.0,test,GOTN,-21.138645,-30.74825,7.65215,-19.21701421588932,-52.8560478617042,14.422019429925555,-22.136166,-35.960037,1.1627045,-20.85626714927853,-45.638537251743884,3.926002953186824
14707,29-08-2026,12,-42.0,test,RKB,-28.50164,-35.472668,7.4869046,-26.31816144319155,-62.12299048516629,9.486667598783193,-22.377794,-35.62372,-0.583498,-25.767237177290475,-51.745259490332614,0.21078513575166014
14707,29-08-2026,13,-38.0,test,JU,-18.649216,-30.776562,10.813959,-20.459036851131312,-55.946213207746695,15.028139505484074,-18.535925,-31.718853,3.4640408,-19.189928300580107,-44.83625216059407,6.4563955594338545
14707,29-08-2026,14,-29.0,test,LUNI,-11.126068,-24.246872,16.169214,-13.649753266134006,-52.26707428128817,24.967567749020155,-10.482218,-23.855633,12.678904,-11.718472527101913,-38.43667638814421,14.999731333940382
14707,29-08-2026,15,-21.0,test,PMY,-5.7716484,-19.313648,19.050346,-8.871264450751566,-49.61671903928361,31.874190137780477,-3.7727876,-17.408632,20.487213,-6.0974770698530705,-33.39273285195061,21.197778712244467
14707,29-08-2026,16,-14.0,test,MJ,1.7214203,-14.190532,20.953169,-1.954651088060233,-43.31682622498791,39.40752404886744,2.5163143,-10.930064,27.211843,0.8109643850142233,-26.146111946841977,27.768040716870424
14707,29-08-2026,17,-16.0,test,SOS,-0.60558087,-15.686635,16.401054,-3.789060249151907,-45.2667906804846,37.68867018218078,0.9895497,-12.428032,25.305792,-1.0924788725715453,-27.458991548739018,25.27403380359593
14707,29-08-2026,18,-19.0,test,RANI,-0.4341777,-17.398508,14.695954,-6.40760633194334,-49.47961650637917,36.66440384249249,-2.0959427,-15.676125,21.837656,-2.895839160389049,-29.760150731206256,23.96847241042816
14707,29-08-2026,19,-18.0,test,FA,-0.056914266,-17.305738,12.129026,-6.639204501549997,-48.89554475042836,35.61713574732836,-1.283175,-14.21879,21.61389,-2.568322976127285,-28.379694090508004,23.243048138253435
14707,29-08-2026,20,-19.0,test,SJWB,-2.129946,-18.398615,11.458426,-7.691211824662124,-50.39095784259448,35.00853419327022,-1.7658725,-14.677387,21.001179,-3.7861567595310737,-29.796526587768586,22.224213068706437
14707,29-08-2026,21,-19.0,test,PDWA,-0.18409361,-17.103317,11.597296,-7.430421669911526,-50.42660051437711,35.56575717455406,-1.809486,-14.378223,20.072746,-3.040456649469895,-28.72477483099695,22.64386153205716
14707,29-08-2026,22,-14.0,test,ABR,1.928438,-12.238787,14.522308,1.890777607558526,-41.545221190362525,45.32677640547958,2.062829,-10.5644245,24.52301,1.9610965704615693,-23.627739929669865,27.549933070593006
14707,29-08-2026,23,-14.0,test,PNU,3.572674,-9.803969,12.723999,7.4266705691893184,-30.80465287809345,45.65799401647209,1.5749851,-10.577139,22.766306,4.13998015755738,-18.624808445200664,26.90476876031542
14707,29-08-2026,25,-15.0,test,MSH,2.4682498,-8.672132,13.155052,8.612105568474526,-25.754437070878005,42.97864820782706,0.26715875,-11.8552,20.880318,3.6997125765119523,-17.534078507548763,24.93350366057267
14707,29-08-2026,26,-16.0,test,KLL,4.474496,-11.034972,13.151591,5.867466096561874,-32.14727290223819,43.88220509536195,-0.90563196,-12.576224,18.613785,3.130405257238138,-19.488611661053856,25.749422175530132
14707,29-08-2026,27,-16.0,test,SBIB,1.5561891,-13.154908,16.303614,1.4272070857239822,-34.556790128921946,37.41120430036992,-1.0009035,-12.493054,18.100086,0.6645599727888089,-22.13156825413342,23.460688199711036
14707,29-08-2026,28,-19.0,test,ADI,0.064911336,-12.942493,9.822541,4.895225521701285,-27.522926661795463,37.31337770519804,-3.1514764,-14.928085,15.985615,0.5389318310612077,-19.894235183696644,20.972098845819062
14707,29-08-2026,29,-25.0,test,ND,-2.9626377,-15.49071,10.744758,-0.3314604607932602,-34.090101966891766,33.42718104530525,-8.713366,-20.352512,9.380585,-4.0342675848652405,-25.34489244754125,17.276357277810767
14707,29-08-2026,30,-35.0,test,ANND,-14.791121,-27.038385,7.7450485,-8.99848065006216,-42.45046734809735,24.453506047973036,-18.5184,-29.870525,-2.083809,-14.179463071912984,-36.60838062914399,8.249454485318019
14707,29-08-2026,31,-32.0,test,BRC,-13.1114025,-23.571194,7.8471155,-6.541696331877364,-38.41525611323223,25.3318634494775,-15.866239,-26.983566,0.38750553,-11.928003178372679,-33.140149174302074,9.284142817556718
14707,29-08-2026,32,-35.0,test,BH,-15.426321,-26.483536,4.985312,-8.375162089048434,-39.33939856868113,22.589074390584265,-18.113176,-28.378017,-4.1270876,-14.066448699449568,-34.43791674918882,6.3050193502896885
14707,29-08-2026,33,-20.0,test,ST,1.0113436,-13.346313,8.106007,4.6801293515363005,-25.879775292853417,35.24003399592602,-5.075916,-14.227224,8.883167,0.15939680282882662,-18.048037379372538,18.36683098503019
14707,29-08-2026,34,-24.0,test,NVS,-7.060436,-17.89174,6.075767,-6.177602300348091,-28.6260219512291,16.270817350532916,-7.979803,-16.033142,3.4402637,-7.084049248707345,-22.393881183675497,8.225782686260805
14707,29-08-2026,35,-20.0,test,BL,-2.5391145,-15.312421,5.2519317,-2.2477446246403145,-23.82664487082552,19.331155621544887,-5.152355,-12.512945,5.5416737,-3.3150790220016284,-17.463930214817765,10.833772170814507
14707,29-08-2026,36,-14.0,test,VAPI,-0.0902337,-12.621336,5.070932,2.525118960518469,-16.04535484136929,21.095592762406227,-0.9354276,-8.070092,10.157032,0.46450558782043705,-12.180448130620732,13.109459306261606
14707,29-08-2026,37,-19.0,test,PLG,-5.11787,-16.41695,1.3995777,-6.075113701939922,-23.809146437716464,11.658919033836618,-4.4761186,-10.5068035,3.865005,-5.210363195322221,-16.924198354735783,6.503471964091342
14707,29-08-2026,38,-34.0,test,BVI,-21.678352,-28.01268,-7.394053,-18.473798034773164,-24.91891795022636,-12.028678119319968,-16.965282,-24.884682,-7.118162,-19.08680980053348,-28.11693528040837,-10.056684320658592
14707,30-08-2026,0,-7.0,test,HMH,1.2746706,-9.628692,10.180509,9.236776882802172,-22.60177489296477,41.07532865856911,0.60593253,-12.403691,26.990902,3.5968290887753116,-17.582802243886118,24.77646042143674
14707,30-08-2026,1,-9.0,test,PGK,1.9044833,-11.314707,10.415517,3.531048487522396,-29.21727709832972,36.27937407337451,-1.9326818,-15.381187,24.44393,1.1481866684393431,-20.762717180227458,23.059090517106146
14707,30-08-2026,2,-8.0,test,SOG,-0.5480624,-11.614984,12.339285,3.29297113219598,-29.539665344190134,36.125607608582094,-1.8306516,-14.875273,23.579348,0.25292065030392885,-21.85314348117018,22.358984781778034
14707,30-08-2026,3,-22.0,test,LKS,-15.312118,-25.572922,11.288146,-12.64398131532838,-44.469330936127626,19.18136830547087,-10.105649,-25.700806,18.411194,-12.727917054663683,-37.84078311011403,12.384949000786667
14707,30-08-2026,4,-20.0,test,LGH,-9.468764,-20.711395,9.918825,-3.828617678595237,-35.70769695448182,28.05046159729135,-10.589794,-23.531334,12.672459,-8.039084239806309,-30.651341241389368,14.573172761776748
14707,30-08-2026,5,-16.0,test,BKN,-3.5468001,-15.33348,11.79532,4.88741660009732,-26.250077606830946,36.024910807025584,-6.4937277,-20.113335,18.735916,-1.831416979630986,-24.017289002924574,20.3544550436626
14707,30-08-2026,6,-25.0,test,DSO,-17.065573,-25.028189,7.9913573,2.740061499845494,-29.29846683527922,34.77858983497021,-13.478705,-29.332644,14.873511,-9.54313468923254,-34.04243606695522,14.956166688490141
14707,30-08-2026,7,-29.0,test,NOK,-17.629221,-29.948566,7.3207726,-8.233839284773738,-41.29256878715182,24.82489021760435,-18.078472,-32.27892,6.701048,-14.776016485985675,-39.48127248104784,9.929239509076488
14707,30-08-2026,8,-46.0,test,NGO,-34.83632,-46.031967,8.697918,-27.466261025282293,-60.33066992736913,5.398147876804543,-35.40029,-50.706104,-10.160379,-32.66852764179892,-60.77060145119904,-4.566453832398796
14707,30-08-2026,9,-42.0,test,MDW,-29.081745,-43.897224,11.232569,-25.95207621402867,-58.103732100683246,6.199579672625912,-31.529116,-45.80624,-7.7870064,-28.8954723503169,-56.39028230902447,-1.4006623916093304
14707,30-08-2026,10,-42.0,test,MTD,-30.133234,-42.380413,9.203551,-24.499113660331,-58.09057531169312,9.092347991031126,-31.20711,-44.641964,-9.653378,-28.68979810831653,-55.49106756503563,-1.8885286515974329
14707,30-08-2026,11,-38.0,test,GOTN,-24.411736,-35.519833,8.35572,-20.945705907973696,-54.584707713840345,12.693295897892952,-27.39907,-40.82502,-5.565241,-24.297542455416455,-49.75440413584568,1.1593192250127728
14707,30-08-2026,12,-38.0,test,RKB,-29.903723,-39.25269,8.118305,-27.77381070422075,-63.57858986383184,8.030968455390337,-26.557196,-39.433037,-6.0038395,-28.110088029707846,-54.612425328147374,-1.6077507312683181
14707,30-08-2026,13,-31.0,test,JU,-18.83438,-30.966991,10.5934,-21.210404757587572,-56.69753220965796,14.276722694482809,-19.70553,-33.15837,2.4355469,-19.88343597858281,-45.596005097625934,5.829133140460314
14707,30-08-2026,14,-22.0,test,LUNI,-12.70999,-24.551863,15.680693,-13.983700614274309,-52.60099359385097,24.633592365302352,-11.418163,-24.81027,11.626688,-12.68742617793056,-39.355067228271714,13.980214872410597
14707,30-08-2026,15,-16.0,test,PMY,-8.255574,-21.020027,16.591574,-9.956130893165485,-50.70155947687908,30.78929769054811,-6.3557982,-19.556076,16.765633,-8.167238660476606,-35.05024190672009,18.715764585766873
14707,30-08-2026,16,-17.0,test,MJ,-2.522478,-19.301754,17.992647,-5.992955849407747,-47.35510862769429,35.36919692887879,-7.096744,-19.990522,15.123631,-5.1528433053552956,-31.974031800166294,21.668345189455707
14707,30-08-2026,17,-18.0,test,SOS,-8.934593,-21.3871,14.96737,-7.637622878374626,-49.1153327124025,33.84008695565324,-7.7488565,-20.576162,14.239757,-8.125763766747966,-34.762007477401056,18.51047994390513
14707,30-08-2026,18,-20.0,test,RANI,-8.011902,-23.0451,13.205334,-9.830445540776822,-52.90243731441356,33.24154623285992,-10.143588,-22.800138,11.108926,-9.302010670765638,-36.29590173196587,17.69188039043459
14707,30-08-2026,19,-20.0,test,FA,-8.762192,-24.741426,10.552696,-10.346004385855316,-52.60232750317012,31.910318731459483,-10.109175,-22.561333,10.669834,-9.716316872362045,-36.14349823512385,16.710864490399757
14707,30-08-2026,20,-22.0,test,SJWB,-13.26111,-25.014269,8.508298,-11.778262288439397,-54.47799230762723,30.92146773074844,-11.740809,-23.978165,8.385734,-12.281611680740173,-38.38263882523404,13.819415463753689
14707,30-08-2026,21,-21.0,test,PDWA,-9.420399,-23.547651,10.564755,-11.189619822820651,-54.18577974633042,31.806540100689112,-11.147586,-23.270496,8.596553,-10.560221286937015,-36.78168648633941,15.66124391246538
14707,30-08-2026,22,-8.0,test,ABR,1.3203131,-13.115031,14.2953005,1.1091994462556594,-42.326780038019926,44.54517893053124,0.1633239,-12.294735,21.942387,0.8680663902114958,-24.690863952575487,26.42699673299848
14707,30-08-2026,23,-6.0,test,PNU,3.247558,-9.86088,12.799371,7.476613981372333,-30.75468806113622,45.70791602388088,1.1706979,-10.8498,21.932829,3.9083971977963325,-18.78262412459162,26.599418520184287
14707,30-08-2026,24,-6.0,test,UJA,-1.7713617,-14.290241,9.414758,0.8426550329944593,-37.71799465155917,39.40330471754809,1.7584039,-11.81828,25.314919,0.23792457398756356,-23.514008479064454,23.98985762703958
14707,30-08-2026,25,-12.0,test,MSH,-0.6369197,-11.851756,13.183332,7.029761910620261,-27.336720235882478,41.39624405712299,-3.0521283,-17.170187,20.683737,1.0100046982609596,-21.703259611288424,23.723269007810345
14707,30-08-2026,26,-11.0,test,KLL,2.5530148,-12.412278,13.176159,4.6444925015819,-33.370226608003186,42.65921161116699,-3.3927832,-14.942625,15.415078,1.2440316693480928,-21.48566950159296,23.973732840289145
14707,30-08-2026,27,-24.0,test,SBIB,-12.292833,-23.65352,13.597101,-4.301207297159195,-40.2851899626015,31.68277536828311,-13.012215,-26.106026,7.1530266,-9.97808316268929,-34.66266429922448,14.7064979738459
14707,30-08-2026,28,-12.0,test,ADI,-0.3933737,-13.95352,9.783847,3.079480821185216,-29.338656792033348,35.497618434403776,-4.7225432,-17.03285,15.471622,-0.7232514621971508,-21.61172747084049,20.165224546446186
14707,30-08-2026,29,-19.0,test,ND,-8.394544,-19.402729,8.199191,-1.0648973403963975,-34.82352329928661,32.693728618493815,-10.612724,-23.055185,8.564068,-6.789804977961479,-28.679286136557884,15.099676180634924
14707,30-08-2026,30,-26.0,test,ANND,-14.530492,-25.782509,2.425969,-8.659866225924675,-42.11184043168426,24.79210797983492,-17.945913,-29.595428,-1.1082306,-13.790197035946104,-35.14069471313099,7.560300641238783
14707,30-08-2026,31,-33.0,test,BRC,-18.143223,-27.897665,1.7254089,-9.73627963793806,-41.60982673711257,22.13726746123645,-24.271051,-35.303608,-9.463685,-17.494423421323837,-38.11138293481709,3.122536092169412
14707,30-08-2026,32,-21.0,test,BH,-15.149873,-22.9116,2.963093,-6.2197559779472815,-37.18397716007826,24.744465204183705,-12.969207,-23.272816,1.8732204,-11.570731841570872,-31.076874238529097,7.935410555387353
14707,30-08-2026,33,-7.0,test,ST,2.7699084,-10.608758,7.155602,6.580342978740428,-23.97955088389169,37.14023684137255,-1.6487592,-10.984611,13.231759,2.5181514834255765,-15.20888591366528,20.245188880516434
14707,30-08-2026,34,-6.0,test,NVS,-3.816345,-15.026953,7.1802835,-2.510830787000464,-24.959240981836764,19.93757940783584,-0.90213704,-9.660525,13.048652,-2.4299499709511396,-17.98327882665034,13.123378884748064
14707,30-08-2026,35,-14.0,test,BL,-4.89078,-15.772253,6.007669,-2.8226321983134763,-24.401524682061705,18.75626028543476,-7.504753,-16.073368,4.7855053,-5.099158786180157,-19.959613308407853,9.761295736047538
14707,30-08-2026,36,-10.0,test,VAPI,-0.95773387,-13.276085,5.6964817,0.9952478261130402,-17.575219481807817,19.565715134033898,-4.2076316,-11.341581,6.2454104,-1.4144064352654244,-14.181399999309104,11.352587128778254
14707,30-08-2026,37,-23.0,test,PLG,-14.583316,-22.359577,-6.8373494,-10.555696715924128,-28.289726487516944,7.178333055668688,-15.257579,-23.760685,-4.256716,-13.520393015674784,-25.71130944975615,-1.3294765815934166
14707,31-08-2026,0,4.0,test,HMH,-0.83303064,-11.188248,7.813004,7.745867763807773,-24.092731895558995,39.584467423174544,-2.8959222,-16.13468,23.51702,1.2225929828378854,-19.854397226926665,22.299583192602434
14707,31-08-2026,1,-1.0,test,PGK,-4.996731,-15.393546,6.626306,0.952374505431953,-31.79599761100203,33.70074662186594,-7.527964,-21.371881,18.890232,-3.9373020705580686,-25.977412252723557,18.10280811160742
14707,31-08-2026,2,1.0,test,SOG,-2.3865273,-13.922634,7.829153,1.000280270938755,-31.832400030427767,33.832960572305275,-6.3909492,-19.705685,19.084015,-2.6359034310519895,-24.398269189261082,19.126462327157103
14707,31-08-2026,3,-17.0,test,LKS,-22.024693,-32.675682,0.48745593,-16.38518161870981,-48.21061916779115,15.440255930371524,-20.652725,-36.73487,8.226437,-19.766123432222653,-44.35199054835678,4.819743683911472
14707,31-08-2026,4,-13.0,test,LGH,-16.05682,-29.060503,0.26553428,-6.814366055123752,-38.69350980663134,25.06477769638384,-17.258831,-30.000399,4.876997,-13.50283301534364,-35.64535483316513,8.639688802477849
14707,31-08-2026,5,-1.0,test,BKN,-3.4353094,-15.075295,7.033541,4.060882090257215,-27.07667405052273,35.19843823103715,-6.280135,-19.882446,19.03968,-1.9857479744817024,-23.26761858467956,19.296122635716152
14707,31-08-2026,6,5.0,test,DSO,3.2381628,-12.279836,8.663429,8.396599187268562,-23.64197090184434,40.435169276381465,-1.7110617,-15.58479,24.56908,3.240758810892562,-18.345662689874768,24.82718031165989
14707,31-08-2026,7,-8.0,test,NOK,-11.011628,-21.63045,1.3661833,-5.566170381904806,-38.62493800832325,27.49259724451364,-11.110697,-27.29432,18.08268,-9.304295499048695,-32.519994289131326,13.911403291033935
14707,31-08-2026,8,-30.0,test,NGO,-36.104477,-46.680016,-3.7919033,-27.04518136986634,-59.90963489221588,5.819272152483194,-33.608665,-48.83545,-8.151112,-32.37924481081791,-58.342990201738516,-6.415499419897305
14707,31-08-2026,9,-31.0,test,MDW,-35.255497,-46.570076,-2.4034266,-27.396954071566316,-59.54864681466505,4.754738671532422,-35.584118,-49.86712,-12.130976,-32.85332343577767,-58.29662894892457,-7.4100179226307645
14707,31-08-2026,10,-38.0,test,MTD,-39.55023,-45.622402,-5.058639,-28.679004905142683,-62.27050390260297,4.912494092317601,-42.45432,-56.14083,-21.456966,-37.04177217380453,-61.77734053989362,-12.306203807715441
14707,31-08-2026,11,-35.0,test,GOTN,-34.718998,-42.633415,-4.45459,-25.55100192669596,-59.190035678097686,8.08803182470577,-39.552773,-52.4011,-19.738775,-33.396617019566406,-57.359641146031805,-9.433592893101011
14707,31-08-2026,12,-38.0,test,RKB,-42.29956,-48.266254,-5.0976644,-33.4116633933661,-69.21649260117205,2.393165814439854,-41.464928,-53.43907,-23.432241,-39.181560372461995,-64.31893063062996,-14.044190114294022
14707,31-08-2026,13,-36.0,test,JU,-39.45685,-47.142628,-3.3200262,-28.034184766726497,-63.52136128593283,7.452991752479832,-39.257572,-51.118347,-21.358606,-35.74007828113081,-60.84715061943193,-10.633005942829694
14707,31-08-2026,14,-26.0,test,LUNI,-30.436775,-40.531742,-3.5180047,-21.137159637392923,-59.75448074585924,17.48016147107339,-29.480104,-41.866905,-10.272284,-27.14661041789136,-52.38097536942206,-1.9122454663606554
14707,31-08-2026,15,-17.0,test,PMY,-16.941883,-30.082218,0.21471672,-15.964981350014009,-56.71043602523219,24.780473325204177,-20.710773,-33.36398,-0.3687153,-17.88309538650089,-42.84951054619439,7.083319773192606
14707,31-08-2026,16,-1.0,test,MJ,-2.6525946,-19.034203,9.182176,-5.750052877623239,-47.11222808917398,35.6121223339275,-5.929651,-18.883965,16.62147,-4.73233780129651,-29.96402226684372,20.4993466642507
14707,31-08-2026,17,-6.0,test,SOS,-12.023957,-22.881285,2.7928276,-8.477995314715434,-49.95572581487738,32.99973518544651,-10.709057,-24.125988,11.958382,-10.453430904588215,-35.36070380795882,14.453841998782393
14707,31-08-2026,18,-8.0,test,RANI,-12.51806,-23.781801,3.8160791,-10.863666190971156,-53.93567642696663,32.20834404502431,-12.775087,-25.352798,8.035013,-12.074821728245963,-37.39757920122496,13.247935744733029
14707,31-08-2026,19,-7.0,test,FA,-13.585666,-25.111284,3.0842183,-11.084789101909411,-53.34112940814373,31.171551204324903,-11.765728,-24.195942,8.822092,-12.181172259709854,-37.274796429219705,12.912451909799994
14707,31-08-2026,20,-7.0,test,SJWB,-13.453293,-25.028519,1.7173024,-11.803225341096898,-54.502971412638125,30.89652073044433,-11.607184,-23.911654,8.735734,-12.312000410497241,-37.22496009361706,12.600959272622575
14707,31-08-2026,21,-6.0,test,PDWA,-10.14674,-23.44768,3.126526,-11.144448756929036,-54.14062766493413,31.85173015107605,-10.987552,-23.200268,9.031543,-10.745219125822622,-35.65375115248595,14.163312900840705
14707,31-08-2026,22,7.0,test,ABR,0.6826416,-13.0478945,9.004887,1.1268408599764168,-42.3091580029872,44.56283972294003,0.53203326,-12.086901,22.720503,0.7745128657720544,-23.905598322743863,25.45462405428797
14707,31-08-2026,23,8.0,test,PNU,2.9931922,-9.878678,9.00616,7.1083985631394935,-31.12292495649,45.339722082768986,0.62579966,-11.61792,21.781187,3.521024958914998,-18.58817359805969,25.630223515889682
14707,31-08-2026,24,7.0,test,UJA,-1.7472818,-14.424789,8.374276,0.096624426145587,-38.46404383679437,38.65729268908555,-0.44520146,-12.399369,19.889084,-0.724968376739523,-23.465580630569978,22.015643877090934
14707,31-08-2026,25,9.0,test,MSH,1.5661435,-8.748714,9.594586,9.098210823033822,-25.268288000249463,43.46470964631711,1.0261075,-10.895187,21.367453,3.793670788364498,-16.721314749970574,24.30865632669957
14707,31-08-2026,26,8.0,test,KLL,3.7012634,-10.82544,9.59588,6.232230929422389,-31.782504049265,44.24696590810977,-0.18904103,-11.868527,19.382582,3.216326585313833,-18.725748098718206,25.158401269345873
14707,31-08-2026,27,8.0,test,SBIB,1.0323042,-13.023715,8.703587,1.7851233259920964,-34.19887305760249,37.76911970958668,-0.3123603,-12.015165,19.229136,0.8256998351549087,-20.67224408045766,22.323643750767474
14707,31-08-2026,28,-3.0,test,ADI,-9.057567,-18.411047,4.8969736,2.9634261911945576,-29.45472546153652,35.38157784392563,-8.58237,-21.859806,12.619628,-5.057817410991674,-26.212716249205645,16.097081427222296
14707,31-08-2026,29,-5.0,test,ND,-8.575363,-19.09537,3.5449247,-1.560991653386199,-35.31963312112803,32.19764981435564,-11.864966,-23.594215,6.182851,-7.42770243395143,-28.089453488379704,13.234048620476841
14707,31-08-2026,30,-14.0,test,ANND,-16.69402,-27.96593,1.4629784,-9.803410282455676,-43.25539697485351,23.64857640994216,-19.543728,-31.442554,-2.576208,-15.439616397493085,-37.07919209358756,6.1999592986013905
14707,31-08-2026,31,-5.0,test,BRC,-10.0002575,-21.17773,5.6315045,-5.108234071172745,-36.9817938542956,26.765325711950112,-12.363983,-23.786552,5.061119,-9.222947092517977,-29.851195630988936,11.405301445952983
14707,31-08-2026,32,8.0,test,BH,-3.774309,-14.262935,9.616927,-0.9286729088968864,-31.892909393217533,30.03556357542376,-1.424535,-12.4100485,16.598742,-2.083429036958377,-21.89971146168217,17.732853387765413
14707,31-08-2026,33,7.0,test,ST,2.301304,-10.827154,7.155602,6.269698308592386,-24.29020633592461,36.82960295310939,-2.1667168,-11.518758,12.694208,2.0836151232770233,-15.68271504630259,19.84994529285664
14707,31-08-2026,34,4.0,test,NVS,-5.44378,-16.030704,6.721241,-4.403529757225169,-26.85194940894742,18.04488989449708,-4.260009,-12.70595,8.550712,-4.717647930318386,-20.116847729071342,10.681551868434568
14707,31-08-2026,35,-3.0,test,BL,-9.738933,-19.456272,3.328624,-4.399536257461941,-25.97843650524827,17.179363990324383,-10.060567,-18.407682,1.4474211,-8.139513949575798,-23.008242717305137,6.7292148181535385
14707,31-08-2026,36,-4.0,test,VAPI,-10.681696,-21.060064,3.427023,-2.296670335074329,-20.86714413848229,16.273803468333636,-10.464925,-16.985502,-2.138773,-7.929886886267223,-21.2254989147616,5.365725142227156
14707,31-08-2026,37,-13.0,test,PLG,-17.461872,-28.03548,-8.70765,-12.467706170724291,-30.20173890762252,5.266326566173937,-17.501318,-24.875355,-8.58833,-15.878936284124254,-28.203159444811615,-3.554713123436894
14707,31-08-2026,38,-29.0,test,BVI,-29.72231,-33.61368,-11.643826,-25.20328306587229,-31.64840298132549,-18.758163150419094,-27.909084,-36.922817,-16.285023,-27.675080514955688,-37.45328723042384,-17.89687379948754
14709,28-08-2026,1,1.0,test,HMH,-12.437995,-22.116808,4.8051085,-10.975889318599712,-27.559871167321266,5.608092530121837,-13.424904,-21.951725,-0.43193245,-12.29894468472266,-26.53771912981703,1.9398297603717118
14709,28-08-2026,2,0.0,test,HMO,-14.459922,-24.373442,4.620816,-12.226956045673608,-28.660714871079037,4.20680277973182,-14.716196,-24.55809,-0.008922577,-13.83153105165366,-28.927271591306926,1.2642094879996062
14709,28-08-2026,4,-6.0,test,ENB,-16.568102,-26.864815,1.0414145,-16.875361453287926,-31.002697644602208,-2.7480252619736447,-20.110725,-29.66523,-6.9062138,-17.844462112454966,-31.654999200444976,-4.033925024464958
14709,28-08-2026,5,-8.0,test,NHR,-19.77908,-30.969456,2.752694,-20.18525986989128,-40.70406811259793,0.3335483728153718,-21.566895,-30.505745,-9.396874,-20.503459521627114,-37.23272852487521,-3.7741905183790116
14709,28-08-2026,6,-5.0,test,DPLN,-19.016333,-29.363716,1.2196059,-20.70554802812672,-40.33316434868623,-1.0779317075672097,-18.959187,-27.148499,-7.6380653,-19.53717370120076,-35.11509406116206,-3.959253341239462
14709,28-08-2026,7,-5.0,test,GAMI,-17.551798,-29.250309,2.4119585,-19.65527688459899,-39.625847600055735,0.3152938308577582,-19.013956,-27.106781,-7.836073,-18.710303420232723,-34.55848791360228,-2.862118926863168
14709,28-08-2026,8,-3.0,test,TSD,-15.209252,-27.849545,4.747676,-18.06070800035684,-38.69434257371988,2.5729265730062068,-17.397175,-25.36083,-6.2678003,-16.8481653594281,-33.05856839413474,-0.6377623247214679
14709,28-08-2026,9,-3.0,test,AUS,-15.008356,-27.48212,2.9282572,-18.37253011447702,-38.95811761930493,2.2130573903508903,-17.545977,-25.558767,-6.508027,-16.927424290022312,-32.71495927482472,-1.1398893052199046
14709,28-08-2026,10,-3.0,test,SDMK,-16.259674,-27.702469,3.6297805,-18.145460345428077,-39.16391156756656,2.872990876710414,-17.472332,-25.226233,-6.839983,-17.2656325708476,-33.25075398712309,-1.280511154572114
14709,28-08-2026,11,2.0,test,SDLP,-12.809404,-22.784279,4.796868,-9.671510183306705,-23.88862086035642,4.545600493743013,-14.598671,-24.025642,-0.80873394,-12.401638072728403,-26.262880795153766,1.45960464969696
14709,28-08-2026,12,-2.0,test,RMB,-17.031658,-26.065933,1.3603443,-14.86949196746779,-29.63980101817373,-0.0991829167618423,-17.210281,-26.67955,-3.9353027,-16.400069275456133,-30.33613670012679,-2.4640018507854755
14709,28-08-2026,13,1.0,test,LHU,-13.301491,-22.408373,5.1256037,-9.866124020034285,-23.951319798139345,4.219071758070781,-14.929621,-22.946701,-3.912076,-12.745068387354305,-25.823210820588805,0.3330740458801955
14709,28-08-2026,14,2.0,test,SRGH,-12.877109,-22.01368,5.152134,-9.988369494032993,-23.631755708948027,3.655016720882044,-14.247821,-22.125948,-3.137289,-12.409770511774052,-25.264398549287815,0.44485752573971027
14709,28-08-2026,15,2.0,test,CRWA,-13.695422,-22.295103,4.629848,-10.214283422695177,-24.253301296643023,3.8247344512526738,-14.481252,-22.394863,-3.2949104,-12.84424904122436,-25.80708167989483,0.11858359744610958
14709,28-08-2026,16,2.0,test,RSH,-15.046539,-23.463793,2.7182074,-12.500250581295116,-25.834656578989826,0.834155416399593,-14.591744,-22.417253,-3.6545334,-14.081536100750046,-26.613369067654034,-1.549703133846057
14709,28-08-2026,17,-16.0,test,JJN,-24.712477,-36.103577,-6.432768,-22.4195774006061,-35.849291449028065,-8.98986335218414,-30.429241,-40.331226,-16.790592,-25.880919461648524,-39.91607729491337,-11.845761628383675
14709,28-08-2026,18,-14.0,test,NUA,-22.51303,-34.890915,-4.7403083,-24.01874763543053,-37.55942702589747,-10.478068244963596,-29.031292,-38.457592,-16.217003,-25.162001806077527,-39.09503028253289,-11.228973329622166
14709,28-08-2026,19,-14.0,test,DOB,-22.685585,-34.547325,-4.9867306,-23.130148379486126,-36.98945025738318,-9.270846501589071,-26.802824,-35.308575,-15.362832,-24.196924423850014,-37.728446081694145,-10.665402766005887
14709,28-08-2026,20,-11.0,test,NWH,-22.64302,-33.58777,-3.0705786,-21.87828954405204,-35.34995293558418,-8.406626152519907,-24.770458,-32.989944,-13.818979,-23.106143543443565,-36.5470068164275,-9.665280270459636
14709,28-08-2026,21,-8.0,test,SIKR,-21.553411,-31.159595,-2.4067872,-20.449226686441254,-34.36374366876777,-6.534709704114743,-23.431992,-31.89719,-12.288872,-21.825288597590532,-35.16890647639583,-8.481670718785228
14709,28-08-2026,22,-2.0,test,PLSN,-16.973072,-24.378162,0.34906924,-14.059263424065945,-28.304504841900773,0.1859779937688852,-19.139885,-27.363567,-8.242532,-16.76247999787336,-29.396846883197846,-4.128113112548876
14709,28-08-2026,23,0.0,test,RGS,-19.321495,-25.704515,-1.880576,-15.562439918684284,-30.146690785659693,-0.9781890517088794,-17.999943,-26.354214,-6.8302746,-17.680655473244382,-30.334168590807856,-5.02714235568091
14709,28-08-2026,24,-17.0,test,GND,-24.245121,-31.021978,-7.6629276,-21.58365352587309,-34.698538134552905,-8.468768917193271,-33.23152,-43.82332,-18.793785,-26.383152923508895,-39.41997187885946,-13.346333968158337
14709,28-08-2026,25,-16.0,test,COM,-23.68991,-31.171474,-7.6573815,-23.626756507881584,-31.990655539578764,-15.262857476184404,-28.354017,-36.957848,-16.77623,-25.220862461545558,-35.84530158945162,-14.596423333639493
14709,28-08-2026,26,-19.0,test,DKBJ,-29.033104,-35.142452,-12.768531,-29.35827735025876,-35.55731493354224,-23.159239766975283,-30.77534,-40.23291,-18.077953,-29.716437012946713,-39.75075271922032,-19.682121306673103
14709,29-08-2026,1,-20.0,test,HMH,-12.373158,-22.143526,4.852293,-10.603162038851112,-27.18714388757266,5.980819809870438,-11.458401,-20.921818,3.3103266,-11.503276656610796,-26.22911974523685,3.222566432015258
14709,29-08-2026,2,-22.0,test,HMO,-14.334691,-24.439161,4.65037,-12.132411925587558,-28.566170750992985,4.301346899817869,-14.525679,-23.90913,-0.6577797,-13.694395009432895,-28.58093740206438,1.192147383198586
14709,29-08-2026,4,-20.0,test,ENB,-14.42954,-23.392862,1.6611876,-13.984164252081689,-28.11150044339597,0.1431719392325927,-13.318974,-22.47974,-0.0034894943,-13.917865829235197,-27.158167227881542,-0.6775644305888502
14709,29-08-2026,5,-20.0,test,NHR,-13.724273,-24.975136,3.4720736,-16.416836622694074,-36.935644865400725,4.101971620012577,-12.934528,-21.451286,-0.3956251,-14.32212821634581,-30.078796953936823,1.4345405212452036
14709,29-08-2026,6,-20.0,test,DPLN,-16.04677,-26.902225,1.8313661,-17.761727659058273,-37.38934397961778,1.8658886615012376,-13.102839,-21.39264,-0.8542671,-15.615783732787788,-31.035382797070973,-0.19618466850460514
14709,29-08-2026,7,-20.0,test,GAMI,-14.652356,-26.166262,2.9977083,-17.014136869387855,-36.9847075848446,2.9564338460688937,-13.293588,-21.512074,-1.3363428,-14.955259272849801,-30.50522029653432,0.5947017508347141
14709,29-08-2026,8,-21.0,test,TSD,-12.213275,-26.275202,4.97544,-16.450166658795006,-37.08380123215805,4.183467914568038,-14.109007,-22.345793,-2.066249,-14.197777537977899,-30.369431854882947,1.9738767789271492
14709,29-08-2026,9,-21.0,test,AUS,-13.3717,-25.811054,3.1318622,-16.92530846403697,-37.51089596886488,3.66027904079094,-14.416688,-22.52392,-2.7627468,-14.85490563976655,-30.498493390279062,0.7886821107459632
14709,29-08-2026,10,-20.0,test,SDMK,-12.918136,-25.791332,4.0296044,-16.381165931112164,-37.39961715325065,4.637285291026323,-13.657457,-21.793076,-1.8063745,-14.270738982820898,-30.259300741288403,1.7178227756466065
14709,29-08-2026,11,-21.0,test,SDLP,-12.764269,-22.801634,5.0039926,-9.965938843141783,-24.183049520191503,4.2511718339079305,-15.83425,-25.354942,-2.0365047,-12.890947293446825,-26.810911342670202,1.0290167557765528
14709,29-08-2026,12,-28.0,test,RMB,-18.358175,-28.236956,0.8957186,-16.367226988546573,-31.13753603925252,-1.596917937840626,-20.776644,-29.586575,-9.102807,-18.526207102855935,-32.3792206154728,-4.673193590239066
14709,29-08-2026,13,-22.0,test,LHU,-13.331853,-22.403364,5.154734,-10.39663738818112,-24.481833166286187,3.6885583899239434,-15.690458,-23.694561,-4.7652016,-13.178203644081822,-26.24237189570423,-0.11403539245941197
14709,29-08-2026,14,-23.0,test,SRGH,-13.347886,-21.996557,5.0950255,-11.049983295084008,-24.693369509999044,2.5934029198310267,-16.644205,-24.562357,-5.8366165,-13.709765672167137,-26.504932377239108,-0.9145989670951664
14709,29-08-2026,15,-24.0,test,CRWA,-13.819124,-22.330765,4.4292436,-11.668417850140484,-25.70743572408833,2.370600023807365,-17.584755,-25.486258,-6.8999357,-14.38412370859215,-27.22715548493741,-1.5410919322468892
14709,29-08-2026,16,-34.0,test,RSH,-18.110672,-31.730543,0.53515136,-17.314018120778613,-30.64842411847332,-3.979612123083905,-27.915274,-37.776096,-14.459619,-21.11677661776033,-35.55469321483784,-6.678860020682819
14709,29-08-2026,17,-36.0,test,JJN,-22.413404,-34.262405,-4.28749,-22.489543709134583,-35.919257757556544,-9.05982966071262,-26.83179,-35.563343,-15.127224,-23.90715322824765,-37.45580329001156,-10.358503166483741
14709,29-08-2026,18,-34.0,test,NUA,-23.158897,-34.44558,-4.590769,-23.29574788359592,-36.836427274062856,-9.755068493128984,-25.140114,-33.45485,-14.061885,-23.86152277801917,-37.243342186503384,-10.479703369534956
14709,29-08-2026,19,-35.0,test,DOB,-22.632656,-34.266056,-4.724295,-22.60215967512237,-36.46146155301942,-8.742857797225316,-25.866966,-34.09491,-14.832992,-23.698539649620642,-37.10722714035424,-10.289852158887042
14709,29-08-2026,20,-35.0,test,NWH,-22.37541,-33.795837,-4.504973,-22.39837206186975,-35.87003545340188,-8.926708670337616,-26.294258,-34.75287,-14.9586525,-23.686033889478086,-37.01176413912739,-10.360303639828778
14709,29-08-2026,21,-32.0,test,SIKR,-20.976635,-31.552183,-3.727203,-21.18450830599221,-35.09902528831873,-7.269991323665703,-24.978304,-33.592773,-13.577707,-22.373897176900712,-35.61909268505198,-9.128701668749443
14709,29-08-2026,22,-25.0,test,PLSN,-16.81648,-25.014679,0.25909665,-14.458624051709052,-28.70386546954388,-0.2133826338742253,-20.236874,-28.656883,-9.091735,-17.200463032721373,-30.01218134185772,-4.388744723585029
14709,29-08-2026,23,-25.0,test,RGS,-19.38391,-26.269932,-2.1163208,-16.62412715667314,-31.208378023648542,-2.039876289697734,-20.614225,-30.026474,-7.7731686,-18.911092338475683,-32.10135338408956,-5.720831292861805
14709,29-08-2026,24,-27.0,test,GND,-19.140493,-26.78008,-1.9460192,-17.669263272738775,-30.78414788141859,-4.554378664058957,-21.737791,-31.05036,-9.209714,-19.534091518845457,-32.283501746227756,-6.784681291463162
14709,29-08-2026,25,-27.0,test,COM,-21.189423,-27.091957,-3.8211987,-19.364069947193208,-27.727968978890388,-11.000170915496028,-21.764776,-31.055214,-9.305551,-20.797414148511404,-31.6511938587742,-9.943634438248607
14709,29-08-2026,26,-31.0,test,DKBJ,-27.065002,-32.377018,-9.060482,-25.45647629196489,-31.655513875248367,-19.257438708681413,-25.354565,-35.131943,-12.449732,-25.982105782691484,-36.28061963530601,-15.683591930076956
14709,30-08-2026,1,-5.0,test,HMH,-12.425176,-22.165,4.823716,-10.975889318599712,-27.559871167321266,5.608092530121837,-13.073982,-22.411037,1.1839895,-12.177780005077551,-26.79108608688624,2.435526076731138
14709,30-08-2026,2,-6.0,test,HMO,-14.386708,-24.408659,5.1187825,-12.226956045673608,-28.660714871079037,4.20680277973182,-14.579213,-24.020674,-0.6072531,-13.76050749218621,-28.755318402448495,1.2343034180760721
14709,30-08-2026,4,-4.0,test,ENB,-14.481557,-23.427753,1.6555712,-13.976531233989313,-28.10386742530359,0.1508049573249703,-13.342931,-22.59225,0.08742142,-13.941487779665767,-27.22265229109855,-0.6603232682329825
14709,30-08-2026,5,-23.0,test,NHR,-30.811422,-39.108646,-4.296356,-23.24715542317193,-43.76596366587858,-2.7283471804652777,-32.838783,-43.748127,-17.54235,-29.068241868662657,-46.886504368300024,-11.24997936902529
14709,30-08-2026,6,-19.0,test,DPLN,-26.014387,-34.907337,-4.551889,-23.869277254224027,-43.49689357478354,-4.241660933664516,-28.915716,-39.21048,-14.431007,-26.29373556750309,-42.750007877592225,-9.837463257413958
14709,30-08-2026,7,-19.0,test,GAMI,-26.267086,-34.75334,-3.75937,-22.796388870165774,-42.76695958562253,-2.825818154709029,-27.828447,-37.26225,-14.766238,-25.677167176419474,-41.96644034922625,-9.387894003612697
14709,30-08-2026,8,-19.0,test,TSD,-24.783108,-34.509773,-2.4806962,-21.806692344502164,-42.44032691786521,-1.1730577711391206,-27.071974,-35.899563,-14.90292,-24.593098781918595,-41.032115299219384,-8.154082264617806
14709,30-08-2026,9,-19.0,test,AUS,-26.939812,-34.439667,-3.1689355,-22.185947046642944,-42.77153455147085,-1.6003595418150347,-25.135954,-33.236168,-14.157675,-24.82064760364741,-40.770146162798,-8.871149044496821
14709,30-08-2026,10,-19.0,test,SDMK,-27.507698,-35.27322,-3.5286932,-21.941481120235142,-42.959932342373634,-0.9230298980966544,-25.550247,-33.67248,-14.478345,-25.077838932472012,-41.279305947646776,-8.876371917297245
14709,30-08-2026,11,-5.0,test,SDLP,-12.816286,-22.867617,5.168787,-10.221741007057032,-24.438851684106748,3.995369669992684,-15.836554,-25.247478,-2.2796726,-12.991557738931728,-26.89244656832919,0.9093310904657326
14709,30-08-2026,12,-12.0,test,RMB,-18.410192,-28.236956,0.923815,-16.24286208476054,-31.01317113546649,-1.4725530340545916,-20.759172,-29.539158,-9.140165,-18.498745457830562,-32.34208834955152,-4.655402566109611
14709,30-08-2026,13,-5.0,test,LHU,-13.28867,-22.455055,5.3655467,-9.960758614123703,-24.045954392228765,4.12443716398136,-14.935724,-22.961916,-3.8919296,-12.772881975642623,-25.90954192674531,0.36377797546006363
14709,30-08-2026,14,-5.0,test,SRGH,-13.344657,-21.982954,5.2581267,-10.274306508256752,-23.917692723171783,3.369079706658283,-15.09169,-23.272297,-3.5968199,-12.944431121369798,-25.93272176861371,0.04385952587411701
14709,30-08-2026,15,-8.0,test,CRWA,-13.847982,-22.330765,4.6124816,-11.504252755605355,-25.54327062955321,2.5347651183424915,-18.24354,-27.078388,-6.1188087,-14.56078857283379,-27.851650363984845,-1.2699267816827362
14709,30-08-2026,16,-12.0,test,RSH,-17.220589,-27.010956,2.4005368,-15.312454673354797,-28.646860671049502,-1.9780486756600872,-20.722641,-28.816017,-10.049078,-17.775452634871307,-30.897792355838256,-4.653112913904357
14709,30-08-2026,17,-6.0,test,JJN,-17.308424,-25.308016,-2.7985554,-17.553670945302734,-30.983384993724695,-4.123956896880772,-16.373285,-24.372395,-5.536914,-17.075803117960994,-28.98164257401752,-5.169963661904468
14709,30-08-2026,18,-6.0,test,NUA,-19.700438,-27.266422,-3.6754718,-18.57030474764293,-32.11098413810987,-5.029625357175991,-16.859636,-25.034899,-5.649707,-18.394504388517326,-30.631060090558993,-6.15794868647566
14709,30-08-2026,19,-8.0,test,DOB,-20.252827,-27.335587,-2.3019366,-18.286387821648677,-32.14568969954573,-4.427085943751621,-19.2419,-28.04674,-7.2895823,-19.28818248051101,-32.134665192610136,-6.441699768411887
14709,30-08-2026,20,-8.0,test,NWH,-20.154234,-27.239576,-2.0657635,-18.202870871470324,-31.674534263002457,-4.73120747993819,-19.0258,-27.543797,-7.4974375,-19.155328408633324,-31.773226132542206,-6.537430684724443
14709,30-08-2026,21,-5.0,test,SIKR,-19.283453,-27.416424,-1.2317895,-17.04336285499122,-30.95787983731773,-3.1288458726647086,-16.897194,-26.249908,-3.614521,-17.77396191422733,-31.177101533802016,-4.3708222946526405
14709,30-08-2026,22,-22.0,test,PLSN,-24.145983,-31.868385,-5.171426,-18.80645464779032,-33.05169606562515,-4.561213229955493,-31.80209,-42.042393,-17.793983,-24.985736922559504,-38.8750475034787,-11.09642634164031
14709,30-08-2026,23,-25.0,test,RGS,-23.754635,-35.219303,-8.328454,-22.731441365015225,-37.315692231990624,-8.147190498039816,-32.018394,-41.5055,-19.13105,-26.175905275759305,-39.887192480421966,-12.464618071096647
14709,30-08-2026,24,-24.0,test,GND,-23.791904,-31.317974,-6.9106717,-22.84256492459383,-35.957449533273646,-9.727680315914013,-29.277996,-37.896263,-17.562464,-25.313012312424462,-37.72139467545917,-12.904629949389749
14709,30-08-2026,25,-27.0,test,COM,-26.102896,-33.489487,-7.344247,-25.2914590931589,-33.65535812485608,-16.92756006146172,-30.907831,-39.672794,-18.822166,-27.441544209582847,-38.66329175118629,-16.219796667979406
14709,30-08-2026,26,-31.0,test,DKBJ,-30.739258,-36.507988,-12.823765,-31.50626586423462,-37.7053034475181,-25.307228280951144,-34.20595,-44.122154,-20.626347,-32.13729396861824,-42.645007469421714,-21.629580467814762
14709,31-08-2026,1,-13.0,test,HMH,-12.49391,-23.619888,4.4147677,-13.212252997091314,-29.79622136174121,3.371715367558581,-18.613125,-27.78895,-5.452115,-14.758539189850922,-29.34317197096393,-0.17390640873791519
14709,31-08-2026,2,-16.0,test,HMO,-17.491606,-28.72617,4.0787797,-15.019303542157374,-31.45304882104234,1.4144417367275928,-21.906452,-31.631866,-8.404476,-18.169737246024884,-33.730601597654555,-2.6088728943952155
14709,31-08-2026,4,-28.0,test,ENB,-28.415283,-39.0402,-7.62353,-22.04403010837,-36.171350760517406,-7.916709456222593,-32.61702,-43.137814,-18.222908,-27.77649971738093,-42.60452349769303,-12.948475937068828
14709,31-08-2026,5,-33.0,test,NHR,-36.99175,-43.796818,-9.487182,-26.551852042920277,-47.07065072494365,-6.033053360896897,-35.819458,-45.865623,-21.823631,-33.26546087410952,-50.614131880239455,-15.916789867979585
14709,31-08-2026,6,-33.0,test,DPLN,-36.927006,-43.811043,-11.085157,-27.97919661804125,-47.60680368255622,-8.351589553526278,-34.088955,-42.932323,-21.471743,-33.12358507626004,-49.43327008083678,-16.81390007168331
14709,31-08-2026,7,-30.0,test,GAMI,-35.531914,-42.993767,-9.474262,-26.172597747706355,-46.14316046284503,-6.202035032567682,-31.76314,-40.32145,-19.715157,-31.287452973517468,-47.70799470237256,-14.866911244662372
14709,31-08-2026,8,-30.0,test,TSD,-34.002274,-42.398594,-8.215845,-25.11220584483754,-45.74583336198616,-4.478578327688922,-31.491495,-39.945683,-19.5669,-30.326146607435863,-47.05058705338017,-13.60170616149156
14709,31-08-2026,9,-30.0,test,AUS,-36.65804,-43.628967,-9.39082,-25.49857390800681,-46.08415481495507,-4.912993001058563,-31.220394,-39.7416,-19.283833,-31.283266010417776,-48.01549106728932,-14.551040953546234
14709,31-08-2026,10,-30.0,test,SDMK,-37.508175,-44.703743,-9.125004,-25.26689676557014,-46.28534193988424,-4.2484515912560425,-32.787502,-41.444958,-20.498835,-32.02611410473715,-49.23367755679846,-14.818550652675832
14709,31-08-2026,11,-7.0,test,SDLP,-11.176013,-22.644867,4.884305,-10.351957575602562,-24.569058807839266,3.865143656634137,-15.982488,-25.31602,-2.6212263,-12.511140692059474,-26.271728190660596,1.2494468065416502
14709,31-08-2026,12,-12.0,test,RMB,-16.264786,-27.104183,1.4478297,-15.44559300766966,-30.215893856309307,-0.6752921590300129,-19.394293,-28.149698,-7.724266,-17.043760834111023,-30.780545713702367,-3.3069759545196806
14709,31-08-2026,13,-11.0,test,LHU,-13.410932,-22.756199,5.1096487,-11.198442404755037,-25.283630812863294,2.8867460033532204,-18.060162,-26.100365,-7.3330946,-14.250043959910965,-27.342110508808148,-1.1579774110137837
14709,31-08-2026,14,-12.0,test,SRGH,-13.285157,-23.73285,5.0425105,-12.11640869737192,-25.75978823961448,1.5269708448706378,-19.069988,-27.181892,-8.212794,-14.835496885432551,-27.98064281997567,-1.6903509508894299
14709,31-08-2026,15,-16.0,test,CRWA,-17.7354,-27.208809,4.119763,-13.735498564075307,-27.774510604285872,0.3035134761352527,-22.75673,-31.44185,-11.28177,-18.127032948039954,-32.07914974280937,-4.1749161532705354
14709,31-08-2026,16,-19.0,test,RSH,-16.877565,-30.954243,1.1412972,-17.274678735153245,-30.60907915973601,-3.940278310570477,-23.999096,-32.10086,-13.256344,-19.372873315972313,-32.99891685545692,-5.746829776487708
14709,31-08-2026,17,-26.0,test,JJN,-24.757366,-34.345184,-7.571129,-23.74029535616392,-37.17000436033924,-10.310586351988592,-29.73889,-38.78555,-17.52636,-26.089024957241755,-39.196839075079524,-12.981210839403985
14709,31-08-2026,18,-28.0,test,NUA,-26.46399,-38.685272,-9.110698,-26.046038953214847,-39.58671379689663,-12.505364109533067,-30.307898,-39.010803,-18.34377,-27.60878254039351,-41.161873874876505,-14.055691205910511
14709,31-08-2026,19,-28.0,test,DOB,-27.849688,-38.514656,-9.663333,-25.312264977519497,-39.17156282540628,-11.45296712963272,-30.309752,-38.936813,-18.408823,-27.856908761466777,-41.36056133628911,-14.353256186644447
14709,31-08-2026,20,-29.0,test,NWH,-28.055964,-38.820324,-9.267649,-25.40101169269065,-38.872671354034985,-11.929352031346314,-31.299387,-40.11367,-19.10507,-28.286144877478307,-41.87171516024385,-14.700574594712764
14709,31-08-2026,21,-32.0,test,SIKR,-29.605175,-35.238937,-11.016765,-26.322212077483236,-40.2367258698586,-12.407698285107871,-33.85998,-43.31701,-20.764786,-29.97100773652831,-43.0012411580779,-16.940774314978718
14709,31-08-2026,22,-26.0,test,PLSN,-24.116114,-32.19707,-5.846948,-20.10567610724002,-34.35091526101355,-5.860436953466488,-29.750608,-38.474224,-17.86296,-24.708298728657585,-37.89922897022066,-11.517368487094506
14709,31-08-2026,23,-27.0,test,RGS,-23.958519,-35.205048,-8.598672,-22.62176987627963,-37.20601936438632,-8.037520388172934,-30.744501,-39.70098,-18.522522,-25.78811988803723,-39.238637763157804,-12.337602012916655
14709,31-08-2026,24,-26.0,test,GND,-23.881498,-31.220644,-7.8652744,-22.67072310084901,-35.78560686559032,-9.5558393361077,-29.088392,-37.63124,-17.461393,-25.22620319964448,-37.413855509363735,-13.038550889925226
14709,31-08-2026,25,-25.0,test,COM,-23.87486,-30.940056,-7.9455156,-23.905900325098187,-32.26979868725991,-15.542001962936473,-28.522842,-36.97284,-17.050903,-25.43055260650016,-35.914770971086696,-14.946334241913622
14715,28-08-2026,0,-8.0,test,HSR,-16.4754,-28.547302,3.1608677,-12.35810280221033,-25.196731944923307,0.4805263405026441,-20.611101,-33.45783,-2.6201248,-16.53498282063606,-32.01791497137525,-1.0520506698968735
14715,28-08-2026,1,-9.0,test,STD,-18.272406,-29.832245,2.9657815,-14.936833772320284,-29.8124982679469,-0.0611692766936666,-21.214039,-34.239887,-3.0697002,-18.184705952967278,-34.60827214238423,-1.7611397635503252
14715,28-08-2026,2,-11.0,test,HNS,-20.28556,-34.059807,1.6170905,-17.867083899662816,-33.481166882098705,-2.253000917226931,-22.815119,-35.726463,-5.117977,-20.3539061154228,-37.452925623487275,-3.2548866073583262
14715,28-08-2026,4,-13.0,test,JKZ,-23.66568,-34.015076,-2.623495,-19.34085331859077,-33.90712946219976,-4.774577174981783,-24.454313,-37.192764,-7.1864567,-22.54581022762849,-38.405500411337975,-6.686120043919004
14715,28-08-2026,5,-14.0,test,BWK,-24.299404,-35.735344,-6.0925784,-21.91630516978172,-34.39562321611838,-9.436987123445064,-25.454313,-38.079212,-8.462637,-23.9218907618568,-38.69385974845288,-9.14992177526072
14715,28-08-2026,6,-8.0,test,BNW,-21.094952,-31.067537,-1.9652797,-17.551895941122662,-30.454793400038557,-4.648998482206769,-21.157192,-33.829563,-3.8061256,-19.98334794524794,-34.86978438983449,-5.0969115006613865
14715,28-08-2026,7,-9.0,test,MHU,-21.536572,-33.595768,-3.3125,-19.78187016057217,-35.28544625712239,-4.278294064021953,-22.157772,-34.780518,-5.036373,-21.182389398017865,-37.108429388549986,-5.256349407485741
14715,28-08-2026,8,-9.0,test,CKD,-20.684158,-33.044674,-3.7740045,-19.77731423302458,-36.22007485984362,-3.3345536062055423,-22.381655,-34.875854,-5.5386906,-20.95887958546699,-36.944095932840774,-4.973663238093204
14715,28-08-2026,9,-9.0,test,JRL,-20.564825,-33.644653,-3.7004094,-19.65485964685662,-36.30480907104615,-3.004910222667096,-22.35584,-34.817337,-5.595186,-20.86965012270958,-37.0273184928568,-4.711981752562359
14715,28-08-2026,10,-8.0,test,SDRA,-19.989632,-32.8553,-2.1111975,-18.969558529748063,-35.83045046555424,-2.1086665939418907,-21.948097,-34.37063,-5.2318993,-20.31495696168063,-36.674915030919806,-3.9549988924414485
14715,28-08-2026,11,-8.0,test,KSI,-18.573568,-33.224365,-0.67235035,-18.311305384592927,-35.66960659777156,-0.953004171414289,-21.931923,-34.350967,-5.224415,-19.60663637620881,-36.461541179496635,-2.7517315729209884
14715,28-08-2026,13,-5.0,test,JTS,-17.489304,-27.17898,2.3095176,-15.677988251782764,-31.837172727188623,0.4811962236230975,-20.41055,-32.829037,-3.6407967,-17.881951470793027,-33.78578820332433,-1.9781147382617235
14715,28-08-2026,14,-5.0,test,KGBS,-18.194681,-26.586454,3.1457038,-15.84382369913903,-31.77634043889803,0.0886930406199688,-20.68181,-33.105736,-3.9148178,-18.27052610106052,-34.143266338180645,-2.39778586394039
14715,28-08-2026,15,-6.0,test,RE,-19.152552,-28.742817,-0.88743013,-16.88740492935087,-29.53131568316864,-4.243494175533103,-21.722244,-34.026634,-5.38888,-19.283246554345247,-33.613134898898416,-4.9533582097920785
14715,28-08-2026,16,-47.0,test,BWL,-48.4998,-60.264645,-28.463413,-44.34225529195777,-60.23058753876973,-28.453923045145807,-54.451614,-68.46587,-35.311813,-49.15050243337068,-66.07822846000755,-32.222776406733814
14715,28-08-2026,18,-49.0,test,AIA,-51.330746,-61.209133,-31.989567,-51.81025710352508,-66.10225582937179,-37.51825837767836,-56.72875,-70.70783,-37.297874,-53.279196304263905,-69.24446758775308,-37.31392502077473
14715,28-08-2026,20,-60.0,test,HSI,-62.88074,-68.66507,-37.508976,-58.52903130573655,-71.77818780175221,-45.279874809720894,-63.489616,-78.702515,-42.041187,-61.69249764889164,-78.22916320426238,-45.1558320935209
14715,28-08-2026,21,-45.0,test,KRH,-45.54813,-55.11518,-24.162275,-42.147981264648976,-55.31159952514649,-28.984363004151465,-51.208244,-64.38448,-33.223022,-46.34387362880894,-61.8544603549356,-30.83328690268229
14715,28-08-2026,23,-49.0,test,PSL,-48.150475,-55.332176,-28.840212,-46.07815645459907,-59.33930770271587,-32.817005206482264,-53.075275,-66.40337,-34.70829,-49.12602926351903,-63.9478567848212,-34.30420174221686
14715,28-08-2026,24,-53.0,test,AWR,-56.839306,-59.415783,-31.145834,-50.78200422862642,-64.33753626938459,-37.226472187868254,-56.57882,-70.411,-37.32303,-54.816861369539915,-70.30536436373133,-39.3283583753485
14715,28-08-2026,25,-53.0,test,MWW,-59.392315,-61.510914,-33.374092,-51.32476537103453,-65.19723124285558,-37.45229949921348,-55.901863,-69.364944,-37.045414,-55.65324273093075,-71.08961684982071,-40.21686861204078
14715,28-08-2026,26,-52.0,test,MKH,-54.34595,-58.61115,-31.318617,-49.88538871925371,-63.90287180297335,-35.86790563553407,-55.33996,-68.670204,-36.664505,-53.25100358676488,-68.5270615917621,-37.974945581767656
14715,28-08-2026,27,-59.0,test,DGW,-61.317513,-67.04009,-36.123047,-54.21822334193136,-68.92217735184035,-39.514269332022366,-62.907536,-77.847336,-41.806694,-59.57748706983326,-76.45030240192844,-42.70467173773808
14715,28-08-2026,28,-77.0,test,RHG,-72.03401,-75.12567,-41.370182,-61.84198487175895,-79.49016238356955,-44.19380735994834,-75.41117,-91.54621,-51.75595,-69.89994164501759,-88.93376383635129,-50.86611945368389
14715,28-08-2026,30,-78.0,test,BU,-74.33639,-78.72641,-43.57107,-71.09722567348625,-91.00736411203042,-51.18708723494208,-75.91849,-92.03864,-52.21386,-73.82736243571597,-93.8818830438578,-53.77284182757414
14715,28-08-2026,32,-76.0,test,BKI,-74.809425,-79.790634,-41.609604,-72.93124972452392,-92.70363546758917,-53.15886398145869,-73.10185,-88.63816,-50.298332,-73.6413049754939,-93.94288216148914,-53.33972778949866
14715,28-08-2026,33,-75.0,test,ARNA,-77.95142,-82.24777,-44.58097,-77.1277486125509,-90.32164799849528,-63.93384922660652,-74.51303,-90.35062,-51.237843,-76.54468764550934,-94.67981568502476,-58.40955960599392
14715,28-08-2026,35,-81.0,test,DO,-77.87943,-80.05303,-43.40073,-81.32984016856986,-89.79329457800738,-72.86638575913234,-74.73556,-90.83702,-51.198586,-77.93657272078848,-94.39084965686055,-61.4822957847164
14715,28-08-2026,37,-70.0,test,BAI,-72.091515,-72.21785,-44.37154,-71.17814414934409,-76.60471469645702,-65.75157360223116,-67.00086,-81.728806,-45.679024,-70.10662478384421,-83.30711255151286,-56.90613701617556
14715,28-08-2026,38,-67.0,test,KWP,-67.9687,-69.51135,-43.18506,-67.4467490599396,-72.95976422400702,-61.93373389587219,-65.038925,-79.49608,-44.20112,-66.82754194763987,-79.64766042131225,-54.00742347396749
14715,28-08-2026,39,-45.0,test,GTJT,-41.76066,-49.480785,-27.765074,-44.51229012920169,-50.65353560818252,-38.37104465022086,-52.027023,-64.9024,-34.180862,-46.05430569173315,-57.444738254804555,-34.66387312866174
14715,28-08-2026,40,-35.0,test,GADJ,-35.198414,-49.184708,-21.489254,-35.63227416618203,-41.162575431003305,-30.101972901360757,-43.520718,-55.839584,-27.245707,-38.104805210638105,-50.01076209622242,-26.198848325053785
14715,29-08-2026,0,-47.0,test,HSR,-62.605877,-77.86404,-21.261091,-65.28537652651156,-78.12400458193169,-52.44674847109143,-123.39469,-148.03743,-86.315285,-83.6786487432355,-109.10024276644167,-58.25705472002933
14715,29-08-2026,1,-49.0,test,STD,-68.134476,-82.096405,-21.773977,-68.17902442341385,-83.05468802656091,-53.30336082026679,-123.99202,-148.78581,-86.738335,-86.72517523462136,-113.56637643254534,-59.88397403669738
14715,29-08-2026,2,-51.0,test,HNS,-65.502144,-78.57079,-22.084393,-71.17585301780723,-86.78993524776499,-55.56177078784947,-124.8064,-149.76396,-87.32327,-87.03809945796624,-113.49520515844746,-60.58099375748502
14715,29-08-2026,4,-51.0,test,JKZ,-66.86999,-78.75319,-23.274843,-72.04539672646348,-86.61167212660231,-57.479121326324645,-125.031334,-150.03165,-87.49271,-87.86659956204485,-113.8051642944044,-61.9280348296853
14715,29-08-2026,5,-52.0,test,BWK,-68.11979,-75.39805,-29.096127,-74.47281918226977,-86.95213641660803,-61.99350194793151,-126.02208,-151.21147,-88.190155,-89.40659534316933,-113.05327724085595,-65.75991344548271
14715,29-08-2026,6,-59.0,test,BNW,-64.425446,-75.281784,-25.312515,-74.50686350685284,-87.40976019611898,-61.60396681758669,-133.06668,-159.72244,-92.97304,-90.47521865295784,-115.58468701465127,-65.3657502912644
14715,29-08-2026,7,-62.0,test,MHU,-64.54392,-80.035805,-28.572409,-77.95291561586879,-93.45649110650224,-62.44934012523535,-133.19983,-159.80396,-93.26076,-91.66201330011373,-117.88102839854145,-65.44299820168601
14715,29-08-2026,8,-64.0,test,CKD,-61.40652,-76.394424,-29.25492,-78.75559300525505,-95.1983530930032,-62.312832917506896,-134.3486,-161.18193,-94.07718,-91.20924331642328,-117.05183037267449,-65.36665626017208
14715,29-08-2026,9,-64.0,test,JRL,-65.60016,-78.64023,-29.283104,-78.71176967118787,-95.36171859130746,-62.06182075106826,-134.1512,-160.98866,-93.91064,-92.58833712285357,-118.90076428688516,-66.27590995882198
14715,29-08-2026,10,-63.0,test,SDRA,-67.80044,-79.30165,-28.448772,-77.99570291902725,-94.85659438342952,-61.13481145462498,-133.30957,-159.98701,-93.32718,-92.84495651770982,-119.42830713899556,-66.26160589642407
14715,29-08-2026,11,-63.0,test,KSI,-64.2846,-75.18026,-25.446362,-77.31054716103554,-94.66884793817384,-59.95224638389727,-134.6674,-161.62413,-94.23581,-91.85458653994291,-118.52769436051943,-65.1814787193664
14715,29-08-2026,13,-63.0,test,JTS,-64.205185,-73.888,-22.063316,-75.5925626674634,-91.75174669704364,-59.43337863788315,-133.93254,-160.74435,-93.75168,-91.03353097437197,-117.61699920962309,-64.45006273912085
14715,29-08-2026,14,-63.0,test,KGBS,-65.17404,-75.05898,-21.4773,-75.92860602612421,-91.86112233432708,-59.996089717921336,-133.69363,-160.48526,-93.58209,-91.39848500873107,-118.21112808604664,-64.5858419314155
14715,29-08-2026,15,-79.0,test,RE,-72.61918,-72.61918,-24.098633,-81.40019534921895,-94.04410558302476,-68.75628511541314,-149.21692,-179.08075,-104.24132,-100.89944890716144,-127.0699523371466,-74.72894547717628
14715,29-08-2026,16,-79.0,test,BWL,-83.336235,-83.336235,-38.316757,-96.54858396309436,-112.4369158085935,-80.66025211759522,-144.0131,-172.8858,-100.67904,-107.73790381935541,-133.89808929132624,-81.57771834738456
14715,29-08-2026,18,-81.0,test,AIA,-85.34518,-85.34518,-42.089058,-102.04883834014863,-116.34083664491638,-87.75684003538092,-147.7111,-177.33081,-103.300354,-111.4243411104158,-137.0452466280192,-85.80343559281238
14715,29-08-2026,20,-83.0,test,HSI,-88.50763,-88.50763,-42.80947,-105.64086503787848,-118.89002110957983,-92.39170896617712,-150.45999,-180.56935,-105.28189,-114.5865397913305,-140.52294220324646,-88.65013737941455
14715,29-08-2026,21,-64.0,test,KRH,-83.60299,-83.60299,-33.944252,-87.61157051367934,-100.7751883729474,-74.44795265441128,-134.6973,-161.7968,-94.160225,-101.87642763866515,-127.17157458784698,-76.58128068948332
14715,29-08-2026,23,-67.0,test,PSL,-79.76634,-79.76634,-38.664776,-90.83225023437603,-104.09340111017777,-77.5710993585743,-136.37756,-163.82349,-95.36505,-102.12993624090667,-126.03859652466794,-78.22127595714541
14715,29-08-2026,24,-70.0,test,AWR,-83.11768,-83.31312,-38.682384,-95.23221626939556,-108.78774797489478,-81.67668456389632,-139.70096,-167.76866,-97.72638,-105.80710811020819,-130.73558531236614,-80.87863090805024
14715,29-08-2026,25,-71.0,test,MWW,-83.95228,-87.90887,-41.00528,-96.09731290004436,-109.96977846939936,-82.22484733068936,-138.65459,-166.52103,-97.027145,-106.02590287656656,-131.3800511014136,-80.67175465171951
14715,29-08-2026,26,-69.0,test,MKH,-82.660995,-82.660995,-38.777737,-94.47303425018016,-108.4905170604119,-80.4555514399484,-137.26741,-164.88538,-96.02248,-104.5963068582771,-129.3373752957648,-79.85523842078942
14715,29-08-2026,27,-69.0,test,DGW,-83.28643,-83.28643,-40.16495,-96.62490784005676,-111.3288616123964,-81.92095406771712,-137.00703,-164.58214,-95.8412,-105.41497261007453,-130.22598529038257,-80.60395992976649
14715,29-08-2026,28,-70.0,test,RHG,-88.02009,-88.02009,-40.00885,-99.08592038295902,-116.73409771072532,-81.43774305519271,-137.65846,-165.36237,-96.30667,-108.06471012429877,-134.8116199114827,-81.31780033711485
14715,29-08-2026,30,-69.0,test,BU,-90.04996,-90.04996,-42.297787,-106.0805304056365,-125.99066869692844,-86.17039211434455,-137.67107,-165.36226,-96.33537,-111.01035310124934,-138.46395212996813,-83.55675407253054
14715,29-08-2026,32,-66.0,test,BKI,-89.68237,-89.68237,-40.79684,-107.23121646423746,-127.0036020762535,-87.45883085222142,-137.39874,-165.01541,-96.13956,-111.159659928613,-138.74763661728582,-83.57168323994017
14715,29-08-2026,33,-79.0,test,ARNA,-91.7753,-91.7753,-43.409664,-115.34755844152328,-128.54145764799802,-102.15365923504856,-149.14752,-179.08809,-104.162605,-118.38880649179303,-144.73060105245602,-92.04701193113006
14715,29-08-2026,37,-69.0,test,BAI,-89.70936,-89.70936,-43.409664,-109.10213028584494,-114.52870109345594,-103.67555947823394,-139.329,-167.35107,-97.45194,-112.40890574717784,-134.8893967810506,-89.92841471330507
14715,29-08-2026,38,-64.0,test,KWP,-85.62343,-85.62343,-43.393528,-104.76207514353358,-110.27509029184704,-99.24905999522012,-134.02742,-161.02878,-93.740685,-107.83747452777084,-129.14786434546085,-86.52708471008083
14715,29-08-2026,40,-15.0,test,GADJ,-72.12195,-75.608696,-31.95941,-67.4540174974597,-72.98431876228098,-61.92371623263843,-99.609924,-119.93816,-69.42226,-79.77179024390367,-98.41878873480213,-61.1247917530052
14715,30-08-2026,0,1.0,test,HSR,-16.277046,-29.052422,4.0888786,-13.10355736170753,-25.94218649843119,-0.2649282249838673,-22.132217,-35.082977,-4.1958275,-17.210096334480983,-32.96337981522446,-1.4568128537375138
14715,30-08-2026,1,-3.0,test,STD,-21.210108,-33.550144,-0.9112876,-16.626959255066694,-31.502623745776734,-1.7512947643566488,-25.062956,-38.728355,-6.3148575,-21.026744227560176,-37.638322931941815,-4.415165523178533
14715,30-08-2026,2,-4.0,test,HNS,-23.361145,-34.797485,-0.9954084,-19.430434713130825,-35.044517691420985,-3.8163517348406657,-25.830997,-38.64577,-8.512861,-22.92634898173101,-39.59995358302399,-6.252744380438035
14715,30-08-2026,4,-3.0,test,JKZ,-22.888466,-34.679455,-2.7142224,-19.95304254824221,-34.519318687754804,-5.38676640872961,-25.334501,-38.031548,-8.198776,-22.76382668993589,-38.69797815339598,-6.829675226475802
14715,30-08-2026,5,-15.0,test,BWK,-27.85155,-39.59615,-11.2454195,-25.727395504005724,-38.20671354586802,-13.248077462143426,-36.009052,-50.751778,-16.278938,-29.885633345429312,-45.26954734404996,-14.501719346808665
14715,30-08-2026,6,-9.0,test,BNW,-23.661278,-37.668022,-8.233128,-22.107851468461245,-35.01074892313539,-9.204954013787102,-30.908838,-43.554768,-14.301386,-25.57513863584746,-40.38787070059101,-10.762406571103908
14715,30-08-2026,7,-11.0,test,MHU,-25.100754,-40.245552,-8.886442,-24.710029773923463,-40.21360586713384,-9.206453680713096,-32.443497,-44.638687,-16.721287,-27.417850264070566,-43.221413655797804,-11.614286872343326
14715,30-08-2026,8,-10.0,test,CKD,-25.033175,-40.546303,-8.974051,-24.403614923274095,-40.84637554712128,-7.96085429942692,-31.863163,-43.994545,-16.262455,-27.1034170230304,-43.22870508527237,-10.978128960788435
14715,30-08-2026,9,-12.0,test,JRL,-27.433208,-41.624043,-9.889705,-24.85525138489665,-41.505200806306775,-8.20530196348653,-33.41247,-45.524517,-17.912926,-28.597849451879313,-44.801223604141796,-12.394475299616829
14715,30-08-2026,10,-11.0,test,SDRA,-26.309149,-41.481777,-9.398517,-24.24176418445864,-41.10265611766524,-7.380872251252036,-32.915215,-44.937695,-17.590687,-27.845416195192406,-44.13709919541547,-11.553733194969343
14715,30-08-2026,11,-9.0,test,KSI,-26.388586,-40.19078,-7.4194207,-23.029288939023555,-40.38759014979742,-5.670987728249692,-31.807516,-43.941048,-16.275488,-27.117174947268474,-43.757049486532445,-10.477300408004503
14715,30-08-2026,13,-13.0,test,JTS,-26.092834,-41.002975,-7.503239,-22.39060931106727,-38.54979378401397,-6.231424838120567,-35.125656,-47.159477,-19.72626,-27.913695665699596,-44.24364052798637,-11.583750803412823
14715,30-08-2026,15,-15.0,test,RE,-26.556366,-36.060802,-9.060961,-24.32554356492041,-36.96945639368997,-11.68163073615085,-36.92431,-48.96378,-21.556736,-29.291483491648414,-43.250252601102815,-15.332714382194014
14715,30-08-2026,16,-48.0,test,BWL,-56.031445,-58.3259,-32.09852,-49.26181555356271,-65.15014865260738,-33.373482454518026,-60.36423,-75.1745,-39.59639,-55.30892948943047,-71.64199467643243,-38.975864302428505
14715,30-08-2026,18,-48.0,test,AIA,-58.084255,-62.06307,-35.6763,-55.65502362492836,-69.94702278032561,-41.36302446953111,-63.35669,-77.98796,-42.47766,-59.06135819212275,-74.87602116732879,-43.24669521691672
14715,30-08-2026,20,-49.0,test,HSI,-60.58904,-64.28948,-36.43597,-59.00376726272568,-72.25292395514532,-45.75461057030604,-64.16727,-78.76949,-43.20384,-61.272419357278224,-77.01466321234038,-45.53017550221607
14715,30-08-2026,21,-29.0,test,KRH,-43.74863,-52.372353,-22.432167,-40.57425882320968,-53.73787719365474,-27.41064045276461,-50.41147,-63.636677,-32.48219,-44.950003595825166,-60.274430441621824,-29.625576750028507
14715,30-08-2026,23,-36.0,test,PSL,-46.62509,-54.137703,-28.517601,-44.95964753695987,-58.22079882165713,-31.69849625226261,-53.989624,-68.178955,-34.744236,-48.54205403834109,-63.508400430894234,-33.57570764578795
14715,30-08-2026,24,-44.0,test,AWR,-56.417484,-58.63174,-31.441866,-51.10758970094718,-64.663121754344,-37.55205764755036,-59.424793,-73.8801,-39.24617,-55.720664485103384,-71.28184641424656,-40.15948255596021
14715,30-08-2026,25,-49.0,test,MWW,-57.12922,-67.35449,-34.71544,-53.4476103447304,-67.3200762234899,-39.575144465970894,-60.56683,-74.64119,-40.569096,-57.095878366781136,-73.66044459969471,-40.53131213386756
14715,30-08-2026,26,-48.0,test,MKH,-56.80014,-61.568226,-33.516705,-52.46728570427379,-66.48476879090148,-38.4498026176461,-60.093624,-73.94713,-40.362015,-56.510739391706146,-72.2011674665028,-40.82031131690949
14715,30-08-2026,27,-50.0,test,DGW,-57.759148,-65.53485,-35.027744,-55.32349730232461,-70.02745131245712,-40.61954329219211,-62.64084,-76.88756,-42.23263,-58.60425084896045,-75.16026024768465,-42.04824145023625
14715,30-08-2026,28,-67.0,test,RHG,-69.07242,-73.655075,-40.051537,-62.371643845148405,-80.0198213576995,-44.72346633259731,-75.4092,-91.7769,-51.424793,-69.03837458877746,-88.14254530066128,-49.93420387689363
14715,30-08-2026,30,-75.0,test,BU,-82.576416,-84.78055,-42.45877,-73.62324124241927,-93.53337968125348,-53.71310280358506,-82.07867,-99.0137,-56.90171,-79.54959222430823,-101.3121918473015,-57.78699260131494
14715,30-08-2026,32,-77.0,test,BKI,-82.609116,-84.72326,-40.79684,-77.1829784456919,-96.95536418885618,-57.41059270252762,-83.70022,-100.948166,-58.05854,-81.2378775165271,-103.38306594247229,-59.09268909058193
14715,30-08-2026,33,-77.0,test,ARNA,-84.70693,-87.18401,-43.409664,-81.92535160172405,-95.11925098775076,-68.73145221569732,-83.75626,-101.009705,-58.10766,-83.50181981954961,-103.41390865696995,-63.58973098212927
14715,30-08-2026,35,-78.0,test,DO,-87.76525,-87.76525,-43.45205,-84.56745576519297,-93.03091017464976,-76.10400135573619,-83.82123,-101.12801,-58.125977,-85.43162994205123,-103.87222009259301,-66.99103979150945
14715,30-08-2026,37,-67.0,test,BAI,-72.294685,-74.10137,-44.58097,-74.18346859851336,-79.61003914562761,-68.7568980513991,-75.371,-91.23143,-51.99568,-73.92139514599505,-87.98387050185339,-59.85891979013671
14715,30-08-2026,38,-63.0,test,KWP,-67.94052,-71.21987,-44.564835,-70.09643077978924,-75.60944594385674,-64.58341561572175,-72.5511,-88.04965,-49.8393,-70.16284793350187,-83.55202451895778,-56.77367134804595
14715,30-08-2026,39,-38.0,test,GTJT,-43.894897,-49.29111,-28.605373,-46.27829349918342,-52.41953897799959,-40.13704802036725,-54.85387,-67.91495,-36.470573,-48.3012015112958,-59.62974677034961,-36.97265625224199
14715,30-08-2026,40,-28.0,test,GADJ,-36.54207,-51.2359,-22.58337,-37.14955087780862,-42.6798521426299,-31.619249612987343,-49.602764,-62.273033,-32.260178,-41.079787048167304,-53.40827661026523,-28.751297486069376
14715,31-08-2026,0,-1.0,test,HSR,-14.908662,-27.693739,3.5863554,-11.98537552246173,-24.824004665174705,0.8532536202512446,-19.55135,-33.079315,-0.47875214,-15.518439167473272,-31.23098846802637,0.19411013307982827
14715,31-08-2026,1,-2.0,test,STD,-15.823934,-28.733345,3.61977,-14.564106492571684,-29.4397709881983,0.3115580030549338,-20.70635,-33.48448,-2.9674377,-17.04505160622885,-33.27332999487196,-0.8167732175857374
14715,31-08-2026,2,-5.0,test,HNS,-19.128523,-33.55768,2.2312317,-17.82077013128862,-33.4348531137245,-2.2066871488527333,-23.08387,-36.20417,-5.11677,-20.026010448938933,-37.22910365549603,-2.8229172423818376
14715,31-08-2026,4,-6.0,test,JKZ,-20.583166,-33.50549,-0.49403387,-19.043863579747505,-33.6101397233565,-4.477587436138517,-23.847223,-36.54548,-6.6174507,-21.176752664996606,-37.318597300339796,-5.034908029653415
14715,31-08-2026,5,-15.0,test,BWK,-25.311754,-39.30949,-8.805446,-24.051763558946384,-36.53108160528304,-11.572445512609724,-31.301462,-45.64865,-12.088285,-26.901070027541273,-42.51890548490243,-11.283234570180113
14715,31-08-2026,6,-10.0,test,BNW,-22.897717,-36.17083,-5.515644,-20.58504835235053,-33.48794581126642,-7.682150893434633,-27.203266,-39.51439,-10.972546,-23.590515872233972,-38.50186426193608,-8.679167482531865
14715,31-08-2026,7,-11.0,test,MHU,-22.599249,-37.528286,-4.9389386,-22.885316434592777,-38.38889253114299,-7.381740338042562,-28.019724,-40.327133,-11.858252,-24.493351000091398,-40.61786815298382,-8.368833847198982
14715,31-08-2026,8,-11.0,test,CKD,-22.72443,-37.08077,-5.886277,-22.85553625901522,-39.29829688583426,-6.412775632196183,-28.486017,-40.69813,-12.564041,-24.682452049818526,-40.80894216418174,-8.555961935455315
14715,31-08-2026,9,-12.0,test,JRL,-24.74195,-39.129414,-6.0264688,-23.03061768830284,-39.68056711249237,-6.380668264113314,-29.525051,-41.68579,-13.775549,-25.785744965054032,-42.29119806744879,-9.280291862659276
14715,31-08-2026,10,-11.0,test,SDRA,-22.852142,-37.891674,-5.6347046,-22.375200267961937,-39.23609220376811,-5.514308332155764,-28.766695,-40.858093,-13.119525,-24.66671347665082,-41.0584850802718,-8.274941873029839
14715,31-08-2026,11,-11.0,test,KSI,-24.772331,-38.49305,-5.2934303,-21.715062287680777,-39.073363500859415,-4.356761074502138,-29.256506,-41.351936,-13.669725,-25.286573185035927,-42.00756389880985,-8.565582471262008
14715,31-08-2026,13,-7.0,test,JTS,-21.139738,-34.496696,-1.2641377,-18.76236121867337,-34.92154569407923,-2.6031767432675075,-26.305773,-38.331852,-10.684445,-22.098027783876407,-38.41657789295209,-5.779477674800724
14715,31-08-2026,14,-7.0,test,KGBS,-21.696539,-33.045116,-1.1465609,-18.853138983745712,-34.78565572350471,-2.9206222439867133,-26.473913,-38.45755,-10.934575,-22.376638909287266,-38.3537863627331,-6.39949145584143
14715,31-08-2026,15,-15.0,test,RE,-24.760946,-37.174156,-6.565528,-21.936578429975043,-34.58048918379281,-9.292667676157278,-34.008568,-48.376812,-14.938467,-26.933792254653007,-42.60465355095067,-11.262930958355343
14715,31-08-2026,16,-40.0,test,BWL,-47.13827,-59.527462,-28.51462,-44.6862757118457,-60.57460795865767,-28.79794346503374,-48.189674,-59.942043,-31.679241,-46.70431638592899,-62.634060868851144,-30.774571903006837
14715,31-08-2026,18,-39.0,test,AIA,-48.466732,-60.938232,-31.056438,-50.43944046287582,-64.73143918872253,-36.14744173702911,-53.890697,-67.56777,-35.10135,-50.90101771923912,-66.82248515256488,-34.97955028591336
14715,31-08-2026,20,-40.0,test,HSI,-51.978886,-61.06535,-32.27994,-53.69840687804496,-66.94756337406062,-40.449250382029305,-55.094997,-68.85825,-36.0701,-53.56473742995842,-68.9922175416629,-38.137257318253944
14715,31-08-2026,21,-20.0,test,KRH,-32.97498,-45.27072,-15.848755,-35.27530022909829,-48.43891848959581,-22.11168196860078,-41.272503,-54.08539,-24.57707,-36.46962012473957,-51.4119911219847,-21.52724912749444
14715,31-08-2026,23,-24.0,test,PSL,-38.167324,-48.76855,-20.348083,-38.68906210206294,-51.95021335017974,-25.42791085394614,-40.959522,-53.002266,-25.294226,-39.26266024971769,-53.740539925479474,-24.784780573955906
14715,31-08-2026,24,-29.0,test,AWR,-43.764503,-54.37697,-25.163689,-43.74179826552093,-57.2973303062791,-30.186266224762768,-43.399868,-56.044548,-26.883217,-43.635980803576686,-58.611169901352945,-28.660791705800428
14715,31-08-2026,25,-29.0,test,MWW,-44.45546,-54.486813,-26.86027,-44.40819506837818,-58.28066094019923,-30.53572919655713,-43.790672,-56.05036,-27.569233,-44.21926731653687,-58.892274902317155,-29.546259730756585
14715,31-08-2026,26,-27.0,test,MKH,-41.738087,-53.37357,-24.222689,-42.720873688587865,-56.73835677230751,-28.703390604868225,-42.78806,-54.87483,-26.848152,-42.40135764534353,-57.32205620068897,-27.480659089998092
14715,31-08-2026,27,-30.0,test,DGW,-45.97974,-55.833588,-27.316637,-45.7845219097273,-60.48847591963629,-31.080567899818316,-45.36344,-57.71186,-28.857466,-45.71238947586891,-60.8921918629483,-30.53258708878952
14715,31-08-2026,28,-32.0,test,RHG,-47.21255,-56.92964,-28.731468,-48.69254412083288,-66.3407216326435,-31.04436660902227,-47.360153,-59.935036,-30.39472,-47.734620177846,-63.96394034175954,-31.50530001393245
14715,31-08-2026,30,-60.0,test,BU,-69.82508,-76.71787,-42.049553,-64.8423815927035,-84.75252003124768,-44.93224315415933,-68.66302,-83.98665,-46.548275,-67.84622598037897,-87.39514372188631,-48.29730823887164
14715,31-08-2026,32,-59.0,test,BKI,-70.13302,-78.07079,-40.29349,-68.59285409865456,-88.36523984171978,-48.82046835558933,-68.58135,-83.76798,-46.58603,-69.12477137626794,-89.1504556232509,-49.09908712928499
14715,31-08-2026,33,-75.0,test,ARNA,-77.232346,-84.478966,-44.58097,-77.84370023892696,-91.03759962487132,-64.64980085298258,-78.9751,-95.51789,-54.530067,-78.00731004336946,-96.87727939641957,-59.137340690319355
14715,31-08-2026,35,-85.0,test,DO,-90.97807,-90.97807,-43.50315,-85.17125927662563,-93.63471368606317,-76.70780486718812,-86.303925,-104.12678,-59.776543,-87.56783407314808,-106.8212120572833,-68.31445608901285
14715,31-08-2026,37,-74.0,test,BAI,-74.944244,-75.05167,-44.58097,-75.17225434689726,-80.59882489401019,-69.74568379978433,-75.45329,-91.35538,-52.041058,-75.18640508927518,-89.43614282796081,-60.93666735058956
14715,31-08-2026,38,-68.0,test,KWP,-68.244316,-71.17659,-44.564835,-70.34455334899332,-75.85756851306073,-64.8315381849259,-70.18131,-85.2933,-48.130787,-69.55970099703288,-82.75802303150698,-56.36137896255878
14715,31-08-2026,39,-45.0,test,GTJT,-44.54265,-50.654305,-29.330425,-46.94912894710042,-53.09037442608125,-40.80788346811959,-53.291508,-66.52371,-34.936283,-48.221316550764584,-59.69137582803235,-36.75125727349682
14715,31-08-2026,40,-35.0,test,GADJ,-37.242226,-51.787636,-23.026142,-37.93334574114053,-43.4636470059618,-32.40304447631925,-46.037697,-58.548668,-29.258211,-40.38819365081097,-52.610452625507655,-28.165934676114283
14734,28-08-2026,0,-39.0,test,JP,-20.084154,-33.07575,-3.8877397,-21.52529644848797,-34.669103697678096,-8.381489199297846,-23.113924,-32.581547,-9.23248,-21.55232590816841,-35.36992798813495,-7.734723828201876
14734,28-08-2026,1,-43.0,test,GADJ,-25.116995,-38.86303,-10.066174,-25.588231498249968,-38.66071737691484,-12.515745619585095,-27.582548,-36.994225,-14.332596,-26.08755990484074,-39.68977092501688,-12.485348884664601
14734,28-08-2026,2,-45.0,test,GTJT,-28.33963,-39.39739,-12.187788,-26.760841725875963,-39.29817428974332,-14.223509162008613,-29.325125,-38.72187,-16.282528,-28.162819572932314,-41.256777604304084,-15.068861541560546
14734,28-08-2026,3,-46.0,test,KWP,-28.444931,-39.159946,-13.853835,-28.309592892258152,-40.09933795133363,-16.519847833182673,-30.396051,-39.740982,-17.526562,-29.050560285462986,-41.506769005755096,-16.594351565170875
14734,28-08-2026,4,-49.0,test,BAI,-29.112646,-40.828587,-14.924304,-29.49113895535113,-41.677808236908376,-17.304469673793882,-32.720543,-41.97949,-19.923843,-30.433479261134288,-43.10439771003693,-17.762560812231648
14734,28-08-2026,6,-50.0,test,DO,-30.569939,-43.709126,-13.353927,-31.42010554820326,-43.91019382046081,-18.93001727594571,-34.336105,-45.415596,-19.383678,-32.09414676543767,-46.37395877101953,-17.814334759855807
14734,28-08-2026,8,-51.0,test,ARNA,-32.77762,-41.415714,-15.922761,-31.06665594399364,-43.72221808159742,-18.411093806389864,-34.504757,-44.455254,-21.013494,-32.8052151444745,-45.8003727841326,-19.810057504816406
14734,28-08-2026,9,-66.0,test,BKI,-44.64358,-54.834297,-24.565262,-45.4729778325993,-58.71782202161558,-32.228133643583014,-50.132755,-62.28418,-32.795135,-46.7341690222391,-61.85512300735327,-31.61321503712493
14734,28-08-2026,11,-66.0,test,BU,-45.577393,-56.08336,-27.326801,-48.50423852363139,-62.92113956851669,-34.08733747874609,-48.95537,-60.223396,-32.78306,-47.6361741559386,-62.516517044729966,-32.75583126714723
14734,28-08-2026,13,-66.0,test,RHG,-47.860634,-56.411747,-26.922554,-52.619744888851486,-69.35953598062503,-35.879953797077945,-48.16099,-59.138336,-32.453693,-49.48145743554982,-65.14312691832438,-33.81978795277525
14734,28-08-2026,14,-79.0,test,DGW,-63.488785,-68.753586,-35.932743,-59.9578825823797,-80.54222374873783,-39.37354141602159,-60.776134,-73.44043,-41.887577,-61.45822358170442,-79.86838973917885,-43.04805742422998
14734,28-08-2026,15,-82.0,test,MKH,-63.289215,-70.65656,-36.97575,-65.66431712376402,-82.37654083081749,-48.95209341671056,-63.617767,-76.707405,-44.017193,-64.15752509100005,-81.62398053805883,-46.691069643941276
14734,28-08-2026,16,-83.0,test,MWW,-63.00811,-74.382675,-37.252808,-68.04281070160938,-84.15193563451967,-51.93368576869909,-62.32542,-74.997894,-43.291946,-64.39007727928981,-82.11217107879682,-46.66798347978281
14734,28-08-2026,17,-63.0,test,AWR,-46.68538,-53.70039,-24.814857,-48.93451267224914,-65.72404839550276,-32.14497694899552,-47.569744,-58.95085,-31.43443,-47.698277891631264,-63.41162641746485,-31.984929365797676
14734,28-08-2026,18,-65.0,test,PSL,-48.950825,-56.63037,-27.027987,-50.91985484756488,-68.52295963732064,-33.31675005780912,-46.266884,-56.677773,-31.325958,-48.6875005707845,-64.42682713895374,-32.94817400261526
14734,28-08-2026,20,-66.0,test,KRH,-46.517788,-58.146362,-27.362242,-52.406714793283584,-75.61387969416236,-29.199549892404807,-47.78422,-58.415966,-32.44012,-48.82096872475645,-66.76557386652557,-30.876363582987324
14734,28-08-2026,21,-85.0,test,HSI,-62.083973,-73.49089,-37.075207,-61.01351385025166,-84.09922896076704,-37.92779873973629,-67.14298,-80.66226,-46.51951,-63.424338267402405,-83.7825547461122,-43.06612178869262
14734,28-08-2026,23,-85.0,test,AIA,-61.549683,-71.843994,-37.27879,-64.59056495234579,-85.52126487452736,-43.65986503016421,-67.103516,-80.59438,-46.72733,-64.36852961458875,-83.61753151492442,-45.119527714253074
14734,28-08-2026,25,-86.0,test,BWL,-61.46669,-74.30764,-37.26958,-64.34448211460223,-84.25840152977254,-44.43056269943192,-66.672516,-80.091324,-46.428997,-64.11767957104635,-83.44133637613696,-44.794022765955745
14734,28-08-2026,26,-47.0,test,RE,-26.808178,-41.033264,-9.52639,-30.60176163211712,-51.87102731448733,-9.332495949746908,-34.274254,-44.322166,-20.769863,-30.50352771290487,-47.50668813924767,-13.500367286562064
14734,28-08-2026,27,-49.0,test,KGBS,-31.41465,-41.543613,-13.311374,-31.942131691208264,-54.79139691612744,-9.092866466289092,-35.444653,-44.984814,-22.439243,-32.923476818550064,-49.68303864153725,-16.16391499556288
14734,28-08-2026,28,-49.0,test,JTS,-31.917807,-43.010147,-14.80385,-33.47167396003237,-56.477843059337886,-10.465504860726847,-34.948414,-44.42675,-22.109135,-33.42228218950368,-50.1899568344546,-16.654607544552768
14734,28-08-2026,30,-49.0,test,KSI,-31.042074,-41.928905,-12.974479,-32.63203912398586,-54.85676913372248,-10.407309114249244,-35.313732,-44.825874,-22.411057,-32.97082010451206,-49.62986743303024,-16.311772775993873
14734,28-08-2026,31,-51.0,test,SDRA,-31.36865,-43.33638,-16.294266,-35.95868159145644,-59.13881746989429,-12.778545713018584,-37.186855,-46.556145,-24.281984,-34.77050146863615,-51.37636275934656,-18.16464017792573
14734,28-08-2026,32,-54.0,test,JRL,-34.660473,-44.7804,-19.142784,-40.34058538744301,-62.0279030340636,-18.65326774082243,-39.706894,-49.19676,-26.44548,-38.154025486913085,-54.08576708099632,-22.222283892829854
14734,28-08-2026,33,-55.0,test,CKD,-35.72129,-46.270264,-19.67196,-41.168672660205466,-62.48232435209535,-19.855020968315586,-40.190445,-49.839775,-26.75025,-38.9484853340787,-54.989336437950755,-22.907634230206636
14734,28-08-2026,34,-57.0,test,MHU,-37.32308,-47.55324,-20.610224,-42.35456500493613,-64.2474275911896,-20.46170241868265,-41.98422,-51.748642,-28.20055,-40.48120937682768,-56.85943861250033,-24.102980141155026
14734,28-08-2026,35,-55.0,test,BNW,-38.99987,-46.732147,-22.008682,-46.13788695529707,-67.96187040547235,-24.313903505121782,-40.74984,-50.498672,-27.1562,-41.86304916594612,-57.776929668323824,-25.949168663568422
14734,28-08-2026,36,-57.0,test,BWK,-40.351097,-49.229897,-22.81193,-47.829396999700165,-69.7182801110256,-25.940513888374728,-42.87371,-52.769432,-28.86772,-43.579981855711644,-59.9227327713167,-27.237230940106585
14734,28-08-2026,37,-59.0,test,JKZ,-45.388794,-51.472828,-24.09181,-49.995766331976725,-73.86008316750745,-26.131449496445995,-44.17535,-54.21898,-29.871101,-46.457554158495306,-63.71695990743237,-29.198148409558243
14734,28-08-2026,39,-61.0,test,HNS,-47.061115,-55.441555,-27.614332,-54.13476995991064,-76.43636298611412,-31.833176933707144,-45.81264,-56.087994,-31.08981,-48.90653661965678,-65.8365784335738,-31.976494805739755
14734,28-08-2026,40,-63.0,test,STD,-48.816807,-56.727024,-27.812143,-54.93061484410535,-79.75732975723459,-30.10389993097612,-46.799953,-56.92617,-32.080654,-50.099938396476524,-68.04929006586423,-32.15058672708883
14734,28-08-2026,41,-66.0,test,HSR,-47.097282,-54.184986,-26.346697,-47.01608943794359,-71.48232890943574,-22.549849966451447,-50.182972,-60.79268,-34.58036,-48.09753761877704,-65.96796172197837,-30.227113515575706
14734,28-08-2026,42,-66.0,test,ADR,-47.615986,-53.710617,-27.278978,-49.10265012734656,-73.66951361469779,-24.53578663999532,-50.061092,-60.639774,-34.529392,-48.90426503940383,-66.53377412289487,-31.2747559559128
14734,28-08-2026,43,-70.0,test,BHT,-54.00684,-59.52615,-30.834085,-52.90993441594816,-78.12081792933074,-27.69905090256558,-54.08363,-65.61628,-37.159027,-53.68182474520323,-72.3500023053783,-35.01364718502816
14734,28-08-2026,44,-70.0,test,DING,-54.86499,-60.941147,-30.892902,-53.86092542692814,-79.73705788656557,-27.98479296729072,-52.478348,-63.340458,-36.401558,-53.750385220662864,-72.62435918510455,-34.876411256221175
14734,28-08-2026,45,-51.0,test,SSA,-36.78265,-42.454067,-16.62079,-39.01553763932509,-65.83308224127693,-12.197993037373257,-39.12184,-48.888496,-25.767067,-38.27418561307002,-56.02780027953624,-20.520570946603794
14734,28-08-2026,46,-52.0,test,KNL,-38.033005,-44.880764,-17.338934,-40.88420893866457,-67.68867709011593,-14.079740787213204,-39.676876,-49.51049,-26.18993,-39.49090322112953,-57.586913915757705,-21.394892526501355
14734,28-08-2026,47,-60.0,test,RMN,-48.427887,-55.046864,-22.889788,-49.17360390683813,-73.37732590037776,-24.96988191329851,-47.200016,-58.66764,-31.183445,-48.25785472603414,-67.05095223012033,-29.464757221947952
14734,29-08-2026,0,-5.0,test,JP,-19.582726,-33.044544,-3.4072351,-20.779841888990774,-33.9236491381809,-7.636034639800648,-21.168299,-30.730587,-6.871866,-20.492616487811247,-34.481254316686915,-6.5039786589355835
14734,29-08-2026,1,-9.0,test,GADJ,-24.903452,-37.24766,-9.0513115,-24.842776938752767,-37.91526281741764,-11.770291060087894,-26.177744,-36.27931,-11.697659,-25.307850676453782,-39.13562992606571,-11.480071426841853
14734,29-08-2026,2,-10.0,test,GTJT,-25.969461,-38.334534,-10.4137,-25.74087369585577,-38.27820625972312,-13.20354113198842,-26.919615,-36.510406,-13.392636,-26.212399549280015,-39.55469530445643,-12.870103794103596
14734,29-08-2026,3,-12.0,test,KWP,-27.595573,-38.656048,-12.696332,-27.480621779770217,-39.270366838845696,-15.69087672069474,-28.782124,-38.1855,-15.764412,-27.953446001407855,-40.565100017600564,-15.341791985215147
14734,29-08-2026,4,-16.0,test,BAI,-29.047953,-40.50415,-13.983483,-29.072187300293606,-41.25885658185085,-16.88551801873636,-32.470577,-42.058937,-19.2528,-30.193954981214283,-43.1084719239303,-17.279438038498263
14734,29-08-2026,6,-17.0,test,DO,-30.190657,-43.52066,-12.915373,-31.061733417047552,-43.55182168930511,-18.57164514479,-33.15601,-43.714153,-18.88474,-31.455222003274258,-45.57074953689568,-17.339694469652834
14734,29-08-2026,8,-18.0,test,ARNA,-31.155327,-41.219387,-15.181047,-30.70493343651585,-43.36049557411963,-18.04937129891208,-33.67746,-43.463093,-20.411848,-31.850170647382676,-44.8767435581511,-18.823597736614254
14734,29-08-2026,9,-29.0,test,BKI,-42.5754,-52.28987,-22.195858,-43.95972229294133,-57.20456648195761,-30.714878103925045,-44.86576,-56.63344,-28.475756,-43.77950860030505,-58.63604626004014,-28.92297094056996
14734,29-08-2026,11,-31.0,test,BU,-44.68119,-53.51928,-25.45812,-47.27138361219742,-61.68828465708272,-32.85448256731212,-45.62369,-56.093147,-30.625128,-45.82241962890099,-60.23140515468326,-31.413434103118718
14734,29-08-2026,13,-46.0,test,RHG,-60.88727,-61.6461,-33.248005,-56.20958231234344,-72.94937340411697,-39.4697912205699,-61.22261,-74.13552,-41.912876,-59.50388059141055,-75.93322030479635,-43.07454087802475
14734,29-08-2026,14,-60.0,test,DGW,-68.306366,-76.33028,-39.838028,-64.71955477618286,-85.30389594254098,-44.135213609824746,-71.67828,-86.15393,-49.66078,-68.28147198114209,-88.22467940604002,-48.338264556244155
14734,29-08-2026,15,-61.0,test,MKH,-66.72758,-78.4805,-40.51085,-70.13397915336238,-86.84620286041584,-53.42175544630891,-70.3268,-84.52045,-48.85102,-69.01319716365096,-87.78304772895765,-50.24334659834426
14734,29-08-2026,16,-60.0,test,MWW,-66.53987,-77.40814,-40.1071,-71.74830196355234,-87.85742689646263,-55.639177030642045,-67.55704,-81.22216,-47.01944,-68.54267893785052,-86.73196497348351,-50.353392902217536
14734,29-08-2026,17,-41.0,test,AWR,-57.107784,-60.95352,-31.168018,-52.7464109357608,-69.53594665901443,-35.95687521250717,-54.092163,-65.60361,-37.11446,-54.71105937014367,-70.75859746362448,-38.66352127666286
14734,29-08-2026,18,-44.0,test,PSL,-58.197224,-61.835934,-32.884495,-55.05815811805965,-72.66126290781541,-37.45505332830389,-54.82885,-66.156654,-37.939186,-56.07381432312349,-72.19460414708065,-39.95302449916633
14734,29-08-2026,20,-47.0,test,KRH,-60.1669,-64.12793,-33.980072,-57.24434610347669,-80.45151100435547,-34.03718120259791,-56.677883,-68.18875,-39.420395,-58.0725619667916,-76.38854076010526,-39.75658317347795
14734,29-08-2026,21,-81.0,test,HSI,-76.85589,-89.88684,-44.454205,-70.37017954468229,-93.45589465519764,-47.284464434166914,-85.25958,-102.26978,-59.321716,-77.5779653470776,-101.12025252840233,-54.035678165752856
14734,29-08-2026,23,-82.0,test,AIA,-76.41184,-89.27969,-44.63096,-75.495542277781,-96.42624219996256,-54.564842355599424,-88.09667,-105.631226,-61.562958,-80.00501308563342,-102.87658620948056,-57.13343996178628
14734,29-08-2026,25,-89.0,test,BWL,-87.25007,-87.41003,-43.877163,-77.39069383989302,-97.30461325506332,-57.47677442472271,-93.94699,-112.65582,-65.59155,-86.32635860945805,-109.17605635028836,-63.47666086862775
14734,29-08-2026,26,-59.0,test,RE,-61.173462,-65.8754,-28.0651,-46.9433298980457,-68.21259558041592,-25.674064215675493,-67.44744,-81.064255,-46.89476,-58.71227085396433,-78.72030889618074,-38.70423281174792
14734,29-08-2026,27,-61.0,test,KGBS,-60.074627,-63.01171,-30.118452,-48.654404258781405,-71.50366948370058,-25.805139033862236,-68.88688,-82.7214,-48.075603,-59.35558763854579,-79.0790261275392,-39.63214914955239
14734,29-08-2026,28,-61.0,test,JTS,-59.501713,-62.99719,-31.340376,-50.218409813826206,-73.22457891313172,-27.21224071452069,-67.82811,-81.44555,-47.359596,-59.304017966690466,-78.75656037754081,-39.851475555840125
14734,29-08-2026,30,-60.0,test,KSI,-60.21592,-61.1882,-29.726185,-48.99904353213789,-71.22377354187451,-26.774313522401272,-67.138885,-80.61956,-46.88435,-58.93354903572266,-78.02705588057212,-39.840042190873206
14734,29-08-2026,31,-61.0,test,SDRA,-61.3587,-65.73537,-33.697563,-51.91837986886124,-75.09851574729909,-28.73824399042338,-67.78059,-81.36616,-47.36193,-60.477445776562746,-80.0436730624786,-40.91121849064689
14734,29-08-2026,32,-61.0,test,JRL,-60.11105,-64.76358,-35.810284,-55.2760795558962,-76.96339720251677,-33.58876190927561,-67.63105,-81.15185,-47.294937,-61.06678752067737,-79.54306547614709,-42.590509565207654
14734,29-08-2026,33,-63.0,test,CKD,-62.73355,-71.654915,-36.24338,-56.10824637483938,-77.42189806672926,-34.7945946829495,-69.62886,-83.591576,-48.648075,-62.909373893311184,-82.62938393537355,-43.189363851248814
14734,29-08-2026,34,-63.0,test,MHU,-65.094,-71.3614,-36.405743,-56.63438070245987,-78.52724328871335,-34.74151811620639,-69.3785,-83.25876,-48.516968,-63.81533313285596,-83.61123433251824,-44.01943193319369
14734,29-08-2026,35,-59.0,test,BNW,-65.365,-65.365,-37.83259,-59.64945429424767,-81.47343774442295,-37.82547084407239,-67.4008,-80.964966,-47.040718,-64.21544755256942,-82.48985980705078,-45.94103529808805
14734,29-08-2026,36,-67.0,test,BWK,-72.00151,-74.27419,-41.097607,-63.245003568939325,-85.13388668026477,-41.35612045761388,-74.82282,-89.820465,-52.279316,-70.14135185790732,-90.09978661436904,-50.18291710144561
14734,29-08-2026,37,-69.0,test,JKZ,-71.87559,-76.122986,-41.395164,-65.65892511887212,-89.52324195440285,-41.79460828334139,-75.67156,-90.846504,-52.887463,-71.15126519071431,-92.12883292835662,-50.17369745307201
14734,29-08-2026,39,-71.0,test,HNS,-72.12052,-77.01012,-43.282154,-69.83784525231545,-92.13943827851894,-47.53625222611196,-76.19898,-91.45366,-53.301865,-72.74738177617309,-93.05161813875169,-52.44314541359448
14734,29-08-2026,40,-71.0,test,STD,-75.11285,-79.556175,-43.23531,-69.9887061535758,-94.81542106670504,-45.16199124044657,-75.81062,-90.99163,-53.029945,-73.70731327929688,-95.29920936263117,-52.11541719596259
14734,29-08-2026,41,-60.0,test,HSR,-62.582417,-63.075954,-36.4086,-57.56717995249551,-82.03341942398765,-33.10094048100336,-68.944786,-82.82602,-48.156223,-63.09555258424091,-82.22880317529828,-43.96230199318354
14734,29-08-2026,42,-58.0,test,ADR,-62.432972,-63.30939,-36.809666,-57.94685954760626,-82.5137230349575,-33.379996060255024,-67.21104,-80.771484,-46.93078,-62.58831852089693,-81.57996381943609,-43.596673222357765
14734,29-08-2026,43,-60.0,test,BHT,-67.349144,-69.017,-38.23005,-61.0226244495822,-86.23350796296478,-35.81174093619963,-68.67925,-82.53394,-47.962246,-65.7696426150351,-85.88796032250227,-45.65132490756792
14734,29-08-2026,44,-59.0,test,DING,-68.21965,-69.54186,-38.3106,-61.61008913388764,-87.48622159352506,-35.73395667425022,-67.7628,-81.45015,-47.328037,-65.95540784999424,-86.29960219435176,-45.61121350563672
14734,29-08-2026,45,-47.0,test,SSA,-55.742996,-60.25223,-30.655624,-49.18011568591105,-75.99766028786289,-22.36257108395921,-58.918278,-70.93252,-41.0503,-54.701605059657695,-74.32290292716891,-35.08030719214648
14734,29-08-2026,46,-47.0,test,KNL,-57.324455,-61.28595,-31.41391,-50.97699758492352,-77.78146573637488,-24.17252943347215,-58.426746,-70.38703,-40.68976,-55.66249811017221,-75.29741578532465,-36.02758043501977
14734,29-08-2026,47,-50.0,test,RMN,-62.12234,-66.861786,-34.469337,-57.60697520584845,-81.81069719938807,-33.403253212308826,-59.812088,-72.039474,-41.6754,-59.91098566040301,-79.2498895103736,-40.5720818104324
14734,30-08-2026,0,-39.0,test,JP,-17.434807,-32.04202,-3.0642753,-21.15256916873937,-34.296376417929494,-8.008761919549247,-22.143375,-31.661072,-8.052109,-20.188864975090578,-34.01344578985601,-6.364284160325148
14734,30-08-2026,1,-47.0,test,GADJ,-25.683105,-38.316143,-9.869185,-26.320491929449723,-39.392977808114594,-13.24800605078485,-31.293505,-42.383408,-15.726187,-27.752646081073348,-41.98858303202229,-13.516709130124402
14734,30-08-2026,2,-49.0,test,GTJT,-28.434538,-38.559483,-12.007496,-27.82773215347547,-40.36506471734282,-15.29039958960812,-33.003563,-43.00177,-19.095388,-29.76012672394244,-42.990134038358704,-16.530119409526183
14734,30-08-2026,3,-50.0,test,KWP,-26.941467,-38.04473,-13.208182,-29.47861379632331,-41.26835885539879,-17.68886873724783,-33.396942,-43.054726,-19.978344,-29.89918581777779,-42.42014018252853,-17.378231453027055
14734,30-08-2026,4,-55.0,test,BAI,-29.892225,-39.595486,-15.850589,-31.35020355281354,-43.53687283437078,-19.16353427125629,-37.20931,-46.909416,-23.588627,-32.79160357624009,-45.28906673246405,-20.294140420016134
14734,30-08-2026,6,-54.0,test,DO,-30.90451,-41.56356,-12.905369,-32.6318679130998,-45.12195618535735,-20.141779640842245,-36.651505,-47.241108,-22.173893,-33.36781528984689,-47.16928393036514,-19.566346649328636
14734,30-08-2026,8,-54.0,test,ARNA,-30.79644,-39.879288,-15.165444,-31.850104089708296,-44.50566622731207,-19.19454195210452,-35.88596,-45.66858,-22.482597,-32.825788189474565,-45.63400662975628,-20.01756974919285
14734,30-08-2026,9,-64.0,test,BKI,-41.422646,-47.922108,-22.140266,-44.78042326928077,-58.02526745829705,-31.535579080264483,-45.452755,-56.42263,-29.915165,-43.83602452880969,-57.616947759906964,-30.055101297712415
14734,30-08-2026,11,-65.0,test,BU,-43.340145,-51.213177,-25.771418,-47.66703966823679,-62.08394071312209,-33.25013862335149,-45.620842,-55.783447,-30.967659,-45.48143828766453,-59.298190134151,-31.66468644117806
14734,30-08-2026,13,-67.0,test,RHG,-45.852604,-53.812756,-26.70359,-52.42029628731587,-69.1600873790894,-35.68050519554234,-47.183537,-57.810387,-31.930859,-48.394158146654725,-63.48061512605004,-33.30770116725941
14734,30-08-2026,14,-81.0,test,DGW,-62.258938,-67.40809,-36.281254,-60.17728223326261,-80.76162339962073,-39.592941066904494,-62.30211,-75.35994,-42.69947,-61.60803230529823,-79.90222707810538,-43.31383753249108
14734,30-08-2026,15,-81.0,test,MKH,-60.641953,-65.912315,-36.493793,-65.07847048673267,-81.79069419378614,-48.3662467796792,-62.565384,-75.52341,-43.184814,-62.69946452370746,-79.32614911497798,-46.072779932436944
14734,30-08-2026,16,-80.0,test,MWW,-59.601902,-66.54553,-36.175976,-66.65645162335456,-82.76557655626485,-50.547326690444265,-58.20758,-70.31186,-40.143288,-61.39271373969898,-77.61181533847892,-45.17361214091905
14734,30-08-2026,17,-60.0,test,AWR,-42.68576,-47.96484,-22.207638,-47.39751848634087,-64.18705420959449,-30.607982763087247,-43.073105,-54.076347,-27.818737,-44.320380182849696,-59.24264643301817,-29.39811393268122
14734,30-08-2026,18,-62.0,test,PSL,-44.843346,-50.152832,-25.907858,-49.36111592482322,-66.96422071457897,-31.75801113506746,-43.55487,-53.796864,-29.116549,-45.85864523596045,-60.5023586374992,-31.2149318344217
14734,30-08-2026,20,-66.0,test,KRH,-43.946358,-52.28775,-26.411285,-51.85986256298858,-75.06702746386736,-28.652697662109805,-46.51818,-56.803192,-31.64739,-47.330692525194884,-64.2358830391301,-30.42550201125966
14734,30-08-2026,21,-66.0,test,HSI,-42.547615,-53.02252,-28.081995,-54.99731525944085,-78.08303036995622,-31.91160014892548,-47.764393,-57.83735,-32.90094,-48.261273105712334,-64.91648265400897,-31.6060635574157
14734,30-08-2026,23,-76.0,test,AIA,-58.16259,-63.542572,-34.35835,-60.25615916871429,-81.18685909089587,-39.3254592465327,-58.166138,-70.31157,-39.994713,-58.83284062685716,-76.47930901439481,-41.18637223931951
14734,30-08-2026,25,-78.0,test,BWL,-57.059807,-63.926174,-34.293613,-60.744156367595565,-80.65807578276588,-40.83023695242525,-57.58946,-69.25559,-40.054214,-58.41341109474739,-75.60580002848002,-41.22102216101476
14734,30-08-2026,26,-42.0,test,RE,-21.63236,-34.535786,-6.585167,-28.17436894076977,-49.44363462313999,-6.90510325839956,-29.477737,-39.87044,-15.582466,-26.332205346347116,-42.81436936208773,-9.850041330606505
14734,30-08-2026,27,-48.0,test,KGBS,-26.783642,-38.302143,-10.724304,-30.87390234833426,-53.72316757325344,-8.024637123415086,-35.481083,-46.448822,-20.751854,-30.983318038347818,-48.17360245245615,-13.79303362423948
14734,30-08-2026,28,-49.0,test,JTS,-28.317038,-39.53811,-13.190509,-33.06132328331563,-56.067492382621154,-10.05515418401011,-34.620537,-44.377262,-21.478619,-31.929579961792147,-48.459266066250336,-15.399893857333954
14734,30-08-2026,30,-49.0,test,KSI,-28.259583,-38.704884,-11.214401,-32.35552526242092,-54.58025527215754,-10.1307952526843,-34.60662,-44.08001,-21.803425,-31.679404441084767,-48.046971332315636,-15.311837549853898
14734,30-08-2026,31,-51.0,test,SDRA,-28.498825,-40.67192,-14.807836,-35.681682493667935,-58.86181837210579,-12.50154661523008,-36.10605,-45.274406,-23.527817,-33.32427326158158,-49.62288938531635,-17.025657137846814
14734,30-08-2026,32,-55.0,test,JRL,-33.34517,-42.295258,-18.765888,-40.34755362838934,-62.03487127500993,-18.66023598176876,-39.699516,-49.172104,-26.458275,-37.696273598592796,-53.23646832154972,-22.15607887563587
14734,30-08-2026,33,-56.0,test,CKD,-34.206776,-43.40658,-19.351171,-41.23930242655417,-62.55295411844405,-19.925650734664288,-40.160755,-49.802803,-26.730698,-38.434363275178626,-54.007789269509274,-22.860937280847978
14734,30-08-2026,34,-58.0,test,MHU,-35.033184,-44.705013,-20.326612,-42.41270223823286,-64.30556482448634,-20.519839651979385,-41.945824,-51.70244,-28.173859,-39.69048471400336,-55.59695724728088,-23.784012180725842
14734,30-08-2026,35,-56.0,test,BNW,-36.92948,-44.771015,-21.608538,-46.178201085021385,-68.00218453519668,-24.3542176348461,-40.754036,-50.499065,-27.16296,-41.15714794756109,-56.784849079765934,-25.529446815356252
14734,30-08-2026,36,-65.0,test,BWK,-44.870583,-49.935043,-26.231665,-50.227159648846815,-72.11604276017225,-28.338276537521377,-50.139465,-61.08803,-34.21914,-48.334722255870474,-64.69979959224429,-31.969644919496663
14734,30-08-2026,37,-67.0,test,JKZ,-45.373814,-52.211716,-27.78471,-52.67601768587232,-76.54033452140305,-28.811700850341595,-50.445473,-61.32796,-34.56559,-49.39415386248197,-66.53566427845831,-32.25264344650564
14734,30-08-2026,39,-70.0,test,HNS,-51.942955,-57.663376,-31.199013,-57.14983029644655,-79.45142332265004,-34.848237270243054,-51.811882,-62.52076,-35.92627,-53.563396945503655,-70.52326581565126,-36.60352807535606
14734,30-08-2026,40,-75.0,test,STD,-58.26985,-61.904945,-33.506508,-58.97088928111789,-83.79760419424711,-34.144174367988654,-55.574707,-66.95519,-38.61108,-57.597570965096175,-76.06345882784824,-39.13168310234411
14734,30-08-2026,41,-63.0,test,HSR,-43.12308,-48.10911,-24.706133,-46.52132911007343,-70.98756858156557,-22.055089638581286,-46.93847,-57.253887,-32.03179,-45.47798388524416,-62.36553966536791,-28.590428105120402
14734,30-08-2026,42,-63.0,test,ADR,-43.396355,-47.961266,-25.839975,-47.54817674667403,-72.11504023402527,-22.981313259322796,-47.09681,-57.430378,-32.176308,-45.95386468394242,-62.64670703394418,-29.261022333940655
14734,30-08-2026,43,-75.0,test,BHT,-58.319973,-59.011772,-32.45002,-54.018852707815256,-79.22973622119784,-28.80796919443268,-57.44883,-69.16692,-39.95049,-56.655690110534664,-75.06738096691865,-38.24399925415067
14734,30-08-2026,44,-75.0,test,DING,-57.69993,-59.077503,-32.433475,-55.3506828383286,-81.22681529796601,-29.474550378691173,-56.165337,-67.621735,-39.08705,-56.43879143083022,-74.96970877482983,-37.907874086830624
14734,30-08-2026,45,-68.0,test,SSA,-40.96738,-48.608833,-24.821108,-44.7347388117975,-71.55228341374934,-17.917194209845665,-50.416878,-61.131752,-34.742672,-45.31397246052848,-63.264555247347005,-27.363389673709964
14734,30-08-2026,46,-65.0,test,KNL,-38.85497,-48.14214,-22.617094,-45.54863845756737,-72.35310660901874,-18.744170306116004,-48.110928,-58.593876,-32.939327,-44.072398137061576,-62.20761459250298,-25.93718168162017
14734,30-08-2026,47,-65.0,test,RMN,-47.914722,-54.353077,-25.39149,-51.07944623609609,-75.2831682296357,-26.87572424255647,-47.100872,-57.369034,-32.25761,-48.6554555081932,-66.45071043376707,-30.860200582619324
14734,31-08-2026,0,-13.0,test,JP,-18.820251,-32.74888,-3.9532425,-20.40711460924217,-33.5509218584323,-7.263307360052046,-20.356022,-30.135033,-5.5845537,-19.838135944727725,-33.7938476560535,-5.882424233401949
14734,31-08-2026,1,-17.0,test,GADJ,-23.142204,-33.148605,-9.242923,-24.470049659004168,-37.54253553766904,-11.397563780339295,-25.34187,-35.766167,-10.209338,-24.29810161431297,-37.51258375077555,-11.08361947785039
14734,31-08-2026,2,-17.0,test,GTJT,-24.023333,-33.26296,-10.661291,-25.09363294558418,-37.63096550945153,-12.556300381716827,-24.974672,-34.83528,-10.831423,-24.68176889355266,-37.20738793753276,-12.156149849572564
14734,31-08-2026,3,-17.0,test,KWP,-25.84027,-33.781017,-12.299846,-26.17799463791571,-37.96773969699119,-14.388249578840233,-25.015451,-34.69361,-11.322288,-25.673892447395286,-37.63358378530486,-13.714201109485716
14734,31-08-2026,4,-19.0,test,BAI,-26.28417,-38.056442,-13.32256,-26.867931176575198,-39.05460045813244,-14.681261895017949,-26.885674,-36.185284,-14.040854,-26.6707718941984,-39.14345303523135,-14.198090753165447
14734,31-08-2026,6,-20.0,test,DO,-24.702625,-40.74362,-10.676767,-28.75731878597104,-41.24740705822859,-16.267230513713486,-27.704447,-38.718254,-12.591616,-26.99675080445428,-41.24044301876056,-12.753058590148001
14734,31-08-2026,8,-19.0,test,ARNA,-26.532495,-38.785797,-13.324489,-27.725395075288308,-40.380957212892085,-15.069832937684533,-27.125427,-36.97649,-13.817355,-27.11091700658814,-40.05094973733307,-14.170884275843203
14734,31-08-2026,9,-37.0,test,BKI,-42.429924,-51.949314,-20.764273,-42.94147733645004,-56.18632152546632,-29.69663314743375,-45.47169,-57.52773,-28.557722,-43.60500383148622,-58.80261580002129,-28.40739186295115
14734,31-08-2026,11,-53.0,test,BU,-54.63975,-60.664314,-32.722153,-51.43566035330956,-65.85256139819487,-37.01875930842426,-58.203915,-70.542885,-39.94719,-54.80110421159285,-70.08364260846615,-39.51856581471956
14734,31-08-2026,13,-67.0,test,RHG,-65.67914,-71.17993,-37.441338,-60.9614149518833,-77.70120604365684,-44.22162386010976,-70.16022,-84.35356,-48.589016,-65.66169803252942,-83.68472994086193,-47.6386661241969
14734,31-08-2026,14,-67.0,test,DGW,-66.74016,-72.09027,-39.46961,-65.51390376955541,-86.09824493591353,-44.9295626031973,-69.40978,-83.408226,-48.278404,-67.2361000886867,-86.23424219460279,-48.23795798277062
14734,31-08-2026,15,-68.0,test,MKH,-66.63324,-76.5383,-39.99205,-69.62962886039219,-86.34185256744566,-52.91740515333872,-68.409874,-82.24744,-47.576477,-68.18168976010458,-86.51726812277825,-49.8461113974309
14734,31-08-2026,16,-67.0,test,MWW,-67.02245,-77.11948,-39.79122,-70.97120496051818,-87.08032989342847,-54.86208002760789,-65.772026,-79.07358,-45.80123,-67.86855620154466,-85.90037196002703,-49.83674044306229
14734,31-08-2026,17,-47.0,test,AWR,-49.552174,-57.556686,-29.798717,-51.62972564771049,-68.41926137096411,-34.840189924456865,-51.756355,-63.096275,-35.254097,-50.94916700821501,-66.51347659770096,-35.38485741872906
14734,31-08-2026,18,-52.0,test,PSL,-57.079716,-61.12522,-32.96556,-54.514286191709786,-72.11739098146555,-36.911181401954025,-53.26723,-64.241,-36.90621,-54.99193340451245,-70.81401426668211,-39.169852542342795
14734,31-08-2026,20,-63.0,test,KRH,-59.661896,-67.10658,-35.645947,-59.48663424266356,-82.69379914354234,-36.279469341784775,-64.78879,-77.95216,-44.911903,-61.31092888284843,-80.61251433607967,-42.00934342961719
14734,31-08-2026,21,-63.0,test,HSI,-59.22419,-71.39766,-37.518402,-62.94653596823807,-86.03225107875343,-39.86082085772269,-64.381676,-77.273285,-44.92239,-62.12900889016524,-81.71116814385225,-42.54684963647823
14734,31-08-2026,23,-76.0,test,AIA,-73.254524,-88.646454,-43.242855,-69.21594634895732,-90.14664627113888,-48.28524642677574,-76.49995,-91.880745,-53.133804,-73.04318684437825,-95.12351853458375,-50.96285515417276
14734,31-08-2026,25,-86.0,test,BWL,-77.48155,-85.07496,-44.027393,-72.43002236211042,-92.34394177728072,-52.51610294694011,-83.415146,-100.04568,-58.258553,-77.84049128761082,-99.31494223997524,-56.36604033524639
14734,31-08-2026,26,-65.0,test,RE,-57.241108,-61.971264,-27.163012,-45.30361420393933,-66.57287988630955,-24.03434852156912,-66.19332,-79.558655,-46.072678,-56.40330317943908,-75.74376586643587,-37.062840492442284
14734,31-08-2026,27,-64.0,test,KGBS,-57.62376,-60.759876,-28.43888,-46.61479892596389,-69.46406415088306,-23.76553370104472,-64.0198,-76.92352,-44.637062,-56.23259673379168,-75.43959168864495,-37.02560177893841
14734,31-08-2026,28,-64.0,test,JTS,-57.72993,-57.72993,-29.622484,-48.059273514888886,-71.06544261419441,-25.05310441558337,-62.879257,-75.55673,-43.857613,-56.35184959345108,-74.73946812392484,-37.96423106297732
14734,31-08-2026,30,-63.0,test,KSI,-53.29379,-57.42882,-27.967098,-46.80077564159458,-69.0255056513312,-24.57604563185797,-63.440517,-76.22316,-44.24592,-54.593210421949806,-73.01448476245284,-36.17193608144678
14734,31-08-2026,31,-63.0,test,SDRA,-55.80733,-61.782944,-31.13917,-49.425676380435625,-72.60581225887348,-26.24554050199777,-63.117992,-75.83498,-44.027702,-56.19915348576884,-75.12721790366288,-37.2710890678748
14734,31-08-2026,32,-65.0,test,JRL,-59.49075,-62.690456,-34.451153,-53.27766653857028,-74.96498418519087,-31.59034889194969,-64.73627,-77.76639,-45.09456,-59.24964449245867,-77.38861931348536,-41.11066967143198
14734,31-08-2026,33,-64.0,test,CKD,-59.75083,-64.16629,-33.730644,-53.2721574268589,-74.58580911874878,-31.958505734969023,-65.39999,-78.584854,-45.509468,-59.559084498291234,-78.04422740484418,-41.0739415917383
14734,31-08-2026,34,-65.0,test,MHU,-61.17271,-63.437252,-34.548466,-53.97588329363565,-75.86874587988913,-32.083020707382175,-65.66523,-78.903336,-45.69478,-60.366792026553824,-78.78706027371537,-41.94652377939228
14734,31-08-2026,35,-63.0,test,BNW,-58.284676,-59.84673,-35.72508,-57.67772154485946,-79.50170499503474,-35.853738094684175,-64.92364,-78.037636,-45.142998,-60.298613837972425,-77.77038459293026,-42.826843083014595
14734,31-08-2026,36,-64.0,test,BWK,-64.4333,-64.4333,-36.12155,-59.0245910068004,-80.91347411812583,-37.135707895474965,-66.03953,-79.359276,-46.048206,-63.23894610701217,-81.57039943792891,-44.907492776095424
14734,31-08-2026,37,-65.0,test,JKZ,-65.25201,-65.25201,-37.014587,-60.84393391105274,-84.70825074658347,-36.979617075522015,-66.2079,-79.55265,-46.202744,-64.1611594878384,-83.14870225666964,-45.17361671900717
14734,31-08-2026,39,-71.0,test,HNS,-67.855034,-74.873924,-40.176582,-66.1230308682396,-88.42462389444309,-43.8214378420361,-71.053894,-85.36755,-49.588768,-68.3653541785053,-88.43229355092302,-48.29841480608757
14734,31-08-2026,40,-72.0,test,STD,-69.78174,-77.3266,-40.186295,-66.89633357325052,-91.72304848637977,-42.06961866012128,-70.423935,-84.579216,-49.211105,-69.07318486909094,-90.36189302592481,-47.78447671225705
14734,31-08-2026,41,-61.0,test,HSR,-56.90489,-58.90695,-33.763027,-54.58920007622594,-79.0554395477181,-30.1229606047338,-63.671833,-76.54991,-44.39612,-58.41530554924114,-76.83105608302944,-39.99955501545284
14734,31-08-2026,42,-59.0,test,ADR,-57.38361,-58.723522,-34.438847,-54.983717501139935,-79.55058098849118,-30.416854013788697,-61.19573,-73.60594,-42.67601,-57.88443458138961,-75.9633507900183,-39.80551837276093
14734,31-08-2026,43,-63.0,test,BHT,-61.05528,-65.6369,-35.995754,-58.72735699008475,-83.93824050346733,-33.516473476702174,-64.740425,-77.88266,-45.113205,-61.536876968797515,-81.13127969263857,-41.94247424495646
14734,31-08-2026,44,-61.0,test,DING,-62.03454,-63.557316,-35.71769,-59.08132505823595,-84.95745751787337,-33.20519259859853,-62.533993,-75.21756,-43.629642,-61.25684287034804,-80.53919024086736,-41.97449549982873
14734,31-08-2026,45,-67.0,test,SSA,-61.80429,-65.68993,-34.16153,-52.85259832108869,-79.67014292304053,-26.035053719136855,-67.22057,-80.868866,-46.869827,-60.74475922965182,-81.43763177858776,-40.05188668071588
14734,31-08-2026,46,-71.0,test,KNL,-65.68679,-72.7923,-35.92356,-56.66705898771038,-83.47152713916174,-29.86259083625901,-71.27533,-85.771774,-49.64196,-64.66280322275486,-86.69857103254098,-42.62703541296874
14734,31-08-2026,47,-70.0,test,RMN,-66.46749,-69.15387,-38.005978,-62.04148177993183,-86.24520377347145,-37.83775978639221,-68.87145,-82.848526,-48.072327,-65.85249120701076,-85.73446435110847,-45.970518062913044
14801,28-08-2026,0,-13.0,test,JU,-16.048613,-23.017767,-1.4136614,-15.16758895234393,-22.46234946414309,-7.872828440544768,-16.74718,-27.392166,1.9467049,-15.999373448749523,-27.51508992988241,-4.483656967616636
14801,28-08-2026,1,-15.0,test,BGKT,-19.076113,-25.918198,-3.1426024,-18.621069354334622,-25.729028560898755,-11.513110147770492,-19.436123,-30.824959,-0.03648758,-19.05041645078512,-30.97048495524722,-7.130347946323024
14801,28-08-2026,2,-15.0,test,BANE,-19.356903,-24.46621,-7.0037355,-18.16631489198846,-25.78578525607372,-10.546844527903204,-19.244326,-30.173183,-0.832571,-18.938970825270943,-29.80760702443628,-8.070334626105607
14801,28-08-2026,3,-13.0,test,LUNI,-18.538696,-24.277132,-5.2919903,-17.837475917758006,-26.37958689959247,-9.29536493592354,-16.960062,-27.377523,0.56274986,-17.789593443987734,-29.001406092938645,-6.577780795036825
14801,28-08-2026,4,-20.0,test,PMY,-23.155632,-30.53398,-8.304675,-20.968599684961355,-30.01996861454908,-11.917230755373629,-24.207006,-34.22691,-7.8597317,-22.806345948307783,-34.506836009806804,-11.105855886808762
14801,28-08-2026,5,-21.0,test,MJ,-25.619709,-31.302643,-9.890349,-23.415191208834838,-35.122303343126944,-11.708079074542727,-25.219572,-35.358604,-9.158697,-24.782107969228765,-37.195359102497676,-12.368856835959852
14801,28-08-2026,6,-22.0,test,SOD,-24.979153,-32.849167,-12.444902,-25.0864768071321,-37.00839139695015,-13.164562217314057,-26.40172,-36.462276,-10.6640215,-25.48655298523039,-37.71766963799362,-13.255436332467156
14801,28-08-2026,7,-21.0,test,HP,-25.348736,-32.367294,-13.2059145,-25.046941573186484,-35.848320367259625,-14.245562779113344,-25.8493,-36.200645,-9.5392,-25.418759249584003,-37.19760157355833,-13.639916925609672
14801,28-08-2026,8,-18.0,test,SEU,-23.451252,-29.828798,-12.309393,-23.01188675536373,-33.6832123200548,-12.340561190672652,-22.892889,-33.483932,-5.9173584,-23.125144038089502,-34.71852194371418,-11.531766132464826
14801,28-08-2026,9,-17.0,test,BER,-20.79755,-28.409126,-9.965521,-22.920903039374256,-34.350933535125286,-11.490872543623224,-21.498085,-31.635048,-5.384531,-21.709115022071135,-33.49608213383519,-9.922147910307086
14801,28-08-2026,10,-10.0,test,AII,-16.61286,-23.432373,-1.2452363,-16.305720247346333,-25.699694518447785,-6.911745976244879,-14.153663,-24.34623,2.7277632,-15.69685155321445,-27.628015302993603,-3.7656878034353003
14801,28-08-2026,11,-12.0,test,NSD,-18.509594,-26.019753,-5.1800513,-19.92255030821552,-30.59807356932837,-9.247027047102671,-16.440786,-26.69814,0.3718338,-18.27313139545026,-30.387565057133504,-6.158697733767017
14801,28-08-2026,12,-17.0,test,BJNR,-24.574944,-30.229342,-11.790322,-25.73932166838973,-38.73257431411928,-12.746069022660183,-21.5071,-31.320347,-6.2890005,-23.92679175145264,-36.02461563205472,-11.828967870850565
14801,28-08-2026,13,-18.0,test,RLR,-27.409163,-33.86207,-14.120969,-31.39269635540681,-43.88718435585497,-18.89820835495865,-22.04471,-31.362568,-7.998951,-26.898187161732032,-38.7752471607599,-15.021127162704163
14801,28-08-2026,14,-13.0,test,BHL,-21.03108,-28.474236,-7.823033,-28.37957571979443,-42.972821195472335,-13.786330244116527,-17.751976,-27.600327,-2.4051857,-22.28901292143509,-35.35632237358216,-9.22170346928802
14801,28-08-2026,15,-10.0,test,GGR,-20.320509,-26.498056,-7.7779264,-21.958254425707054,-32.308846449704106,-11.60766240171,-14.956701,-24.921995,0.8472433,-19.060071978805425,-30.451287955027567,-7.668856002583285
14801,28-08-2026,16,-12.0,test,CNA,-17.275715,-23.510557,-4.868004,-17.541385515703258,-26.737110212861797,-8.34566081854472,-17.095482,-26.901703,-1.9877625,-17.30067915108196,-28.140863717165168,-6.460494584998756
14801,28-08-2026,17,-19.0,test,COR,-21.149414,-28.59199,-6.9747696,-19.069693418207105,-27.91197316400224,-10.227413672411972,-24.478548,-35.29098,-8.43194,-21.591934368879997,-33.19636124153332,-9.987507496226677
14801,28-08-2026,18,-16.0,test,SMP,-18.253984,-24.499458,-5.573688,-17.665955772409564,-25.860018202726863,-9.471893342092264,-21.045488,-30.350536,-7.445772,-18.994426168343416,-29.199411931649934,-8.789440405036897
14801,28-08-2026,19,-26.0,test,NBH,-28.060678,-33.633022,-14.979086,-27.998352494200176,-36.88382461350322,-19.11288037489713,-31.513365,-42.346046,-15.74868,-29.18901488253455,-40.22109249424735,-18.15693727082175
14801,28-08-2026,20,-27.0,test,JWO,-30.123665,-35.805,-15.746645,-29.81893431690623,-40.91943173064978,-18.718436903162683,-31.464186,-40.66937,-18.451542,-30.47209314937589,-41.7392654947117,-19.20492080404008
14801,28-08-2026,21,-21.0,test,NMH,-25.160032,-31.915976,-10.550121,-23.74822295579789,-35.75398924739963,-11.742456664196148,-25.544159,-34.38165,-13.17321,-24.836589338076486,-36.470074454838496,-13.203104221314472
14801,28-08-2026,22,-10.0,test,MLG,-16.183086,-22.311794,-3.1271317,-15.58504681699735,-25.717832260688176,-5.452261373306522,-16.219366,-25.425327,-2.7325344,-16.004027985634345,-26.869846364577057,-5.138209606691634
14801,28-08-2026,23,-17.0,test,PIP,-21.646011,-27.205889,-8.867333,-21.724996731621644,-32.14977244156864,-11.30022102167464,-22.584715,-32.798183,-8.023403,-21.983436981790287,-33.15623234937326,-10.810641614207315
14801,28-08-2026,24,-16.0,test,MDS,-20.636806,-26.674345,-8.445844,-21.25805225513092,-31.27451133944605,-11.24159317081578,-21.282442,-30.16979,-8.790788,-21.050064431098676,-31.472847922878998,-10.627280939318355
14801,28-08-2026,25,-15.0,test,DLD,-20.903547,-26.327068,-7.228189,-20.25334658721462,-30.262343769015494,-10.24434940541374,-20.52994,-29.296144,-8.336285,-20.571503580233603,-31.077549871369577,-10.06545728909763
14801,28-08-2026,26,-22.0,test,DOD,-27.422323,-33.45369,-14.759,-27.83261454019552,-37.23042658391039,-18.434802496480643,-26.97097,-36.62097,-13.817593,-27.403339694941778,-37.95235734991998,-16.854322039963574
14801,28-08-2026,27,-17.0,test,JAO,-22.436987,-27.986496,-10.064199,-22.919812923845605,-32.2844022603369,-13.555223587354314,-22.564808,-31.246262,-10.725295,-22.63379956086021,-32.632109127134406,-12.635489994586019
14801,28-08-2026,28,-25.0,test,NLI,-28.633293,-32.687325,-14.360543,-26.06224125825557,-34.05050981506052,-18.07397270145062,-29.84837,-39.646313,-16.655678,-28.21572305103485,-38.257257749015025,-18.174188353054678
14801,28-08-2026,29,-19.0,test,RTM,-23.759638,-28.896141,-10.849429,-22.61126627800213,-30.952097195514405,-14.270435360489856,-24.136328,-32.55265,-13.011059,-23.517912311576076,-33.02440960655553,-14.011415016596622
14801,28-08-2026,30,-15.0,test,RNJ,-21.697104,-25.940966,-10.309921,-20.61509199049145,-27.471902772461974,-13.758281208520936,-20.801239,-29.255291,-9.658124,-21.053374028817878,-29.63044344183143,-12.476304615804326
14801,28-08-2026,31,-28.0,test,BNG,-28.39573,-33.118572,-16.001413,-27.748358023705563,-33.48834409244914,-22.008371954961987,-32.73671,-42.029716,-20.05579,-29.632513853857485,-38.52119102704003,-20.74383668067494
14801,28-08-2026,32,-18.0,test,GPX,-20.579508,-25.269255,-11.4640045,-20.306928463174177,-22.868056953844665,-17.74579997250369,-24.141262,-33.079895,-12.454928,-21.676923365854222,-28.6585466852946,-14.695300046413845
14801,28-08-2026,33,-21.0,test,FTD,-23.403929,-27.781961,-13.270664,-22.917989742210366,-25.67049610778955,-20.165483376631183,-25.525183,-33.900406,-14.596936,-23.954093074498523,-30.898142582066832,-17.010043566930214
14801,28-08-2026,34,-19.0,test,LMNR,-19.792162,-25.90844,-11.54077,-20.04842248248796,-22.094017901221303,-18.002827063754616,-23.624092,-31.675125,-13.239151,-21.1484380792284,-27.677581818256336,-14.619294340200462
14801,29-08-2026,0,-16.0,test,JU,-14.422537,-22.663994,-0.8707708,-14.04940711309813,-21.34416762489729,-6.754646601298968,-13.984219,-24.661276,5.30715,-14.157519973012885,-25.817692487371062,-2.49734745865471
14801,29-08-2026,1,-17.0,test,BGKT,-15.983209,-24.268839,-1.9359297,-17.24004579529216,-24.348005001856293,-10.132086588728033,-15.180591,-26.236673,4.299636,-16.117948106302645,-27.913146040805483,-4.322750171799807
14801,29-08-2026,2,-19.0,test,BANE,-16.993254,-23.179811,-6.032835,-17.176571293323562,-24.796041657408814,-9.557100929238306,-18.03218,-30.460314,3.6498966,-17.397353337897073,-29.04113788781731,-5.753568787976835
14801,29-08-2026,3,-20.0,test,LUNI,-18.922142,-25.235483,-5.07765,-18.16539208513956,-26.707503066974027,-9.623281103305096,-19.41644,-31.465874,1.6797962,-18.84468499675649,-31.179509088237353,-6.50986090527563
14801,29-08-2026,4,-23.0,test,PMY,-18.818075,-27.12365,-6.172781,-19.92281555544059,-28.97418448502832,-10.871446625852862,-21.384382,-31.934956,-3.7140408,-20.02460511484341,-31.815286793181677,-8.233923436505146
14801,29-08-2026,5,-23.0,test,MJ,-19.36454,-27.161589,-6.563995,-21.9209738710928,-33.6280860053849,-10.213861736800691,-21.167582,-31.475655,-4.321356,-20.781169767556957,-33.2122757483951,-8.350063786718813
14801,29-08-2026,6,-26.0,test,SOD,-21.703941,-30.974695,-10.886331,-24.27687396283046,-36.19878855264851,-12.354959373012417,-24.656816,-35.61952,-7.2146034,-23.508241899905638,-36.13678795737561,-10.879695842435664
14801,29-08-2026,7,-27.0,test,HP,-24.419748,-32.21614,-12.559816,-25.037678176820272,-35.83905697089341,-14.236299382747132,-25.578297,-36.362877,-8.279339,-25.002525397850455,-37.120049796472586,-12.885000999228323
14801,29-08-2026,8,-26.0,test,SEU,-23.124598,-31.098211,-12.153847,-23.74011869974461,-34.41144426443569,-13.068793135053536,-24.524862,-35.580795,-6.562767,-23.78699217463725,-35.89401790244881,-11.67996644682569
14801,29-08-2026,9,-27.0,test,BER,-23.285454,-31.60078,-11.335026,-24.380452625424414,-35.81048312117545,-12.950422129673386,-25.886276,-36.341274,-9.37678,-24.50034935579495,-36.74473670751897,-12.255962004070929
14801,29-08-2026,10,-17.0,test,AII,-15.832039,-23.539745,-1.0542722,-16.743887844089326,-26.137862115190774,-7.349913572987871,-15.277347,-25.493143,1.4930277,-15.938977954899714,-27.909290181551512,-3.968665728247915
14801,29-08-2026,11,-16.0,test,NSD,-16.997585,-25.689974,-4.7457147,-19.24471228983751,-29.92023555095036,-8.56918902872466,-14.547726,-24.805218,2.3658504,-16.90098430340259,-29.052163243145756,-4.749805363659426
14801,29-08-2026,12,-20.0,test,BJNR,-22.97541,-28.877565,-10.383934,-24.59085925994909,-37.58411190567865,-11.597606614219544,-18.84206,-29.361761,-2.144041,-22.117059116660254,-34.60659356686881,-9.627524666451695
14801,29-08-2026,13,-25.0,test,RLR,-26.333595,-34.49072,-13.752188,-31.701345441409472,-44.19583344185763,-19.20685744096131,-23.358318,-33.704876,-7.803789,-27.05955723321304,-39.56180655223443,-14.557307914191652
14801,29-08-2026,14,-19.0,test,BHL,-20.226715,-28.461678,-7.4148335,-28.41866111965507,-43.011906595332974,-13.825415643977166,-17.710352,-27.523827,-2.4378986,-22.007864624851216,-35.12835773908489,-8.88737151061754
14801,29-08-2026,15,-15.0,test,GGR,-19.288498,-26.36437,-7.2317944,-21.60379723657109,-31.954389260568146,-11.253205212574036,-13.995972,-24.018269,2.0301704,-18.268302313781547,-29.78358728759418,-6.7530173399689115
14801,29-08-2026,16,-17.0,test,CNA,-15.616071,-23.232742,-4.3421683,-17.159205586955963,-26.354930284114506,-7.963480889797426,-16.128881,-25.93935,-0.89631176,-16.279776205996257,-27.187794594063938,-5.371757817928575
14801,29-08-2026,17,-15.0,test,COR,-15.542172,-22.439913,-4.3976283,-16.01945804312494,-24.861737788920077,-7.177178297329805,-14.404979,-24.280956,1.0767927,-15.316510236316246,-26.00595899386324,-4.627061478769253
14801,29-08-2026,18,-15.0,test,SMP,-14.791435,-21.951729,-4.282672,-14.833153734225627,-23.027216164542928,-6.639091303908328,-14.613391,-24.227272,0.25310802,-14.745555794790985,-24.99614074522038,-4.494970844361589
14801,29-08-2026,19,-24.0,test,NBH,-23.956087,-29.750895,-12.383193,-24.93098036822743,-33.81645248753048,-16.045508248924385,-23.0473,-33.72828,-7.4254465,-23.96541310009855,-34.71117366952254,-13.219652530674567
14801,29-08-2026,20,-26.0,test,JWO,-24.653278,-31.63684,-12.809841,-27.065159825364947,-38.16565723910849,-15.964662411621402,-24.856844,-33.98353,-11.795257,-25.491775873252706,-36.52891766995166,-14.454634076553752
14801,29-08-2026,21,-19.0,test,NMH,-18.01767,-25.831854,-6.171177,-20.75558699472889,-32.76135328633063,-8.749820703127149,-18.438398,-27.55716,-5.187707,-19.03258466435638,-30.557381208747454,-7.5077881199653085
14801,29-08-2026,22,-15.0,test,MLG,-14.608409,-22.238111,-2.821752,-15.02511338732589,-25.15789883101672,-4.8923279436350615,-15.279435,-24.454178,-1.7000389,-14.964743090567252,-25.88358493781969,-4.0459012433148125
14801,29-08-2026,23,-23.0,test,PIP,-20.091034,-27.165012,-8.257174,-21.678692764230867,-32.10346847417787,-11.253917054283864,-22.548262,-32.969044,-7.6170197,-21.415620679536485,-32.79316433430125,-10.038077024771713
14801,29-08-2026,24,-22.0,test,MDS,-19.531698,-26.633469,-7.877475,-21.33356195160685,-31.350021035921984,-11.31710286729171,-21.299686,-30.223606,-8.745303,-20.695521629568606,-31.23197372209996,-10.159069537037256
14801,29-08-2026,25,-21.0,test,DLD,-19.67802,-26.233982,-6.722282,-20.31747046235344,-30.32646764415432,-10.308473280552558,-20.551546,-29.31969,-8.3580885,-20.17288524612386,-30.75462516546134,-9.59114532678638
14801,29-08-2026,26,-27.0,test,DOD,-26.316708,-32.29168,-13.587612,-27.529011458462502,-36.92682350217738,-18.131199414747638,-26.177004,-35.85304,-12.952439,-26.65767932196599,-37.22538475109265,-16.089973892839332
14801,29-08-2026,27,-23.0,test,JAO,-21.284042,-27.905972,-9.396836,-22.894539201821072,-32.25912853831236,-13.52994986532978,-22.58132,-31.247093,-10.7745905,-22.230164586100983,-32.32718088961706,-12.133148282584903
14801,29-08-2026,28,-27.0,test,NLI,-25.124395,-30.834333,-12.6735325,-24.704260057509256,-32.692528614314206,-16.715991500704305,-25.640844,-34.09024,-14.381778,-25.16188139587419,-34.60004210301277,-15.723720688735613
14801,29-08-2026,29,-22.0,test,RTM,-19.971956,-26.09778,-9.0326395,-21.41873212634935,-29.759563043861625,-13.077901208837076,-21.716204,-30.23908,-10.33938,-21.014404155537033,-30.404172107019658,-11.624636204054408
14801,29-08-2026,30,-18.0,test,RNJ,-18.684887,-24.388897,-9.068153,-19.474915301814143,-26.331726083784663,-12.618104519843628,-18.494873,-27.116913,-6.924286,-18.87417452269593,-27.498543167942124,-10.249805877449738
14801,29-08-2026,31,-17.0,test,BNG,-19.968868,-25.738457,-11.135843,-21.927161294605668,-27.667147363349244,-16.18717522586209,-17.875246,-26.57724,-6.1574125,-19.898433875462874,-28.05656147554205,-11.740306275383698
14801,29-08-2026,32,-15.0,test,GPX,-17.521414,-22.54849,-9.749359,-16.468425528605145,-19.02955401927563,-13.90729703793466,-16.60557,-25.315495,-4.8361673,-16.880315092784535,-23.652772420553877,-10.107857765015194
14801,29-08-2026,33,-18.0,test,FTD,-19.677483,-24.213413,-10.844082,-19.469035921765947,-22.22154228734513,-16.716529556186764,-18.973173,-27.219631,-8.295086,-19.376635348486865,-26.04597923981989,-12.70729145715384
14801,29-08-2026,34,-19.0,test,LMNR,-17.761625,-22.713585,-9.950688,-17.755294096590237,-19.800889515323583,-15.70969867785689,-19.55313,-27.598381,-9.3194475,-18.35539996211927,-24.56406094701775,-12.146738977220794
14801,30-08-2026,0,1.0,test,JU,-13.628268,-22.660173,-0.8206897,-13.67667983334953,-20.97143938120837,-6.381920285490691,-12.702299,-23.73682,6.9037075,-13.335791469477547,-25.121759587352656,-1.5498233516024396
14801,30-08-2026,1,-7.0,test,BGKT,-18.146883,-26.692703,-3.2933812,-18.70719285522346,-25.815151061280925,-11.599234649165997,-22.191923,-34.764484,-0.82649803,-19.671201999371615,-32.255075552750114,-7.087328445993114
14801,30-08-2026,2,-7.0,test,BANE,-17.779669,-25.235432,-6.858925,-18.726125112169477,-26.345594570207187,-11.10665565413176,-21.550735,-32.810013,-2.7111511,-19.33627893069945,-30.504224769443198,-8.1683330919557
14801,30-08-2026,3,-6.0,test,LUNI,-18.16827,-26.236015,-5.206729,-19.02345352054105,-27.565563743993987,-10.481343297088111,-20.053244,-30.764418,-2.3209877,-19.068455816974858,-30.741420467161333,-7.395491166788384
14801,30-08-2026,4,-7.0,test,PMY,-18.023806,-27.12365,-5.7829227,-19.94530797581097,-28.996676102229934,-10.893939849392003,-20.857365,-30.607178,-4.851162,-19.580239397165254,-31.011749074794746,-8.148729719535762
14801,30-08-2026,5,-8.0,test,MJ,-21.751947,-28.196636,-7.0246773,-22.265685283202405,-33.9727968714948,-10.55857369491001,-22.132477,-32.582447,-5.175827,-22.042681713509968,-34.62273288448785,-9.462630542532084
14801,30-08-2026,7,-9.0,test,HP,-21.877373,-31.419266,-10.61044,-24.292059991615734,-35.09353441582018,-13.490585567411284,-24.12409,-35.456177,-5.687195,-23.396255119459987,-36.018557550360164,-10.773952688559808
14801,30-08-2026,8,-11.0,test,SEU,-23.487759,-31.383766,-11.430808,-24.020527686134407,-34.691884771685324,-13.349170600583488,-25.962828,-37.032486,-8.091591,-24.481153314132126,-36.7589117975136,-12.203394830750653
14801,30-08-2026,9,-11.0,test,BER,-22.850796,-31.580856,-10.4922695,-24.4540603777686,-35.88410257838073,-13.024018177156476,-25.432384,-35.971764,-8.5578785,-24.22172820452537,-36.69484826981914,-11.7486081392316
14801,30-08-2026,10,0.0,test,AII,-14.982973,-23.461548,-0.88481677,-16.385402967370705,-25.77937831778533,-6.991427616956079,-14.2257,-24.43554,2.6870804,-15.179321638156043,-27.190123756983304,-3.1685195193287825
14801,30-08-2026,11,1.0,test,NSD,-16.243713,-25.686153,-4.1995807,-18.86641707565216,-29.541940486612,-8.190893664692318,-13.508974,-23.789434,3.6519623,-16.172398410991665,-28.469813468925878,-3.8749833530574502
14801,30-08-2026,12,-3.0,test,BJNR,-20.35333,-27.814037,-9.364713,-24.21497830233657,-37.20823093084448,-11.221725673828656,-17.962551,-29.07283,-0.054506302,-20.792352123438473,-33.58817790372984,-7.996526343147099
14801,30-08-2026,13,-5.0,test,RLR,-23.72618,-31.963585,-11.885003,-30.2383584709214,-42.73284646205412,-17.743870479788676,-19.165672,-28.733486,-4.3835373,-24.290684856496206,-36.40158767141259,-12.179782041579818
14801,30-08-2026,14,0.0,test,BHL,-18.431896,-27.649323,-6.6459475,-27.26028209199167,-41.853527561928274,-12.66703662205506,-14.624523,-24.537544,1.1901073,-19.987092173474906,-33.21169082270826,-6.762493524241551
14801,30-08-2026,16,1.0,test,CNA,-14.669633,-23.07676,-4.090093,-16.65718376851129,-25.852938933423104,-7.461428603599474,-14.261457,-24.317032,1.7076149,-15.169075416860233,-26.266039979081313,-4.072110854639151
14801,30-08-2026,17,-3.0,test,COR,-15.308675,-23.085255,-4.392123,-17.06318491824511,-25.905488619250168,-8.220881217240052,-18.479044,-29.024925,-2.3524914,-16.923752862688758,-27.961609418188853,-5.885896307188663
14801,30-08-2026,18,-2.0,test,SMP,-14.225256,-22.28805,-4.2398725,-15.987763116779234,-24.181836990448765,-7.793689243109702,-17.408823,-26.880705,-3.1818342,-15.847278877031012,-26.030652343088498,-5.663905410973529
14801,30-08-2026,19,-13.0,test,NBH,-24.114391,-32.47569,-12.884041,-26.75894980675786,-35.6444250792645,-17.873474534251223,-28.250471,-39.044632,-12.505744,-26.335079123695692,-37.5281928150923,-15.141965432299084
14801,30-08-2026,20,-14.0,test,JWO,-25.310585,-33.387657,-12.928081,-28.654874746032448,-39.75537331246286,-17.554376179602038,-28.63976,-37.79638,-15.651243,-27.48654453326055,-38.814296524534,-16.158792541987093
14801,30-08-2026,21,-7.0,test,NMH,-19.696701,-28.307362,-6.852706,-22.27926337264239,-34.28503004752368,-10.273496697761107,-22.009249,-30.979717,-9.268644,-21.291126682344657,-33.02858773206873,-9.553665632620582
14801,30-08-2026,22,1.0,test,MLG,-13.814142,-22.238111,-2.5710046,-15.125009912281492,-25.25779544353015,-4.992224381032832,-15.273519,-24.450184,-1.6865063,-14.718416964885588,-25.684715768573305,-3.7521181611978722
14801,30-08-2026,23,-7.0,test,PIP,-19.296764,-27.165012,-7.572283,-21.65563129565082,-32.08040704504541,-11.230855546256228,-22.577023,-33.017136,-7.605586,-21.141530613886392,-32.65454220554418,-9.628519022228604
14801,30-08-2026,24,-7.0,test,MDS,-18.775883,-27.105389,-7.3362017,-21.6240470887491,-31.64050618516585,-11.607587992332348,-22.154684,-31.061386,-9.670396,-20.809792884864237,-31.516029671572593,-10.103556098155881
14801,30-08-2026,25,-7.0,test,DLD,-19.302916,-26.988132,-6.529347,-20.998815394474452,-31.007812580287396,-10.98981820866152,-22.263573,-31.01489,-10.199914,-20.829519276791306,-31.558615313961436,-10.100423239621175
14801,30-08-2026,26,-13.0,test,DOD,-25.098854,-33.327957,-13.013665,-28.27851550236142,-37.67632754707672,-18.88070345764612,-27.319422,-35.801838,-15.833865,-26.8535132028588,-37.20324540131961,-16.503781004397986
14801,30-08-2026,27,-10.0,test,JAO,-22.551826,-30.29775,-10.495826,-23.98281974057177,-33.347409077346285,-14.618230403797265,-25.07636,-33.617744,-13.608331,-23.8487289433598,-34.10097952574242,-13.596478360977182
14801,30-08-2026,28,-14.0,test,NLI,-27.108332,-32.206173,-12.483654,-25.838692632981378,-33.82696118985773,-17.850424076105032,-28.314535,-37.283913,-16.324806,-27.103721077188023,-37.04544361530908,-17.161998539066968
14801,30-08-2026,29,-10.0,test,RTM,-21.953259,-29.221464,-10.002091,-22.87611739095169,-31.216948308486486,-14.535286473416894,-24.999454,-33.416145,-13.850457,-23.26125818690398,-32.986114188336515,-13.536402185471442
14801,30-08-2026,30,-26.0,test,RNJ,-28.521872,-34.439037,-16.047243,-28.07871451698279,-34.935525298956144,-21.221903735009437,-40.104267,-50.138844,-25.827755,-32.232186355625366,-42.13646753164111,-22.327905179609623
14801,30-08-2026,31,-26.0,test,BNG,-29.422533,-35.21154,-17.626345,-31.40225010320096,-37.142236171945214,-25.66226403445669,-40.218647,-49.798744,-26.569155,-33.6456663573773,-42.83905314740254,-24.452279567352065
14801,30-08-2026,32,-16.0,test,GPX,-21.21961,-29.000374,-11.245526,-23.33768222097332,-25.89881071164414,-20.776553730302503,-31.170517,-40.325195,-18.814827,-25.205870139499375,-33.0633588146418,-17.348381464356947
14801,30-08-2026,33,-20.0,test,FTD,-23.114325,-31.124529,-14.232169,-26.19518815233177,-28.947694517911007,-23.44268178675254,-33.498833,-42.719406,-21.02092,-27.55247952503536,-35.349525040241424,-19.755434009829294
14801,30-08-2026,34,-19.0,test,LMNR,-21.976343,-32.05378,-11.795568,-23.744346382204828,-25.789941800938173,-21.698750963471483,-30.602018,-38.864624,-19.473972,-25.409996347760348,-33.181556477321514,-17.638436218199182
14801,31-08-2026,0,-5.0,test,JU,-14.671517,-22.692286,-1.2410702,-13.67667983334953,-20.971440156502545,-6.381919510196519,-11.308836,-23.049892,9.67593,-13.235261277088725,-25.314413491817824,-1.156109062359624
14801,31-08-2026,1,-7.0,test,BGKT,-16.418657,-24.270277,-2.1761432,-17.13016113481329,-24.238120145574825,-10.022202124051752,-13.554953,-25.36557,7.2591686,-15.693664275264211,-27.809893600510293,-3.57743495001813
14801,31-08-2026,2,-7.0,test,BANE,-16.908728,-22.899202,-6.228927,-16.675407195680496,-24.29487738244895,-9.055937008912045,-14.556097,-26.93318,7.007086,-16.05175138896248,-27.578808650335205,-4.524694127589754
14801,31-08-2026,3,-6.0,test,LUNI,-17.09833,-23.915861,-5.138984,-16.7033181570528,-25.24542899046782,-8.161207323637779,-14.100639,-26.09313,6.6356125,-15.975152894097565,-27.984991740614806,-3.965314047580325
14801,31-08-2026,4,-6.0,test,PMY,-16.749514,-24.544287,-6.180029,-17.29706554680898,-26.348434319209467,-8.245696774408492,-13.734713,-24.308216,4.3457355,-15.921874583478445,-27.315796670232665,-4.5279524967242235
14801,31-08-2026,5,-12.0,test,MJ,-19.134079,-26.68411,-6.941587,-21.440501600205724,-33.147613627639366,-9.733389572772085,-20.019213,-31.255877,-1.5644417,-20.165541899093455,-32.88347489862847,-7.447608899558437
14801,31-08-2026,6,-13.0,test,SOD,-19.841913,-28.072483,-9.918446,-23.25217247469828,-35.17408697167444,-11.330257977722122,-21.333395,-31.807005,-4.2257233,-21.427796494137198,-33.55929022540031,-9.296302762874083
14801,31-08-2026,7,-12.0,test,HP,-21.995216,-29.111757,-11.453605,-23.205483299298493,-34.00686198939006,-12.404104609206929,-20.079487,-30.93652,-2.1049404,-21.744886543778982,-33.628111575323096,-9.861661512234866
14801,31-08-2026,8,-9.0,test,SEU,-19.745176,-26.469217,-10.75448,-21.160436465326065,-31.83176193679433,-10.489110993857798,-16.989113,-28.043322,1.5056915,-19.280890369400336,-30.89083069725625,-7.6709500415444225
14801,31-08-2026,9,-8.0,test,BER,-17.37237,-25.427996,-9.103607,-21.06459251795007,-32.49462293446632,-9.63456210143382,-16.333649,-27.121578,1.6556206,-18.206898362284036,-30.048008908154284,-6.365787816413789
14801,31-08-2026,10,-8.0,test,AII,-16.135399,-23.662485,-1.6638964,-17.017689639253227,-26.41166378376135,-7.6237154947451025,-16.345467,-26.683884,0.6147709,-16.487226755617915,-28.423183393093694,-4.551270118142135
14801,31-08-2026,11,-12.0,test,NSD,-20.807411,-28.385647,-6.3367867,-21.42768135987713,-32.10320453464354,-10.752158185110728,-20.448854,-30.30645,-4.9891787,-20.886394543281945,-32.915625570548045,-8.857163516015845
14801,31-08-2026,12,-23.0,test,BJNR,-29.79868,-35.91253,-15.470156,-29.474439263314373,-42.46769183669625,-16.4811866899325,-32.189316,-42.341,-16.854916,-30.490108273801926,-43.0331812110631,-17.94703533654075
14801,31-08-2026,13,-25.0,test,RLR,-33.149246,-39.888542,-19.195559,-35.550373242707366,-48.04486117776876,-23.055885307645973,-32.489006,-41.47332,-19.382309,-33.697032176599414,-45.525729806271414,-21.868334546927414
14801,31-08-2026,14,-22.0,test,BHL,-30.05164,-36.15744,-12.753787,-33.24140501530236,-47.83465044120146,-18.64815958940326,-30.08389,-39.320087,-16.593674,-31.081762382325238,-44.22068813831087,-17.942836626339606
14801,31-08-2026,15,-18.0,test,GGR,-26.98457,-33.5583,-12.835829,-26.478483462808352,-36.829075423728966,-16.12789150188774,-26.52899,-35.9504,-12.690446,-26.67132139062953,-37.99008778233697,-15.352554998922088
14801,31-08-2026,16,-9.0,test,CNA,-16.438347,-23.413317,-4.91276,-18.37854487693242,-27.57426951309101,-9.182820240773829,-18.008615,-27.706291,-3.2213259,-17.580624450133246,-28.319979223563923,-6.84126967670257
14801,31-08-2026,17,-8.0,test,COR,-16.744097,-22.749365,-4.93437,-16.9915259826698,-25.83380567069355,-8.149246294646048,-17.08226,-26.766104,-2.2935934,-16.93563365847644,-27.429013507642114,-6.442253809310767
14801,31-08-2026,19,-17.0,test,NBH,-25.535965,-31.380753,-13.440733,-25.846125579463404,-34.731608527298775,-16.960642631628033,-26.699587,-37.70653,-10.427128,-26.02207135782269,-37.04285968389057,-15.001283031754811
14801,31-08-2026,20,-19.0,test,JWO,-26.679222,-33.38796,-14.345169,-28.089281514257785,-39.18978430976465,-16.988778718750925,-27.599552,-36.635082,-14.801762,-27.43592691053872,-38.45050420135845,-16.42134961971899
14801,31-08-2026,21,-12.0,test,NMH,-20.252861,-27.74689,-7.6392074,-21.820326333756174,-33.826094572864974,-9.81455809464738,-21.252647,-30.218327,-8.467718,-21.08629481821175,-32.58467497329822,-9.587914663125286
14801,31-08-2026,22,-5.0,test,MLG,-15.341757,-22.160383,-3.093469,-15.064684823179723,-25.19747072491664,-4.931898921442807,-15.275151,-24.459251,-1.6761618,-15.231058175638069,-26.091139158015565,-4.370977193260574
14801,31-08-2026,23,-10.0,test,PIP,-20.40694,-25.715235,-8.383781,-20.74376927996383,-31.16854521654144,-10.318993343386214,-19.642473,-28.529865,-6.997488,-20.260347482535643,-30.683107252105785,-9.837587712965501
14801,31-08-2026,24,-15.0,test,MDS,-22.638634,-29.376797,-9.635858,-22.152808978822797,-32.169268133761136,-12.136349823884448,-23.864262,-32.53877,-11.956261,-22.8909775446166,-33.45089608531457,-12.331059003918636
14801,31-08-2026,25,-16.0,test,DLD,-23.1998,-29.585655,-9.55699,-22.08437184939818,-32.093369054562146,-12.075374644234216,-24.720207,-33.27951,-13.105176,-23.34896684306783,-33.887659227969834,-12.810274458165832
14801,31-08-2026,26,-22.0,test,DOD,-28.93309,-34.50997,-15.313251,-29.439695321450717,-38.83750737098286,-20.041883271918564,-30.387346,-39.877117,-17.502832,-29.578632631266686,-40.144412033465784,-19.012853229067588
14801,31-08-2026,27,-18.0,test,JAO,-26.189285,-31.955414,-13.02747,-24.80078340465485,-34.16537274279226,-15.436194066517452,-26.668028,-35.19335,-15.183225,-25.904757325552872,-35.99752595402002,-15.811988697085722
14801,31-08-2026,28,-26.0,test,NLI,-30.223421,-34.9318,-15.79863,-27.964802064333377,-35.95307062155322,-19.976533507113533,-34.001225,-43.748756,-20.67952,-30.75798189338876,-40.96050282151799,-20.555460965259527
14801,31-08-2026,29,-18.0,test,RTM,-25.393202,-30.732319,-12.15913,-23.85469096040244,-32.1955218780456,-15.513860042759289,-26.453468,-34.864853,-15.256141,-25.254130005223136,-34.868491779701934,-15.639768230744338
14801,31-08-2026,30,-16.0,test,RNJ,-22.912884,-28.804152,-11.72953,-22.436781937861674,-29.29359271984869,-15.57997115587466,-24.747541,-33.09765,-13.789748,-23.370878734269837,-32.161069015088366,-14.580688453451309
14801,31-08-2026,31,-25.0,test,BNG,-28.035698,-33.35526,-16.285238,-28.27836431598117,-34.01835038472872,-22.53837824723362,-34.50426,-44.313435,-21.023544,-30.264490479491226,-39.37432499014501,-21.154655968837435
14801,31-08-2026,32,-16.0,test,GPX,-20.506247,-26.294956,-11.814014,-20.979936820318056,-23.54106531099046,-18.41880832964565,-26.179718,-35.30336,-14.133253,-22.544448576892655,-29.744647329162113,-15.344249824623198
14801,31-08-2026,33,-19.0,test,FTD,-23.241531,-28.53815,-13.749,-23.63162766632345,-26.38413403190292,-20.879121300743986,-26.701475,-35.083874,-15.68413,-24.516868104204686,-31.52846843442109,-17.505267773988283
14801,31-08-2026,34,-18.0,test,LMNR,-20.465103,-27.584951,-12.168183,-21.140141933526284,-23.18573735225963,-19.09454651479294,-25.662779,-33.747868,-15.10444,-22.409418028257164,-29.166369247763075,-15.652466808751253
14813,28-08-2026,0,9.0,test,JU,1.6390864,-11.630048,15.081854,13.422727248152626,-12.819315402865945,39.66476989917119,7.9647865,-6.793665,37.415787,7.508675357442453,-13.894213646325937,28.911564361210843
14813,28-08-2026,1,10.0,test,RKB,2.4601562,-11.095072,13.286878,12.81081386560113,-13.616455021442809,39.23808275264507,8.311607,-6.276904,37.37271,7.714066625688008,-13.227734625497167,28.655867876873184
14813,28-08-2026,3,8.0,test,BNO,0.31314507,-9.559933,14.6432495,10.54355571366087,-15.62220847045066,36.7093198977724,4.5807276,-8.0553665,29.212189,5.001881731986343,-14.705223943996314,24.708987407968998
14813,28-08-2026,4,8.0,test,JWL,-0.43907648,-10.183291,14.220987,10.097768703261606,-16.391316554798294,36.58685396132151,3.2044096,-8.438337,26.046963,4.140036829537744,-15.22650988125544,23.50658354033093
14813,28-08-2026,5,3.0,test,AAS,-2.1660457,-12.867629,12.758316,7.081673055003633,-19.30183702428676,33.46518313429403,-0.5188005,-13.1070595,23.446545,1.337196828670002,-18.578146487767143,21.252540145107147
14813,28-08-2026,6,1.0,test,PPR,-6.37914,-17.159363,10.095047,3.504205703973613,-23.413813795085414,30.42222520303264,-2.855256,-15.656415,21.158428,-2.048650390916738,-22.486357456589463,18.389056674755988
14813,28-08-2026,7,-1.0,test,UMED,-11.690472,-17.00219,8.006237,2.2100008128466007,-24.60685629386404,29.02685791955724,-3.8910494,-16.496323,19.6871,-4.6542642060225035,-24.53761842523285,15.229090013187843
14813,28-08-2026,8,-1.0,test,KXG,-10.821578,-16.760975,6.800828,2.02099519764437,-24.527838539400072,28.56982893468881,-3.0064971,-16.347855,22.021847,-4.1182502679323205,-24.029204243637555,15.792703707772912
14813,28-08-2026,9,-2.0,test,GOTN,-11.334691,-20.329967,5.7521105,1.973408012277552,-25.40173731300567,29.348553337560773,-4.926862,-17.05468,17.514038,-4.950596505619493,-24.93543660979237,15.034243598553381
14813,28-08-2026,10,-3.0,test,JOM,-11.101517,-17.755255,5.674986,0.4467287495927079,-28.285067506721667,29.178525005907083,-6.0122056,-18.057758,16.20535,-5.718340483792592,-25.620784801778008,14.184103834192825
14813,28-08-2026,11,-6.0,test,MTD,-13.159815,-23.522305,4.808606,-3.903796173701796,-32.420916343521284,24.613323996117693,-5.796007,-19.971931,20.321115,-7.752770915594986,-29.530956535988125,14.025414704798152
14813,28-08-2026,12,-5.0,test,REN,-14.604053,-20.750124,6.1405015,-2.213025024677601,-31.056962791453945,26.63091274209874,-6.9920707,-19.250172,15.266716,-8.112575987180467,-28.72889602261862,12.503744048257687
14813,28-08-2026,13,-7.0,test,JAC,-14.245454,-22.35917,6.113117,-4.701892787294228,-34.195330814667976,24.79154524007952,-8.928263,-20.295612,11.375217,-9.427156486394573,-30.053350233597975,11.19903726080883
14813,28-08-2026,14,-9.0,test,DNA,-16.992231,-26.42801,2.8223422,-8.204954743142597,-37.55030189223987,21.140392405954675,-11.050632,-21.969322,8.03425,-12.207971402563018,-32.63546109328105,8.219518288155012
14813,28-08-2026,15,-5.0,test,GCH,-13.365625,-20.021143,5.4658566,-4.29894030760194,-33.433450227927985,24.835569612724107,-7.36043,-19.023375,13.709978,-8.470920979220232,-28.617013517327443,11.67517155888698
14813,28-08-2026,16,-6.0,test,BSRL,-12.683901,-21.292313,5.0674925,-5.228077994233887,-34.35574561761268,23.8995896291449,-8.444455,-20.307564,12.761855,-8.891234768821985,-29.25309975531047,11.4706302176665
14813,28-08-2026,17,-10.0,test,BOW,-13.250043,-24.426691,3.9652755,-5.58459509012876,-35.636553264978055,24.46736308472054,-11.769171,-23.144106,8.001022,-10.307799005823576,-31.01495667800652,10.399358666359369
14813,28-08-2026,18,-14.0,test,MKN,-19.26465,-30.269817,3.4365098,-10.607415974355323,-40.74408064751762,19.52924869880697,-15.671085,-27.271494,3.9047565,-15.302832042899396,-37.014356744051426,6.40869265825263
14813,28-08-2026,19,-13.0,test,KMNC,-17.311012,-27.902933,3.2952118,-10.225982099408643,-40.26652106680358,19.81455686798629,-14.45363,-26.172897,5.5539,-14.096476234913958,-35.413824984455275,7.220872514627356
14813,28-08-2026,20,-12.0,test,NYK,-15.759665,-25.06294,2.323439,-9.69768008663686,-39.625573738252655,20.23021356497893,-13.656494,-25.428593,6.554119,-13.12290463928521,-33.75103131962782,7.505222041057401
14813,28-08-2026,21,-13.0,test,NAC,-16.494053,-28.472664,2.5649893,-9.78849931129186,-40.56203541154768,20.985036788963964,-14.98636,-26.84481,5.144042,-13.84965577402923,-35.429416631582214,7.73010508352375
14813,28-08-2026,22,-6.0,test,GA,-13.7508745,-22.63892,5.227332,-2.970865438235057,-33.23917642469626,27.297445548226147,-9.432892,-21.323326,11.484758,-8.869733672933375,-29.843834924601843,12.104367578735094
14813,28-08-2026,23,-5.0,test,SBR,-14.70904,-20.792995,6.1298456,-1.3552309878872626,-31.478247846282777,28.76778587050825,-8.788583,-20.745926,12.313197,-8.472421930924531,-29.26931305475788,12.32446919290882
14813,28-08-2026,24,12.0,test,FL,2.865694,-11.690536,13.871938,11.194901119542155,-16.40788552889258,38.797687767976896,4.449655,-7.5864463,27.483782,6.054348806648401,-13.999552211594734,26.108249824891537
14813,28-08-2026,25,11.0,test,HDA,2.07487,-7.5403295,12.77975,9.41087681523312,-18.646933813730275,37.46868744419652,3.8253565,-8.520833,27.327656,5.001495278350199,-14.383611732866527,24.386602289566923
14813,28-08-2026,27,7.0,test,JOB,-3.443368,-14.129642,11.698416,4.367892601244922,-22.47032378053841,31.20610898302826,-0.0014776848,-12.151556,22.480768,0.19764837301176635,-19.57173473934956,19.96703148537309
14813,28-08-2026,28,5.0,test,BOBS,-6.226716,-13.707771,11.924833,1.6550932970858128,-25.72452382698466,29.034710421156287,-0.37803954,-12.347161,21.739124,-1.7627320379741365,-21.58275776832986,18.057293692381588
14813,28-08-2026,30,-1.0,test,DNK,-10.039436,-18.297325,5.429857,-2.259879475359483,-30.089178512299814,25.569419561580847,-3.9306421,-16.896824,19.223114,-5.521623482609662,-25.49965027696293,14.456403311743607
14813,28-08-2026,31,-15.0,test,KKU,-19.596655,-29.396292,-4.0473824,-14.879535238772288,-42.11458084359396,12.35551036604938,-16.113953,-28.375343,4.2740936,-16.930903058939265,-36.39973610447615,2.537929986597618
14813,28-08-2026,32,1.0,test,JP,-7.3233104,-18.5456,11.334189,-0.6510926224217504,-29.51785775502885,28.215672510185343,-3.2406132,-16.279741,19.9992,-3.8332013823699063,-25.310714402555142,17.644311637815328
14813,28-08-2026,33,0.0,test,DPA,-6.9508467,-17.752176,6.6860948,1.3437976720044118,-27.265646998911794,29.95324234292062,-5.2322125,-17.68901,16.67837,-3.7284495150893946,-23.7921293591518,16.33523032897301
14813,28-08-2026,34,-3.0,test,SNGN,-10.875381,-17.413578,2.448951,-2.623430253794372,-32.2381101204476,26.99124961285885,-8.205805,-20.351055,12.659206,-7.350374670561404,-26.678801077249087,11.978051736126279
14813,28-08-2026,35,-3.0,test,SAS,-11.015338,-18.283186,2.8024836,-3.4413451021668147,-33.94052604872087,27.05783584438724,-5.975533,-18.273891,15.481083,-6.9187323620466525,-26.897360300963015,13.059895576869712
14813,28-08-2026,36,-2.0,test,CKS,-11.278272,-19.77715,2.3951232,-4.522964975880205,-33.46729297039822,24.421363018637813,-6.7979326,-18.568855,13.580699,-7.629365720925244,-27.00437434182719,11.745642899976705
14813,28-08-2026,37,-3.0,test,CHNN,-12.171211,-20.914566,2.3739862,-5.753051132026168,-35.24241662986906,23.736314365816728,-8.229891,-19.531816,11.019104,-8.809312370434396,-28.29195121840474,10.67332647753595
14813,28-08-2026,38,-1.0,test,BNLW,-12.004941,-21.937237,1.4486873,-5.9011416254550575,-35.50620552350336,23.70392227259325,-6.32806,-17.773134,13.356287,-8.166313872842547,-27.80656431222467,11.473936566539574
14813,28-08-2026,39,-7.0,test,SRAS,-15.332736,-25.376862,-3.384072,-10.374199581895878,-42.636508523958895,21.88810936016713,-11.542364,-22.511408,6.470047,-12.487509854774245,-32.38998736468504,7.414967655136547
14813,28-08-2026,40,-4.0,test,ISA,-13.89607,-24.552694,-1.2452251,-9.430422858023414,-41.14119688804068,22.28035117199385,-9.218821,-20.423466,9.542444,-10.913415859285259,-31.042789773599797,9.21595805502928
14813,28-08-2026,42,-4.0,test,CKB,-19.02349,-27.108543,-2.98735,-11.72192887214127,-42.755653661993215,19.311795917710675,-7.674371,-19.356754,11.985269,-12.91566973356234,-33.2067206018087,7.375381134684023
14813,28-08-2026,43,-9.0,test,DPZ,-18.237816,-29.16637,-4.2960124,-13.683616016800016,-44.83973016937664,17.4724981357766,-11.913796,-23.814087,7.5103006,-14.679197570967474,-35.14505113268216,5.786655990747214
14813,28-08-2026,44,11.0,test,SWM,-0.29485315,-13.0609255,11.13141,5.426293623383564,-26.475383809078465,37.3279710558456,3.2303483,-8.787543,25.035057,2.7059034832312983,-18.322497157111695,23.734304123574294
14813,28-08-2026,45,9.0,test,RWJ,-3.0361898,-14.07695,9.097391,2.8512117328087525,-29.245946176697377,34.94836964231488,0.73667306,-10.550872,20.828697,0.10006354716666463,-20.38147737431998,20.581604468653314
14813,28-08-2026,46,6.0,test,AMLI,-5.075034,-16.104881,8.408347,0.0481973236328405,-30.981902965613195,31.07829761287888,-1.951574,-13.151555,17.46672,-2.3989679954589325,-22.63403075956342,17.836094768645555
14813,28-08-2026,47,4.0,test,IDG,-6.3626313,-19.885162,8.364158,-2.425702679072676,-33.140209177168,28.28880381902265,-3.3208075,-14.651605,16.134853,-4.092837987396198,-24.933648967098748,16.74797299230635
14813,28-08-2026,48,4.0,test,LKE,-7.0938473,-19.661598,8.34067,-3.138933874899688,-34.993033132936695,28.71516538313732,-2.8414392,-14.215254,16.677227,-4.415704073896569,-25.612314948363043,16.780906800569902
14813,28-08-2026,49,8.0,test,KPZ,-5.181339,-18.060587,8.102364,-1.159462383576333,-32.73426491881786,30.415340151665188,0.2324016,-11.209158,20.331903,-2.0955727636417563,-22.975806941500185,18.784661414216675
14813,28-08-2026,50,6.0,test,KPTN,-6.313691,-20.180574,6.726162,-6.134398852709249,-37.39990561440445,25.13110790898596,-1.0954533,-12.364027,18.463842,-4.5209704111502225,-25.308724199569046,16.2667833772686
14813,28-08-2026,51,13.0,test,KOTA,-2.28738,-13.674213,9.959925,2.867382823818297,-30.19075340054224,35.925519048178835,6.407304,-6.288556,29.773537,2.2515768336724653,-19.453962545936662,23.957116213281594
14813,28-08-2026,52,14.0,test,ATH,-3.1163332,-15.964788,9.468326,1.4914884129244657,-32.059823625359265,35.0428004512082,7.4923716,-4.8346663,30.182682,1.8843732312490469,-20.13277590701874,23.901522369516833
14813,28-08-2026,53,1.0,test,BAZ,-11.067818,-24.389961,5.432029,-9.761275121024902,-35.3103402057486,15.787789963698804,-3.1516356,-15.406359,17.621035,-8.017594851197224,-27.803540273473313,11.768350571078866
14813,28-08-2026,54,4.0,test,ATRU,-5.3038564,-19.751045,8.52052,-4.273893542712572,-39.0238338856727,30.47604680024756,-1.1957413,-12.771006,18.690355,-3.608467141361493,-25.925319557455406,18.708385274732418
14813,28-08-2026,55,4.0,test,SYL,-5.194916,-19.321423,8.584849,-4.900358146127823,-39.901472622216446,30.1007563299608,-1.3423383,-12.588084,17.816952,-3.819533927831101,-25.96952850025665,18.330460644594446
14813,28-08-2026,56,14.0,test,CAG,0.48507717,-13.780516,10.124669,3.731118308360536,-31.717308793734304,39.179545410455376,6.015763,-4.9652658,25.762325,3.361791304700687,-18.263943688814834,24.98752629821621
14813,28-08-2026,57,-1.0,test,RTA,-11.154073,-17.204601,9.2017,8.163702868326558,-16.976555061764806,33.303960798417926,-5.3535047,-15.531122,11.045103,-3.051339283651475,-20.949966543665482,14.84728797636253
14813,28-08-2026,58,4.0,test,GUNA,-2.3731713,-13.077708,12.580077,7.995106084193757,-12.590202159905218,28.580414328292733,-0.86445135,-9.843524,14.131634,1.4421144097629441,-14.337204190204966,17.221433009730855
14813,28-08-2026,59,0.0,test,PGA,-7.40924,-16.27146,10.502004,4.968930202574124,-16.425809039752814,26.363669444901063,-4.8348236,-12.322969,6.7801743,-2.597208097327674,-18.0012406892643,12.806824494608954
14813,28-08-2026,60,-1.0,test,SHDR,-11.002411,-16.417791,8.881502,3.4014187763469828,-17.62360803567894,24.426445588372907,-5.9000382,-12.806103,4.470679,-4.702292437856537,-19.3941701452815,9.989585269568428
14813,28-08-2026,61,-3.0,test,ASKN,-6.811441,-16.837088,6.606186,0.0462111726143251,-20.605299247370347,20.697721592598995,-7.5396605,-13.881838,1.6651001,-4.86202974382666,-18.787594790618144,9.063535302964821
14813,28-08-2026,62,-12.0,test,PIA,-14.694259,-22.735289,4.379755,-6.757202543454966,-28.103448839038208,14.589043752128276,-16.099167,-24.264236,-5.1631174,-12.624932992925544,-28.074718995526656,2.824853009675568
14813,28-08-2026,63,-18.0,test,MNV,-18.338947,-30.698538,3.437036,-11.143642868068069,-33.376995871132024,11.08971013499589,-21.07192,-28.609816,-11.521454,-16.94834562630208,-33.626477015150655,-0.2702142374535015
14813,28-08-2026,64,-31.0,test,BINA,-26.66097,-40.881317,3.8257568,-15.571523641646955,-40.38459079500338,9.241543511709471,-29.464956,-37.29076,-19.015976,-24.049480763462874,-43.73098386963905,-4.367977657286701
14813,28-08-2026,65,-35.0,test,MABA,-29.194683,-40.903942,2.449008,-21.243308799906327,-44.05606602237911,1.5694484225664525,-30.253342,-37.383015,-20.296864,-27.00562974778309,-45.56107931412961,-8.450180181436572
14813,28-08-2026,66,-38.0,test,KAH,-27.465557,-42.91383,1.2528836,-23.923593061419908,-47.32159475422738,-0.5255913686124352,-31.76696,-38.96577,-21.578129,-27.764114251249612,-46.717199412354034,-8.81102909014519
14813,28-08-2026,67,-47.0,test,BET,-32.704983,-42.430794,-0.086490296,-28.704730651708232,-51.97254240843523,-5.436918894981229,-38.270054,-46.72795,-26.18123,-33.27733495681269,-52.405495036168084,-14.149174877457291
14813,28-08-2026,68,-48.0,test,BAQ,-36.68506,-47.89999,-8.3547945,-34.55999973500628,-57.48223658971088,-11.637762880301684,-38.012527,-46.024582,-26.367981,-36.44739905611886,-54.79301030603901,-18.10178780619871
14813,28-08-2026,69,-52.0,test,GLG,-40.839413,-51.893646,-7.5858345,-37.714924418955206,-60.59956511277498,-14.83028372513543,-40.46429,-48.886654,-28.163754,-39.71612312930785,-59.10504185068109,-20.327204407934616
14813,28-08-2026,70,-44.0,test,BHS,-33.323494,-41.15982,-6.1865597,-29.66754463030985,-50.45732231846219,-8.877766942157514,-35.967735,-43.871727,-24.650482,-33.034503400853,-49.75360088247848,-16.31540591922752
14813,28-08-2026,71,-43.0,test,SCI,-32.309,-45.485905,-6.6101427,-31.3964712811572,-52.43933158752092,-10.353610974793476,-35.666992,-43.60858,-24.347115,-33.13413317777277,-50.657853253666815,-15.610413101878716
14813,28-08-2026,72,-45.0,test,SMT,-33.63068,-42.26551,-7.440384,-32.683989289659934,-52.84210977197098,-12.525868807348882,-37.90102,-46.336857,-25.86404,-34.74831380992106,-51.446920833329216,-18.0497067865129
14813,29-08-2026,0,41.0,test,JU,3.6773767,-10.1205,13.854047,14.913636367147026,-11.328406283871542,41.15567901816559,8.057747,-4.7017593,33.885307,8.725076023858064,-11.196257042306373,28.6464090900225
14813,29-08-2026,1,41.0,test,RKB,3.1420538,-10.181053,12.799994,14.07263808059842,-12.354630806445517,40.49990696764236,7.2912836,-5.137841,32.146313,8.015194178934179,-11.559374412536018,27.589762770404377
14813,29-08-2026,3,39.0,test,BNO,1.9485787,-7.8416047,13.590731,11.670173454714696,-14.495590729396834,37.83593763882622,7.148852,-5.493542,32.288548,6.784889689869241,-12.506040759313448,26.075820139051928
14813,29-08-2026,4,38.0,test,JWL,1.3796151,-8.391857,13.595709,10.899100142718114,-15.589985115341788,37.38818540077801,4.903609,-7.1899714,28.801992,5.593857305880611,-13.594410497214103,24.782125108975325
14813,29-08-2026,5,33.0,test,AAS,-2.0559196,-12.155816,12.440873,7.800078944843173,-18.583431134447224,34.18358902413357,2.722344,-10.940903,28.989536,2.68299750333342,-17.633973230492288,22.99996823715913
14813,29-08-2026,6,30.0,test,PPR,-6.388418,-15.740875,9.719538,3.8756719346298873,-23.04234756442914,30.79369143368892,-1.4220785,-14.045202,22.519238,-1.4565333934398754,-21.52290065795872,18.609833871078965
14813,29-08-2026,7,31.0,test,UMED,-3.6279316,-13.156034,11.270306,3.588458454399515,-23.228398652311125,30.405315561110157,-0.72546595,-12.5548525,21.802275,-0.35642186112040425,-19.81460689310771,19.101763170866906
14813,29-08-2026,8,31.0,test,KXG,-4.489904,-13.307959,10.984015,3.524536876324152,-23.02429686072029,30.0733706133686,-0.49634367,-12.824357,22.98511,-0.6004864183365568,-20.19777109755933,18.996798260886212
14813,29-08-2026,9,31.0,test,GOTN,-5.2001333,-16.75782,10.05911,3.7906375403959256,-23.584507784887293,31.165782865679148,-0.7966617,-12.799073,21.985565,-0.8623729371334092,-21.019111144665107,19.29436527039829
14813,29-08-2026,10,32.0,test,JOM,-4.033677,-13.819927,11.811441,2.976259269257116,-25.75553698705726,31.70805552557149,-0.3694201,-12.217103,22.232496,-0.5747987251622514,-20.911774005418554,19.762176555094054
14813,29-08-2026,11,26.0,test,MTD,-10.606711,-19.998026,5.610133,-2.184597632800191,-30.70171780261968,26.332522537019297,-3.4712496,-17.67561,22.647465,-5.542110441630746,-26.828309982360313,15.744089099098819
14813,29-08-2026,12,30.0,test,REN,-7.472788,-16.28883,9.16407,0.3324780577249804,-28.51145970905136,29.176415824501323,-2.0599003,-13.972893,20.197926,-3.178195647991079,-23.47153506137017,17.115143765388012
14813,29-08-2026,13,28.0,test,JAC,-8.156703,-18.214752,8.391362,-2.051347432554312,-31.544785459928057,27.442090594819437,-3.496399,-15.059891,17.91805,-4.655660075340182,-25.169273000165916,15.85795284948555
14813,29-08-2026,14,25.0,test,DNA,-12.399311,-21.565361,4.193569,-5.885094395208752,-35.230441544306025,23.46025275388852,-6.2457013,-17.396933,13.910198,-8.270976226345933,-28.28846166130633,11.746509208614462
14813,29-08-2026,15,30.0,test,GCH,-8.620786,-16.913584,7.9545054,-1.709275222215029,-30.84378514254108,27.425234698111016,-1.8637527,-13.903249,20.661469,-4.1648027567352095,-24.517623444235955,16.188017930765536
14813,29-08-2026,16,30.0,test,BSRL,-8.084827,-17.495026,7.1868486,-2.277552559919013,-31.4052201832978,26.85011506345977,-1.9927744,-14.160164,20.67838,-4.202891405610782,-24.567219121841735,16.16143631062017
14813,29-08-2026,17,30.0,test,BOW,-9.17357,-17.638979,7.364056,-1.2797018549196988,-31.331660029769,28.7722563199296,-2.214087,-14.047424,19.749636,-4.336312908467622,-24.887607067721547,16.214981250786302
14813,29-08-2026,18,25.0,test,MKN,-12.538114,-21.26325,5.6732326,-6.36438805103895,-36.50105272420125,23.772276622123343,-6.7050357,-19.383583,15.97883,-8.62519316716667,-29.83130624470465,12.580919910371309
14813,29-08-2026,19,26.0,test,KMNC,-12.553366,-20.484798,4.960617,-6.0212069097681145,-36.06174587716305,24.01933205762682,-5.8149095,-17.888361,16.042416,-8.224795448802462,-28.87639198758327,12.426801089978346
14813,29-08-2026,20,27.0,test,NYK,-12.116829,-20.278275,4.381395,-5.523222371300333,-35.451116022916125,24.404671280315466,-4.953377,-17.05054,17.118029,-7.627280678200505,-28.13910295948525,12.884541603084237
14813,29-08-2026,21,27.0,test,NAC,-12.453469,-21.22885,4.515361,-5.3436305954968,-36.11716669575262,25.429905504759024,-5.5114946,-17.73842,16.62601,-7.872597878187616,-28.900442380981087,13.155246624605855
14813,29-08-2026,22,34.0,test,GA,-4.039873,-14.100148,11.031351,1.5514447114184993,-28.716866275042705,31.8197556978797,0.41870546,-11.755615,23.192072,-0.7701957878818682,-21.618447766394798,20.078056190631063
14813,29-08-2026,23,35.0,test,SBR,-3.9264228,-13.201594,10.850053,3.163393388354394,-26.95962347004112,33.28641024674991,0.8492213,-11.317456,23.668468,-0.07240377456512942,-20.68137392914749,20.536566380017234
14813,29-08-2026,24,42.0,test,FL,3.1418695,-11.316907,13.414588,12.735066086101634,-14.867720562333105,40.33785273453637,6.597245,-5.915044,30.824219,7.356848395275649,-12.836710133324758,27.550406923876054
14813,29-08-2026,25,40.0,test,HDA,2.7693205,-7.2314134,11.708038,9.84426784039712,-18.21354278856628,37.90207846936052,4.881461,-7.470587,28.560955,5.732790159454109,-13.432147260471357,24.897727579379573
14813,29-08-2026,27,36.0,test,JOB,-2.4157047,-14.014977,11.241066,4.557973040131497,-22.28024334165184,31.396189421914837,0.8752195,-11.826525,24.438963,0.9074272245165762,-19.042642446033753,20.8574968950669
14813,29-08-2026,28,30.0,test,BOBS,-8.679108,-15.883047,9.678456,0.6490087369318762,-26.7306083871386,28.02862586100235,-3.3902023,-16.435843,20.061289,-3.9390698397670767,-24.16704134199286,16.28890166245871
14813,29-08-2026,30,30.0,test,DNK,-7.3978834,-16.986017,7.2393785,-1.6585622332968613,-29.487861270237197,26.170736803643468,-2.431301,-14.470171,19.42182,-3.9119605569696843,-23.591974947554164,15.768053833614793
14813,29-08-2026,31,18.0,test,KKU,-19.11404,-27.53706,-2.6438224,-13.276387303983729,-40.5114329088054,13.95865830083794,-11.984669,-24.63567,9.580343,-14.877416535111646,-34.53655660869464,4.7817235384713435
14813,29-08-2026,32,37.0,test,JP,-3.2081964,-12.5323305,12.230905,2.0901563941556707,-26.776608738451426,30.95692152676277,2.82556,-9.883057,26.540876,0.49170862672031446,-20.076734537778417,21.060151791219045
14813,29-08-2026,33,39.0,test,DPA,-2.1680021,-10.634611,8.452963,5.230914667508321,-23.37853000340789,33.84035933842453,2.9529996,-9.221655,25.775026,1.899655521298472,-17.296754825562516,21.096065868159457
14813,29-08-2026,34,36.0,test,SNGN,-4.2207704,-12.745902,7.502542,1.5278199936053514,-28.086859873047874,31.142499860258575,0.5678215,-11.327449,22.447445,-0.7910793048088103,-20.32348529215444,18.74132668253682
14813,29-08-2026,35,36.0,test,SAS,-5.1207914,-14.131461,7.4133463,0.7950911683849613,-29.70408977816909,31.294272114939016,0.37862957,-11.455343,22.050537,-1.4012370537914138,-21.420221305318368,18.617747197735543
14813,29-08-2026,36,36.0,test,CKS,-6.771955,-16.385996,6.0116606,-0.6499893144377351,-29.594317308955752,28.29433868008028,0.28517956,-11.413806,21.656567,-2.4684932933291064,-22.045435045955468,17.108448459297254
14813,29-08-2026,37,26.0,test,CHNN,-12.058361,-20.644466,3.3736153,-4.836941010329604,-34.3263065081725,24.652424487513294,-6.7194157,-18.98263,14.613625,-7.974947277025073,-28.122523648334145,12.172629094283998
14813,29-08-2026,38,28.0,test,BNLW,-10.094693,-21.667772,3.3086205,-5.60316585112804,-35.20822974917634,24.001898046920264,-6.119376,-17.628685,13.715316,-7.337208535562253,-27.30537569550053,12.630958624376026
14813,29-08-2026,39,25.0,test,SRAS,-14.170913,-23.085903,-1.4997455,-9.17283364756092,-41.435142589623936,23.08947529450209,-8.350263,-20.546917,12.30704,-10.637842970003323,-31.142194225814595,9.86650828580795
14813,29-08-2026,40,24.0,test,ISA,-13.372858,-24.444292,-0.5280072,-9.319208985828055,-41.029983015845325,22.391565044189207,-9.4062395,-20.669739,9.430352,-10.758205116858502,-31.022188818971724,9.50577858525472
14813,29-08-2026,42,18.0,test,CKB,-18.89547,-30.27398,-3.691738,-13.843389382433696,-44.87711417228565,17.190335407418246,-14.219927,-26.736862,5.9920464,-15.725968615382541,-36.708604460357265,5.256667229592178
14813,29-08-2026,43,17.0,test,DPZ,-18.510153,-29.224388,-3.6116002,-14.787565734722278,-45.9436798872989,16.36854841785434,-15.294977,-26.40409,2.410637,-16.251208210984867,-36.41446146564144,3.9120450436717036
14813,29-08-2026,44,38.0,test,SWM,-0.24998158,-13.202175,10.663574,4.886783560094097,-27.01489387236793,36.788460992556125,1.5311131,-9.998058,22.259035,1.9839811274077408,-18.711443116637675,22.679405371453157
14813,29-08-2026,45,35.0,test,RWJ,-3.6175885,-14.517932,9.020883,2.115732159843985,-29.981425749662144,34.21289006935012,-0.44195163,-12.069896,20.067009,-0.7291954752284437,-21.4095263757864,19.95113542532951
14813,29-08-2026,46,33.0,test,AMLI,-6.046905,-16.434063,8.306044,-0.4153860848327548,-31.44548637407879,30.61471420441328,-1.7529613,-13.294416,18.367203,-2.819132479690882,-23.27779418174388,17.639529222362114
14813,29-08-2026,47,32.0,test,IDG,-6.304088,-19.840776,8.261854,-2.484420976902423,-33.198927474997745,28.2300855211929,-2.742609,-14.317174,17.342058,-3.89894861274367,-24.86535607811991,17.06745885263257
14813,29-08-2026,48,32.0,test,LKE,-7.0489755,-19.617212,8.26416,-3.1257474661434284,-34.97984672418043,28.72835179189358,-2.0398736,-13.897268,18.592539,-4.129305851794057,-25.582729396743247,17.32411769315513
14813,29-08-2026,49,35.0,test,KPZ,-4.953835,-18.08648,8.025855,-1.4918526819454732,-33.06665521718699,30.082949853296046,-0.34701425,-11.846234,19.77388,-2.31535804243722,-23.20015125824029,18.569435173365846
14813,29-08-2026,50,33.0,test,KPTN,-7.169955,-20.44785,6.615982,-6.507037871957135,-37.772544633652345,24.758468889738072,-2.0028284,-13.5374365,17.85434,-5.239673673314714,-26.154573737199804,15.675226390570378
14813,29-08-2026,51,41.0,test,KOTA,-2.2425084,-13.629824,9.705833,2.8180239319313385,-30.2401122924292,35.876160156291874,6.392437,-6.291732,29.733864,2.246466720818852,-19.398191723604896,23.8911251652426
14813,29-08-2026,52,38.0,test,ATH,-4.179568,-16.658245,9.283156,0.0415598599701265,-33.509752178313605,33.59287189825386,4.1317186,-8.023656,25.984684,-0.06649164026305443,-22.000292851190345,21.867309570664233
14813,29-08-2026,53,37.0,test,BAZ,-5.8549805,-17.382505,7.372669,-7.069736533580963,-32.618801618304666,18.479328551142743,2.827699,-8.826749,23.439842,-3.3556106705688125,-22.083418864741983,15.37219752360436
14813,29-08-2026,54,39.0,test,ATRU,-3.047432,-15.759976,8.704788,-1.521730899234445,-36.27167124219457,33.22820944372569,4.2272844,-7.2236023,24.656418,-0.1405008620870154,-21.83525238199215,21.554250657818116
14813,29-08-2026,55,39.0,test,SYL,-2.9798665,-16.8116,8.662929,-2.1976572526072875,-37.19877172869591,32.80345722348134,4.652582,-6.9681187,25.413746,-0.1915728274194597,-22.2426336804827,21.85948802564378
14813,29-08-2026,56,42.0,test,CAG,0.12234105,-13.820696,10.187865,4.041611538619806,-31.406815563475035,39.49003864071464,5.5858936,-5.161397,24.834955,3.1918819237247402,-18.325058411259686,24.708822258709166
14813,29-08-2026,57,28.0,test,RTA,-8.123855,-17.072428,10.834611,8.472673499465742,-16.667584430625624,33.61293142955711,-4.3353844,-14.910457,12.795179,-1.5599481164418354,-19.92983367261618,16.80993743973251
14813,29-08-2026,58,35.0,test,GUNA,0.13753414,-10.567061,12.782313,9.019930161786,-11.565378082312977,29.605238405884972,1.4497156,-7.7500477,17.254665,3.4125938003743004,-12.124921368185166,18.950108968933765
14813,29-08-2026,59,30.0,test,PGA,-7.2841597,-14.112887,10.600664,5.763086012749568,-15.63165322957737,27.157825255076503,-3.5978377,-12.60036,10.962678,-1.8885173101407973,-17.695059362700583,13.918024742418988
14813,29-08-2026,60,29.0,test,SHDR,-7.0268273,-16.085295,9.873254,4.150651901729634,-16.87437491029629,25.17567871375556,-4.037598,-11.880592,8.283628,-2.4605629992937894,-17.776976375864905,12.855850377277324
14813,29-08-2026,61,27.0,test,ASKN,-7.2379293,-16.494875,6.7991953,0.789035671688592,-19.86247474829608,21.440546091673266,-5.7815022,-12.626558,4.613874,-4.188279934510996,-18.382278868173575,10.005718999151583
14813,29-08-2026,62,22.0,test,PIA,-14.098766,-20.312012,5.012844,-4.609113789837804,-25.955360085421045,16.73713250574544,-10.875062,-18.596817,0.15339565,-9.99392485836045,-25.055518996505658,5.067669279784759
14813,29-08-2026,63,20.0,test,MNV,-16.540285,-24.559288,4.226184,-7.503955252577457,-29.737308255641416,14.7293977504865,-12.528439,-19.069136,-3.702735,-12.318207108054423,-27.7186508331666,3.0822366170577524
14813,29-08-2026,64,22.0,test,BINA,-14.870107,-22.648937,3.8548913,-6.479643683934677,-31.292710837291104,18.333423469421756,-10.494399,-16.184685,-2.9097104,-10.733428463551213,-26.217694865661542,4.750837938559117
14813,29-08-2026,65,11.0,test,MABA,-20.030384,-31.287235,4.2698517,-14.08235875988881,-36.89511598236159,8.730398462583969,-20.664461,-28.756115,-10.404283,-18.34036589023252,-35.693120524212965,-0.9876112562520731
14813,29-08-2026,66,10.0,test,KAH,-19.877825,-34.054436,2.9252524,-16.471800641872434,-39.8698023346799,6.926201050935038,-21.220999,-28.302397,-12.257536,-19.236012409245028,-36.64215533496677,-1.8298694835232787
14813,29-08-2026,67,10.0,test,BET,-22.857323,-34.120293,0.7074089,-18.452701875533997,-41.720513632261,4.81510988119301,-20.649897,-26.897902,-12.6892605,-20.715557230485366,-37.36441621685482,-4.066698244115916
14813,29-08-2026,68,-14.0,test,BAQ,-34.21789,-47.743393,-6.425835,-30.72866380012987,-53.65090065483447,-7.806426945425272,-36.611496,-45.33141,-24.355923,-33.89882809776956,-52.79838377117099,-14.999272424368133
14813,29-08-2026,69,-14.0,test,GLG,-37.55599,-50.24918,-6.512084,-34.14530368867642,-57.0299443824962,-11.260662994856643,-38.55793,-47.60001,-25.877775,-36.79920382900295,-56.25838083857626,-17.340026819429635
14813,29-08-2026,70,-8.0,test,BHS,-32.500977,-40.386177,-5.0475826,-26.74462424412989,-47.53440193228224,-5.954846555977557,-33.671272,-41.871086,-22.34497,-31.05054354188072,-47.88958836942872,-14.21149871433272
14813,29-08-2026,71,-8.0,test,SCI,-28.697315,-42.318314,-4.9403763,-28.812278410234494,-49.85513871659822,-7.769418103870777,-31.871645,-39.37411,-21.387356,-29.789737754908792,-46.81736241965169,-12.762113090165897
14813,29-08-2026,72,-8.0,test,SMT,-31.339361,-40.17399,-5.710019,-29.577111611090213,-49.73523209340127,-9.418991128779162,-31.431204,-38.828842,-21.096684,-30.80671883522333,-46.96085679945247,-14.652580870994186
14813,30-08-2026,0,3.0,test,JU,-8.818585,-17.673048,11.052219,9.695454450666624,-16.54658819276871,35.93749709410196,-2.974512,-15.56544,20.731651,-0.9582440824515029,-21.347327630956084,19.430839466053076
14813,30-08-2026,1,5.0,test,RKB,-4.9833374,-18.70705,10.479614,9.31262582357451,-17.11464305580398,35.739894702953,-1.2370259,-13.749819,22.460035,0.8313254282877854,-19.688942072396348,21.35159292897192
14813,30-08-2026,3,2.0,test,BNO,-8.758915,-15.989888,12.062531,6.852750566190979,-19.313013610851115,33.01851474323307,-3.1715748,-15.295058,19.347748,-1.9115068499068448,-21.863282980471944,18.04026928065825
14813,30-08-2026,4,3.0,test,JWL,-9.245352,-16.252316,12.060832,6.6741477790121815,-19.81493747258906,33.163233030613426,-3.3996737,-14.80238,18.085052,-2.2136499128684948,-22.015049307761085,17.587749482024098
14813,30-08-2026,5,-1.0,test,AAS,-10.302303,-19.22087,10.932035,4.048413598305428,-22.335096474893888,30.43192367150474,-6.2093487,-18.696468,16.7584,-4.354859390663945,-24.90507862101436,16.195359839686475
14813,30-08-2026,6,-2.0,test,PPR,-11.883131,-20.461426,6.0684547,0.8937092410850709,-26.02431025207814,27.81172873424828,-7.8488073,-19.804272,13.946919,-6.458171383279399,-26.228655866849223,13.312313100290424
14813,30-08-2026,7,-3.0,test,UMED,-12.554513,-20.653753,6.290573,-0.0065673907327084,-26.823424491421303,26.81028970995589,-8.610842,-20.531971,13.014954,-7.232852623518211,-27.00941224355168,12.543706996515256
14813,30-08-2026,8,-1.0,test,KXG,-13.805027,-19.012686,5.335201,0.4787452267616703,-26.070088504442584,27.027578957965925,-6.7264996,-18.919312,15.700001,-6.88607001384195,-26.285766437477783,12.513626409793885
14813,30-08-2026,9,-2.0,test,GOTN,-14.0232115,-23.695236,5.1724434,0.5453502706833779,-26.82979504916328,27.920495590530034,-6.664008,-20.181906,18.199066,-6.919896362156905,-28.079056996231838,14.239264271918028
14813,30-08-2026,10,-2.0,test,JOM,-14.493235,-21.766836,4.5288296,-0.64928799736701,-29.381084248668508,28.082508253934485,-8.028181,-19.787712,13.371115,-7.918860963408598,-28.151783461859317,12.314061535042121
14813,30-08-2026,11,-12.0,test,MTD,-18.016727,-32.43337,3.4526823,-7.177320192350814,-35.694440357220934,21.3397999725193,-14.850201,-28.296913,8.513926,-13.49954183478006,-36.049459635848685,9.050375966288563
14813,30-08-2026,12,-13.0,test,REN,-22.020641,-34.76036,3.5268278,-6.6637459478685575,-35.5076837096147,22.18019181387759,-17.251215,-28.740934,2.072359,-15.526665902284153,-37.57758459118846,6.524252786620158
14813,30-08-2026,13,-16.0,test,JAC,-21.509829,-35.10934,1.8862506,-9.613727035023128,-39.10716505755786,19.879710987511608,-19.855738,-31.17434,-1.1790619,-17.157929551283924,-39.0481007462388,4.732241643670957
14813,30-08-2026,14,-23.0,test,DNA,-27.4249,-41.9986,-2.2829072,-14.821216813699625,-44.16656395803496,14.524130330635703,-25.468084,-37.0703,-7.436104,-22.74619228167412,-45.02037046994572,-0.47201409340252454
14813,30-08-2026,15,-19.0,test,GCH,-23.28155,-36.102585,1.3498238,-11.162107310673132,-40.29661722625481,17.97240260490855,-22.064623,-33.472332,-3.6000595,-19.003661482926265,-40.835337279496365,2.828014313643834
14813,30-08-2026,16,-20.0,test,BSRL,-22.886696,-37.22148,0.5656184,-12.078216676686898,-41.20588429546105,17.049450942087248,-23.462408,-34.907692,-5.101557,-19.623945412595727,-41.50289871093698,2.2550078857455276
14813,30-08-2026,17,-19.0,test,BOW,-24.160885,-39.19677,0.9583337,-10.783961830098924,-40.83592000061096,19.267996340413102,-22.641998,-33.712433,-4.9023,-19.380703764058943,-41.82835950533726,3.0669519772193716
14813,30-08-2026,18,-23.0,test,MKN,-27.644056,-44.11179,-0.28405192,-15.506679467966244,-45.64334413693141,14.62998520099892,-26.386374,-38.163315,-8.1119175,-23.346882287167396,-46.71038195600243,0.016617381667636266
14813,30-08-2026,19,-23.0,test,KMNC,-27.334162,-43.524883,-0.33127153,-15.352818563713075,-45.39335752695787,14.687720399531724,-26.20721,-37.51076,-8.601135,-23.130330614355735,-46.14641807682602,-0.11424315188545009
14813,30-08-2026,20,-21.0,test,NYK,-25.108019,-42.26458,-1.1223693,-14.567445740331951,-44.49533938786702,15.360447907203111,-24.45253,-35.75491,-6.623104,-21.521428107085903,-44.163881539154005,1.1210253249822024
14813,30-08-2026,21,-20.0,test,NAC,-22.788568,-41.939636,-0.35701096,-14.032654974624718,-44.80619107100726,16.74088112175783,-24.474205,-35.957264,-6.3585434,-20.550910380517134,-43.639081141967964,2.5372603809336987
14813,30-08-2026,22,-11.0,test,GA,-20.57008,-30.328842,3.9937766,-6.345555715269273,-36.61386669770772,23.922755267169173,-16.73263,-28.32909,2.6183949,-14.747938096689744,-36.5762435288896,7.080367335510111
14813,30-08-2026,23,-11.0,test,SBR,-19.25788,-30.14658,3.8472037,-4.928586608288449,-35.05160346274096,25.194430246164057,-16.841715,-28.492558,2.5686188,-13.87493028143453,-35.61427897908991,7.86441841622085
14813,30-08-2026,24,11.0,test,FL,-0.6981826,-14.054431,12.109959,9.041041938679934,-18.56174470557321,36.64382858293308,0.764625,-11.172381,23.044783,2.9007990425446444,-17.11408016585215,22.91567825094144
14813,30-08-2026,25,10.0,test,HDA,-1.0748602,-10.115594,10.543876,7.62557743320098,-20.43223319174678,35.683388058148736,-0.12276425,-12.402592,22.681225,2.02229540217829,-17.291280542040997,21.335871346397578
14813,30-08-2026,27,-7.0,test,JOB,-16.499632,-27.910803,7.3085995,-1.4159857821891446,-28.254202159837178,25.42223059545889,-9.763508,-24.976574,17.080935,-9.438920890349518,-32.21977784383884,13.341936063139809
14813,30-08-2026,28,-18.0,test,BOBS,-16.890543,-29.01187,5.969514,-7.669577615269509,-35.04919473536385,19.71003950482483,-19.848274,-34.16486,3.8853722,-14.927320660310032,-37.14672021607438,7.292078895454312
14813,30-08-2026,30,-20.0,test,DNK,-19.3762,-30.832142,1.6918032,-11.267092541069651,-39.09639157412439,16.562206491985087,-22.950146,-35.16198,-3.536665,-17.9732431068225,-38.77298082935458,2.8264946157095743
14813,30-08-2026,31,-23.0,test,KKU,-25.18897,-38.99988,-5.9014044,-20.298350839959014,-47.533396440860585,6.936694760942554,-26.647888,-38.28144,-8.85964,-24.11119785782816,-44.431716539002295,-3.7906791766540238
14813,30-08-2026,32,-2.0,test,JP,-14.946355,-23.41517,8.351738,-3.739007900642836,-32.60577302961874,25.127757228333067,-8.854896,-22.118435,14.052093,-9.338841378972578,-31.14205141219639,12.464368654251235
14813,30-08-2026,33,3.0,test,DPA,-10.412653,-18.163155,4.069779,0.5579261563184661,-28.051518511009014,29.16737082364595,-4.309274,-17.101006,18.300076,-4.876842347624272,-24.718266286608362,14.964581591359817
14813,30-08-2026,34,3.0,test,SNGN,-10.818404,-17.09094,2.6668253,-2.074668368697868,-31.6893482319575,27.540011494561764,-4.744491,-17.33482,17.461847,-6.004055803890087,-25.625254043320915,13.617142435540742
14813,30-08-2026,35,-2.0,test,SAS,-14.802356,-22.797106,3.2710023,-4.069611637444054,-34.56879258059443,26.429569305706323,-9.600414,-21.577948,10.8612175,-9.642343075389178,-30.301126027747017,11.016439876968661
14813,30-08-2026,36,-2.0,test,CKS,-13.991112,-24.171724,2.513706,-5.767646436173514,-34.711974427124474,23.17668155477745,-10.307802,-21.750347,8.96331,-10.138073027729355,-30.08656910901367,9.81042305355496
14813,30-08-2026,37,-3.0,test,CHNN,-13.614343,-25.050402,2.4141667,-7.139296361651501,-36.628661856090005,22.350069132787,-11.668522,-23.053059,7.178665,-10.897904487605185,-31.08743652425123,9.29162754904086
14813,30-08-2026,38,-4.0,test,BNLW,-15.322691,-28.544096,1.0883923,-8.338376579733874,-37.94344047443238,21.266687314964635,-9.361857,-22.297104,12.744576,-11.108231740911572,-32.572304493289245,10.355841011466103
14813,30-08-2026,39,-5.0,test,SRAS,-15.600476,-28.340834,-2.3183708,-11.386755174117072,-43.64906411319884,20.8755537649647,-12.829204,-24.352837,6.0840216,-13.332201417361649,-34.22468930189149,7.5602864671681935
14813,30-08-2026,40,-6.0,test,ISA,-15.574515,-28.661585,-1.6714516,-11.455643901373206,-43.16641792842997,20.255130125683564,-13.697561,-25.039074,4.802511,-13.633974886719123,-34.41417020639251,7.146220432954269
14813,30-08-2026,42,-15.0,test,CKB,-21.325691,-36.65908,-4.4454546,-17.027197466889504,-48.06092225369322,14.006527319914213,-21.944315,-33.06743,-5.0980206,-20.157697227542727,-41.33773524480688,1.0223407897214294
14813,30-08-2026,44,6.0,test,SWM,-7.5218997,-18.040636,8.856018,1.959300313754368,-29.942383680396254,33.86098430790499,-4.2647514,-15.770085,15.387316,-3.40863722065731,-24.465563119560088,17.64828867824547
14813,30-08-2026,45,-1.0,test,RWJ,-17.015917,-22.65811,6.561899,-2.202618832681363,-34.299780277382084,29.894542612019357,-9.17074,-21.877098,11.708078,-9.672768587096375,-31.643466514157186,12.297929339964437
14813,30-08-2026,46,-3.0,test,AMLI,-14.361178,-24.672884,4.5203214,-4.921515726512028,-35.951618351275684,26.10858689825163,-12.157481,-23.573399,6.0817957,-10.611535076064346,-31.533103951928585,10.310033799799893
14813,30-08-2026,47,-4.0,test,IDG,-15.823662,-29.47939,3.6040976,-7.027118476654533,-37.741626023936185,23.68738907062712,-12.512023,-23.857914,5.6759615,-11.91108271238471,-33.41601094749019,9.593845522720772
14813,30-08-2026,48,-3.0,test,LKE,-15.408589,-26.892792,4.1634984,-7.339231579736165,-39.193331324970046,24.514868165497717,-11.788005,-23.337685,6.9387865,-11.625661179977765,-33.272443604531944,10.02112124457641
14813,30-08-2026,49,-10.0,test,KPZ,-19.065613,-31.204588,4.6870294,-9.129198404430582,-40.704001053837615,22.445604244976447,-17.996489,-29.97576,0.47019005,-15.534539403839,-38.000218417680784,6.9311396100027824
14813,30-08-2026,50,-12.0,test,KPTN,-20.70623,-33.336678,1.1659987,-14.454948191760684,-45.720454982174935,16.810558598653564,-20.21066,-30.777908,-4.7670803,-18.54361095860824,-39.8774876774816,2.790265760265111
14813,30-08-2026,51,-16.0,test,KOTA,-25.378006,-35.171524,2.9510095,-9.03923007036839,-42.09736630394507,24.018906163208293,-24.800426,-35.835316,-8.561003,-19.964313871247406,-42.78139162154352,2.8527638790487053
14813,30-08-2026,52,-20.0,test,ATH,-32.59811,-43.23649,-7.023913,-12.79682679107666,-46.34813882790164,20.75448524574832,-28.368982,-38.758682,-13.920276,-24.86346681567192,-47.07193406088314,-2.654999570460703
14813,30-08-2026,53,-22.0,test,BAZ,-35.1636,-43.919975,-7.449635,-20.20815648389481,-45.75722156609709,5.340908598307461,-29.357136,-39.005257,-16.38429,-28.45303606577192,-47.63615706071721,-9.269915070826627
14813,30-08-2026,54,-19.0,test,ATRU,-30.576412,-41.837452,-5.3321347,-14.271817819801097,-49.02175816090711,20.47812252130492,-26.730604,-36.086636,-14.17031,-24.086733963406232,-46.24068593495744,-1.9327819918550198
14813,30-08-2026,55,-20.0,test,SYL,-31.08242,-42.563454,-6.2249484,-15.227745991625904,-50.22886046770864,19.773368484456828,-27.725317,-37.057205,-15.271969,-24.899057048575933,-47.083942472963415,-2.7141716241884524
14813,30-08-2026,56,-11.0,test,CAG,-20.246195,-31.831831,-1.4337181,-7.008982282161662,-42.45740938362487,28.43944481930155,-19.150225,-28.23854,-6.704687,-15.651311845892216,-36.8575729216757,5.5549492298912675
14813,30-08-2026,57,18.0,test,RTA,2.731641,-7.168393,10.243676,13.240852987685471,-11.899404939487145,38.38111091485809,5.763796,-3.670065,22.689835,7.098613700030529,-9.119716472488879,23.31694387254994
14813,30-08-2026,58,-17.0,test,GUNA,-14.235039,-28.810736,3.8526185,0.2339739529796389,-20.351334288453977,20.81928219441325,-23.567108,-32.71193,-11.549109,-12.714530299592138,-29.28217654199806,3.8531159428137833
14813,30-08-2026,59,-22.0,test,PGA,-12.90397,-25.908049,6.3356423,-4.80818410915652,-26.202923351374043,16.586555133061,-27.594639,-35.95722,-16.700924,-15.202342886026813,-31.632088873197596,1.2274031011439703
14813,30-08-2026,60,-23.0,test,SHDR,-14.080638,-26.773241,4.7273602,-6.6120088390803895,-27.63703565091789,14.413017972757116,-27.223234,-34.77153,-17.313324,-16.06459959272076,-31.920636849740575,-0.2085623357009485
14813,30-08-2026,61,-25.0,test,ASKN,-15.939341,-27.449236,3.210348,-9.890447517393898,-30.54195793729623,10.761062902508437,-25.991917,-32.270187,-17.325554,-17.34938357298033,-32.4876299301357,-2.211137215824966
14813,30-08-2026,62,-26.0,test,PIA,-18.93368,-26.79117,0.814899,-13.77070130382736,-35.11694759916844,7.575544991513727,-26.06073,-32.25328,-17.45007,-19.6539086045632,-34.44295727454492,-4.864859934581478
14813,30-08-2026,63,-33.0,test,MNV,-23.126059,-36.30234,-2.0227902,-18.18584778052949,-40.419200783495086,4.047505222436101,-30.848495,-37.8433,-20.956776,-24.11548712615415,-40.78467077278077,-7.446303479527526
14813,30-08-2026,64,-27.0,test,BINA,-28.37671,-39.434086,-2.6993113,-15.930362654245362,-40.74342980717184,8.882704498681116,-26.581577,-32.89533,-17.798721,-23.80205493917803,-41.47275186248146,-6.1313580158746035
14813,30-08-2026,65,-33.0,test,MABA,-30.82553,-40.70867,-4.3626494,-21.72180045212373,-44.53455767462096,1.0909567703734917,-32.634743,-40.517765,-21.702183,-28.51781336480934,-46.095613193114936,-10.940013536503741
14813,30-08-2026,66,-36.0,test,KAH,-30.781906,-42.33155,-3.1124775,-24.488693105104584,-47.8866947978878,-1.0906914123213696,-34.416153,-42.42125,-23.17176,-29.979333706634918,-48.353956437906845,-11.604710975362991
14813,30-08-2026,67,-37.0,test,BET,-33.537437,-43.65839,-6.466219,-26.881056720762643,-50.14886847747319,-3.613244964052104,-33.87729,-41.4334,-23.11924,-31.523190486255483,-49.320666250844084,-13.725714721666886
14813,30-08-2026,68,-40.0,test,BAQ,-37.83804,-48.13549,-13.379863,-32.821211551977555,-55.74344840667487,-9.898974697280243,-34.90525,-42.274002,-24.208939,-35.25938946981668,-52.452449368533344,-18.06632957110002
14813,30-08-2026,69,-43.0,test,GLG,-41.35639,-51.94972,-12.209933,-35.72599701315159,-58.61063770697021,-12.84135631933297,-37.404316,-45.279182,-25.951473,-38.242672417688915,-56.55378005273442,-19.931564782643413
14813,30-08-2026,70,-36.0,test,BHS,-34.747307,-40.857494,-11.874045,-28.047941258737545,-48.83771894688981,-7.258163570585278,-33.55679,-41.116695,-22.831274,-32.210370103108175,-47.67221450987282,-16.748525696343528
14813,30-08-2026,71,-36.0,test,SCI,-33.741383,-43.7464,-12.71206,-30.148560527936848,-51.19142083423773,-9.105700221635963,-33.921097,-41.667854,-22.979177,-32.652942566152454,-48.644653816214216,-16.661231316090692
14813,30-08-2026,72,-37.0,test,SMT,-35.065063,-42.459652,-12.920469,-31.236920332722026,-51.39504081503307,-11.07879985041097,-34.41078,-42.22219,-23.355577,-33.624056886059215,-49.07690396243179,-18.171209809686637
14813,31-08-2026,0,9.0,test,JU,3.57187,-10.2123375,10.406506,14.913636367147026,-11.328406283871542,41.15567901816559,8.703371,-5.7462845,37.32994,8.9030899960656,-11.189224571817668,28.995404563948867
14813,31-08-2026,1,10.0,test,RKB,2.987795,-10.263548,10.381516,14.30172298459553,-12.125545902448406,40.728991871639465,8.850709,-4.2747774,35.136116,8.553363260670784,-10.965933488599477,28.072660009941046
14813,31-08-2026,3,7.0,test,BNO,1.8732283,-7.792131,10.263663,11.706641340659996,-14.459122843451537,37.87240552477152,5.2388515,-7.060754,29.45457,6.1351276771803915,-12.318003141122098,24.588258495482883
14813,31-08-2026,4,6.0,test,JWL,1.134865,-8.250585,9.252261,10.89874146842509,-15.590343789634812,37.38782672648499,5.05833,-7.292478,29.432158,5.560062256305101,-12.937129298337059,24.057253810947262
14813,31-08-2026,5,6.0,test,AAS,1.4885628,-9.298269,8.792131,9.381724085001323,-17.001785994289072,35.76523416429172,4.651892,-7.563064,28.74194,5.063112634667729,-13.432683829966575,23.55890909930203
14813,31-08-2026,6,-5.0,test,PPR,-10.80915,-17.606451,2.5734413,3.089330676266341,-23.828688822792685,30.00735017532537,0.42736882,-14.771753,29.037617,-2.63050876251454,-22.997500909822385,17.736483384793303
14813,31-08-2026,7,-6.0,test,UMED,-12.863666,-17.223177,1.3949337,1.730752485435815,-25.086104621274824,28.54760959214645,-3.4528856,-16.217243,20.438404,-5.069797526444642,-23.868601480094387,13.729006427205103
14813,31-08-2026,8,-7.0,test,KXG,-11.020077,-17.26131,0.31734964,1.2439536684707857,-25.30488006857366,27.792787405515227,-4.986851,-17.122164,17.554867,-5.0942309517699575,-23.2678082356338,13.079346332093884
14813,31-08-2026,9,-8.0,test,GOTN,-12.091906,-21.814932,0.3641708,1.1564164360043478,-26.21872888927887,28.53156176128757,-6.20036,-18.619045,16.746792,-5.898614615159358,-25.30986906875257,13.51263983843385
14813,31-08-2026,10,-8.0,test,JOM,-12.082574,-19.342827,-1.1094105,-0.0540034991238271,-28.7857997554382,28.67779275719055,-6.5795584,-18.46745,15.27712,-6.40830849640673,-25.27117253051229,12.45455553769883
14813,31-08-2026,11,-7.0,test,MTD,-10.748603,-20.262568,0.41612893,-3.0431980588125835,-31.56031822863207,25.473922111006907,-3.861828,-17.496515,21.549112,-5.995756078770621,-26.158696536941637,14.167184379400393
14813,31-08-2026,12,-11.0,test,REN,-14.985292,-23.653282,0.537767,-2.7645609256545502,-31.60849869243089,26.079376841121796,-8.724183,-21.645393,14.29407,-8.997497079841027,-29.369199771897605,11.374205612215553
14813,31-08-2026,13,-13.0,test,JAC,-16.861048,-26.543432,-2.3586576,-5.458825728069135,-34.95226375544288,24.03461229930461,-10.958623,-22.692665,9.732196,-11.254122204506654,-31.228983046807482,8.720738637794174
14813,31-08-2026,14,-16.0,test,DNA,-18.562391,-26.70017,-3.0108652,-9.31803717684253,-38.6633843259398,20.02730997225474,-13.603882,-24.468674,4.9240875,-13.959001656038208,-33.26428602089667,5.3462827088202545
14813,31-08-2026,15,-12.0,test,GCH,-14.80458,-25.32603,-1.6981885,-5.459261755256997,-34.59377167558304,23.67524816506905,-9.933099,-21.688446,10.919005,-10.197866843722108,-29.982457543837803,9.586723856393588
14813,31-08-2026,16,-12.0,test,BSRL,-13.82855,-24.982914,-1.7090095,-6.058278729698779,-35.18594635307757,23.069388893680006,-9.992869,-21.862724,11.005551,-10.06967075472585,-29.83286891802497,9.693527408573273
14813,31-08-2026,17,-15.0,test,BOW,-14.205234,-24.727322,-3.0456922,-6.021200271665739,-36.07315844651504,24.03075790318356,-12.8947935,-24.492638,7.197875,-11.153938564704044,-30.730877630848454,8.423000501440365
14813,31-08-2026,18,-19.0,test,MKN,-19.419962,-30.255417,-2.7698271,-10.97656469966697,-41.11322937282927,19.160099973495328,-16.501627,-27.84032,2.5112839,-15.751043044640138,-36.18255443293897,4.680468343658692
14813,31-08-2026,19,-18.0,test,KMNC,-19.582502,-30.080027,-2.7064943,-10.575785889766973,-40.61632485716191,19.46475307762796,-15.366901,-27.165075,4.644312,-15.30212564068257,-35.93544363864127,5.331192357276125
14813,31-08-2026,20,-18.0,test,NYK,-20.099203,-27.705572,-4.189453,-10.362428526953613,-40.29032217856941,19.565465124662182,-15.503542,-27.329178,4.5532436,-15.459115853405304,-35.362944919296154,4.444713212485549
14813,31-08-2026,21,-18.0,test,NAC,-19.882439,-30.924227,-2.856638,-10.232334485176043,-41.005870585431865,20.541201615079785,-15.997495,-27.774107,3.8378458,-15.506412283633647,-36.47797382947964,5.465149262212339
14813,31-08-2026,22,-13.0,test,GA,-16.430809,-28.110765,-1.7493342,-4.0150198697705255,-34.28333085623173,26.25329111669068,-11.967937,-23.753326,8.396494,-10.9787137634057,-31.563072598333456,9.605645071522055
14813,31-08-2026,23,-13.0,test,SBR,-17.557198,-27.711203,-0.387359,-2.77953845635147,-32.902555314746984,27.34347840204404,-12.056741,-23.831656,8.25822,-11.005219236902743,-31.70611256018491,9.695674086379423
14813,31-08-2026,24,7.0,test,FL,2.3502038,-12.0255995,9.34153,10.567113765863969,-17.03567288257077,38.16990041429871,3.6259973,-8.335884,26.396576,5.400483443910459,-13.828289731122364,24.629256618943284
14813,31-08-2026,25,5.0,test,HDA,0.4660778,-8.7982235,7.474668,8.701700646134542,-19.35610998282885,36.759511275097935,2.1490982,-10.094944,25.211046,3.657768634943693,-14.89352120945859,22.209058479345977
14813,31-08-2026,27,-18.0,test,JOB,-16.978443,-30.690851,1.1486167,-2.3006527556388328,-29.13886913742217,24.537563626144504,-12.112109,-27.206192,14.240973,-10.66927020663167,-32.72631817091572,11.387777757652376
14813,31-08-2026,28,-20.0,test,BOBS,-18.530306,-29.465729,-0.6434449,-6.262066843295025,-33.6416839673655,21.11755028077545,-14.632237,-28.083565,8.474801,-13.313201049810427,-34.14734791288322,7.520945813262369
14813,31-08-2026,30,-25.0,test,DNK,-22.040287,-32.493298,-3.6663647,-10.13478600131585,-37.96408503825618,17.69451303562448,-20.164795,-33.311455,1.2848206,-17.611752763884567,-38.255067228759856,3.031561700990725
14813,31-08-2026,31,-30.0,test,KKU,-27.469933,-38.866055,-10.483529,-19.839574782012253,-47.07462038683392,7.395470822809415,-26.881474,-38.676224,-8.952747,-24.835691596240725,-44.347655690022584,-5.3237275024588655
14813,31-08-2026,32,-8.0,test,JP,-12.582807,-20.618948,3.657927,-3.110347678902607,-31.977112811509706,25.75641745370449,-7.762509,-20.012901,13.551352,-7.952483478474653,-27.932811662943777,12.02784470599447
14813,31-08-2026,33,-3.0,test,DPA,-7.114716,-17.682182,3.5327575,1.2393180100119834,-27.370126660904223,29.848762680928196,-4.09315,-16.300186,17.516014,-3.4400247158125694,-22.81882445269496,15.938775021069823
14813,31-08-2026,34,-5.0,test,SNGN,-10.677755,-16.84794,-0.13976343,-1.9104349760814765,-31.525114842734705,27.70424489057175,-6.2762194,-18.048405,14.31281,-6.412049738412908,-25.05110570680907,12.227006229983257
14813,31-08-2026,35,-7.0,test,SAS,-11.305144,-18.338045,-1.6214513,-3.106339748504423,-33.60552069505848,27.39284119804963,-8.132175,-19.57782,11.508516,-7.6297097474303985,-26.34451668253712,11.085097187676324
14813,31-08-2026,36,-7.0,test,CKS,-11.642503,-20.103369,-1.7280538,-4.665638648773951,-33.60996664329197,24.278689345744063,-5.9754744,-18.175312,15.251176,-7.528135097035854,-26.432693815357368,11.37642362128566
14813,31-08-2026,37,-9.0,test,CHNN,-14.2028475,-22.855494,-3.095279,-6.334695759892576,-35.82406125773547,23.15466973795032,-7.731079,-19.995901,13.363077,-9.536007456382535,-28.864583879427606,9.792568966662536
14813,31-08-2026,38,-9.0,test,BNLW,-14.885828,-24.880098,-2.632679,-7.263814869839298,-36.8688787678876,22.34124902820901,-9.490722,-21.080929,10.054959,-10.655713938858646,-30.089179615499724,8.777751737782431
14813,31-08-2026,39,-11.0,test,SRAS,-15.78007,-25.280825,-6.842017,-10.587474063056472,-42.84978300511949,21.674834879006543,-11.520816,-22.475445,6.4784994,-12.704106831627875,-31.952752673247673,6.544539009991922
14813,31-08-2026,40,-13.0,test,ISA,-15.589131,-28.487007,-5.95059,-11.04025032524823,-42.7510243552655,20.670523704769035,-13.343903,-24.261261,4.319689,-13.388690467032664,-33.135442926028276,6.358061991962948
14813,31-08-2026,42,-18.0,test,CKB,-21.00628,-32.324795,-8.905242,-15.310651674053316,-46.34437646390526,15.72307311579863,-17.600437,-28.428364,-0.8923416,-18.05337351411114,-37.551768904505195,1.4450218762829152
14813,31-08-2026,43,-19.0,test,DPZ,-21.514296,-31.021954,-9.091762,-16.236503031043227,-47.39261718361985,14.91961112153339,-17.941568,-29.588976,0.080991745,-18.639422199878823,-38.279483377754275,1.0006389779966334
14813,31-08-2026,44,-6.0,test,SWM,-12.218885,-19.740957,2.0141566,0.8940981498860309,-31.007579282576,32.795775582348064,-7.472786,-18.796078,11.328833,-6.44978549613807,-26.38748965237789,13.487918660101752
14813,31-08-2026,45,-12.0,test,RWJ,-19.430014,-28.696867,0.057977684,-3.4271430400399394,-35.52430094954607,28.67001486946619,-13.302038,-24.862652,4.9647007,-12.277784502613596,-33.50742264973156,8.951853644504368
14813,31-08-2026,46,-14.0,test,AMLI,-17.67234,-28.38383,-0.78218156,-6.139906610498058,-37.170006899744095,24.890193678747977,-14.960323,-25.699097,1.6567059,-13.084830202949213,-33.31427775811982,7.144617352221395
14813,31-08-2026,47,-16.0,test,IDG,-17.11981,-29.935583,-2.022079,-8.551759241276885,-39.26626573937221,22.16274725681844,-16.547606,-27.547832,0.40827942,-14.191303204919052,-34.47661321899187,6.094006809153765
14813,31-08-2026,48,-16.0,test,LKE,-18.009678,-30.207485,-2.0077875,-9.215441816833629,-41.06954107487064,22.638657441203375,-16.369223,-27.634712,1.2192364,-14.653619336513028,-35.53036008680874,6.223121413782685
14813,31-08-2026,49,-12.0,test,KPZ,-14.745994,-27.878916,-0.41475052,-7.18635400483951,-38.76115654008103,24.38844853040201,-13.129425,-24.04821,4.085335,-11.792435941162609,-32.31535082848123,8.730478946156015
14813,31-08-2026,50,-19.0,test,KPTN,-20.769026,-30.827318,-3.2800891,-13.863519460829236,-45.129026222524445,17.40198730086597,-18.340786,-30.43039,0.06368446,-17.754582114595802,-38.60102272456007,3.091858495368463
14813,31-08-2026,51,-17.0,test,KOTA,-20.22767,-28.546717,-0.24749857,-6.673329146282877,-39.73146537064341,26.38480707807766,-18.012196,-29.473831,-0.07036781,-15.15912602948714,-36.55401592180233,6.235763862828048
14813,31-08-2026,52,-19.0,test,ATH,-20.271809,-29.722908,-2.5385103,-9.398073790519836,-42.94938582880357,24.1532382477639,-19.63371,-30.40123,-3.5407715,-16.584528330788046,-37.49731635843464,4.328259696858545
14813,31-08-2026,53,-21.0,test,BAZ,-22.366274,-33.072037,-3.5726724,-16.797030816297838,-42.34609590102154,8.752034268425867,-21.538647,-32.029408,-6.5191402,-20.311191701694497,-38.72574039338723,-1.8966430100017675
14813,31-08-2026,54,-18.0,test,ATRU,-21.719189,-31.043018,-1.8995593,-10.890008669156137,-45.63994901211626,23.859931673803995,-18.368769,-28.349821,-4.0770454,-17.144114690028115,-38.36507623624067,4.076846856184439
14813,31-08-2026,55,-18.0,test,SYL,-20.853823,-31.238703,-2.3658636,-11.526831647354502,-46.52794612344313,23.47428282873412,-18.504917,-28.5896,-3.941454,-17.0918959245742,-38.413260794056896,4.2294689449084935
14813,31-08-2026,56,-9.0,test,CAG,-13.669294,-24.824238,1.0846357,-3.260673197286313,-38.70910029938116,32.187753904808524,-10.045043,-19.902885,5.005541,-9.137556100712983,-30.113187445731427,11.83807524430546
14813,31-08-2026,57,10.0,test,RTA,2.8126082,-7.1636906,10.243676,13.370924190179094,-11.769333739912271,38.51118212027046,5.8250656,-3.6187372,22.788126,7.188722938778019,-9.036948185901386,23.414394063457422
14813,31-08-2026,58,4.0,test,GUNA,0.3814449,-10.727718,9.354972,10.115258943781637,-10.47004930031734,30.70056718788061,1.4655204,-8.656902,18.931372,3.852743051886505,-11.539296027104257,19.24478213087727
14813,31-08-2026,59,-1.0,test,PGA,-5.158049,-12.001709,7.430112,6.268911740510283,-15.125827501816657,27.663650982837225,-2.847522,-12.696532,13.331199,-0.737769493214105,-16.01009343600285,14.53455444957464
14813,31-08-2026,60,-2.0,test,SHDR,-6.818655,-14.196675,5.956666,4.539031271212582,-16.48599554081334,25.564058083238507,-3.1437645,-11.644826,10.552889,-1.9667700998443576,-16.578081271172298,12.644541071483584
14813,31-08-2026,61,-5.0,test,ASKN,-8.0349045,-16.526821,2.6956177,0.8253960789068694,-19.8261143410778,21.47690649889154,-5.8096995,-12.873722,4.995032,-4.463263271333952,-18.02340472255079,9.096878179882886
14813,31-08-2026,62,-7.0,test,PIA,-11.325416,-17.647886,0.4055711,-3.5697486545811934,-24.91599495016444,17.77649764100205,-7.7528105,-13.960196,1.1974955,-7.658694568673552,-20.765136740315892,5.447747602968787
14813,31-08-2026,63,-10.0,test,MNV,-15.773518,-22.443726,-0.16161568,-6.70922293656678,-28.942575939630736,15.524130066497175,-10.310242,-16.085075,-2.5053954,-11.059802880559113,-24.960643537318603,2.8410377762003787
14813,31-08-2026,64,-26.0,test,BINA,-25.081142,-39.45505,-1.8229263,-12.079111795099884,-36.89217894845631,12.733955358256544,-23.84907,-31.907402,-13.541968,-20.516156109473556,-38.921458850224255,-2.1108533687228572
14813,31-08-2026,65,-29.0,test,MABA,-27.942995,-40.351902,-3.8617542,-17.52710244273274,-40.33985966520552,5.285654779740039,-25.632769,-32.923653,-16.139664,-23.845936551975115,-41.095343831245515,-6.596529272704714
14813,31-08-2026,66,-29.0,test,KAH,-26.22881,-41.87455,-2.7427793,-19.27040908048456,-42.66841077329204,4.127592612322911,-24.999512,-31.826216,-15.982804,-23.59619233012026,-41.360175935459495,-5.832208724781026
14813,31-08-2026,67,-30.0,test,BET,-31.008406,-42.96404,-6.4731555,-21.396972907311664,-44.66478466403866,1.870838849415339,-24.266708,-30.271215,-16.040878,-25.694671512775567,-42.651048984867636,-8.738294040683499
14813,31-08-2026,68,-31.0,test,BAQ,-32.875233,-43.774796,-13.313109,-26.652319313328043,-49.57455616803264,-3.7300824586234462,-24.770874,-30.679823,-16.56641,-28.191236042105242,-43.91018430393184,-12.472287780278641
14813,31-08-2026,69,-31.0,test,GLG,-33.365875,-46.677956,-12.751152,-28.372738807130816,-51.25737950095059,-5.48809811331104,-25.289396,-31.49107,-16.762417,-29.084166949198575,-45.53071913520715,-12.637614763190005
14813,31-08-2026,70,-17.0,test,BHS,-24.377857,-30.942818,-9.773111,-18.149340990155096,-38.93911867830744,2.6404366979972416,-17.580894,-23.291563,-10.441955,-20.126868419596367,-33.21268216850967,-7.041054670683058
14813,31-08-2026,71,-19.0,test,SCI,-22.809208,-33.01266,-11.756545,-20.603683216862542,-41.64654352322627,0.4391770895011753,-19.536001,-25.962759,-11.50904,-21.015792433803462,-34.482386515369775,-7.54919835223715
14813,31-08-2026,72,-20.0,test,SMT,-24.846851,-33.16961,-12.419838,-21.796121904382897,-41.95424238669395,-1.638001422071845,-19.813732,-26.091429,-11.923002,-22.1980304972095,-35.22545875584275,-9.170602238576251
15013,28-08-2026,1,-8.0,test,JSM,9.772951,-8.749893,47.20233,15.343722948403828,-19.627963147032496,50.31540904384016,0.14756325,-11.380179,22.829111,8.352177932813584,-19.57391144440301,36.278267310030174
15013,28-08-2026,2,-23.0,test,POK,-3.1984918,-21.923285,34.52065,1.6560877763119566,-35.15228484986024,38.46446040248415,-12.989274,-26.351574,11.084159,-4.903153299040787,-34.098695128849926,24.292388530768353
15013,28-08-2026,3,-19.0,test,RDRA,2.3653567,-17.961359,35.41876,1.4052209023333035,-36.77014149616673,39.58058330083334,-9.69546,-22.415966,13.513646,-1.9525353863846135,-30.78430764149275,26.87923686872352
15013,28-08-2026,4,-19.0,test,PLCJ,3.679917,-18.683786,37.740486,-1.4183949962686389,-40.27602298185182,37.43923298931454,-9.269095,-20.80088,11.41149,-2.2558547509746423,-31.22346857887159,26.711759076922306
15013,28-08-2026,5,-51.0,test,MWT,-38.81351,-50.48941,8.903921,-30.23029095456727,-70.0626146568593,9.602032747724753,-36.55439,-49.288628,-16.591158,-35.31914046295331,-65.24073346256884,-5.3975474633377765
15013,28-08-2026,6,-26.0,test,RKB,-13.955403,-28.552166,17.276276,-14.894845144192598,-54.44038315244062,24.65069286405542,-14.925659,-26.658459,5.180105,-14.578310066643642,-41.77648406565242,12.619863932365135
15013,28-08-2026,7,-23.0,test,JU,-10.227475,-23.255764,29.58708,-7.91967990992093,-48.50753750513456,32.6681776852927,-11.724647,-22.870129,7.3009157,-9.987853521901702,-38.52561541075336,18.54990836694996
15013,28-08-2026,8,-24.0,test,BGKT,-12.129071,-26.49599,29.56895,-9.216978896269776,-50.52080776599645,32.08684997345689,-13.179388,-24.183523,5.7714195,-11.547716101324143,-40.87641961486941,17.78098741222113
15013,28-08-2026,9,-21.0,test,LUNI,-6.613601,-23.078434,34.985085,-5.990924929424134,-46.22663256962076,34.2447827107725,-10.976514,-22.826683,9.542348,-7.86557148982842,-37.62232990382031,21.89118692416347
15013,28-08-2026,10,-34.0,test,PMY,-16.168188,-33.890865,30.009224,-12.184012268697792,-54.39520104965327,30.02717651225768,-23.32137,-36.551964,-1.7207546,-17.273833551020946,-49.189257518649924,14.641590416608029
15013,28-08-2026,11,-18.0,test,MJ,4.8448577,-17.654057,42.214394,3.184764335874024,-38.15429020725035,44.52381887899839,-9.315966,-21.06852,11.013866,-0.39512572426327086,-30.80169544219305,30.01144399366651
15013,28-08-2026,12,-14.0,test,BER,7.757551,-16.82141,46.25852,5.47053696625972,-36.74958677239901,47.69066070491846,-6.495439,-18.00414,13.565325,2.2865623083016704,-28.912586786085697,33.48571140268904
15013,28-08-2026,13,-8.0,test,AII,9.297803,-12.956551,43.922382,10.212767216462488,-28.26296340412007,48.68849783704505,-2.0013072,-13.370146,18.321482,5.832482021284992,-22.9990906548323,34.664054697402285
15013,28-08-2026,14,-8.0,test,KSG,8.427453,-14.229805,39.485588,7.474006114464399,-28.31468210852675,43.26269433745555,-2.4033425,-13.855992,17.86004,4.5207649452459195,-22.83567098581058,31.877200876302417
15013,28-08-2026,15,-15.0,test,JP,5.184767,-15.246853,37.958355,6.712318076537921,-27.797496605196244,41.22213275827208,-8.529709,-20.61648,11.461681,1.111944127548143,-25.78540641623066,28.009294671326945
15013,28-08-2026,16,-17.0,test,GADJ,2.1140301,-17.409044,38.780613,5.041951918075972,-29.840345280017075,39.92424911616902,-9.52328,-20.02493,7.1165075,-0.8204570010577408,-27.52587462959682,25.88496062748134
15013,28-08-2026,17,-28.0,test,DO,-11.1502905,-29.219395,26.400263,-5.748902754797065,-40.54267975301715,29.044874243423017,-20.193064,-32.237595,-2.0736542,-12.431436830096004,-39.530781621498996,14.667907961306987
15013,28-08-2026,18,-34.0,test,BKI,-22.366669,-34.562824,28.562834,-11.10435237898098,-45.73722331413085,23.52851855616888,-23.760878,-34.302513,-9.571895,-19.231085748279128,-46.69853255767376,8.236361061115499
15013,28-08-2026,19,-35.0,test,RHG,-20.793564,-33.88798,26.4317,-12.030375818574017,-46.41368635548999,22.352934718341963,-23.855217,-33.52158,-11.097225,-19.011201001552664,-45.47980672689701,7.457404723791683
15013,28-08-2026,20,-30.0,test,AWR,-17.983532,-32.540203,27.382973,-7.844528686346556,-42.76413894239519,27.07508156970208,-20.223389,-29.596008,-7.9166822,-15.488177348113435,-41.93425482881243,10.957900132585554
15013,28-08-2026,21,-35.0,test,KRH,-22.603418,-33.98007,27.433044,-10.977845515627186,-45.55237366035698,23.5966826291026,-24.489233,-34.158833,-12.066381,-19.515236772800797,-46.189741245602406,7.159267700000807
15013,28-08-2026,22,-29.0,test,BWL,-12.679288,-30.213524,30.70481,-10.208126458747438,-45.88058907664959,25.46433615915472,-20.777977,-30.334213,-8.280391,-14.582914180654544,-41.52874327742926,12.362914916120165
15013,28-08-2026,23,-18.0,test,RE,0.6245908,-16.888083,41.103622,4.089997208592468,-31.87288787438938,40.05288229157432,-13.602985,-23.76994,1.3572121,-2.9995658650220194,-30.044987637674723,24.04585590763068
15013,28-08-2026,24,-23.0,test,PTRD,-8.434386,-22.063646,31.215595,-3.224713756770978,-39.259401811121606,32.80997429757964,-18.711866,-29.341751,-3.500865,-10.18742603549872,-36.520968686942105,16.146116615944663
15013,28-08-2026,25,-32.0,test,GGN,-17.938318,-33.260918,19.042044,-14.42672473023496,-48.79771416706343,19.944264706593508,-26.067957,-36.47626,-12.325738,-19.519732109835964,-44.821576061821816,5.7821118421498845
15013,28-08-2026,26,-37.0,test,DEE,-30.507341,-37.882504,6.8715796,-27.92627281148648,-60.31454860844713,4.462002985474179,-28.12662,-37.90766,-15.400859,-28.890720639015672,-51.86167166276157,-5.919769615269772
15013,28-08-2026,27,-18.0,test,DLI,-4.5274296,-20.071632,20.60266,-1.5060319916539848,-27.033638898265817,24.02157491495785,-15.275357,-24.600712,-2.0122194,-7.136262645179711,-27.074239001653083,12.80171371129366
15013,28-08-2026,28,-30.0,test,SBB,-20.924046,-33.295364,16.493004,-15.551517710419038,-42.55623610203197,11.453200681193902,-24.868847,-34.35391,-12.576688,-20.518990032758715,-42.475396615008236,1.4374165494908056
15013,28-08-2026,29,-36.0,test,GZB,-28.173365,-36.42657,3.5044298,-17.425560170858432,-42.39321802073909,7.542097679022216,-25.647688,-34.233887,-14.404608,-23.89858055923122,-43.03116419117522,-4.765996927287219
15013,28-08-2026,30,-32.0,test,HPU,-26.241587,-35.474365,10.124793,-20.32961808360128,-45.10273875625003,4.443502589047462,-21.134623,-28.365051,-11.748325,-22.653802237869673,-42.195318825224504,-3.1122856505148455
15013,28-08-2026,31,-10.0,test,MB,-0.32234758,-16.477125,10.51462,-4.210325316330026,-25.13578671215386,16.71513607949381,-9.151407,-14.103724,-3.1354733,-4.501149530601499,-18.367232415147527,9.36493335394453
15013,28-08-2026,32,-8.0,test,RMU,-1.8183906,-15.085705,11.100163,-2.3066454157233665,-21.952806939385656,17.339516107938923,-8.207662,-13.313044,-1.9805369,-4.099299612084566,-17.452526202450905,9.253926978281772
15013,28-08-2026,33,-15.0,test,BLQR,-5.972003,-20.088564,8.447969,-8.734176917559477,-30.83060889415368,13.362255059034728,-12.860739,-18.867916,-5.530999,-9.14572580924375,-24.1004178246906,5.808966206203099
15013,28-08-2026,34,-16.0,test,RUPC,-6.4677253,-20.447498,10.710456,-10.71730081826427,-31.69594712976584,10.2613454932373,-12.7884245,-18.285027,-6.065945,-9.927886308324712,-24.791042614719537,4.935269998070114
15013,28-08-2026,35,-17.0,test,LKU,-9.688713,-22.117931,7.5304513,-12.82247702448718,-34.081112283411976,8.436158234437613,-13.950319,-20.106794,-6.4409633,-12.107489158363688,-27.041521457049654,2.826543140322279
15013,28-08-2026,36,-8.0,test,HDW,2.3163328,-10.91367,11.343121,3.810645638064427,-9.63990474744556,17.261196023574414,-9.007318,-15.44856,-0.7500992,-0.9719992087345957,-12.116370563252131,10.172372145782939
15013,29-08-2026,1,-5.0,test,JSM,9.390472,-8.867177,43.835445,14.970995668655227,-20.000690426781095,49.94268176409155,-0.7332365,-11.515649,20.781052,7.807089615998727,-19.19162232791265,34.80580155991011
15013,29-08-2026,2,-44.0,test,POK,-25.683622,-47.596188,20.262383,-7.712392682841261,-44.520765309013456,29.09597994333093,-34.484512,-47.41282,-13.815535,-22.867208452412747,-53.477104427479574,7.742687522654084
15013,29-08-2026,3,-40.0,test,RDRA,-30.776632,-44.19234,21.76045,-8.082676302242238,-46.25803870074228,30.0926860962578,-31.505833,-43.907406,-11.42234,-23.766521985224436,-54.2929034849049,6.759859514456025
15013,29-08-2026,4,-71.0,test,PLCJ,-34.33013,-49.469635,16.897083,-22.417751876950632,-61.27537986253381,16.439876108632546,-56.915413,-70.3211,-37.082054,-38.03428236256461,-68.99684222097815,-7.071722504151065
15013,29-08-2026,5,-80.0,test,MWT,-51.690647,-66.23705,5.964488,-43.05695339521472,-82.88927709750675,-3.224629692922697,-62.61414,-77.030556,-41.1247,-52.56426907376448,-85.38507677799797,-19.743461369530998
15013,29-08-2026,6,-64.0,test,RKB,-43.349056,-57.19837,10.341444,-30.47827954910509,-70.0238175573531,9.06725845914293,-46.919468,-58.064175,-30.536463,-40.4231718045486,-70.83360933505395,-10.012734274043247
15013,29-08-2026,7,-50.0,test,JU,-38.57741,-48.23255,15.972116,-20.93360137078262,-61.521458965996246,19.65425622443101,-37.44943,-47.559723,-23.02065,-32.563604906208994,-62.1929295198344,-2.934280292583587
15013,29-08-2026,8,-49.0,test,BGKT,-36.321365,-50.565388,17.653397,-20.453909568585857,-61.75773843831253,20.84991930114081,-37.823765,-48.076363,-23.024147,-31.750035168494094,-62.44226579307767,-1.057804543910521
15013,29-08-2026,9,-42.0,test,LUNI,-34.702206,-45.849094,21.25637,-15.102013386288418,-55.33772102648505,25.13369425390821,-32.451355,-43.46337,-16.182512,-27.68974080972466,-58.20935233272661,2.829870713277284
15013,29-08-2026,10,-40.0,test,PMY,-30.306946,-44.39312,22.78392,-15.803168754941494,-58.01435753589697,26.40802002601398,-30.390251,-41.139023,-14.646083,-25.69947918604502,-56.75749087294384,5.358532500853798
15013,29-08-2026,11,-26.0,test,MJ,-13.830262,-32.763966,32.74442,-1.0495064453469984,-42.38856098847137,40.28954809777737,-18.621649,-29.686443,-1.0020275,-11.339204902076084,-42.18245930371155,19.504049499559382
15013,29-08-2026,12,-21.0,test,BER,-5.474638,-24.091944,39.513187,1.4076940253131234,-40.81242971334561,43.62781776397186,-14.345962,-25.27916,3.3793097,-6.225479900919359,-37.012285849974745,24.561326048136024
15013,29-08-2026,13,-11.0,test,AII,4.6858907,-15.099315,41.501293,7.614328516871883,-30.86140210371068,46.090059137454446,-6.6876245,-17.932133,12.595785,1.8392983905365905,-26.73826455515731,30.416861336230493
15013,29-08-2026,14,-11.0,test,KSG,3.874241,-16.265842,37.10884,4.905349487341642,-30.883338735649502,40.69403771033279,-7.290735,-18.443089,11.603163,0.49064665832080534,-26.51202755149911,27.49332086814072
15013,29-08-2026,15,-15.0,test,JP,2.6708329,-16.692492,36.236565,5.22970435898231,-29.28011032275185,39.73951904071647,-11.051004,-21.9713,6.0929756,-1.0748447469972167,-27.220946262357273,25.071256768362836
15013,29-08-2026,16,-16.0,test,GADJ,-1.844049,-20.069216,37.836617,3.865541309313756,-31.016755888779294,38.7478385074068,-12.18344,-22.752708,4.1705217,-3.4579129995058997,-30.438640017626735,23.522814018614934
15013,29-08-2026,17,-21.0,test,DO,-6.4556365,-24.96316,28.545439,-4.617695988933948,-39.41147298715403,30.176081009286136,-15.944592,-26.041164,-1.2408314,-9.02398873911274,-34.8013339578394,16.753356479613913
15013,29-08-2026,18,-29.0,test,BKI,-22.626303,-34.580536,27.654732,-10.653265037891709,-45.28613597304157,23.979605897258157,-23.205475,-34.179302,-8.310738,-18.992529089660202,-46.49605648605866,8.510998306738255
15013,29-08-2026,19,-27.0,test,RHG,-16.83459,-33.105614,26.626097,-10.5922203397972,-44.97553087671318,23.791090197118777,-21.329117,-31.148289,-8.127748,-16.334368448105966,-42.799692421032034,10.130955524820106
15013,29-08-2026,20,-21.0,test,AWR,-7.714432,-24.941017,30.257421,-5.959284832437543,-40.878895088486175,28.96032542361109,-16.745071,-26.378946,-3.5835342,-10.156821993060067,-35.934934526646316,15.621290540526182
15013,29-08-2026,21,-28.0,test,KRH,-19.923,-33.552643,24.976742,-9.80188793968613,-44.37641608441592,24.772640205043658,-22.372553,-32.228806,-9.508615,-17.503101396009235,-43.76058142384409,8.754378631825617
15013,29-08-2026,22,-31.0,test,BWL,-23.363575,-34.075733,27.262815,-12.33592382035899,-48.00838643826115,23.336538797543163,-25.632973,-35.89026,-12.32852,-20.59404734330396,-47.87989614251014,6.6918014559022225
15013,29-08-2026,23,-11.0,test,RE,0.8616496,-15.332117,39.269203,4.773025499853046,-31.189859583128804,40.7359105828349,-11.507147,-22.407345,5.3191795,-2.0018109662897174,-28.881926961111265,24.87830502853183
15013,29-08-2026,24,-22.0,test,PTRD,-12.890815,-24.44123,29.32002,-4.171296779898684,-40.20598483424931,31.863391274451946,-19.67371,-29.982182,-5.4338455,-12.359976258648352,-38.555866228494956,13.835913711198252
15013,29-08-2026,25,-27.0,test,GGN,-17.349197,-32.94841,19.674786,-14.137561985489292,-48.50855142231776,20.23342745133917,-22.240944,-31.200603,-11.005448,-17.949651852303067,-42.61937585660813,6.720072152001993
15013,29-08-2026,26,-45.0,test,DEE,-39.289196,-51.79826,5.411096,-32.139474667869614,-64.52775046483026,0.2488011290910421,-34.41184,-45.11622,-20.007849,-35.38220608556076,-61.08196972496121,-9.682442446160312
15013,29-08-2026,27,-20.0,test,DLI,-14.208674,-24.357952,18.010849,-4.447802971838762,-29.975409878450595,21.07980393477307,-19.523506,-28.720331,-7.3372946,-12.856804249479804,-32.893761089544796,7.180152590585191
15013,29-08-2026,28,-33.0,test,SBB,-28.034595,-36.46531,13.015855,-18.27142353548876,-45.2761419271017,8.733294856124182,-27.50126,-36.814697,-15.361285,-24.737073661887152,-46.58084208166132,-2.8933052421129837
15013,29-08-2026,29,-25.0,test,GZB,-21.5225,-31.709808,6.621406,-15.985469267828265,-40.95312711770892,8.982188582052384,-22.1946,-30.64253,-11.422134,-19.97647430780652,-38.71059493122587,-1.2423536843871723
15013,29-08-2026,30,-26.0,test,HPU,-22.994373,-34.90904,11.253893,-19.40253475625849,-44.175655428907234,5.370585916390255,-20.275864,-27.485636,-11.037387,-20.942389295685466,-40.557446670540706,-1.3273319208302254
15013,29-08-2026,31,-14.0,test,MB,-8.143089,-19.375246,1.3203754,-7.147027761627332,-28.07248915745117,13.778433634196505,-13.229032,-18.863594,-6.348085,-9.516188696878618,-22.502622153946533,3.470244760189294
15013,29-08-2026,32,-11.0,test,RMU,-5.027011,-17.169477,2.5243928,-4.953792309071481,-24.59995383273377,14.692369214590808,-11.886052,-17.14456,-5.47844,-7.2847128001636765,-19.510618683221402,4.941193082894047
15013,29-08-2026,33,-18.0,test,BLQR,-14.914276,-24.979038,-2.1196458,-11.345575575625986,-33.44200755222019,10.750856400968216,-18.28185,-25.330645,-9.347428,-14.893726550741576,-29.273698825140187,-0.513754276342965
15013,29-08-2026,34,-23.0,test,RUPC,-20.781614,-27.929943,0.30141872,-14.67561902786404,-35.65426533936561,6.30302728363753,-18.360844,-24.98824,-9.864635,-18.02516530175967,-32.860992511774526,-3.1893380917448173
15013,29-08-2026,35,-25.0,test,LKU,-22.987795,-31.05453,-3.2668395,-17.301628957025287,-38.560264215950085,3.957006301899508,-19.246668,-26.154613,-10.383866,-19.926407593005827,-34.88815547042327,-4.964659715588386
15013,29-08-2026,36,-5.0,test,HDW,1.0034541,-11.167835,3.1673894,2.9530309840801072,-10.49751940142988,16.403581369590096,-9.651645,-16.51416,-0.92029095,-1.917043652426146,-11.771115069933588,7.937027765081295
15013,30-08-2026,1,54.0,test,JSM,7.8035316,-8.815003,23.316013,14.970995668655227,-20.000685112577717,49.94267644988817,-0.7871381,-11.637197,20.844471,7.237150058018501,-16.037067410760827,30.511367526797827
15013,30-08-2026,3,53.0,test,RDRA,3.5093596,-16.3691,18.08521,4.890658843688257,-33.284890746688994,43.06620843406551,-2.0354438,-14.158867,20.652636,2.106773170466602,-23.073609633855465,27.28715597478867
15013,30-08-2026,4,54.0,test,PLCJ,5.2561345,-16.875145,16.820278,2.311148700154784,-36.54649442925194,41.16879182956151,-1.0359138,-12.910938,21.107367,2.2224275467157484,-22.909761414502817,27.354616507934317
15013,30-08-2026,5,46.0,test,MWT,-12.306155,-26.334438,11.610025,-17.700755255124676,-57.53308099611879,22.13157048586944,-9.646834,-23.53355,15.407264,-13.14577502524815,-40.24045385056765,13.948903800071344
15013,30-08-2026,6,30.0,test,RKB,-26.063751,-38.119896,10.951449,-17.387549051727852,-56.93308713687044,22.157989033414736,-21.683926,-34.307076,-0.81128883,-21.83438585690134,-49.91412763826524,6.245355924462565
15013,30-08-2026,7,42.0,test,JU,-9.203875,-22.771362,15.595644,-8.483438425384552,-49.07129620407223,32.10441935330313,-10.772057,-22.736244,10.327599,-9.495163192206867,-35.89442513755202,16.90409875313829
15013,30-08-2026,8,43.0,test,BGKT,-10.211254,-24.835127,15.389269,-8.326136261480652,-49.62996531118189,32.977692788220594,-10.144436,-21.196157,9.384621,-9.586579449676458,-36.13175206884207,16.95859316948915
15013,30-08-2026,9,51.0,test,LUNI,-1.7551519,-17.863997,17.120293,-2.5847490714837216,-42.82045673319862,37.65095859023118,-4.1924915,-16.328018,17.859446,-2.8308601610998965,-28.690384353829973,23.028664031630182
15013,30-08-2026,10,46.0,test,PMY,-5.690227,-21.081486,17.920492,-5.757402743572187,-47.96859152635588,36.45378603921151,-8.465252,-21.443573,14.262627,-6.634581309556607,-34.15588311727364,20.88672049816042
15013,30-08-2026,11,54.0,test,MJ,5.9818854,-13.939463,23.08615,6.741049363779116,-34.59800519058115,48.080103918139386,-3.1388109,-16.128098,20.411705,3.1912451400633177,-23.822022703597703,30.204512983724335
15013,30-08-2026,12,55.0,test,BER,8.070687,-14.660498,22.800339,7.682375386115621,-34.53774832909093,49.90249910132218,-2.0855,-13.888791,19.28698,4.568960560400614,-22.23208716174741,31.37000828254864
15013,30-08-2026,13,55.0,test,AII,6.690013,-13.018722,20.129303,10.194136238964951,-28.281594392745795,48.6698668706757,-1.7074137,-13.16845,18.806046,5.017153823287616,-19.530067652134818,29.564375298710047
15013,30-08-2026,14,55.0,test,KSG,5.4563346,-14.388148,17.733925,7.41145843332912,-28.37722978887888,43.200146655537125,-2.0664785,-13.524958,18.279467,3.579309368188457,-19.849186737901324,27.00780547427824
15013,30-08-2026,15,39.0,test,JP,-7.6200676,-23.152554,20.253355,3.344676664483837,-31.165138009863565,37.85449133883124,-16.34338,-29.055172,3.8214054,-7.0170129093688365,-32.26421730459584,18.230191485858164
15013,30-08-2026,16,38.0,test,GADJ,-10.508231,-23.094685,21.636406,1.926384345855383,-32.95591292481429,36.80868161652506,-15.982159,-26.354908,-0.59603786,-8.354786355089903,-32.72624597894929,16.01667326876948
15013,30-08-2026,17,31.0,test,DO,-21.827063,-32.96358,17.19546,-7.251622161493241,-42.04539916912829,27.5421548461418,-22.353376,-33.588722,-6.702201,-17.34402419368073,-42.87391813355178,8.185869746190317
15013,30-08-2026,18,26.0,test,BKI,-26.69539,-35.791973,18.574644,-12.202147478170652,-46.83501841105072,22.430723454709412,-26.24063,-37.00007,-11.846322,-21.91234641675407,-47.854094606127546,4.0294017726194085
15013,30-08-2026,19,23.0,test,RHG,-27.795135,-38.746883,18.261145,-13.824828167170246,-48.208138704201225,20.558482369860734,-27.483385,-37.397095,-14.58052,-23.226773790210675,-49.15908649116339,2.7055389107420424
15013,30-08-2026,20,28.0,test,AWR,-24.776491,-33.427536,19.318201,-9.71670478995638,-44.63631504010289,25.20290546019013,-23.91041,-33.677563,-11.248225,-19.67559683604685,-44.94188106446711,5.5906873923734075
15013,30-08-2026,21,17.0,test,KRH,-29.72145,-44.435867,11.881533,-14.9930651462047,-49.56759328958556,19.58146299717616,-32.5922,-43.629578,-18.152916,-25.96921878074123,-52.30402167138271,0.3655841099002508
15013,30-08-2026,22,24.0,test,BWL,-27.585289,-38.203682,17.80158,-14.01591006063991,-49.68837268022045,21.656552558940632,-27.320116,-37.039017,-14.816953,-23.160547872797636,-49.2385263303351,2.917430584739826
15013,30-08-2026,23,50.0,test,RE,-0.7745208,-14.385943,21.123129,5.37668578075573,-30.586199303633897,41.33957086514536,-9.7837925,-19.894882,5.533351,-1.8048955741995967,-24.79710612659898,21.187314978199783
15013,30-08-2026,24,25.0,test,PTRD,-23.472567,-35.247314,15.288918,-8.166315446111273,-44.201003500554464,27.868372608331917,-29.2111,-39.27647,-15.845849,-20.489393404334024,-45.90117900037826,4.922392191710209
15013,30-08-2026,25,22.0,test,GGN,-27.215412,-39.61761,13.2133255,-17.958624951314977,-52.32961438814228,16.412364485512317,-30.22657,-40.228416,-17.090141,-25.25850977861509,-50.48003548068973,-0.036984076540448996
15013,30-08-2026,26,-27.0,test,DEE,-54.970867,-64.679955,0.6060898,-46.88674318035736,-79.27501897731703,-14.49846738339768,-51.487915,-64.74444,-32.584763,-51.228992153124565,-79.6348684416784,-22.823115864570717
15013,30-08-2026,27,14.0,test,DLI,-18.753304,-42.917942,9.308646,-15.7026695168597,-41.23027642347057,9.82493738975117,-32.63733,-42.68165,-19.16019,-22.395761171914174,-44.60631306140644,-0.18520928242190493
15013,30-08-2026,28,4.0,test,SBB,-30.096287,-46.97022,6.009422,-27.03603964665076,-54.04075803826336,-0.0313212550381614,-38.07037,-49.276024,-22.781685,-31.770210894730923,-55.13300957779461,-8.40741221166724
15013,30-08-2026,29,-8.0,test,GZB,-29.735111,-48.33535,1.9887427,-30.16653291911551,-55.13419076899595,-5.198875069235072,-41.907738,-53.53499,-25.82694,-33.921219314556005,-56.32741155825366,-11.515027070858348
15013,30-08-2026,30,-11.0,test,HPU,-33.578537,-47.92295,3.4827578,-35.9555379624351,-60.72865863508383,-11.18241728978638,-39.51279,-49.94292,-24.873428,-36.31173376903137,-58.38948291143913,-14.233984626623606
15013,30-08-2026,31,1.0,test,MB,-28.653034,-44.86072,-10.743507,-23.616280155487985,-44.541741551311816,-2.6908187596641504,-32.37292,-41.007484,-20.24942,-28.28048643222398,-45.157109211531534,-11.403863652916428
15013,30-08-2026,32,-1.0,test,RMU,-19.4619,-30.997395,-8.977935,-23.172198166913645,-42.81835969057593,-3.526036643251356,-33.653618,-42.667168,-21.041866,-25.367370023967606,-39.756833412202944,-10.97790663573227
15013,30-08-2026,33,-8.0,test,BLQR,-27.633974,-40.12228,-12.603607,-29.678914946636795,-51.775346923231,-7.582482970042591,-40.411552,-51.412273,-25.035305,-32.53692444214841,-49.58250799841495,-15.491340885881876
15013,30-08-2026,34,-4.0,test,RUPC,-28.627693,-39.481888,-11.5863495,-29.95061262357337,-50.92925893477478,-8.971966312371958,-36.91012,-46.998413,-22.891787,-31.804951324861094,-48.147872362491775,-15.462030287230412
15013,30-08-2026,35,-9.0,test,LKU,-30.350945,-38.901997,-12.790905,-33.15854737703282,-54.417182635952976,-11.89991211811266,-40.37143,-51.33897,-25.108608,-34.58070722290955,-51.06250756273561,-18.098906883083494
15013,30-08-2026,36,-6.0,test,HDW,-10.157742,-21.394987,-4.4889646,-18.68980557081226,-32.14035595632225,-5.239255185302273,-38.07108,-48.49129,-23.601946,-22.167549099963743,-34.114075635479274,-10.221022564448212
15013,31-08-2026,1,-11.0,test,JSM,4.9235387,-9.527041,14.1534195,14.598268388906629,-20.37341536797645,49.56995214578971,-1.4903212,-12.218937,19.824646,5.882376966276089,-15.772111681785928,27.536865614338105
15013,31-08-2026,2,-30.0,test,POK,-10.596859,-26.65084,6.315698,-0.5886267535076497,-37.396994996505406,36.21974148949011,-17.968697,-31.643106,6.064337,-9.850032123060435,-34.80556929836848,15.105505052247613
15013,31-08-2026,3,-29.0,test,RDRA,-13.375846,-26.628265,4.6154885,-1.86017419993524,-40.03553348445099,36.31518508458051,-17.053125,-30.476131,6.740547,-10.918571825605165,-35.93251870926971,14.095375058059377
15013,31-08-2026,4,-31.0,test,PLCJ,-15.878344,-31.527206,4.286565,-5.583073936921975,-44.44069959881114,33.27455172496719,-18.496788,-30.560993,1.8917103,-13.458955163984928,-38.70463938577292,11.786729057803065
15013,31-08-2026,5,-48.0,test,MWT,-41.421467,-48.763115,-3.2669756,-28.89317116156259,-68.7254930128361,10.93915068971092,-34.13256,-47.48165,-12.949907,-34.99356609282826,-62.697513982510785,-7.289618203145739
15013,31-08-2026,7,-21.0,test,JU,-11.266655,-21.652908,7.6053414,-7.676447984338922,-48.26431690394392,32.91142093526608,-10.544402,-23.560162,12.854243,-9.879084568295372,-35.19991175311098,15.441742616520237
15013,31-08-2026,8,-22.0,test,BGKT,-11.485481,-26.169,7.2208586,-8.237272934970044,-49.54112988360899,33.0665840136689,-10.55939,-22.628231,10.540044,-10.139417765832457,-35.88824926968837,15.609413738023457
15013,31-08-2026,9,-14.0,test,LUNI,-5.3551016,-18.372692,9.415353,-2.911542004448493,-43.1472544384215,37.324170429524514,-4.6833873,-16.615635,16.818035,-4.350788626133717,-28.76452452933096,20.062947277063525
15013,31-08-2026,10,-17.0,test,PMY,-4.984073,-20.38577,10.05096,-5.391149710399534,-47.60233835910864,36.82003893830957,-7.392038,-19.589245,14.041935,-5.914981522091978,-31.509801940715036,19.67983889653108
15013,31-08-2026,11,-9.0,test,MJ,4.4872713,-13.922008,12.316063,7.133052470818985,-34.206001557928175,48.47210649956614,-1.915408,-14.317195,20.842222,3.2034901970785223,-21.598742737608262,28.005723131765308
15013,31-08-2026,12,-9.0,test,BER,6.366884,-14.6742935,12.568934,7.686745951934448,-34.5333768987501,49.906868802619,-2.0195,-13.782474,19.249128,3.9996428775988115,-20.91029254010207,28.909578295299696
15013,31-08-2026,13,-10.0,test,AII,4.290117,-13.009421,12.132695,9.8186965279149,-28.657033423089025,48.29442647891883,-2.449608,-13.8573065,17.82464,3.815540590836152,-19.218562479746282,26.84964366141859
15013,31-08-2026,14,-14.0,test,KSG,0.9831976,-15.717971,11.23376,5.5783762376908665,-30.210311441633195,41.36706391701493,-5.9040184,-17.145605,13.398716,0.1612705718522034,-22.10300500158664,22.425546145291047
15013,31-08-2026,15,-16.0,test,JP,1.3996353,-15.072556,11.575877,6.6739397694508185,-27.835873952528992,41.18375349143063,-7.922563,-18.588913,9.508827,-0.015052679094146093,-21.367627921399517,21.337522563211223
15013,31-08-2026,16,-17.0,test,GADJ,-1.4518179,-16.872532,12.828356,5.338189772961729,-29.544106632089555,40.22048617801301,-9.174832,-19.836258,7.8440332,-1.8502734074427805,-23.812393576613616,20.111846761728053
15013,31-08-2026,17,-26.0,test,DO,-11.12399,-25.310795,5.010645,-4.616738344481384,-39.41051479733417,30.17703810837141,-17.579447,-28.273579,-1.5077152,-11.191260110393973,-33.07734385921809,10.69482363843014
15013,31-08-2026,18,-33.0,test,BKI,-23.801403,-34.225815,0.76856667,-10.323740672572995,-44.956611199884186,24.309129854738195,-23.163982,-34.35784,-7.4205523,-19.282175034322364,-41.99756789919094,3.4332178305462158
15013,31-08-2026,19,-30.0,test,RHG,-15.896866,-30.733936,3.4010324,-9.870567581918207,-44.25387776980106,24.51274260596464,-19.994461,-30.19588,-5.6567974,-15.333690205923137,-37.38967079695362,6.722290385107343
15013,31-08-2026,20,-23.0,test,AWR,-7.065183,-24.313427,8.462123,-4.839807848915571,-39.7594177528442,30.07980205501306,-14.936981,-24.866089,-0.86741066,-8.971901705152458,-30.865233782747097,12.921430372442181
15013,31-08-2026,21,-26.0,test,KRH,-15.146461,-26.344933,4.4919887,-7.237953655286713,-41.81248148773494,27.33657417716152,-17.042412,-26.644886,-4.000717,-13.249564282315403,-34.43657193549076,7.937443370859958
15013,31-08-2026,22,-27.0,test,BWL,-14.247752,-26.854418,4.1670046,-8.956689625654704,-44.62915196043157,26.71577270912216,-18.836424,-28.422812,-6.070758,-14.082862458309075,-35.620986957378335,7.4552620407601875
15013,31-08-2026,23,-12.0,test,RE,1.0293316,-14.284512,11.218134,6.502208260793176,-29.46067657865249,42.46509310023884,-8.576176,-18.684807,6.970065,-0.41611569712688423,-21.620523009594866,20.788291615341098
15013,31-08-2026,24,-11.0,test,PTRD,0.17974107,-16.415232,9.793774,1.48179626934093,-34.552891561028574,37.51648409971044,-8.43298,-19.32053,9.10618,-2.2684633917132127,-24.109919344972717,19.572992561546293
15013,31-08-2026,25,-17.0,test,GGN,-4.686826,-20.233269,8.416875,-8.429677226085088,-42.80066643542144,25.941311983251254,-13.170334,-23.4531,2.2543993,-8.704328343193346,-29.958539370568165,12.549882684181473
15013,31-08-2026,27,-10.0,test,DLI,-2.3090937,-15.721301,7.6595535,1.0550999448764955,-24.47250863632588,26.582708526078868,-9.049837,-18.9071,6.2989483,-3.475711308080703,-20.71258112721961,13.761158511058204
15013,31-08-2026,28,-21.0,test,SBB,-16.544994,-24.630575,5.9054766,-11.998455423864268,-39.00317488661119,15.006264038882655,-18.594013,-28.29362,-5.2870817,-15.77343345166366,-34.42861823816054,2.881751334833215
15013,31-08-2026,29,-11.0,test,GZB,-6.205786,-20.002426,3.3368213,-9.0127544413968,-33.98041306011012,15.954904177316518,-9.900847,-19.126358,3.9293137,-8.331708554515009,-24.997629112059414,8.334212003029398
15013,31-08-2026,30,-23.0,test,HPU,-16.451912,-26.818226,1.8388791,-16.21330872791711,-40.9864294971121,8.559812041277876,-19.848852,-28.475456,-8.6835165,-17.50537367514392,-34.5073192761533,-0.5034280741345505
15013,31-08-2026,31,-9.0,test,MB,-4.5979004,-16.501005,1.6600959,-3.4500046903843646,-24.37546608688797,17.475456706119243,-7.906651,-13.020021,-1.4954405,-5.331437972722156,-17.68200256038088,7.019126614936566
15013,31-08-2026,32,-9.0,test,RMU,-5.500074,-15.03721,1.4362186,-2.30951962590018,-21.95568114958096,17.336641897780602,-8.216602,-13.3318615,-1.9822206,-5.383856458672257,-16.966388446910553,6.198675529566039
15013,31-08-2026,33,-14.0,test,BLQR,-9.765227,-19.495972,-1.3807586,-8.069155898844288,-30.16558787543948,14.027276077750903,-12.141892,-18.101646,-4.881911,-10.013594274357452,-23.0446846168473,3.0174960681323952
15013,31-08-2026,34,-16.0,test,RUPC,-10.71704,-20.180025,1.2910305,-10.314070388092953,-31.29271669959464,10.66457592340874,-12.347226,-17.802443,-5.707066,-11.130406053032292,-24.202941796183367,1.9421296901187848
15013,31-08-2026,35,-19.0,test,LKU,-14.554573,-22.497833,-1.5650258,-13.1316546049245,-34.390289863849304,8.126980654000302,-14.467843,-20.643623,-6.906024,-14.070987741494012,-27.425911944223575,-0.7160635387644483
15013,31-08-2026,36,-9.0,test,HDW,-2.1171615,-10.959278,2.349089,3.744547950083267,-9.706002435426722,17.195098335593254,-9.026675,-15.467959,-0.7706871,-2.541741316187405,-12.051743480961962,6.968260848587152
19056,28-08-2026,1,-19.0,test,UDN,0.17866819,-14.844794,8.655864,-1.2285123753110814,-16.661290391328386,14.204265640706222,-5.5014772,-12.772254,4.895545,-2.1600815465291947,-14.71521202380101,10.39504893074262
19056,28-08-2026,2,-29.0,test,NVS,-14.886078,-26.00023,-1.0093762,-15.083511997728229,-31.00933799443473,0.8423139989782804,-13.017529,-23.128435,0.49978542,-14.327754069104387,-28.361153363673008,-0.29435477453576553
19056,28-08-2026,3,-29.0,test,VDH,-13.991253,-27.056324,-1.952846,-14.557202358918255,-30.538245586893098,1.4238408690565834,-13.6311455,-22.47105,-2.2269983,-14.052360786874463,-27.533985634115695,-0.5707359396332325
19056,28-08-2026,4,-32.0,test,BIM,-15.1096735,-27.580462,-2.7169714,-15.780706401868777,-31.33656775777787,-0.2248450459596807,-15.960085,-24.073193,-6.050085,-15.606944824700335,-28.514294475493376,-2.6995951739072943
19056,28-08-2026,5,-22.0,test,BL,-7.437968,-20.06491,4.433111,-6.366458954425337,-21.33816079234862,8.605242883497947,-8.715363,-16.319073,1.4862919,-7.520352527195261,-20.126920206351528,5.086215151961005
19056,28-08-2026,6,-26.0,test,ATUL,-10.265895,-23.155128,2.276983,-10.434782410444909,-25.229717757443257,4.360152936553444,-11.664439,-19.061983,-2.264305,-10.784980417862792,-23.3268747660372,1.7569139303116135
19056,28-08-2026,7,-26.0,test,PAD,-10.342711,-22.687244,2.4980373,-10.555220444729365,-25.429002413656463,4.318561524197733,-12.043995,-19.471737,-2.6831121,-10.97641911302016,-23.498114755848484,1.5452765298081648
19056,28-08-2026,8,-26.0,test,UVD,-11.185561,-23.133717,1.7425075,-11.569730182440262,-26.05172936541379,2.9122690005332696,-12.095323,-19.272854,-3.1230116,-11.610893452760791,-23.833150889839093,0.61136398431751
19056,28-08-2026,9,-27.0,test,VAPI,-11.440631,-23.492943,2.115803,-11.706694654730766,-29.05875004858906,5.645360739127531,-12.567724,-19.625183,-3.8465815,-11.900496301032897,-25.154793224470037,1.3538006224042434
19056,28-08-2026,11,-27.0,test,BLD,-13.596638,-24.973547,-2.2567534,-14.303159364366774,-31.25452189197328,2.648203163239732,-13.346391,-20.46451,-4.656069,-13.739206461631152,-26.336127161237343,-1.1422857620249598
19056,28-08-2026,12,-29.0,test,SJN,-14.521203,-26.861204,-3.9828582,-15.783130157399697,-33.26711927748172,1.7008589626823252,-14.8975725,-22.087639,-6.2115593,-15.049663063841823,-27.866625789198785,-2.232700338484859
19056,28-08-2026,13,-29.0,test,UBR,-15.53327,-27.37003,-4.887301,-17.44812091371467,-36.9408096407606,2.0445678133312555,-14.711293,-21.843555,-6.0730276,-15.871861527481668,-29.272192550782933,-2.471530504180402
19056,28-08-2026,15,-17.0,test,GVD,-8.358914,-20.43683,0.78328866,-10.893406445447535,-29.85069777825052,8.063884887355446,-7.313209,-14.866777,3.0622144,-8.821127992220216,-22.18808608682005,4.54583010237962
19056,28-08-2026,16,-17.0,test,DRD,-9.348632,-20.437506,4.2551985,-8.464638965431263,-24.357701335024814,7.428423404162286,-7.407058,-14.98665,3.0596886,-8.420415750867722,-21.413784624332585,4.572953122597141
19056,28-08-2026,17,-29.0,test,VGN,-19.102951,-28.224588,-3.9657197,-14.290552452380986,-27.586894333821604,-0.994210570940366,-15.367656,-25.424564,-2.2615576,-16.322745020489474,-29.25888602676016,-3.38660401421879
19056,28-08-2026,18,-31.0,test,BOR,-18.83138,-29.064304,-2.3943133,-16.927504383738743,-30.67139583266794,-3.183612934809544,-17.326511,-26.020065,-6.565096,-17.722460204376283,-30.60168381930009,-4.843236589452477
19056,28-08-2026,19,-30.0,test,PLG,-18.246157,-27.79536,-7.781842,-18.47205414776085,-27.822420627873253,-9.121687667648448,-16.479902,-24.165047,-7.180414,-17.730949196175157,-27.48894640821517,-7.9729519841351415
19056,28-08-2026,20,-29.0,test,KLV,-19.394932,-29.053402,-6.7685556,-17.482208632616086,-26.99681136834653,-7.96760589688564,-15.750043,-22.98624,-7.02252,-17.571481263630005,-27.62113030805736,-7.521832219202649
19056,28-08-2026,21,-29.0,test,SAH,-19.343395,-28.45153,-7.083332,-17.40678454998214,-26.56949093660748,-8.244078163356805,-15.976833,-23.180935,-7.2724657,-17.604873146482426,-27.359393758102435,-7.850352534862418
19056,28-08-2026,22,-29.0,test,VTN,-19.939571,-28.365467,-7.3061,-17.722796733435096,-26.38163458239366,-9.063958884476534,-16.200737,-23.575926,-7.2645664,-17.987707386638824,-27.587093700062738,-8.388321073214913
19056,28-08-2026,23,-28.0,test,VR,-19.628902,-27.645937,-8.709237,-18.645420705077296,-25.610223750620325,-11.680617659534269,-15.772634,-23.350792,-6.5816555,-18.032123917371308,-26.75534055376685,-9.308907280975767
19056,28-08-2026,24,-27.0,test,BSR,-21.262434,-27.38852,-6.043457,-18.54045090665618,-24.382553999606827,-12.698347813705531,-15.198719,-22.978466,-5.685566,-18.375931560581325,-27.253675388474186,-9.498187732688464
19056,28-08-2026,25,-37.0,test,BVI,-26.957712,-34.66983,-12.622602,-26.5930364656087,-33.23422698249753,-19.95184594871987,-23.239643,-33.392315,-10.744221,-25.60465481996075,-35.813780944148185,-15.395528695773313
19056,28-08-2026,26,-37.0,test,ADH,-26.683022,-34.35525,-11.819786,-26.70438319118002,-35.60468426037345,-17.80408212198659,-21.56823,-30.430546,-10.864181,-24.98882974255047,-35.50712608486676,-14.470533400234183
19056,29-08-2026,1,5.0,test,UDN,-0.12596095,-14.509243,9.197517,-0.4830578158138809,-15.915835718275192,14.949720086647432,-4.791722,-12.673231,6.7270722,-1.7917686794352958,-14.687030088410044,11.103492729539454
19056,29-08-2026,2,-6.0,test,NVS,-15.555861,-25.649467,-0.22101597,-14.690669510402095,-30.616495406980395,1.2351563861762005,-12.7213745,-22.056248,-0.3872862,-14.33669880571375,-28.107928501609866,-0.5654691098176343
19056,29-08-2026,3,-7.0,test,VDH,-13.785336,-26.840382,-1.7977372,-14.497379188395636,-30.47842232744781,1.4836639506565348,-13.901675,-22.345589,-3.1749105,-14.051584120433215,-27.3346902387514,-0.7684780021150335
19056,29-08-2026,4,-9.0,test,BIM,-13.297153,-27.223812,-1.2690316,-15.475425204470078,-31.03128648099455,0.0804360720543932,-15.50293,-23.729015,-5.359497,-14.726865440262763,-27.893989120815895,-1.5597417597096328
19056,29-08-2026,5,3.0,test,BL,-6.4877567,-18.791456,4.972011,-5.327832558153336,-20.29953432148917,9.643869205182495,-6.921101,-16.012243,6.350516,-6.261180484254801,-19.529317969375704,7.0069570008661
19056,29-08-2026,7,-2.0,test,PAD,-10.293551,-21.255375,3.064197,-9.681560172390318,-24.55534257103812,5.19222222625748,-10.683363,-18.916508,0.16121864,-10.227607890596602,-22.990881506307975,2.5356657251147716
19056,29-08-2026,8,-5.0,test,UVD,-11.131312,-23.527727,1.9132698,-11.61394040498336,-26.09593991866397,2.868059108697244,-12.748312,-20.090696,-3.5926886,-11.823315534244703,-24.20950090855306,0.5628698400636534
19056,29-08-2026,9,-4.0,test,VAPI,-10.908435,-22.630577,2.3711686,-11.448078673849867,-28.80013421279638,5.90397686509664,-12.106626,-19.308456,-3.1042604,-11.479376986477384,-24.697131603302555,1.738377630347788
19056,29-08-2026,11,-8.0,test,BLD,-12.7903385,-26.210346,-2.6596096,-15.224840945606388,-32.17620351761581,1.7265216264030343,-15.448894,-23.326767,-5.766817,-14.452517848245211,-27.507544058169298,-1.3974916383211244
19056,29-08-2026,12,-9.0,test,SJN,-13.805253,-27.081245,-3.7964091,-16.620779254473845,-34.1047683690488,0.8632098601011045,-15.962306,-23.272404,-7.117832,-15.422417405645596,-28.362237704600446,-2.482597106690749
19056,29-08-2026,13,-13.0,test,UBR,-16.002499,-28.472807,-5.9030566,-19.34531542209971,-38.83800413428391,0.147373290084495,-18.319296,-25.832123,-9.222444,-17.84130260176173,-31.404040072367188,-4.2785651311562685
19056,29-08-2026,15,-31.0,test,GVD,-29.738577,-39.502815,-10.915721,-22.2427674171949,-41.20005872643944,-3.2854761079503625,-29.675161,-39.913635,-16.758535,-27.32194794080467,-42.94673406593179,-11.697161815677545
19056,29-08-2026,16,-19.0,test,DRD,-21.30196,-34.645603,-5.909115,-18.325525213756567,-34.2185875518646,-2.4324628756485343,-23.379517,-32.658646,-11.961367,-21.041669940810586,-35.23636492001785,-6.846974961603319
19056,29-08-2026,17,-23.0,test,VGN,-21.53219,-30.492924,-11.115201,-21.128845539258585,-34.42518738391885,-7.832503694598312,-23.76431,-31.748314,-13.758102,-22.145620573591838,-33.287204505994126,-11.004036641189547
19056,29-08-2026,18,-25.0,test,BOR,-23.886951,-33.124073,-10.637522,-23.13554457776031,-36.87943599409152,-9.391653161429096,-24.791912,-32.9411,-14.508261,-23.947775287613656,-35.88455658579203,-12.01099398943528
19056,29-08-2026,19,-24.0,test,PLG,-23.007427,-33.436855,-13.796039,-24.5119657577398,-33.86233219595512,-15.161599319524475,-24.598337,-32.6623,-14.40908,-24.017339757593213,-33.928767470368726,-14.105912044817698
19056,29-08-2026,20,-24.0,test,KLV,-23.207376,-31.788834,-13.648577,-23.778576308775204,-33.2931790085736,-14.263973608976803,-24.455147,-32.46076,-14.334581,-23.804891722612595,-33.47521771551938,-14.13456572970581
19056,29-08-2026,21,-23.0,test,SAH,-22.496565,-31.532312,-12.874166,-23.477431284980916,-32.64013763864043,-14.314724931321395,-24.026228,-31.94754,-14.037848,-23.31875172218463,-32.92777295628169,-13.709730488087565
19056,29-08-2026,22,-22.0,test,VTN,-21.221416,-32.04428,-12.576269,-23.434904176626024,-32.093741995641864,-14.776066357610183,-24.022081,-32.080414,-13.923199,-22.8602239306664,-32.49128028786019,-13.229167573472605
19056,29-08-2026,23,-25.0,test,VR,-24.92036,-31.074312,-14.878545,-25.43300050637216,-32.39780352130857,-18.468197491435745,-25.683548,-34.220737,-14.9493065,-25.338003897182087,-33.99756795829581,-16.678439836068364
19056,29-08-2026,26,-24.0,test,ADH,-30.406908,-36.335304,-16.919138,-30.314190852048704,-39.214491921242136,-21.41388978285527,-26.316494,-35.43527,-15.020405,-29.01693406349201,-39.11373087573973,-18.92013725124428
19056,30-08-2026,1,-8.0,test,UDN,-1.0016935,-14.751099,8.930462,-1.2285123753110814,-16.661290277772395,14.20426552715023,-5.5037675,-12.793003,4.9227996,-2.571429336959838,-15.167977646406433,10.025118972486757
19056,30-08-2026,2,-20.0,test,NVS,-15.069358,-26.869377,-0.67879117,-15.788716204936538,-31.71454210151484,0.1371096916417595,-14.529969,-24.864748,-0.93708515,-15.119869372202999,-29.424645948003842,-0.8150927964021548
19056,30-08-2026,3,-19.0,test,VDH,-13.588981,-27.244127,-1.8306493,-15.016597832701416,-30.997640971753587,0.964445306350754,-14.474761,-23.582935,-2.7318544,-14.339806700783926,-27.984030005720356,-0.6955833958474962
19056,30-08-2026,4,-22.0,test,BIM,-15.653023,-27.602724,-2.5524561,-16.170976795429976,-31.726838071954447,-0.6151155189055046,-16.76361,-24.921337,-6.8500566,-16.187898918873792,-29.137768650473824,-3.238029187273762
19056,30-08-2026,5,-11.0,test,BL,-8.323442,-19.799461,4.876486,-6.402565276624476,-21.37426703996031,8.569136486711354,-8.836106,-17.15306,2.611703,-7.880056946529813,-20.861225399792133,5.101111506732507
19056,30-08-2026,6,-16.0,test,ATUL,-10.562873,-23.868092,2.4694016,-10.7190565207322,-25.51399179746093,4.075878755996536,-12.434344,-19.997847,-2.906395,-11.235179106751165,-23.99370694019266,1.5233487266903296
19056,30-08-2026,7,-16.0,test,PAD,-10.861545,-22.994719,2.5834296,-10.900575824979905,-25.77435772762474,3.973206077664933,-12.800797,-20.156422,-3.644436,-11.518952838328566,-24.064093170098033,1.0261874934409025
19056,30-08-2026,8,-20.0,test,UVD,-11.47361,-24.772573,-0.17122775,-13.03277977990011,-27.51477889893117,1.4492193391309502,-15.591494,-23.423262,-6.0538616,-13.34137401730125,-25.72636595365572,-0.9563820809467813
19056,30-08-2026,9,-17.0,test,VAPI,-11.391318,-23.761593,1.2720904,-12.336091201038728,-29.68814654540442,5.015964143326967,-13.183361,-20.401007,-4.2974815,-12.28922929480825,-25.49523948167233,0.9167808920558294
19056,30-08-2026,11,-23.0,test,BLD,-14.533193,-26.774591,-3.1882527,-16.614456363603562,-33.565818844126895,0.3369061169197742,-18.172188,-27.052673,-7.302801,-16.408546220387198,-29.852431089219866,-2.964661351554529
19056,30-08-2026,12,-24.0,test,SJN,-16.090094,-29.665915,-4.8249793,-18.113958221892524,-35.59794729982233,-0.6299691439627182,-18.578852,-26.529072,-8.902329,-17.564570739237382,-31.045604874141137,-4.083536604333627
19056,30-08-2026,13,-24.0,test,UBR,-15.580126,-28.390808,-5.456407,-19.760011124834588,-39.25269981623208,-0.2673224334370943,-18.222795,-25.707146,-9.150637,-17.79481792967836,-31.41486450136268,-4.1747713579940395
19056,30-08-2026,15,-35.0,test,GVD,-26.177847,-38.003063,-9.275688,-20.15898396706342,-39.1162752661581,-1.2016926679687394,-25.998817,-36.089912,-13.468001,-24.194776469107744,-39.75208672065632,-8.637466217559167
19056,30-08-2026,16,-23.0,test,DRD,-18.068113,-27.443556,-2.5503907,-15.65073096396338,-31.54379329701994,0.2423313690931738,-19.123512,-27.90582,-8.363246,-17.646549510403283,-30.937766970082123,-4.35533205072444
19056,30-08-2026,17,-21.0,test,VGN,-20.246023,-28.357286,-5.144553,-16.455112130979355,-29.75145397346657,-3.158770288492139,-17.212408,-24.550686,-8.341484,-18.025624575962006,-29.5565965610462,-6.4946525908778145
19056,30-08-2026,18,-24.0,test,BOR,-22.329367,-31.505177,-5.398917,-18.44673192381048,-32.19062333923864,-4.70284050838232,-18.741829,-25.972973,-9.943917,-19.89543764278956,-32.07355349151966,-7.717321794059458
19056,30-08-2026,19,-24.0,test,PLG,-20.911873,-30.397644,-8.362091,-20.180022788274076,-29.530389226012183,-10.829656350535965,-19.136917,-26.79346,-9.834121,-20.0876910301131,-30.210536060107344,-9.964846000118856
19056,30-08-2026,20,-24.0,test,KLV,-22.454464,-31.671669,-7.815806,-19.5515381952748,-29.06614089486697,-10.036935495682624,-19.053556,-26.552486,-9.921906,-20.395701068023453,-30.848681972708953,-9.94272016333795
19056,30-08-2026,21,-25.0,test,SAH,-23.009089,-31.717594,-8.414308,-19.852426348961647,-29.01513270250948,-10.689719995413816,-19.712257,-27.062706,-10.717185,-20.903848300804643,-31.088063328216613,-10.719633273392672
19056,30-08-2026,22,-25.0,test,VTN,-23.394257,-31.643456,-8.42592,-20.285863833589623,-28.94470165255011,-11.62702601462914,-19.849949,-27.229164,-10.802303,-21.222139709536883,-31.23581730640641,-11.208462112667354
19056,30-08-2026,23,-24.0,test,VR,-23.327595,-31.588205,-9.179444,-21.24338859463555,-28.208191609544198,-14.278585579726908,-19.594282,-27.215946,-10.282084,-21.419934031031502,-30.805979422588752,-12.033888639474252
19056,30-08-2026,26,-25.0,test,ADH,-27.042543,-33.223045,-9.979918,-26.53456964660768,-35.43487071580111,-17.634268577414254,-20.940268,-29.684753,-10.415017,-24.85077823974246,-35.44651705748075,-14.255039422004176
19056,31-08-2026,1,5.0,test,UDN,-0.66819155,-14.512625,9.3197975,-0.4830578158138809,-15.915835718275192,14.949720086647432,-4.7869043,-12.658361,6.731826,-1.97878013545658,-14.895223762842075,10.937663491928916
19056,31-08-2026,2,-7.0,test,NVS,-15.2266445,-26.465128,-0.39893466,-15.043261645439337,-30.969087542017636,0.8825642511389606,-13.03616,-23.670084,1.3715658,-14.439552071932864,-28.916112521964685,0.037008378098954964
19056,31-08-2026,3,-10.0,test,VDH,-14.403099,-27.46298,-2.4518032,-15.48694071014477,-31.46798384919694,0.4941024289074001,-15.86977,-25.03145,-4.245369,-15.237245836164869,-28.796652100069814,-1.6778395722599235
19056,31-08-2026,4,-12.0,test,BIM,-15.682957,-28.096828,-2.8153286,-16.621930094098747,-32.17779137062322,-1.0660688175742763,-17.253483,-25.404346,-7.3653355,-16.505345087948708,-29.491808051166608,-3.51888212473081
19056,31-08-2026,5,-4.0,test,BL,-8.378482,-22.368906,4.135968,-7.841637966347276,-22.813339729683108,7.130063796988555,-11.445461,-18.71122,-2.2042732,-9.226896125345576,-21.973253531824085,3.5194612811329335
19056,31-08-2026,6,-10.0,test,ATUL,-13.561357,-26.56464,-1.8834071,-12.548667717854794,-27.343602994583527,2.2462675588739405,-15.731988,-23.3244,-6.52536,-13.959601566641574,-26.36460830061845,-1.5545948326646961
19056,31-08-2026,7,-9.0,test,PAD,-11.112399,-24.320683,0.2880377,-12.556462364926311,-27.430244267571148,2.317319537718525,-15.36676,-22.759422,-6.425215,-12.988764835899993,-25.32582825469831,-0.6517014171016751
19056,31-08-2026,8,-9.0,test,UVD,-11.027445,-24.729427,0.14105609,-13.525411676104042,-28.0074107951351,0.9565874429270184,-15.271024,-22.396976,-6.6627903,-13.2370354480156,-25.385671335931086,-1.0883995601001129
19056,31-08-2026,9,-9.0,test,VAPI,-11.286281,-25.545582,0.013576582,-13.327868145156108,-30.679923489521805,4.024187199209587,-15.039662,-22.059778,-6.567047,-13.186995531830664,-26.382324225140813,0.008333161479484374
19056,31-08-2026,11,-13.0,test,BLD,-16.388277,-29.290758,-4.5131097,-17.09472432469202,-34.04608680521535,-0.1433618441686839,-18.397245,-26.299967,-8.77836,-17.28216565110518,-30.5545559091119,-4.009775393098462
19056,31-08-2026,12,-20.0,test,SJN,-21.951174,-38.641106,-9.854629,-20.39116196884568,-37.875151046775485,-2.9071728909158736,-22.591711,-31.014221,-12.254099,-21.665641973906435,-36.06509730481399,-7.266186642998884
19056,31-08-2026,13,-21.0,test,UBR,-17.914928,-32.84027,-10.269702,-22.61151543579415,-42.10420412719164,-3.1188267443966566,-22.61442,-30.463882,-12.882875,-20.978784226701478,-34.71126340015768,-7.24630505324528
19056,31-08-2026,15,-35.0,test,GVD,-33.93786,-39.740387,-13.472282,-24.114052982961116,-43.07134428205579,-5.156761683866431,-32.34972,-42.823563,-18.92284,-30.270165558088966,-45.60164244817072,-14.938688668007208
19056,31-08-2026,16,-22.0,test,DRD,-22.601198,-34.92524,-7.8134933,-19.5359077256312,-35.42897005868775,-3.6428453925746425,-24.985518,-34.287804,-13.482338,-22.414530896602884,-36.331404828451184,-8.497656964754581
19056,31-08-2026,17,-22.0,test,VGN,-20.889454,-30.803848,-10.740183,-20.929616187003,-34.225958029490215,-7.633274344515783,-23.36511,-31.270075,-13.481964,-21.7256145024668,-32.957178665352814,-10.494050339580788
19056,31-08-2026,18,-22.0,test,BOR,-22.77183,-33.638435,-9.609979,-22.086402534231933,-35.83029394966009,-8.342511118803774,-23.059986,-30.775612,-13.377661,-22.648610146534892,-34.68628432811833,-10.610935964951448
19056,31-08-2026,19,-21.0,test,PLG,-21.727612,-33.70609,-13.005177,-23.290253886158617,-32.64062032389673,-13.939887448420508,-23.19735,-31.03448,-13.392759,-22.715795576867905,-32.71405145271448,-12.71753970102133
19056,31-08-2026,20,-21.0,test,KLV,-21.805138,-32.1922,-12.578389,-22.55416650882379,-32.068769208415965,-13.039563809231618,-23.061172,-30.842247,-13.322799,-22.462232738515112,-32.295724916859115,-12.628740560171108
19056,31-08-2026,21,-19.0,test,SAH,-21.497017,-31.979687,-10.371921,-21.99042016401189,-31.15312651755972,-12.82771381046406,-22.025738,-29.554476,-12.643642,-21.830536605623518,-31.803818486067,-11.857254725180036
19056,31-08-2026,22,-18.0,test,VTN,-22.10884,-31.77103,-10.439742,-21.87848485699364,-30.537322675954123,-13.219647038033155,-21.850979,-29.404306,-12.475034,-21.949465782643205,-31.70639688219823,-12.19253468308818
19056,31-08-2026,23,-13.0,test,VR,-22.53623,-31.591906,-9.82401,-21.51217633153852,-28.47697934644716,-14.547373316629873,-19.382523,-26.818665,-10.276386,-21.16013533772191,-30.360776133456866,-11.959494541986958
19056,31-08-2026,26,-9.0,test,ADH,-22.522959,-30.19331,-8.885957,-24.66024058707264,-33.56054165626607,-15.759939517879204,-18.132866,-26.823742,-7.654006,-21.74599259897365,-31.970760429500828,-11.521224768446471
19330,28-08-2026,1,-16.529999999999973,test,ASV,-15.620729,-39.375904,7.0774436,-15.580667954422324,-35.6723842427496,4.511048333904949,-17.08651,-30.822132,8.547575,-16.095398799382696,-38.194637822144344,6.003840223378955
19330,28-08-2026,2,-16.200000000000045,test,SDGM,-16.030148,-35.3376,-0.1312139,-19.81078528903725,-39.264956622150606,-0.3566139559239012,-25.009333,-41.939327,5.463749,-20.224572734656885,-41.458568744951194,1.009423275637424
19330,28-08-2026,3,-24.5,test,NRD,-24.07268,-38.165565,-0.06349829,-17.129210699675596,-36.779450481526254,2.5210290821750583,-19.603458,-34.72058,7.663395,-20.36733741375271,-41.319608612696484,0.5849337851910619
19330,28-08-2026,4,1.840000000000032,test,NHM,-14.651902,-38.179577,1.5038712,-14.50211053857617,-36.29128769970532,7.287066622552976,-18.77193,-33.405025,7.3335667,-15.97422281209628,-37.64575263424918,5.6973070100566225
19330,28-08-2026,5,7.449999999999932,test,TOD,-15.871585,-35.046547,5.8721423,-15.439850069017064,-37.17417959759409,6.294479459559961,-21.036034,-36.75746,6.6751804,-17.451142837537724,-39.800224443110864,4.8979387680354165
19330,28-08-2026,6,-8.949999999999932,test,PRJ,-20.556587,-36.41077,-0.012082625,-17.194047306186818,-38.78568150381638,4.397586891442742,-23.479969,-38.85404,3.4391785,-20.454198880606207,-41.73101291920814,0.8226151579957275
19330,28-08-2026,7,32.379999999999995,test,HMT,-9.978176,-36.63043,4.2159586,-22.59118503368249,-44.12222895884744,-1.0601411085175236,-29.941914,-46.78623,-0.65760803,-20.648400004508943,-43.38677724434929,2.0899772353314034
19330,28-08-2026,8,-6.340000000000032,test,SJS,-22.424994,-37.097588,-0.36310524,-17.29017846914291,-38.86291770512759,4.2825607668417724,-22.446405,-37.6331,4.086849,-20.79111105211759,-42.02281562328746,0.44059351905228183
19330,28-08-2026,9,-38.319999999999936,test,BHWA,-16.328117,-38.077263,0.85780746,-21.19753742243381,-43.1172379567181,0.7221631118504774,-25.159897,-42.537994,4.9908733,-20.821476858269868,-43.58570855777026,1.9427548412305278
19330,28-08-2026,10,-4.75,test,DNRP,-12.875998,-31.418259,6.9011908,-15.414276551394408,-37.16841347569944,6.339860372910621,-24.233826,-39.565525,2.1946049,-17.464446925516498,-39.05348411610399,4.124590265070996
19330,28-08-2026,11,-22.159999999999968,test,RDP,-7.032781,-24.294243,8.920794,-5.7432666672546455,-26.130585110058423,14.644051775549135,-0.5887145,-12.221884,19.279799,-4.477579344576215,-22.884685501502815,13.929526812350387
19330,28-08-2026,12,-11.079999999999984,test,SES,-16.023012,-36.697784,6.7422533,-8.230714050143192,-31.235897485664346,14.774469385377962,-8.031328,-19.225296,8.110468,-10.874937504315037,-31.30042898894922,9.55055398031915
19330,28-08-2026,13,-44.52000000000004,test,JYM,-15.487224,-39.735817,5.224647,-7.638647092111523,-30.604070557467548,15.326776373244504,-11.120231,-19.640928,0.08516216,-11.526621885692547,-30.88779425037942,7.834550478994329
19330,28-08-2026,14,-40.870000000000005,test,ZW,-18.382566,-39.244144,1.5232464,-9.430968071291742,-32.82990310812086,13.967966965537371,-11.856669,-19.956139,-1.4469366,-13.35147273017461,-31.879909449176484,5.176963988827264
19330,28-08-2026,15,-30.50999999999999,test,UMRA,-17.697357,-28.957922,4.167571,-13.172220370015973,-36.6174410163559,10.273000276323955,-14.648155,-25.289772,-0.9929228,-15.23712821224347,-33.396047382800795,2.9217909583138564
19330,28-08-2026,16,-25.97999999999999,test,UDZ,-12.98669,-31.697544,5.5364404,-7.473740519759636,-31.115936614843875,16.1684555753246,-8.071096,-16.755234,3.710023,-9.590069006241515,-27.89638852463431,8.716250512151278
19330,28-08-2026,17,-12.140000000000017,test,RPZ,-4.7196445,-32.794342,13.539123,-7.405066016726576,-29.805067652574763,14.994935619121613,-11.415261,-21.116436,1.1992111,-7.804613017974853,-27.67892100798764,12.069694972037931
19330,28-08-2026,18,-17.689999999999998,test,MVJ,-18.182455,-37.5341,2.383875,-12.260929294197194,-36.24554979492862,11.72369120653423,-14.52657,-23.818947,-3.0967226,-15.074199278866569,-34.03044034294216,3.8820417852090188
19330,28-08-2026,19,-19.370000000000005,test,FAN,-12.171094,-32.37802,9.595822,-7.762880473320568,-31.586100655644916,16.060339709003777,-9.788344,-17.917713,0.6364336,-9.969872909089407,-28.868853432248645,8.929107614069832
19330,28-08-2026,20,-11.1,test,KIN,-12.185406,-37.019318,4.602364,-8.433664323847712,-32.591041797756105,15.723713150060686,-10.801886,-19.913067,0.83692837,-10.526295110889267,-29.856486832722872,8.80389661094434
19330,28-08-2026,21,-13.0,test,COR,-9.516811,-21.787813,3.8870015,-7.169947884444692,-22.940333535264728,8.600437766375341,-16.515997,-25.686039,-5.646163,-11.094500821102397,-24.574125524191103,2.385123881986308
19330,29-08-2026,1,-16.200000000000045,test,ASV,-18.326307,-34.990047,1.0495714,-20.61621350382591,-40.70792979215318,-0.5244972154986378,-26.59637,-39.973988,-2.569601,-21.808486735107977,-41.66282814460644,-1.9541453256095096
19330,29-08-2026,2,-24.5,test,SDGM,-22.776613,-38.455173,0.1824402,-17.660788665444805,-37.11495999855816,1.7933826676685456,-19.891756,-33.930588,5.498642,-20.182266001933428,-40.65065141455169,0.28611941068483304
19330,29-08-2026,3,1.840000000000032,test,NRD,-15.577678,-38.053795,1.7199671,-15.3626639230515,-35.01290370490216,4.287575858799155,-18.782864,-33.260487,7.2171764,-16.574907049163652,-37.4996242163704,4.349810118043095
19330,29-08-2026,4,7.450000000000045,test,NHM,-18.241056,-34.679214,6.4630656,-15.791798299671497,-37.58097546080064,5.997378861457651,-20.032234,-36.10573,8.562166,-18.054002519672522,-40.67799478810112,4.569989748756072
19330,29-08-2026,5,-8.960000000000036,test,TOD,-20.893307,-36.89516,0.6339801,-16.247417097363925,-37.98174662594095,5.486912431213099,-22.584457,-38.449974,5.27701,-19.970979409176405,-41.752453328607416,1.8104945102546104
19330,29-08-2026,6,32.379999999999995,test,PRJ,-10.2970085,-39.627007,4.1598773,-22.15432207679136,-43.74595627442092,-0.5626878791617962,-26.372171,-44.278442,4.994507,-19.43250661451814,-43.27720390980214,4.412190680765857
19330,29-08-2026,7,-6.340000000000032,test,HMT,-21.288372,-37.49252,0.8654264,-17.473215579241927,-39.00425950440689,4.057828345923035,-19.206146,-36.737167,12.543966,-19.37662714972605,-42.21098861625675,3.457734316804647
19330,29-08-2026,8,-38.31000000000006,test,SJS,-16.385376,-37.487316,0.69907343,-22.26531587957729,-43.83805511556197,-0.6925766435926128,-24.980621,-43.047684,6.7371197,-21.123017348541214,-44.0279806163299,1.7819459192474696
19330,29-08-2026,9,-4.75,test,BHWA,-14.216671,-32.83518,5.8404403,-17.168253117803008,-39.08795365208729,4.75144741648128,-23.898867,-38.805622,1.7883587,-18.379942526140134,-39.8859727138703,3.126087661590038
19330,29-08-2026,10,-22.16000000000008,test,DNRP,-7.4969964,-25.138306,8.941863,-6.793528253829003,-28.547665178134032,14.960608670476027,-9.298431,-24.463676,18.176342,-7.871279904516734,-28.839766568478407,13.09720675944494
19330,29-08-2026,11,-11.090000000000032,test,RDP,-16.59036,-36.58191,5.2140803,-10.927452922213266,-31.314771365017048,9.459865520590515,-6.05392,-19.51738,16.036766,-11.27649840503532,-31.958212565622787,9.405215755552149
19330,29-08-2026,12,-44.51999999999998,test,SES,-15.035524,-38.52193,7.1799054,-7.775143380882317,-30.78032681640347,15.230040054638838,-11.296768,-19.416653,-0.6510582,-11.471831724636287,-30.814034304106762,7.870370854834187
19330,29-08-2026,13,-40.870000000000005,test,JYM,-17.897867,-39.19944,2.588083,-7.535025831499243,-30.50044929685527,15.43039763385678,-11.569207,-19.703789,-1.0074215,-12.481358154274849,-31.083299866080786,6.12058355753109
19330,29-08-2026,14,-30.510000000000048,test,ZW,-19.449986,-30.209587,4.6772285,-13.13362834499032,-36.53256338181944,10.265306691838797,-14.5164995,-25.283278,-0.5938797,-15.790658330900474,-34.32423704314928,2.7429203813483305
19330,29-08-2026,15,-25.97999999999996,test,UMRA,-12.691262,-31.854038,3.460269,-6.267206884927751,-29.71242753126768,17.178013761412174,-8.090244,-16.633085,3.5394316,-9.108084539554522,-26.946622791265863,8.73045371215682
19330,29-08-2026,16,-12.129999999999995,test,UDZ,-4.6145225,-36.063427,14.564291,-8.755311906778582,-32.39750800186282,14.886884188305656,-9.305608,-20.158611,5.629446,-7.4979589740817545,-29.179595578552025,14.183677630388516
19330,29-08-2026,17,-17.69999999999999,test,RPZ,-15.925988,-30.82586,2.1763294,-9.582927566523535,-31.982929202371725,12.81707406932465,-15.137196,-22.94564,-5.8106995,-13.636521587243386,-30.171727866786373,2.8986846922996
19330,29-08-2026,18,-19.370000000000005,test,MVJ,-11.758149,-32.147892,9.798555,-7.4154737065537635,-31.400094207285186,16.569146794177662,-9.902117,-18.01466,0.55714226,-9.753042703327857,-28.70426296581001,9.198177559154296
19330,29-08-2026,19,-11.100000000000009,test,FAN,-12.697039,-38.077747,4.3883224,-8.437676084643359,-32.260896266967706,15.385544097680986,-11.643723,-19.567375,-1.8059368,-10.98551607934003,-29.835981505643772,7.864949346963712
19330,29-08-2026,20,-40.34,test,KIN,-17.142979,-34.1518,3.3575547,-13.36057078419769,-37.51794825810609,10.796806689710706,-16.03711,-25.709421,-4.372057,-15.566405573146742,-34.248157565435925,3.1153464191424405
19330,29-08-2026,21,-13.0,test,COR,-8.587363,-21.970003,3.9817932,-10.756762425503505,-26.52714807632353,5.013623225316531,-20.467525,-29.737843,-9.592769,-13.23163601307382,-26.780210538866285,0.31693851271864837
19330,30-08-2026,1,-24.5,test,ASV,-21.828897,-39.33557,1.0998375,-16.322395241122038,-36.41411152944932,3.769321047205235,-18.466898,-32.147263,6.9312077,-18.951013425942627,-39.90040652855855,1.9983796766732915
19330,30-08-2026,2,1.839999999999918,test,SDGM,-15.125105,-38.21325,1.2652481,-16.11716992400749,-35.57134125712084,3.3370014091058597,-18.654476,-32.762318,6.9556694,-16.61591061043331,-37.28827506813408,4.056453847267456
19330,30-08-2026,3,7.450000000000045,test,NRD,-18.13217,-34.54709,5.2287383,-16.298759922548797,-35.948999704399455,3.351479859301857,-21.117579,-36.478416,6.3363895,-18.53909507805321,-39.87225105055567,2.7940608944492453
19330,30-08-2026,4,-8.959999999999923,test,NHM,-21.7098,-36.832718,0.21422876,-17.18484321264542,-38.974020373774565,4.604333948483728,-23.864817,-38.347305,1.4389534,-20.980388241441034,-42.004164093467004,0.043387610584936454
19330,30-08-2026,5,32.370000000000005,test,TOD,-8.779532,-35.64486,4.12755,-21.820229482146782,-43.55455901072381,-0.0858999535697613,-30.099157,-47.337112,0.14463806,-20.037363650564632,-42.88408009913077,2.8093527980015054
19330,30-08-2026,6,-6.340000000000032,test,PRJ,-21.438314,-36.072243,0.45619398,-17.63162441391301,-39.22325861154257,3.960009783716551,-19.916435,-37.13488,11.132769,-19.71562880041458,-42.05926424698422,2.6280066461550575
19330,30-08-2026,7,-38.31000000000006,test,HMT,-16.340435,-35.045578,2.0068169,-22.023203685617737,-43.554247610782696,-0.4921597604527754,-26.155132,-44.482033,6.005825,-21.42061502068345,-44.22724897103386,1.3860189296669638
19330,30-08-2026,8,-4.75,test,SJS,-15.648368,-32.114212,5.167372,-18.269308461038086,-39.84204769702277,3.3034307749465945,-24.52325,-39.534283,1.452364,-19.437484583020034,-40.6410673881513,1.7660982221112285
19330,30-08-2026,9,-22.159999999999968,test,BHWA,-7.4563775,-25.19386,8.419801,-8.711841157599826,-30.63154169188412,13.207859376684462,-9.6234,-24.332825,17.048904,-8.578286801907689,-29.297441407127238,12.140867803311862
19330,30-08-2026,10,-11.090000000000032,test,DNRP,-17.592663,-38.067936,5.25439,-11.653573291370614,-33.40771021567564,10.100563632934415,-11.802008,-30.575508,22.361948,-13.768836750640581,-38.22304365843195,10.685370157150789
19330,30-08-2026,11,-44.52999999999997,test,RDP,-15.978324,-38.026325,4.982063,-10.484807253847803,-30.872125696651587,9.902511188955978,-8.173597,-19.885994,10.415516,-11.627078626420055,-31.613098610674406,8.358941357834297
19330,30-08-2026,12,-40.870000000000005,test,SES,-17.216875,-37.783844,4.2903495,-7.670831623542643,-30.6760150590638,15.334351811978513,-11.327953,-19.34365,-0.8453636,-12.207644478899912,-30.84069528250651,6.425406324706685
19330,30-08-2026,13,-30.50999999999999,test,JYM,-17.491186,-25.269814,5.868025,-12.1346538944514,-35.10007735980743,10.830769570904623,-13.870403,-24.799149,0.4752264,-14.575166870236117,-32.38077302180053,3.2304392813282945
19330,30-08-2026,14,-25.980000000000015,test,ZW,-14.134701,-31.752932,3.5618222,-7.713220746558111,-31.112155783387227,15.685714290271005,-7.4748116,-16.236988,4.70045,-9.867630552205041,-27.824272856296176,8.089011751886092
19330,30-08-2026,15,-12.129999999999995,test,UMRA,-4.4425178,-34.848534,13.184516,-8.510350915572118,-31.955571561912045,14.934869730767808,-10.709816,-20.643898,2.5011892,-7.826837397782608,-28.50707942207416,12.853404626508944
19330,30-08-2026,16,-17.69999999999999,test,UDZ,-18.437674,-33.873924,2.9285283,-11.290700601471787,-34.93289669655603,12.35149549361245,-13.864444,-23.417488,-1.7870722,-14.632705022588876,-33.06365309287561,3.798243047697863
19330,30-08-2026,17,-19.379999999999995,test,RPZ,-15.632274,-29.242554,9.005773,-6.9855415422832525,-29.38554317813144,15.414460093564935,-9.513002,-17.641516,1.0884237,-10.83384146455015,-28.60558208598526,6.93789915688496
19330,30-08-2026,18,-11.099999999999994,test,MVJ,-14.410963,-36.711025,4.704142,-8.721785871106704,-32.70640637183813,15.26283462962472,-10.85668,-19.918179,0.7673111,-11.410751736608656,-30.633996320562215,7.8124928473449025
19330,30-08-2026,19,-40.34,test,FAN,-14.070854,-34.61782,3.6244752,-13.038416671221832,-36.86163685354617,10.784803511102512,-15.702199,-25.75085,-3.4004364,-14.283437850177101,-33.16378559849372,4.596909898139511
19330,30-08-2026,20,-34.160000000000004,test,KIN,-17.587536,-34.77972,3.0599003,-16.919165702779413,-41.07654317668781,7.238211771128984,-20.177322,-29.233694,-9.585056,-18.23521708662305,-36.68243319282011,0.2119990195740158
19330,30-08-2026,21,-13.0,test,COR,-2.4788737,-15.53137,9.987794,0.9397501792261052,-14.83063547159393,16.710135830046138,-6.059564,-15.428469,7.012695,-2.5771620533232924,-16.447623107693655,11.29329900104707
19330,31-08-2026,1,1.839999999999918,test,ASV,-15.226715,-39.377968,5.508135,-15.599304318409756,-35.69102060673703,4.492411969917518,-17.22331,-30.976137,8.407782,-16.0097931887911,-37.82530332306959,5.80571694548739
19330,31-08-2026,2,7.449999999999932,test,SDGM,-16.129232,-34.620697,5.4041123,-17.34620392244475,-36.8003752555581,2.1079674106686,-18.913296,-35.010433,10.283821,-17.444048564553583,-39.189788113472076,4.301690984364914
19330,31-08-2026,3,-8.960000000000036,test,NRD,-20.984118,-36.79986,-1.0089467,-17.434319752081738,-37.08455953393239,2.2159200297689168,-22.667877,-38.086414,4.736603,-20.40962547002659,-41.01648979424418,0.19723885419100284
19330,31-08-2026,4,32.370000000000005,test,NHM,-8.658938,-36.872475,2.1153808,-22.544912584809992,-44.33408974593914,-0.7557354236808465,-26.032818,-43.801964,5.4393177,-18.874675787911137,-41.90373330719043,4.154381731368154
19330,31-08-2026,5,-6.350000000000023,test,TOD,-21.793545,-37.78061,-0.8601785,-16.621044038761678,-38.3553735673387,5.113285489815347,-21.674337,-37.72997,6.9239235,-20.10085294457488,-41.933001467749044,1.731295578599287
19330,31-08-2026,6,-38.309999999999945,test,PRJ,-16.8314,-37.471676,-0.12523709,-21.82225524256848,-43.413889440198034,-0.2306210449389176,-25.520569,-43.54265,6.0577984,-21.316140519615956,-44.041864276312445,1.4095832370805326
19330,31-08-2026,7,-4.75,test,HMT,-14.428546,-32.10576,5.8139753,-18.487653733334948,-40.01869765849991,3.0433901918300137,-25.092466,-40.06599,0.81931686,-19.272255233994496,-40.56069202350048,2.016181555511487
19330,31-08-2026,8,-22.149999999999977,test,SJS,-6.4762936,-25.418842,8.1366825,-9.847864366929954,-31.420603602914635,11.724874869054728,-9.732427,-24.742596,17.645744,-8.636680365235087,-29.404543487876662,12.131182757406489
19330,31-08-2026,9,-11.079999999999927,test,BHWA,-21.402794,-37.545715,3.337688,-13.97788360654256,-35.89758414082685,7.94181692774173,-15.933437,-32.66372,14.233524,-17.210977222212964,-40.220733028480126,5.798778584054201
19330,31-08-2026,10,-44.52999999999997,test,DNRP,-16.99717,-39.80581,3.3073792,-11.988428988284696,-33.742565912589725,9.765707936020332,-18.45106,-33.719547,8.36776,-15.879975879542371,-38.40157061047779,6.641618851393044
19330,31-08-2026,11,-40.88,test,RDP,-18.194414,-37.871426,0.25946233,-10.381673800957618,-30.7689922437614,10.005644641846164,-8.350565,-19.79762,9.729004,-12.423834669746,-31.38383151244106,6.536162172949059
19330,31-08-2026,12,-30.50999999999999,test,SES,-17.961502,-25.566221,3.206724,-12.256089467999452,-35.261272903520606,10.749093967521702,-13.812395,-24.696987,0.519578,-14.758282411915435,-32.135259874278475,2.618695050447606
19330,31-08-2026,13,-25.970000000000027,test,JYM,-12.318507,-31.628096,4.2000427,-3.994872268857089,-26.960295734213112,18.97055119649894,-7.222881,-15.980078,5.07515,-7.963763709261388,-25.88925585689163,9.961728438368851
19330,31-08-2026,14,-12.130000000000052,test,ZW,-6.4224644,-35.652378,12.852171,-8.223109858660134,-31.62204489548925,15.17582517816898,-8.33856,-19.465687,7.4575815,-7.635154548456483,-29.045634747898976,13.775325650986009
19330,31-08-2026,15,-17.689999999999998,test,UMRA,-15.45802,-33.265835,1.7941066,-10.844444894587184,-34.28966554092711,12.600775751752742,-14.561536,-22.454613,-4.918296,-13.685454011868607,-31.017263579396065,3.6463555556588503
19330,31-08-2026,16,-19.379999999999995,test,UDZ,-13.080865,-31.352507,9.894647,-7.386042828240704,-31.028238923324945,16.256153266843533,-9.404855,-17.57853,1.33074,-10.038367101075197,-28.80589886282253,8.729164660672138
19330,31-08-2026,17,-11.110000000000014,test,RPZ,-14.383305,-32.65053,3.4733217,-6.590525068171085,-28.990526704019278,15.809476567677102,-11.317782,-19.264343,-1.25144,-10.873362679909498,-28.131937999339737,6.385212639520741
19330,31-08-2026,18,-40.33999999999999,test,MVJ,-17.12842,-34.900425,2.0958428,-13.544616367331612,-37.52923686806304,10.440004133399812,-14.994667,-25.441147,-1.8916903,-15.27347548041752,-34.18978472233276,3.6428337614977195
19330,31-08-2026,19,-34.150000000000006,test,FAN,-12.700215,-35.42091,1.1111588,-16.68615607512446,-40.50937625744881,7.137064107199883,-20.618046,-30.154068,-9.522321,-16.607278529001114,-34.87522806323029,1.6606710052280604
19330,31-08-2026,20,-25.370000000000005,test,KIN,-8.313873,-25.446793,9.666985,-5.599173206738463,-29.75655068064686,18.55820426716993,-6.863378,-15.467543,4.8824935,-6.96391006022321,-25.03579583528618,11.10797571483976
19330,31-08-2026,21,-13.0,test,COR,-9.42997,-22.198423,4.32239,-8.553056019004563,-24.3234416698246,7.2173296318154705,-18.344366,-27.242542,-7.969861,-12.114370277408575,-25.614540179528923,1.3857996247117743
19412,28-08-2026,1,-19.0,test,DLPC,-14.3659725,-21.168938,-0.23550859,-12.631168830500132,-21.64389795286595,-3.618439708134318,-14.470346,-27.229214,10.11602,-13.8462687911804,-27.21389182583235,-0.478645756528449
19412,28-08-2026,2,-22.0,test,AADR,-16.648375,-23.517218,-3.0657601,-16.173593070583934,-25.348874191135003,-6.998311950032864,-17.718943,-30.318903,5.952389,-16.85267965823237,-29.99932280931753,-3.706036507147207
19412,28-08-2026,3,-22.0,test,UHL,-17.720966,-23.771818,-4.62836,-17.05560217875563,-25.89254738332913,-8.218656974182133,-17.72463,-30.416908,5.777195,-17.509545069919348,-30.290311143647486,-4.72877899619121
19412,28-08-2026,4,-19.0,test,NLDM,-15.030903,-22.442719,-0.6529359,-13.950217650088804,-24.402058624113224,-3.49837667606438,-14.857548,-27.65536,9.18264,-14.627881109012721,-28.546241796938475,-0.7095204210869692
19412,28-08-2026,5,-26.0,test,ANSB,-19.903591,-26.724737,-5.444143,-20.209046200872017,-30.958525409480707,-9.459566992263328,-23.238176,-36.690918,1.2813454,-21.110187607199055,-35.23347719042639,-6.986898023971719
19412,28-08-2026,6,-30.0,test,RPAR,-23.798195,-32.52449,-10.354691,-24.86417217242709,-36.012322381403145,-13.716021963451036,-25.866833,-38.272446,-4.130289,-24.826827911228513,-38.57755257826889,-11.076103244188133
19412,28-08-2026,7,-27.0,test,MRND,-21.31057,-28.004045,-7.1355095,-21.445590727750787,-32.13884321386628,-10.752338241635297,-22.5922,-34.78192,-0.88534737,-21.77995025742577,-35.097512650280336,-8.462387864571209
19412,28-08-2026,8,-29.0,test,SASN,-24.287455,-30.832792,-7.761819,-23.136873213531707,-33.926589844881384,-12.347156582182032,-24.554993,-36.711685,-3.2784805,-24.008722488786017,-37.679960537639815,-10.337484439932222
19412,28-08-2026,9,-19.0,test,CDG,-17.065548,-25.30569,-3.7633631,-18.771699291771554,-36.39683127980089,-1.1465673037422164,-14.878935,-27.412178,8.222046,-16.88360750831724,-32.95369082493074,-0.8135241917037419
19412,28-08-2026,10,-19.0,test,UMB,-16.66066,-24.897308,-0.89368796,-17.887415164105402,-38.70338868446622,2.928558356255412,-14.881219,-27.560001,8.389762,-16.460924899568003,-34.106310454936335,1.1844606558003292
19412,28-08-2026,11,-45.0,test,KKDE,-42.405064,-47.887905,-23.32084,-51.61972007144991,-78.4494801672048,-24.78995997569502,-43.57298,-56.677525,-21.741995,-45.7383304165829,-65.32753262115433,-26.149128212011462
19412,28-08-2026,12,-86.0,test,KLE,-77.522354,-82.25107,-44.145733,-70.31544553245749,-94.3062654056453,-46.32462565926967,-77.6537,-92.86475,-53.648636,-75.26282475639476,-97.119127216016,-53.40652229677353
19412,28-08-2026,13,-90.0,test,NRW,-80.99739,-87.67651,-43.632607,-68.51725822669934,-94.06504529598628,-42.9694711574124,-79.835495,-95.45638,-55.401543,-76.62253302729647,-100.23223693136832,-53.01282912322462
19412,28-08-2026,14,-90.0,test,UCA,-81.51393,-85.87618,-43.973934,-69.82868113277777,-96.15148421215436,-43.50587805340119,-77.355,-92.46441,-53.770348,-76.39638510544219,-99.63745689534318,-53.15531331554121
19412,28-08-2026,15,-89.0,test,JIND,-80.333565,-85.86287,-43.99786,-70.97030128017131,-97.20223961915896,-44.73836294118367,-76.24285,-91.16253,-52.962883,-75.98077497626765,-99.09823177625881,-52.86331817627649
19412,28-08-2026,16,-103.0,test,JNA,-90.17147,-96.85479,-44.759262,-80.12106032020586,-108.7735994447066,-51.46852119570511,-91.16728,-109.04126,-63.195515,-87.29069752935064,-114.42371304669048,-60.157682012010795
19412,28-08-2026,17,-96.0,test,ROK,-84.731636,-91.94237,-44.279762,-77.65066400873464,-104.7677638455763,-50.533564171892976,-81.98393,-98.02899,-56.983265,-81.5548718648006,-106.52503458394973,-56.58470914565147
19412,28-08-2026,18,-100.0,test,JHJ,-89.48749,-95.552086,-45.09359,-83.21181549727403,-116.68864734204152,-49.73498365250653,-84.12235,-100.66025,-58.45379,-85.69760962745501,-113.51511043485912,-57.88010882005089
19412,28-08-2026,19,-46.0,test,RE,-34.472046,-42.033577,-16.02233,-33.753441345468794,-61.83607252271001,-5.670810168227575,-42.30255,-53.56089,-25.47629,-36.84657097646384,-55.923764842182294,-17.76937711074538
19412,28-08-2026,20,-44.0,test,KRH,-37.780968,-45.948566,-16.707651,-32.66213364038856,-60.60976698653271,-4.714500294244413,-39.897278,-51.05727,-23.363146,-36.848889892537684,-56.402409092597374,-17.295370692477995
19412,28-08-2026,21,-50.0,test,AWR,-43.938087,-53.73679,-20.672533,-36.59063036452776,-64.73815161885038,-8.443109110205128,-45.16447,-56.726505,-28.271616,-41.99781571134844,-62.44945719712183,-21.546174225575047
19412,28-08-2026,22,-48.0,test,RHG,-40.652496,-49.912243,-18.620758,-34.99521710014866,-63.06063419221103,-6.929800008086289,-42.963165,-53.879807,-27.004276,-39.612977460681535,-59.43757060945808,-19.78838431190499
19412,28-08-2026,23,-48.0,test,BKI,-39.14572,-49.432724,-19.553358,-36.543646327232686,-64.15217035562381,-8.935122298841563,-42.10463,-52.721573,-26.59408,-39.29817995429875,-58.58096918603897,-20.01539072255854
19412,28-08-2026,24,-51.0,test,DO,-40.42555,-51.972477,-23.9248,-40.92659174177872,-69.1245845239505,-12.728598959606929,-44.86165,-55.76703,-28.889057,-42.060982130005165,-61.33810476674645,-22.783859493263883
19412,28-08-2026,25,-52.0,test,GADJ,-41.37118,-52.44218,-25.148956,-43.24644127617975,-70.86177159575203,-15.631110956607465,-46.681713,-58.267952,-29.770285,-43.7365992669588,-62.96321986020165,-24.50997867371595
19412,28-08-2026,26,-51.0,test,JP,-42.289318,-51.173477,-23.235334,-38.96591250866626,-64.83198037169633,-13.0998446456362,-43.963528,-54.668995,-28.444141,-41.78400121777108,-60.14457959908218,-23.42342283645998
19412,28-08-2026,27,-56.0,test,FL,-49.646084,-55.811394,-27.736404,-46.37978529968992,-71.90783483401934,-20.851735765360495,-50.487637,-62.53817,-32.913223,-48.8821020906948,-67.7478961514972,-30.0163080298924
19412,28-08-2026,28,-49.0,test,KSG,-38.424686,-50.325268,-22.93113,-43.49434168442454,-70.27515115699643,-16.713532211852655,-42.621407,-53.48168,-27.166096,-41.44056295317153,-60.02458981266602,-22.856536093677033
19412,28-08-2026,29,-46.0,test,AII,-38.08334,-45.63296,-18.566776,-35.04194296750457,-56.86870452596669,-13.215181409042444,-41.20222,-52.081444,-25.819868,-38.148600340654006,-55.00091166987764,-21.29628901143038
19412,28-08-2026,30,-40.0,test,BER,-32.443893,-41.095848,-17.657223,-34.4135859209521,-55.54224027923675,-13.284931562667447,-36.857403,-47.548615,-22.049671,-34.541169449257495,-50.36360249191157,-18.71873640660342
19412,28-08-2026,31,-40.0,test,SOD,-33.75393,-41.07227,-17.513079,-34.92900913482236,-55.92898539244823,-13.929032877196494,-35.182438,-45.347054,-21.244015,-34.604543020469734,-50.16209132931488,-19.046994711624585
19412,28-08-2026,32,-29.0,test,MJ,-23.70339,-30.520445,-7.9868546,-24.543179966759254,-40.83592773989015,-8.25043219362836,-27.905983,-38.229187,-13.775317,-25.369423472227663,-39.22135972447692,-11.517487219978406
19412,28-08-2026,33,-38.0,test,RANI,-33.12538,-39.780735,-17.324509,-32.92597350595802,-50.26748090040127,-15.584466111514775,-35.310894,-45.745514,-21.004822,-33.78848614284014,-48.028297644982416,-19.548674640697868
19412,28-08-2026,34,-34.0,test,FA,-29.801931,-36.147808,-14.025681,-29.638954278236447,-46.71661926752876,-12.561289288944131,-31.348417,-41.09505,-18.156864,-30.26415889200513,-44.03970666690817,-16.488611117102096
19412,28-08-2026,35,-38.0,test,SJWB,-34.197395,-39.79884,-17.081917,-32.708138872924025,-50.45089870911783,-14.96537903673022,-34.91267,-44.81501,-21.267494,-33.95933091876838,-48.173069639899964,-19.745592197636796
19412,28-08-2026,36,-36.0,test,NANA,-30.490131,-37.452805,-13.932134,-30.61532790844648,-48.308419787923285,-12.922236028969678,-31.848915,-40.945786,-19.37484,-30.982030718194707,-44.980777079086614,-16.9832843573028
19412,28-08-2026,37,-38.0,test,PDWA,-31.18046,-39.31367,-17.023542,-32.84754679756055,-49.85750296125839,-15.8375906338627,-32.540657,-41.54388,-20.147602,-32.16559258143817,-45.67988533014565,-18.651299832730686
19412,28-08-2026,38,-39.0,test,SRPJ,-34.0615,-40.98306,-18.030003,-34.17643088926229,-51.12027122188718,-17.2325905566374,-31.96825,-40.588802,-20.01595,-33.402080931571206,-46.87148284901638,-19.93267901412603
19412,28-08-2026,39,-31.0,test,ABR,-27.28931,-32.804214,-11.065059,-26.21123040693484,-40.8047215011372,-11.617739312732484,-25.833912,-33.413296,-15.560198,-26.460753688023395,-38.44491775038074,-14.476589625666055
19412,28-08-2026,40,-19.0,test,PNU,-16.556986,-23.16253,-5.1090126,-16.99307695406687,-26.14170201213321,-7.844451896000525,-19.771826,-26.946407,-10.194332,-17.765508249592795,-27.057268842323136,-8.473747656862454
19412,28-08-2026,41,-19.0,test,SID,-17.16254,-23.186567,-6.710804,-17.46604047448437,-24.613499091175303,-10.318581857793436,-18.63456,-25.533152,-9.584952,-17.74908137149108,-25.940839745441313,-9.557322997540847
19412,28-08-2026,42,-20.0,test,UJA,-18.633654,-23.519548,-8.415677,-19.377618614633587,-26.79961293638708,-11.955624292880096,-20.123299,-27.521812,-10.407992,-19.366822071231752,-27.60368495892184,-11.129959183541665
19412,28-08-2026,43,-21.0,test,MSH,-19.359211,-23.774874,-8.349205,-20.361081264414235,-27.72490848366129,-12.997254045167177,-18.824207,-25.432678,-10.166467,-19.501466947029975,-27.4549881402009,-11.54794575385905
19412,28-08-2026,44,-19.0,test,KLL,-16.394938,-21.668457,-5.774949,-15.305172785303064,-19.052098455388187,-11.558247115217942,-17.055717,-22.756792,-9.480278,-16.266421064742723,-22.74428286477762,-9.788559264707825
19412,29-08-2026,1,-21.0,test,DLPC,-14.183283,-21.197344,-0.2984384,-13.003896110248732,-22.016625232614548,-3.991166987882917,-15.363845,-27.171494,7.8313494,-14.198987911665217,-27.151328350602785,-1.2466474727276484
19412,29-08-2026,2,-24.0,test,AADR,-16.743671,-23.609518,-3.0044844,-16.546320350332532,-25.7216014708836,-7.371039229781463,-18.734844,-31.215927,4.712225,-17.342802453166424,-30.457579880767764,-4.228025025565085
19412,29-08-2026,3,-24.0,test,UHL,-17.83864,-23.864117,-4.5205617,-17.428329458504233,-26.265274663077733,-8.591384253930736,-18.700165,-31.322292,4.579443,-17.99402753887305,-30.760288380294078,-5.227766697452019
19412,29-08-2026,4,-21.0,test,NLDM,-14.92672,-22.49938,-0.5631725,-14.322944929837403,-24.774785903861822,-3.871103955812981,-15.781488,-28.343353,7.679495,-15.018032254758136,-28.820808667173054,-1.2152558423432165
19412,29-08-2026,5,-23.0,test,ANSB,-19.56265,-24.646263,-4.9892726,-18.806021372280767,-29.555500580889458,-8.056542163672079,-17.869493,-30.071507,4.848482,-18.757753025783146,-32.051617549901344,-5.463888501664945
19412,29-08-2026,6,-33.0,test,RPAR,-27.092672,-34.75708,-12.089961,-25.47709437519479,-36.62524458417085,-14.328944166218736,-29.67345,-43.471634,-4.9893017,-27.434645244875995,-42.03397855649389,-12.835311933258101
19412,29-08-2026,7,-32.0,test,MRND,-25.227417,-31.906858,-9.575311,-22.94127976686628,-33.63453225298177,-12.248027280750788,-27.747599,-40.593914,-4.9970055,-25.334937970833824,-39.216551663437016,-11.453324278230635
19412,29-08-2026,8,-33.0,test,SASN,-27.45219,-33.39137,-10.359012,-24.329989604807984,-35.11970623615766,-13.54027297345831,-27.602926,-39.68625,-6.796234,-26.50451556020211,-40.07386184541639,-12.935169274987826
19412,29-08-2026,9,-28.0,test,CDG,-21.083931,-28.572048,-5.220068,-21.51257764028566,-39.137709628314994,-3.8874456522563214,-22.508068,-34.401085,-1.5137463,-21.694542671961862,-37.6155029036336,-5.773582440290129
19412,29-08-2026,10,-20.0,test,UMB,-16.728851,-24.896463,-0.09018808,-17.99899615022418,-38.81496967058499,2.816977370136634,-15.056936,-27.633926,8.139713,-16.578742399445275,-34.33995784254348,1.1824730436529265
19412,29-08-2026,11,-46.0,test,KKDE,-42.33484,-47.842854,-23.32084,-51.587553395643226,-78.41731349139812,-24.75779329988833,-43.5896,-56.699223,-21.74708,-45.709150501693316,-65.2930260952097,-26.125274908176937
19412,29-08-2026,12,-53.0,test,KLE,-47.105152,-57.239372,-29.410406,-57.62791090482676,-81.61873077801457,-33.637091031638946,-49.32299,-61.771828,-30.116617,-51.20563785252631,-69.86514673126126,-32.54612897379136
19412,29-08-2026,13,-39.0,test,NRW,-37.17828,-42.326954,-19.374605,-48.88659169663573,-74.43437876592267,-23.338804627348797,-34.114014,-45.663902,-15.396519,-39.90098759691341,-57.95007625760405,-21.85189893622277
19412,29-08-2026,14,-39.0,test,UCA,-37.095215,-44.77691,-19.384214,-49.98788595616146,-76.31068903553805,-23.66508287678488,-34.184067,-45.123734,-16.554005,-40.24734679441117,-58.705750561941656,-21.788943026880684
19412,29-08-2026,15,-37.0,test,JIND,-37.27704,-40.87703,-17.972836,-50.93736777846441,-77.16930611745207,-24.705429439476763,-32.40566,-43.764046,-14.007183,-40.02259092666044,-58.20332530473297,-21.84185654858791
19412,29-08-2026,16,-52.0,test,JNA,-45.731617,-55.52366,-28.61826,-60.56052186270282,-89.21306098720356,-31.907982738202072,-50.14556,-63.59307,-28.811975,-51.938632551065,-72.53955455950685,-31.33771054262314
19412,29-08-2026,17,-49.0,test,ROK,-43.44706,-49.60354,-25.33902,-59.66701299009163,-86.7841128269333,-32.54991315324997,-46.17206,-58.157238,-27.683506,-49.536942599406615,-68.38829140537321,-30.685593793440017
19412,29-08-2026,18,-58.0,test,JHJ,-58.15991,-63.945263,-33.181614,-67.1847623256105,-100.661594170378,-33.707930480843004,-54.21511,-66.83687,-34.99929,-59.732189690224786,-82.14262585174465,-37.32175352870492
19412,29-08-2026,19,-21.0,test,RE,-20.005972,-28.096512,-4.0331016,-24.047636099024743,-52.13026727626596,4.034995078216475,-16.29449,-28.434202,4.518675,-20.063299967186424,-39.6347736228461,-0.4918263115267507
19412,29-08-2026,20,-22.0,test,KRH,-17.751219,-27.241167,-3.4876354,-24.24335041998873,-52.19098376613288,3.7042829261554218,-16.938202,-28.72412,2.7793503,-19.555614784053283,-38.772133873215644,-0.33909569489092206
19412,29-08-2026,21,-27.0,test,AWR,-21.59562,-32.65486,-5.449443,-27.757538559778336,-55.905059814100966,0.3899826945442903,-22.567503,-34.331512,-3.5356064,-23.88808672248676,-43.67852453090393,-4.097648914069598
19412,29-08-2026,22,-25.0,test,RHG,-20.32248,-29.762857,-3.9321482,-26.07637472647512,-54.141791818537484,1.9890423655872524,-20.549932,-32.03235,-2.2699242,-22.23697460163637,-41.568368010923635,-2.9055811923491
19412,29-08-2026,23,-25.0,test,BKI,-21.89656,-30.463545,-6.812268,-27.607976249524487,-55.216500277915614,0.0005477788666361,-20.41753,-31.708458,-2.5722847,-23.22995693061589,-41.900683287526775,-4.559230573705008
19412,29-08-2026,24,-28.0,test,DO,-24.7971,-33.85363,-9.390807,-31.98483043422568,-60.182823216397466,-3.78683765205389,-23.322584,-34.488148,-6.2434883,-26.603804159781674,-45.464882022017356,-7.7427262975459925
19412,29-08-2026,25,-28.0,test,GADJ,-24.950928,-33.236076,-9.395458,-33.932421651977066,-61.54775197154935,-6.317091332404786,-22.93954,-34.007732,-6.2080307,-27.15234298378669,-45.62658475219909,-8.67810121537428
19412,29-08-2026,26,-23.0,test,JP,-19.425085,-28.998034,-6.4506335,-28.49708723330662,-54.36315509633668,-2.6310193702765545,-18.972946,-30.055,-2.0621872,-22.17398223042393,-39.85878589659677,-4.4891785642510875
19412,29-08-2026,27,-26.0,test,FL,-22.496223,-31.715517,-8.665843,-34.78663246669052,-60.314682001019946,-9.258582932361096,-22.827309,-34.636246,-4.920429,-26.534146865107417,-44.49808324740157,-8.570210482813263
19412,29-08-2026,28,-21.0,test,KSG,-20.096552,-29.006681,-9.204005,-32.652475126324326,-59.43328459889621,-5.871665653752441,-18.001966,-29.048992,-1.256237,-23.412627500501145,-40.868213036723475,-5.957041964278819
19412,29-08-2026,29,-22.0,test,AII,-19.664627,-28.63999,-5.8549347,-25.67807317630893,-47.50483473477105,-3.851311617846808,-19.206848,-30.197544,-2.7390575,-21.434183747317086,-37.713653916005384,-5.154713578628787
19412,29-08-2026,30,-20.0,test,BER,-19.59755,-28.054617,-9.118227,-26.608268354584578,-47.73692271286923,-5.479613996299925,-17.67026,-28.520107,-1.2823486,-21.197105585015866,-36.500934625598006,-5.893276544433723
19412,29-08-2026,31,-20.0,test,SOD,-20.053406,-28.615427,-9.016239,-27.129311994987752,-48.12928825261362,-6.129335737361888,-17.616144,-27.928757,-2.4660091,-21.504193847834856,-36.57596934091401,-6.432418354755702
19412,29-08-2026,32,-22.0,test,MJ,-17.549294,-24.411922,-5.5016184,-21.33677702721603,-37.62952480034693,-5.044029254085132,-20.914387,-31.446278,-5.4169827,-19.87883609855333,-33.34415442040748,-6.41351777669918
19412,29-08-2026,33,-32.0,test,RANI,-26.34811,-33.517242,-12.473792,-30.44161059193673,-47.78311798637998,-13.100103197493484,-30.286167,-40.662514,-16.255592,-28.966000143001942,-42.88953468874049,-15.042465597263396
19412,29-08-2026,34,-29.0,test,FA,-23.421843,-31.006556,-10.08227,-27.45813243158122,-44.535797420873536,-10.380467442288904,-27.218317,-37.084557,-14.0151005,-25.974363333486167,-39.554080959673584,-12.39464570729875
19412,29-08-2026,35,-30.0,test,SJWB,-23.857723,-32.311306,-9.773653,-29.521025307727484,-47.26378514392129,-11.77826547153368,-27.6716,-37.2003,-14.930165,-26.935997890718404,-40.89396952548795,-12.978026255948862
19412,29-08-2026,36,-28.0,test,NANA,-22.05444,-30.428337,-9.01007,-27.26269997109759,-44.95579185057439,-9.569608091620786,-25.18813,-34.04947,-13.463484,-24.761081954303258,-38.20391467208049,-11.31824923652603
19412,29-08-2026,37,-29.0,test,PDWA,-23.663296,-31.103987,-11.348195,-29.1422147354223,-46.15217089912015,-12.132258571724453,-25.314766,-34.068092,-13.773946,-25.963496342923882,-38.82253795248693,-13.104454733360832
19412,29-08-2026,38,-29.0,test,SRPJ,-24.911938,-31.52532,-11.799011,-30.09063334615279,-47.03447367877768,-13.146793013527898,-25.055084,-33.521687,-13.857498,-26.61457070604236,-39.33605256728325,-13.893088844801472
19412,29-08-2026,39,-23.0,test,ABR,-18.350946,-25.498611,-7.16142,-22.791206388282376,-37.38469748248473,-8.197715294080018,-20.2904,-27.905521,-10.364166,-20.41498244003763,-31.723449821236084,-9.106515058839175
19412,29-08-2026,40,-20.0,test,PNU,-16.597202,-22.998213,-4.7555923,-16.926712753650097,-26.07533781171644,-7.7780876955837535,-17.829155,-24.260279,-9.333115,-17.112217100368532,-26.11988504615389,-8.104549154583173
19412,29-08-2026,41,-20.0,test,SID,-17.202757,-23.20722,-5.825852,-17.52512363051117,-24.672582247202104,-10.377665013820238,-17.200922,-23.521996,-8.942424,-17.305169871494478,-25.42334949415714,-9.186990248831815
19412,29-08-2026,42,-20.0,test,UJA,-18.67387,-23.476767,-7.999221,-19.0908265623334,-26.51282088408689,-11.668832240579906,-17.402763,-23.990023,-8.8627615,-18.384392330471783,-26.34264565469779,-10.426139006245778
19412,29-08-2026,43,-21.0,test,MSH,-19.379496,-23.605371,-8.105694,-20.00056187596568,-27.364389095212736,-12.636734656718616,-18.046198,-24.43636,-9.679316,-19.134565578599506,-27.012702328103664,-11.256428829095348
19412,29-08-2026,44,-20.0,test,KLL,-16.46015,-21.686626,-5.620569,-15.295119077739,-19.04204474782412,-11.548193407653878,-17.049877,-22.698326,-9.523796,-16.283949707663858,-22.775516162002617,-9.792383253325099
19412,30-08-2026,1,-21.0,test,DLPC,-14.248498,-21.145538,-0.2754176,-13.003896110248732,-22.016625232614548,-3.991166987882917,-15.363845,-27.171494,7.8313494,-14.221672799953955,-27.168756484320582,-1.274589115587327
19412,30-08-2026,2,-24.0,test,AADR,-16.783888,-23.608477,-3.004764,-16.546320350332532,-25.7216014708836,-7.371039229781463,-18.734844,-31.215927,4.712225,-17.356791844446164,-30.471328104013708,-4.24225558487862
19412,30-08-2026,3,-23.0,test,UHL,-17.752123,-23.785696,-4.4834056,-17.06513520897481,-25.902080413548305,-8.228190004401311,-17.715973,-30.390469,5.770073,-17.520550516536993,-30.32446287074602,-4.716638162327964
19412,30-08-2026,4,-21.0,test,NLDM,-15.16656,-22.517138,-0.46309265,-14.278335305113744,-24.730176279138167,-3.8264943310893216,-15.781488,-28.343353,7.679495,-15.087203538191297,-28.91149950428717,-1.2629075720954237
19412,30-08-2026,5,-25.0,test,ANSB,-19.621208,-25.495575,-4.8075547,-19.522405959252836,-30.27188516786152,-8.772926750644144,-20.997456,-34.225983,3.3884468,-20.047329272433604,-33.99992581349868,-6.094732731368529
19412,30-08-2026,6,-36.0,test,RPAR,-29.241114,-35.445213,-11.718522,-26.62711503073152,-37.77526523970757,-15.478964821755463,-32.77811,-46.31629,-9.060474,-29.582016044821863,-44.16070055377415,-15.003331535869581
19412,30-08-2026,7,-32.0,test,MRND,-25.018684,-31.842056,-8.940701,-23.0321868550248,-33.72543934114029,-12.33893436890931,-27.374952,-40.003395,-5.1456795,-25.167452431198328,-39.024062507646704,-11.310842354749955
19412,30-08-2026,8,-31.0,test,SASN,-24.61989,-31.309868,-8.241344,-23.57528198078785,-34.364998612137526,-12.785565349438174,-25.588232,-37.644615,-4.5907307,-24.608090350569675,-38.21265242972703,-11.003528271412318
19412,30-08-2026,9,-27.0,test,CDG,-20.64936,-27.728266,-4.6278334,-21.022996941617844,-38.64812892964719,-3.397864953588506,-21.4732,-33.432602,-0.24964142,-21.042751565053997,-36.969389331889886,-5.116113798218105
19412,30-08-2026,10,-20.0,test,UMB,-16.769068,-24.72071,2.0233867,-17.97635600460535,-38.79232952496616,2.839617515755464,-14.992656,-27.559978,8.172471,-16.564118861977104,-34.67202769751435,1.5437899735601412
19412,30-08-2026,11,-51.0,test,KKDE,-45.96455,-53.092102,-28.343182,-53.44949543119172,-80.27925552694661,-26.61973533543683,-48.567284,-61.593246,-27.403212,-49.222204352194694,-68.71445445133116,-29.729954253058224
19412,30-08-2026,12,-52.0,test,KLE,-46.746456,-55.662052,-28.727457,-57.29763563181389,-81.2884555050017,-33.30681575862607,-46.911377,-58.049465,-29.697376,-50.173289029759346,-68.09274772936453,-32.253830330154166
19412,30-08-2026,13,-46.0,test,NRW,-40.74041,-45.5157,-23.041534,-51.44157856365484,-76.98936563294177,-25.893791494367896,-40.98262,-52.25869,-23.443962,-44.240880944661875,-61.94901243764376,-26.532749451679994
19412,30-08-2026,14,-47.0,test,UCA,-40.672596,-46.120956,-23.301723,-53.04182264614284,-79.36462572551943,-26.719019566766256,-42.213814,-53.175743,-25.20321,-45.13816039611245,-63.0223287118168,-27.2539920804081
19412,30-08-2026,15,-49.0,test,JIND,-42.785557,-48.37689,-24.69042,-55.419812643235566,-81.65175098222322,-29.18787430424792,-44.542934,-56.003998,-26.94716,-47.40770804000995,-65.6090783915884,-29.2063376884315
19412,30-08-2026,16,-57.0,test,JNA,-56.682526,-62.331245,-32.36733,-62.63672067661295,-91.2892598011137,-33.9841815521122,-55.01408,-68.262474,-34.68695,-58.03051716533315,-78.97949445300583,-37.081539877660475
19412,30-08-2026,17,-61.0,test,ROK,-59.25786,-62.069763,-33.557983,-64.04819334748389,-91.16529318432556,-36.93109351064223,-55.425156,-67.44865,-36.91753,-59.51413586428424,-79.15113934819293,-39.877132380375556
19412,30-08-2026,18,-66.0,test,JHJ,-65.926285,-67.28722,-36.978264,-70.23830766077066,-103.71513950553816,-36.76147581600316,-59.105072,-71.415565,-40.1827,-65.0358164464091,-87.25763422661828,-42.81399866619992
19412,30-08-2026,19,-20.0,test,RE,-18.649818,-29.093996,-4.268621,-23.699960714246096,-51.782591891487314,4.382670462995122,-15.482067,-27.796688,5.8337994,-19.21026716794581,-39.039200585472656,0.6186662495810396
19412,30-08-2026,20,-21.0,test,KRH,-16.23046,-27.805433,-4.0283613,-23.78889728024605,-51.736530626390206,4.158736065898093,-16.512463,-28.594883,3.924879,-18.73979901435567,-38.1380599913701,0.658461962658766
19412,30-08-2026,21,-25.0,test,AWR,-20.964645,-31.934196,-5.5672455,-26.984639051490745,-55.13216030581337,1.1628822028318808,-20.418016,-32.1609,-1.3558044,-22.706745626326573,-42.345667203379804,-3.0678240492733373
19412,30-08-2026,22,-23.0,test,RHG,-17.16817,-29.153667,-3.8938322,-25.30566439770326,-53.37108148976563,2.759752694359108,-18.383385,-29.952482,0.39108086,-20.172923215527952,-39.50152923993424,-0.8443171911216574
19412,30-08-2026,23,-22.0,test,BKI,-19.40997,-29.529406,-7.447964,-26.493935951645383,-54.10245998003651,1.11458807674574,-17.344896,-28.781748,1.1895237,-20.987111701569525,-39.516961634885234,-2.4572617682538116
19412,30-08-2026,24,-25.0,test,DO,-23.331253,-32.58926,-9.231738,-30.84768300211815,-59.04567578428994,-2.649690219946361,-20.289373,-31.90306,-2.019144,-24.721748229302023,-43.667187641818245,-5.7763088167857966
19412,30-08-2026,25,-26.0,test,GADJ,-24.156586,-32.731346,-9.3673935,-33.17690457993001,-60.79223489950229,-5.56157426035773,-21.53043,-32.807365,-4.130539,-26.165956298735725,-44.70629403721097,-7.6256185602604845
19412,30-08-2026,26,-28.0,test,JP,-22.114082,-32.797325,-7.7086005,-29.755727973677686,-55.62179583670775,-3.889660110647622,-23.070671,-33.93843,-7.2517548,-24.874359246427858,-42.795209970956755,-6.953508521898961
19412,30-08-2026,27,-32.0,test,FL,-25.88974,-35.306988,-11.9902315,-37.09171566076574,-62.61976519509517,-11.56366612643632,-28.303339,-40.062782,-11.3638935,-30.27239643795722,-48.107553260893475,-12.437239615020964
19412,30-08-2026,28,-27.0,test,KSG,-22.615047,-32.239223,-10.106588,-34.922815213371386,-61.70362468594327,-8.142005740799501,-23.049648,-33.9295,-7.3230247,-26.692944271574746,-44.36690438801886,-9.018984155130632
19412,30-08-2026,29,-31.0,test,AII,-24.246492,-34.888157,-9.481376,-29.007114945385503,-50.83387650384763,-7.180353386923379,-28.864105,-40.32908,-12.368856,-27.303582554505546,-44.149435001832394,-10.457730107178698
19412,30-08-2026,30,-31.0,test,BER,-24.795675,-34.619427,-11.894694,-30.730185928236065,-51.85884028652072,-9.601531569951412,-28.230778,-39.042202,-13.244019,-27.834655438053275,-43.57896416706629,-12.090346709040261
19412,30-08-2026,31,-29.0,test,SOD,-23.848728,-32.89928,-11.122998,-30.50495268610208,-51.50492894372795,-9.504976428476215,-25.743885,-35.88727,-12.043089,-26.606218818362724,-41.792975986920936,-11.419461649804514
19412,30-08-2026,32,-21.0,test,MJ,-16.71922,-24.319378,-5.8755317,-21.139248171570664,-37.43199594470156,-4.846500398439765,-19.932144,-30.440002,-4.352951,-19.200306620827448,-32.59052454659385,-5.810088695061049
19412,30-08-2026,33,-26.0,test,RANI,-22.238445,-30.098602,-10.658582,-28.130009855795823,-45.471517250239074,-10.788502461352582,-23.862314,-33.71879,-10.350613,-24.661341110613357,-38.11069388881487,-11.211988332411842
19412,30-08-2026,34,-24.0,test,FA,-19.91871,-27.534231,-8.871839,-25.453793030159822,-42.53145801945214,-8.376128040867506,-21.554228,-31.086761,-8.703668,-22.231554405053757,-35.27836681413918,-9.184741995968333
19412,30-08-2026,35,-26.0,test,SJWB,-22.094398,-30.440529,-9.9729595,-27.94256036592837,-45.68532020212218,-10.199800529734569,-23.872633,-33.306755,-11.285958,-24.554760656819106,-38.091159508275126,-11.018361805363089
19412,30-08-2026,36,-24.0,test,NANA,-19.590704,-28.202175,-8.583032,-25.761082272922195,-43.454174152399,-8.067990393445392,-22.151731,-31.08041,-10.283506,-22.41437362135462,-35.56547619385448,-9.263271048854763
19412,30-08-2026,37,-25.0,test,PDWA,-21.71723,-28.940836,-10.852887,-27.65065058098089,-44.660606744678745,-10.640694417283049,-22.38758,-31.167484,-10.953789,-23.836392091009003,-36.37680551095049,-11.295978671067514
19412,30-08-2026,38,-26.0,test,SRPJ,-22.408903,-30.361507,-11.36359,-28.93888597019246,-45.88272630281735,-11.995045637567568,-22.931568,-31.388613,-11.89734,-24.66960134703598,-37.22787335508721,-12.111329338984747
19412,30-08-2026,39,-21.0,test,ABR,-16.730608,-25.08607,-8.073806,-22.036799412077965,-36.630290506280325,-7.443308317875607,-19.004711,-26.615286,-9.145004,-19.182675650727354,-30.236775562886088,-8.12857573856862
19412,30-08-2026,40,-20.0,test,PNU,-16.056208,-22.835161,-4.95365,-16.924178036883504,-26.072803094949847,-7.77555297881716,-17.829155,-24.260279,-9.333115,-16.923223523056507,-25.86494559853056,-7.981501447582454
19412,30-08-2026,41,-20.0,test,SID,-16.671076,-22.99938,-6.7509875,-17.543250998115756,-24.69070961480669,-10.395792381424824,-17.200922,-23.521996,-8.942424,-17.126019066174734,-25.037294650012385,-9.214743482337086
19412,30-08-2026,42,-23.0,test,UJA,-18.731348,-23.336273,-8.601992,-20.09042376834856,-27.51241809010205,-12.668429446595066,-19.16623,-25.748743,-10.52766,-19.310314597814962,-27.149213924957454,-11.47141527067247
19412,30-08-2026,43,-28.0,test,MSH,-20.944862,-26.717266,-8.955366,-22.54390240674716,-29.90772962599422,-15.1800751875001,-25.659582,-33.385113,-15.176591,-23.023856903209758,-31.917743761302184,-14.129970045117332
19412,30-08-2026,44,-20.0,test,KLL,-16.011206,-21.525963,-5.6882854,-15.430723398054356,-19.17764906813948,-11.683797727969234,-17.717936,-23.673061,-9.801559,-16.393297913944455,-22.964847968605262,-9.821747859283645
19412,31-08-2026,1,-17.0,test,DLPC,-13.606609,-21.097715,0.060349412,-12.631168830500132,-21.643889481749184,-3.618448179251081,-14.483645,-27.235903,10.085341,-13.586548767147448,-26.991003196067794,-0.18209433822710253
19412,31-08-2026,2,-20.0,test,AADR,-16.305754,-23.453531,-2.7308114,-16.173593070583934,-25.34886587009519,-6.998320271072677,-17.73201,-30.325409,5.9220867,-16.73784540182116,-29.92986878703256,-3.545822016609762
19412,31-08-2026,3,-20.0,test,UHL,-17.287027,-23.63825,-3.978458,-17.055627894263075,-25.89256455038216,-8.218691238143993,-17.738817,-30.424656,5.745125,-17.363326751524372,-30.234136311535558,-4.492517191513189
19412,31-08-2026,4,-17.0,test,NLDM,-14.361264,-22.266409,-0.17780772,-13.950263625351624,-24.402098046701447,-3.4984292040017984,-14.871278,-27.662344,9.151397,-14.399529576662726,-28.368222671059403,-0.43083648226604865
19412,31-08-2026,5,-21.0,test,ANSB,-18.776468,-24.690361,-4.8253007,-19.14367989702338,-29.893152963161803,-8.394206830884954,-18.712973,-31.229187,4.308033,-18.872706513028152,-32.31233430987922,-5.433078716177082
19412,31-08-2026,6,-28.0,test,RPAR,-23.599081,-32.36495,-10.351357,-24.78956805288948,-35.937711934685126,-13.641424171093837,-26.705128,-39.896137,-3.5325718,-25.01251484945075,-39.122565558156055,-10.90246414074544
19412,31-08-2026,7,-23.0,test,MRND,-20.466223,-26.770594,-6.570283,-20.74616923541186,-31.43941554434609,-10.052922926477624,-20.868073,-33.386406,1.683651,-20.689331936951774,-34.0897496636334,-7.288914210270148
19412,31-08-2026,8,-29.0,test,SASN,-26.247412,-32.35866,-9.654447,-23.822342864650825,-34.61205330806748,-13.032632421234169,-26.988169,-39.700954,-4.9981346,-25.718751805457337,-39.544682890768144,-11.892820720146528
19412,31-08-2026,9,-28.0,test,CDG,-23.166573,-31.510746,-6.7854433,-22.424850241563856,-40.04997870059532,-4.799721782532394,-25.63921,-37.469013,-5.124935,-23.751851759635354,-39.82875456629832,-7.674948952972386
19412,31-08-2026,10,-17.0,test,UMB,-15.840899,-24.738045,-0.8894005,-18.095128094502385,-38.91109803431817,2.720841845313398,-15.067751,-27.610104,8.076084,-16.304189266805434,-33.8752521839637,1.266873650352835
19412,31-08-2026,11,-57.0,test,KKDE,-53.399895,-59.122368,-32.67973,-56.79856081553835,-83.62831811856947,-29.96880351250723,-56.211002,-69.170494,-35.99694,-55.42093911880998,-75.0450192706418,-35.796858966978164
19412,31-08-2026,12,-61.0,test,KLE,-59.81164,-65.49003,-36.220997,-61.84319785026962,-85.83401449459456,-37.85238120594468,-57.17599,-68.96058,-38.807983,-59.584358571739315,-78.24449733820147,-40.92421980527716
19412,31-08-2026,13,-69.0,test,NRW,-66.28066,-68.804016,-37.921383,-61.15088213009172,-86.69866660323868,-35.603097656944776,-65.7082,-78.91509,-45.080284,-64.45088419071162,-84.57106747550053,-44.33070090592271
19412,31-08-2026,14,-71.0,test,UCA,-67.35931,-71.24442,-38.99804,-63.322822436006426,-89.64562338092475,-37.000021491088106,-64.678795,-77.369385,-44.76828,-65.17785921046848,-85.59175450671901,-44.76396391421796
19412,31-08-2026,15,-77.0,test,JIND,-71.43047,-79.47909,-40.17522,-67.07945477053298,-93.3113911567072,-40.84751838435875,-71.64499,-85.74197,-49.56952,-70.11129886679566,-92.40709397476829,-47.81550375882304
19412,31-08-2026,16,-82.0,test,JNA,-78.67911,-83.852455,-43.38654,-73.27926693837463,-101.93180424956208,-44.62672962718719,-72.79503,-87.078354,-50.493828,-74.99654799656687,-98.38876760528944,-51.604328387844305
19412,31-08-2026,18,-84.0,test,JHJ,-79.19579,-84.96082,-44.209366,-78.02328768815063,-111.50021674516212,-44.54635863113914,-73.09533,-87.46761,-50.71573,-76.79225619899269,-101.88472774496323,-51.69978465302215
19412,31-08-2026,19,-26.0,test,RE,-18.331997,-34.08918,-6.06089,-27.061260840487925,-55.14390435526565,1.0213826742898036,-24.286741,-36.020126,-5.1401997,-23.10208838576304,-43.035698622620174,-3.1684781489059013
19412,31-08-2026,20,-24.0,test,KRH,-20.745045,-32.042767,-4.5047107,-25.921576382339445,-53.869210534216,2.026057769537111,-21.738907,-33.415165,-2.7852612,-22.729907522956463,-42.48503357065593,-2.974781475256993
19412,31-08-2026,21,-31.0,test,AWR,-28.17738,-38.29795,-10.670199,-30.22959372497853,-58.37711508115412,-2.0820723688029403,-30.033203,-42.595562,-10.493017,-29.450422505880574,-49.54612426627843,-9.354720745482716
19412,31-08-2026,22,-30.0,test,RHG,-26.571457,-37.399506,-9.61235,-29.031695095977064,-57.09711219422656,-0.9662779977275732,-28.198458,-39.47623,-11.1964035,-27.898798461875966,-47.32861875708811,-8.468978166663824
19412,31-08-2026,23,-29.0,test,BKI,-25.212885,-36.47041,-10.519617,-30.24040989132703,-57.84893391672293,-2.631885865931128,-26.79403,-37.850704,-10.182646,-27.345439325012798,-46.17977268956952,-8.511105960456081
19412,31-08-2026,24,-32.0,test,DO,-30.890135,-38.85817,-13.674368,-34.58546893555022,-62.78346171312988,-6.387476157970557,-28.961065,-39.79779,-13.232852,-31.429555646950053,-50.129021858104295,-12.730089435795808
19412,31-08-2026,25,-38.0,test,GADJ,-34.044353,-40.933422,-18.19919,-38.754886280889394,-66.37021659430047,-11.139555967478325,-36.891785,-49.130135,-19.29961,-36.49672918775563,-55.123501437428416,-17.869956938082854
19412,31-08-2026,26,-26.0,test,JP,-24.367119,-33.922344,-8.551072,-31.389726328710147,-57.25579418574147,-5.5236584716788215,-23.903757,-34.687958,-8.306786,-26.45733051668709,-44.37643968022486,-8.538221353149321
19412,31-08-2026,27,-29.0,test,FL,-26.079977,-35.418266,-11.967059,-36.98245418301659,-62.51050371121119,-11.454404654822005,-27.952433,-39.45905,-11.521784,-30.186951451486017,-47.91368349241168,-12.46021941056036
19412,31-08-2026,28,-27.0,test,KSG,-25.432165,-34.569256,-11.327171,-35.977642364868764,-62.75845183229433,-9.196832897443205,-25.770636,-36.70198,-10.362901,-28.914892949381127,-46.744773885466856,-11.085012013295398
19412,31-08-2026,29,-18.0,test,AII,-18.45932,-29.02908,-6.05582,-25.45005029123958,-47.27681184491669,-3.623288737562465,-18.30012,-29.251282,-1.8336182,-20.640498848285162,-36.94721138481235,-4.333786311757979
19412,31-08-2026,30,-23.0,test,BER,-22.040985,-31.258362,-9.886362,-28.727760821051294,-49.85641517395514,-7.59910646814745,-24.488007,-35.930622,-7.752245,-24.991772406000806,-40.90462324182959,-9.078921570172021
19412,31-08-2026,31,-22.0,test,SOD,-21.571924,-30.202824,-9.765449,-29.00305596462101,-50.0030322169443,-8.003079712297719,-22.480085,-32.76399,-8.025966,-24.248818761584936,-39.347128305243736,-9.150509217926137
19412,31-08-2026,32,-23.0,test,MJ,-19.886675,-27.140888,-6.509393,-22.84487442180559,-39.13762219567191,-6.552126647939264,-24.628443,-35.057816,-9.833694,-22.409030344262817,-36.04809068000787,-8.769970008517765
19412,31-08-2026,33,-30.0,test,RANI,-27.133596,-35.895977,-14.078034,-30.81921811962008,-48.1607255163726,-13.477710722867556,-30.779093,-41.156456,-16.807262,-29.523838559349333,-43.578731832276475,-15.468945286422192
19412,31-08-2026,34,-27.0,test,FA,-23.498167,-32.4023,-10.571557,-27.79962307662311,-44.87728806496585,-10.721958088280369,-27.394957,-37.07391,-14.504866,-26.16879222916669,-39.826675809160164,-12.51090864917322
19412,31-08-2026,35,-29.0,test,SJWB,-26.199474,-34.47678,-12.634228,-30.20976674573208,-47.95252657991358,-12.467006911550572,-28.93276,-38.378185,-16.259928,-28.390103326260615,-42.19461791412325,-14.58558873839798
19412,31-08-2026,36,-27.0,test,NANA,-23.66865,-32.360798,-10.322887,-28.008123802973323,-45.70121568018243,-10.315031925764217,-26.631224,-35.52203,-14.77966,-26.04073421819956,-39.62403076136137,-12.457437675037752
19412,31-08-2026,37,-30.0,test,PDWA,-26.281094,-35.27279,-13.830603,-30.570224057016784,-47.580180218508886,-13.560267895524678,-28.82276,-37.838913,-16.71551,-28.497108413121477,-41.808906573712136,-15.185310252530817
19412,31-08-2026,38,-32.0,test,SRPJ,-29.757524,-36.539284,-15.075689,-32.284287380551895,-49.22812771189075,-15.340447049213044,-29.05072,-37.59101,-17.488865,-30.329975722084654,-43.44518728870211,-17.2147641554672
19412,31-08-2026,39,-23.0,test,ABR,-20.506191,-28.209444,-8.569634,-24.01283746208832,-38.60632855561157,-9.419346368565073,-22.180923,-29.76346,-12.171702,-22.18382139481266,-33.73897340608228,-10.628669383543045
19412,31-08-2026,40,-17.0,test,PNU,-16.266739,-22.877205,-4.9487133,-16.947000949334086,-26.095626004405368,-7.798375894262806,-19.80963,-27.005554,-10.201896,-17.6623937751029,-26.940328481425126,-8.384459068780673
19412,31-08-2026,41,-24.0,test,SID,-19.419949,-25.980515,-7.249861,-20.006782744074485,-27.154241358279336,-12.859324129869634,-24.917814,-32.75524,-14.3525305,-21.43590850330223,-30.46800882262869,-12.40380818397577
19412,31-08-2026,42,-25.0,test,UJA,-21.163431,-26.247036,-8.722592,-22.088631655403717,-29.51062597540752,-14.666637335399905,-26.434238,-34.689896,-15.267347,-23.212014718444046,-32.29402335154178,-14.130006085346306
19412,31-08-2026,43,-26.0,test,MSH,-22.574604,-27.692545,-9.640955,-23.05021538568207,-30.41404260380029,-15.686388167563848,-22.975399,-29.697779,-13.865385,-22.859893478464095,-31.391815182603885,-14.327971774324306
19412,31-08-2026,44,-18.0,test,KLL,-16.148325,-21.557196,-5.72411,-15.7749893418909,-19.521915011976024,-12.02806367180578,-17.509491,-23.536947,-9.592909,-16.481693992256677,-23.06507020460063,-9.898317779912723
19574,28-08-2026,1,-16.529999999999973,test,JP,-19.455051,-37.01008,3.7645555,-17.06418972145799,-37.15120028270036,3.0228208397843765,-11.353256,-27.584623,15.937536,-15.996568404368638,-37.78219352878714,5.789056720049864
19574,28-08-2026,2,-16.210000000000036,test,FL,-15.593254,-35.56269,3.879176,-14.375575788582031,-33.8259291191323,5.074777541968237,-7.391256,-22.598213,18.932707,-12.476377275396882,-33.45730608706624,8.504551536272484
19574,28-08-2026,3,-24.50999999999999,test,KSG,-24.00443,-43.51772,-1.8760064,-25.46333487854193,-45.1107356487716,-5.81593410831227,-29.987333,-44.925415,-7.8721466,-26.46039764486082,-47.12739334770684,-5.793401942014793
19574,28-08-2026,4,1.8400000000001453,test,AII,-13.146349,-31.34955,6.301201,-10.012590788596809,-31.798497587824684,11.77331601063107,-0.9737406,-15.431684,24.946644,-8.096624120879897,-29.33294377590242,13.139695534142627
19574,28-08-2026,5,7.450000000000045,test,BER,-6.0920053,-30.789072,11.387396,-6.996000377247868,-28.724249814476288,14.732249059980552,-1.0360521,-13.639717,21.336006,-4.699456418866219,-25.79962838917849,16.40071555144605
19574,28-08-2026,6,-8.960000000000036,test,SOD,-19.897598,-33.353424,1.6793346,-13.298479373307396,-34.88428420038924,8.287325453774448,-6.603737,-21.936829,19.183706,-13.367506915691061,-34.188170091390305,7.453156260008184
19574,28-08-2026,7,32.370000000000005,test,MJ,-9.377141,-37.12344,6.9655566,-19.32849417444544,-40.85475072268642,2.1977623737955447,-18.530148,-34.0226,5.3188705,-15.60143395171125,-37.74534356884716,6.542475665424664
19574,28-08-2026,8,-6.349999999999909,test,FA,-20.073755,-37.23041,2.7627165,-16.33935952188021,-37.91045466970695,5.231735625946534,-15.796461,-28.306313,3.251482,-17.45780945743317,-37.50975928760123,2.5941403727348806
19574,28-08-2026,9,-38.31000000000006,test,SJWB,-13.662913,-33.776234,8.898857,-7.76674769927062,-29.68409663325596,14.15060123471472,-1.4598281,-13.854993,19.944115,-7.720232194964937,-28.769482302945157,13.329017913015285
19574,28-08-2026,10,-4.75,test,ABR,-2.8620381,-31.932348,7.334495,-13.630187802716904,-35.37845136203571,8.118075756601904,-11.313053,-26.789951,13.193935,-9.113905451304504,-30.563855250447013,12.336044347838005
19574,28-08-2026,11,-22.159999999999968,test,PNU,-14.006088,-25.403751,6.5554285,-14.903110668090283,-35.24676306178146,5.440541725600888,-21.63656,-33.56763,-5.1575413,-16.83041685371547,-34.45373785901107,0.7929041515801281
19574,28-08-2026,12,-11.089999999999918,test,SID,-10.710375,-23.048409,6.4936843,-9.711275138799518,-32.71538285766083,13.292832580061797,-17.05864,-28.381222,-1.202178,-12.502312196608809,-30.362036452042037,5.357412058824419
19574,28-08-2026,13,-44.52999999999997,test,MSH,-11.68798,-29.356983,6.505747,-7.305471187255413,-30.27087144747673,15.659929072965902,-13.574826,-24.96814,2.671052,-10.914907058530158,-29.996258640419697,8.166444523359381
19574,28-08-2026,14,-40.870000000000005,test,VG,-20.122072,-36.073597,4.267614,-5.505920169316765,-28.907301422055426,17.8954610834219,-6.361685,-17.234156,10.191463,-10.874715552840968,-30.88293708161973,9.133505975937794
19574,28-08-2026,15,-30.50999999999999,test,SUNR,-10.3527355,-28.259804,6.0831323,-9.183029953338671,-32.62867738220577,14.262617475528424,-10.473133,-23.227528,7.9163857,-10.018957043516977,-29.595836084464402,9.557921997430448
19574,28-08-2026,16,-25.980000000000015,test,RJT,-11.115875,-29.96669,3.1772342,-8.01258374504723,-31.65381483827461,15.628647348180143,-11.58443,-21.270802,1.3158064,-10.279940217280654,-28.209393677628864,7.649513243067556
19574,28-08-2026,17,-12.129999999999995,test,HAPA,-8.957691,-29.915497,3.4297528,-14.3668411850516,-36.76713327106258,8.033450900959382,-20.859152,-31.971073,-7.3669586,-14.644419068535857,-32.54647898457385,3.2576408475021417
19574,28-08-2026,18,-17.69999999999999,test,JAM,-12.126502,-37.81116,3.2404804,-10.475066588753764,-34.459081680006896,13.508948502499369,-11.149519,-19.756252,-0.1477089,-11.273816270616159,-30.242437139560078,7.69480459832776
19574,28-08-2026,19,-19.370000000000005,test,KMBL,-4.2916336,-22.559433,8.472328,-14.766507620206326,-38.58973216375712,9.05671692334447,-16.82088,-26.363327,-5.627906,-11.806066337492936,-29.087652190971706,5.475519515985834
19574,28-08-2026,20,-11.1,test,DWK,-16.402922,-37.44984,3.2844288,-11.703202567183537,-35.86077818757487,12.454373053207798,-14.908956,-21.942766,-6.813878,-14.404121964197106,-32.590883891605785,3.782639963211576
19574,28-08-2026,21,-13.0,test,OKHA,-7.3311024,-16.561783,3.2437482,-7.514439432792418,-23.284825083612454,8.255946218027615,-18.25226,-27.759918,-7.277977,-11.021727456938326,-23.506687249522184,1.4632323356455323
19574,29-08-2026,1,-16.210000000000036,test,JP,-15.996702,-34.926113,5.3168173,-14.227735122571142,-34.314745683813506,5.859275438671224,-5.1899266,-20.033104,20.85611,-11.837375342549219,-33.0661922237678,9.391441538669365
19574,29-08-2026,2,-24.5,test,FL,-23.56151,-44.43163,-0.54476625,-26.777185295412785,-46.22753862596305,-7.326831964862517,-31.11908,-47.082745,-7.1255207,-27.102597629562105,-48.62050724930967,-5.584688009814538
19574,29-08-2026,3,1.8300000000001544,test,KSG,-14.109876,-33.298,5.9060817,-10.552835252216571,-30.200236022446237,9.094565518013091,-1.2507249,-16.017233,25.338718,-8.69655439442492,-29.669631519823405,12.276522730973563
19574,29-08-2026,4,7.450000000000045,test,AII,-3.0874853,-30.909891,10.95594,-7.51704536670765,-29.30295216593553,14.268861432520229,-1.380792,-13.723594,20.620895,-3.9355081791719515,-24.88808677775309,17.01707041940919
19574,29-08-2026,5,-8.950000000000045,test,BER,-19.11545,-33.16086,3.7642674,-12.844572545864638,-34.57282198309306,8.883676891363782,-7.1610436,-23.405277,20.28084,-13.135719929561079,-34.79771345178955,8.526273592667389
19574,29-08-2026,6,32.36999999999989,test,SOD,-4.868529,-38.055775,5.4749293,-18.93985727604679,-40.52566210312864,2.6459475510350536,-17.629293,-32.76722,5.8569107,-13.609325526352691,-35.546015528435525,8.327364475730143
19574,29-08-2026,7,-6.340000000000032,test,MJ,-19.149694,-37.64215,3.9734771,-16.86644130786155,-38.39269785610253,4.659815240379434,-16.026972,-28.044205,2.3041134,-17.381484435508376,-37.50351644421474,2.7405475731979827
19574,29-08-2026,8,-38.319999999999936,test,FA,-14.401937,-34.7512,9.43826,-8.180916523027683,-29.752011670854426,13.39017862479906,-1.4414524,-13.950728,20.302942,-8.103550443213047,-29.392530591023956,13.18542970459786
19574,29-08-2026,9,-4.75,test,SJWB,-5.061707,-32.405178,8.3489065,-14.701505622594674,-36.61885455658002,7.2158433113906675,-13.289828,-28.099195,10.217681,-10.878844187762468,-32.36607545854285,10.608387083017917
19574,29-08-2026,10,-22.149999999999977,test,ABR,-14.441937,-35.164604,7.1265006,-16.276896156741625,-38.02515971606043,5.471367402577183,-21.019957,-33.95108,-2.6243954,-17.216002675469344,-37.70670899901125,3.2747036480725598
19574,29-08-2026,11,-11.08000000000004,test,PNU,-11.734959,-22.210533,6.368593,-12.619843516306736,-32.96349590999791,7.723808877384435,-16.783062,-28.481209,-0.09987068,-13.696593989927281,-30.697629694027633,3.304441714173068
19574,29-08-2026,12,-44.52999999999997,test,SID,-10.155081,-29.180048,7.0453787,-7.7031927300067,-30.70730044886801,15.300914988854611,-13.415538,-24.829998,3.1600733,-10.455822815473757,-29.67766186905539,8.766016238107879
19574,29-08-2026,13,-40.88,test,MSH,-17.044476,-34.070873,6.202464,-3.14030690882984,-26.105707169051158,19.82509335139148,-5.383255,-16.805157,12.522163,-8.722774250400079,-28.904335684536573,11.458787183736415
19574,29-08-2026,14,-30.50999999999999,test,VG,-10.449751,-28.737982,6.712079,-9.361346833464475,-32.76272808620314,14.040034419274187,-10.800268,-24.012608,8.664684,-10.218485650883105,-30.250419300486648,9.81344799872044
19574,29-08-2026,15,-25.980000000000015,test,SUNR,-11.182603,-29.503626,2.8541162,-7.85665673207277,-31.30230416093987,15.588990696794328,-11.380361,-21.700384,2.86734,-10.185452729577937,-28.25160275589446,7.880697296738587
19574,29-08-2026,16,-12.129999999999995,test,RJT,-9.191324,-30.127506,4.2848864,-15.809978178907064,-39.45120927213444,7.831252914320313,-20.956799,-32.847855,-5.982835,-15.219365216981128,-34.12747059367199,3.688740159709731
19574,29-08-2026,17,-17.69999999999999,test,HAPA,-12.828355,-27.90757,3.0889287,-6.634654575278849,-29.03494666128983,15.765637510732134,-10.824675,-20.815992,2.4978466,-10.182588080371026,-27.430438757472306,7.065262596730253
19574,29-08-2026,18,-19.379999999999995,test,JAM,-5.4933543,-26.539982,8.606223,-13.33173707959446,-37.31575217084759,10.65227801165867,-19.44448,-29.359673,-7.633168,-12.638079629021139,-30.898042553228596,5.6218832951863185
19574,29-08-2026,19,-11.099999999999994,test,KMBL,-15.880098,-37.997883,3.3393326,-11.7199139013435,-35.543138444894296,12.103310642207298,-14.76525,-21.593174,-6.88474,-14.179807409051781,-32.29107304936283,3.9314582312592687
19574,29-08-2026,20,-40.34,test,DWK,-10.922368,-28.137632,3.429049,-13.921598565643478,-38.07917418603481,10.235977054747856,-17.583967,-25.494614,-8.412063,-14.09631163821792,-30.949994857517634,2.757371581081795
19574,29-08-2026,21,-13.0,test,OKHA,-10.803091,-18.132847,2.937398,-5.21517343260159,-20.985559083421624,10.555212218218443,-14.645831,-21.966366,-6.2456627,-10.295257842355873,-22.179874827181422,1.5893591424696734
19574,30-08-2026,1,-24.5,test,JP,-25.465876,-43.888733,0.49604812,-26.669371720579413,-46.75638228182178,-6.582361159337047,-33.532383,-48.05934,-11.937759,-28.53316018599112,-49.68594054696572,-7.380379825016526
19574,30-08-2026,2,1.839999999999918,test,FL,-14.011593,-29.644543,5.2844925,-11.735287389012612,-31.18564071956288,7.715065941537656,-2.1091676,-17.360453,24.92589,-9.325750401289126,-29.614441609110806,10.962940806532556
19574,30-08-2026,3,7.450000000000045,test,KSG,-5.6564503,-32.369335,10.026624,-8.564920791174162,-28.212321561403822,11.0824799790555,-1.0907226,-14.152412,22.294733,-5.067532759327412,-25.766440563530463,15.631375044875636
19574,30-08-2026,4,-8.950000000000045,test,AII,-18.325207,-33.81178,2.7863936,-13.234597333518211,-35.02050413274609,8.551309465709664,-8.861692,-24.05502,16.921461,-13.551063463501922,-34.699597993582806,7.5974710665789615
19574,30-08-2026,5,32.36999999999989,test,BER,-7.759594,-36.715054,7.0498853,-18.61959073973049,-40.34784017695891,3.10865869749793,-18.431807,-34.58693,6.981268,-14.779514797417532,-37.320809634809606,7.761780039974541
19574,30-08-2026,6,-6.3400000000001455,test,SOD,-17.739561,-36.659443,2.8307872,-16.188026395684254,-37.7738312227661,5.39777843139759,-16.032194,-28.022718,2.3794556,-16.675899198444654,-36.43917635729181,3.087377960402499
19574,30-08-2026,7,-38.32000000000005,test,MJ,-13.572127,-33.92214,10.073197,-8.926006641310218,-30.452263189551203,12.600249906930763,-1.7201537,-13.81519,19.417063,-8.145708912813383,-29.20585427404749,12.914436448420723
19574,30-08-2026,8,-4.759999999999991,test,FA,-7.0453467,-31.863338,8.645114,-16.13046965964447,-37.701564807471215,5.440625488182274,-11.271964,-27.164856,14.407445,-11.354444288713507,-33.24902048656093,10.540131909133914
19574,30-08-2026,9,-22.149999999999977,test,SJWB,-14.642634,-35.29995,7.204548,-17.618764760874594,-39.536113694859935,4.298584173110747,-19.873089,-34.182384,1.2820072,-17.33324183458001,-38.64209416891288,3.9756104997528574
19574,30-08-2026,10,-11.079999999999927,test,ABR,-13.450811,-33.953033,6.4047837,-13.879672490764316,-35.62793605008312,7.868591068554492,-16.352003,-28.616169,1.6927242,-14.55271337081275,-34.512657728552554,5.407230986927058
19574,30-08-2026,11,-44.52999999999997,test,PNU,-11.24958,-27.720402,6.1467214,-10.665419122169714,-31.00907151586089,9.678233271521458,-13.095304,-24.91349,4.4942064,-11.676721429475396,-29.822652034614833,6.469209175664041
19574,30-08-2026,12,-40.86999999999989,test,SID,-16.94302,-33.69534,5.524126,-3.567233606971156,-26.57134132583247,19.436874111890155,-5.420175,-16.938944,12.921408,-8.836200276783062,-28.931359108868378,11.258958555302252
19574,30-08-2026,13,-30.519999999999985,test,MSH,-11.202884,-28.065466,7.7279143,-6.834722688755806,-29.800122948977123,16.130677571465508,-10.038713,-23.95233,11.12521,-9.419723994272514,-29.787135241073102,10.947687252528072
19574,30-08-2026,14,-25.970000000000027,test,VG,-11.065901,-29.88505,2.995138,-8.093849284051297,-31.49523053678996,15.307531968687366,-11.205625,-21.977612,4.164858,-10.162549392452686,-28.584202677200356,8.259103892294984
19574,30-08-2026,15,-12.129999999999995,test,SUNR,-7.9494166,-28.904972,4.007559,-15.62659567763787,-39.07224310650497,7.819051751229228,-20.73942,-33.468456,-4.060684,-14.656471089432866,-33.66900173263937,4.356059553773637
19574,30-08-2026,16,-17.689999999999998,test,RJT,-13.302867,-29.569473,3.2005343,-8.075596108619145,-31.71682720184652,15.56563498460823,-10.92304,-21.231373,3.0675821,-10.84086058763973,-29.001002470125414,7.319281294845956
19574,30-08-2026,17,-19.379999999999995,test,HAPA,-2.5765955,-22.023718,8.752059,-12.227194187555504,-34.62748627356649,10.173097898455476,-17.4198,-28.756683,-3.1675406,-10.597152925054877,-28.201959997078852,7.007654146969097
19574,30-08-2026,18,-11.109999999999983,test,JAM,-15.9091835,-37.848175,2.7164533,-11.890340396669616,-35.87435548792274,12.093674694583516,-15.386904,-23.365772,-5.9653883,-14.451132838965721,-32.945274243998895,4.043008566067451
19574,30-08-2026,19,-40.34,test,KMBL,-11.523717,-27.86197,2.7828925,-13.796967171550584,-37.62019171510138,10.026257372000211,-17.77294,-25.632242,-8.638906,-14.328505818267566,-30.886073868439908,2.229062231904777
19574,30-08-2026,20,-34.160000000000004,test,DWK,-15.957992,-38.10238,3.757422,-11.402053912137106,-35.55962953252844,12.755521708254228,-14.542119,-21.552094,-6.4909544,-14.031113420352114,-32.41159150524037,4.3493646645361395
19574,30-08-2026,21,-13.0,test,OKHA,-2.5098467,-16.555235,8.731867,-3.094408109239975,-18.86479376006001,12.67597754158006,-11.771714,-19.534565,-2.382679,-5.776868780242403,-18.681450722496113,7.1277131620113074
19574,31-08-2026,1,1.839999999999918,test,JP,-13.897602,-32.132812,6.110906,-11.55528052677368,-31.642291088016044,8.531730034468687,-1.9054552,-13.855341,20.238152,-9.16082328916915,-28.83802131847586,10.516374740137563
19574,31-08-2026,2,7.450000000000045,test,FL,-5.319599,-28.52721,9.721202,-10.115749184656714,-29.566102515206985,9.334604145893554,2.1117582,-13.338542,30.222301,-4.3809349627127645,-25.498336634618123,16.736466709192594
19574,31-08-2026,3,-8.959999999999809,test,KSG,-18.372747,-34.098927,1.4548162,-14.491225571621662,-34.13862634185132,5.156175198608,-7.884854,-23.847641,19.208626,-13.644332505994662,-34.24765724560223,6.9589922336129035
19574,31-08-2026,4,32.38000000000011,test,AII,-10.210767,-36.943096,3.973972,-19.00831170437696,-40.79421850360484,2.7775950948509163,-19.24146,-34.900875,5.3641644,-16.025643731437498,-37.838678331627825,5.78739086875283
19574,31-08-2026,5,-6.339999999999918,test,BER,-18.66113,-37.806377,1.1103173,-15.93035926764036,-37.65860870486878,5.797890169588062,-15.69441,-28.506441,4.3644123,-16.80178230319222,-36.93914718185198,3.3355825754675443
19574,31-08-2026,6,-38.32000000000016,test,SOD,-15.035009,-34.02593,7.4677835,-8.12334932784717,-29.709154154929013,13.462455499234675,-1.9348307,-13.740615,18.709328,-8.469447652412546,-28.956138465262605,12.017243160437511
19574,31-08-2026,7,-4.759999999999991,test,MJ,-6.5507426,-33.028763,7.4993567,-16.37291574490854,-37.89917229314952,5.153340803332444,-11.697367,-28.043165,14.811033,-11.401354871636252,-33.508293891204424,10.705584147931917
19574,31-08-2026,8,-22.159999999999968,test,FA,-14.9478445,-35.24192,6.66683,-18.829705671610142,-40.40080081943688,2.7413894762166,-20.703129,-32.800262,-3.116579,-18.102450835038262,-38.17701479778996,1.9721131277134347
19574,31-08-2026,9,-11.08000000000004,test,SJWB,-13.823565,-34.677315,4.7578864,-15.665374270492917,-37.582723204478256,6.251974663492426,-15.918935,-28.231398,2.5919523,-15.10903146040353,-35.047049984413405,4.8289870636063466
19574,31-08-2026,10,-44.52999999999997,test,ABR,-13.289562,-34.11558,4.6302543,-11.884020255146266,-33.63228381446508,9.86424330417254,-12.756045,-24.984196,5.883586,-12.66294273274005,-32.426087928328855,7.10020246284876
19574,31-08-2026,11,-40.870000000000005,test,PNU,-17.474089,-32.90249,4.987881,-6.464897090804009,-26.80854948449518,13.878755302887164,-5.07165,-16.773853,13.8222885,-9.83106910380584,-28.919226090864214,9.257087883252536
19574,31-08-2026,12,-30.50999999999999,test,SID,-9.550921,-27.806145,5.8034635,-7.244905445803729,-30.249013164665044,15.759202273057584,-11.975237,-25.300571,8.134893,-9.620207166172719,-29.315102706984938,10.0746883746395
19574,31-08-2026,13,-25.980000000000015,test,MSH,-9.417013,-29.368675,4.1313906,-5.753634512160792,-28.71903477238211,17.21176574806052,-10.728765,-21.852947,5.6277685,-8.682504243986182,-27.30471618538639,9.939707697414027
19574,31-08-2026,14,-12.129999999999995,test,VG,-9.975377,-30.084581,4.4483705,-15.846876511393802,-39.24825776413246,7.554504741344861,-21.284323,-34.64379,-3.356062,-15.612812544366841,-35.23464784146853,4.0090227527348485
19574,31-08-2026,15,-17.689999999999998,test,SUNR,-13.62135,-29.434608,3.2063587,-7.963768907908942,-31.40941633677604,15.481878520958157,-11.295276,-21.702282,3.1262512,-11.039699999676472,-29.203109389284432,7.123709389931488
19574,31-08-2026,16,-19.379999999999995,test,RJT,-2.322169,-21.979929,7.5506306,-13.65410890501871,-37.295339998246085,9.987122188208666,-17.380182,-29.470665,-1.6806116,-10.95149429745122,-29.129588572307668,7.226599977405229
19574,31-08-2026,17,-11.110000000000014,test,HAPA,-14.923072,-27.658667,2.616505,-8.923002995412972,-31.323295081423957,13.47728909059801,-15.760428,-24.683834,-4.828511,-13.284025750914964,-29.79629611952102,3.228244617691093
19574,31-08-2026,18,-40.35,test,JAM,-11.928248,-31.920158,1.9522737,-12.953791122261498,-36.93780621351463,11.030223968991631,-18.365095,-27.828289,-7.166477,-14.396687768990368,-32.23814036608643,3.4447648281056935
19574,31-08-2026,19,-34.150000000000006,test,KMBL,-15.215807,-38.793808,1.0942099,-11.368210424688856,-35.191434968239655,12.45501411886194,-14.389938,-21.1994,-6.540085,-13.71151962647602,-31.549556611893173,4.126517358941131
19574,31-08-2026,20,-25.370000000000005,test,DWK,3.732179,-35.000206,8.466899,-9.338668909474514,-33.49624452986585,14.81890671091682,-11.473928,-18.541357,-3.0303268,-5.502124434804065,-24.254678487067203,13.250429617459071
19574,31-08-2026,21,-13.0,test,OKHA,-9.564551,-16.389475,4.5955033,-6.82103320664047,-22.591418857460503,8.949352444179564,-16.761116,-25.059137,-7.2109165,-11.081118481384932,-23.321625342737292,1.159388379967428
19601,29-08-2026,1,45.0,test,UDZ,-6.80196,-17.83027,48.392067,1.0155174930575814,-47.08694506988447,49.11798005599963,-7.074421,-26.014082,30.669495,-4.394233231736475,-42.52602966918957,33.737563205716626
19601,29-08-2026,2,41.0,test,RPZ,-9.206671,-19.514158,43.151474,-0.0302050258259125,-48.13268161935124,48.07227156769941,-10.874786,-31.354551,28.781937,-6.828784228419833,-44.91393277859393,31.256364321754262
19601,29-08-2026,3,42.0,test,MVJ,-5.8435535,-18.548616,47.253075,-0.153592108299188,-48.25609003196914,47.948905815370765,-9.180878,-30.54586,32.2607,-5.1350234961258465,-44.25907697797231,33.98902998572062
19601,29-08-2026,4,42.0,test,KIN,-6.825738,-19.544226,46.65223,-0.1267788274196117,-48.22926340114397,47.97570574630474,-11.545898,-31.735271,27.44094,-6.254636301293322,-44.81692386163303,32.30765125904638
19601,29-08-2026,5,43.0,test,CNA,-6.6268144,-20.327349,49.200302,0.2641987124996188,-47.83824175504776,48.366639180047,-11.28966,-30.98019,27.07671,-5.97527441732155,-44.95046015638606,32.99991132174296
19601,29-08-2026,6,46.0,test,BHL,-9.069664,-19.91204,49.347702,1.4133210680247803,-46.68918836410763,49.51583050015719,-7.3207293,-27.765179,32.475777,-5.137831708622862,-44.44544790976577,34.169784492520044
19601,29-08-2026,7,35.0,test,BJNR,-13.2312565,-28.024836,41.18927,-2.7561215543498587,-50.85878931536711,45.34654620666739,-16.314407,-37.19477,22.718987,-10.908932537147585,-50.15113936862513,28.33327429432996
19601,29-08-2026,8,22.0,test,NSD,-24.50037,-41.278667,27.336704,-7.720778744964486,-55.8231831088903,40.38162561896133,-27.69324,-47.80942,8.334024,-20.199733539499476,-58.67422002372265,18.274752944723694
19601,29-08-2026,9,44.0,test,AII,-2.6659646,-19.94404,55.052696,0.2224967866014928,-47.87975338382559,48.32474695702858,-9.573988,-28.213413,26.163824,-4.040250604315933,-43.37167345098926,35.29117224235739
19601,29-08-2026,10,40.0,test,JP,-4.848838,-22.41503,50.97274,-0.7374004630281252,-48.84043481576944,47.3656338897132,-12.212492,-31.935944,24.627626,-5.983809114031484,-45.403396092005366,33.43577786394239
19601,29-08-2026,11,36.0,test,AWR,-11.742441,-26.273905,47.877487,-2.355414737300027,-50.45812266669401,45.74729319209396,-13.814129,-31.584404,18.662819,-9.431478269511487,-47.88758376449616,29.02462722547319
19601,29-08-2026,12,39.0,test,RE,-6.7335,-21.350122,55.33391,-1.2093770918493298,-49.31170236744006,46.8929481837414,-11.798785,-29.123028,19.699299,-6.652634593488637,-45.32233783289204,32.01706864591477
19601,29-08-2026,13,20.0,test,GGN,-21.091093,-41.239246,25.332066,-8.387126334961238,-56.48926781268076,39.71501514275828,-27.148865,-46.205536,5.7624245,-19.045736203130613,-56.41781521853936,18.32634281227813
19601,29-08-2026,14,7.0,test,DLI,-22.26772,-49.339314,11.79106,-13.329228356398358,-61.4312445808612,34.77278786806448,-41.34821,-58.74931,-13.752977,-25.75669422067118,-60.91787123659323,9.404482795250871
19601,29-08-2026,15,-8.0,test,MB,-29.46542,-58.612766,-8.371824,-18.86456289415422,-66.96708666039432,29.23796087208588,-54.439354,-69.659775,-32.49733,-34.38310335370369,-66.18803710432643,-2.578169603080955
19601,29-08-2026,16,-6.0,test,BE,-44.94221,-61.95151,-9.3775425,-18.00350414230087,-66.10559125332989,30.098582968728152,-51.594437,-64.989655,-32.51148,-38.54535899041438,-69.95833698462647,-7.132380996202286
19601,29-08-2026,17,-41.0,test,LKO,-37.312855,-67.79862,-10.277239,-31.090883785383877,-79.19320233999693,17.011434769229183,-68.26948,-82.63049,-46.538284,-45.61961395901926,-78.56717084840469,-12.672057069633844
19601,29-08-2026,18,-28.0,test,BBK,-17.200573,-37.563854,-1.5507358,-26.16324023547748,-74.26504056932427,21.938560098369308,-59.839447,-72.69954,-40.651825,-34.24524415207914,-62.5586251754726,-5.931863128685681
19601,29-08-2026,19,-5.0,test,GKP,-12.811376,-40.302402,5.1817274,-17.55930594252954,-65.66125769446575,30.542645809406658,-39.423508,-49.83999,-25.033482,-23.179095316939893,-51.95781986920578,5.599629235325992
19601,29-08-2026,20,-31.0,test,DEOS,-28.578531,-41.34001,-3.511706,-27.359650755846747,-75.46135010232776,20.742048590634266,-59.0585,-72.51562,-39.42123,-38.325675710220466,-67.15326003364504,-9.498091386795892
19601,29-08-2026,21,-39.0,test,SV,-31.193275,-43.460728,-3.3610086,-30.427632800634868,-78.52932042919554,17.674054827925794,-60.686874,-73.84685,-41.171715,-40.757231583248355,-69.92641667232613,-11.588046494170591
19601,29-08-2026,22,-30.0,test,CPR,-28.605011,-41.40426,-1.7962614,-27.00816171321598,-75.10982692298381,21.09350349655185,-53.918392,-66.14899,-36.07518,-36.51311828098957,-65.1383103611256,-7.8879262008535385
19601,29-08-2026,23,-23.0,test,HJP,-26.067396,-39.904266,-2.4640334,-24.323291610751845,-72.4249396584817,23.77835643697801,-49.507835,-61.372707,-32.59089,-33.3055613432446,-61.30929011240818,-5.301832574081022
19601,29-08-2026,24,-37.0,test,MFP,-29.231272,-42.73008,-2.7237105,-29.44204496325605,-77.54368256295994,18.65959263644785,-61.732384,-75.86088,-41.103775,-40.10747922720928,-69.6231087783915,-10.59184967602707
19601,29-08-2026,25,-41.0,test,SPJ,-40.91573,-46.29618,-6.316689,-31.081629747707908,-79.18325898693061,17.019999491514795,-60.089508,-73.42968,-40.580482,-44.14950692285264,-73.32710743913056,-14.971906406574718
19601,29-08-2026,26,-53.0,test,SLNA,-46.120888,-52.436543,-6.677106,-35.49973998903917,-83.6013621940653,12.601882215986954,-70.59875,-86.03669,-47.765038,-50.86710876571055,-82.0469931975427,-19.687224333878387
19601,29-08-2026,27,-28.0,test,KGG,-26.126072,-44.90093,1.3391337,-26.754660894355595,-74.8562777314437,21.3469559427325,-52.318844,-64.771194,-34.594936,-35.03785093504807,-64.8920620878487,-5.18363978224744
19601,29-08-2026,28,-21.0,test,KIR,-17.685345,-36.905354,2.0841024,-23.49142033257672,-71.59303188654225,24.610191221388817,-46.484257,-58.07248,-30.282843,-29.118484631186753,-57.23188734990692,-1.0050819124665864
19601,29-08-2026,29,-48.0,test,KNE,-53.29451,-53.845512,-6.791516,-33.56780984931562,-81.66941863972237,14.53379894109112,-62.5933,-77.409134,-41.35499,-50.082662390493894,-81.11178120319255,-19.053543577795242
19609,29-08-2026,1,-21.0,test,UDZ,31.585518,-15.443906,34.61961,29.29818182379888,-5.126832019735186,63.72319566733295,20.88208,8.019422,48.08233,27.29489571021111,-0.394387625015014,54.98417904543724
19609,29-08-2026,2,-24.0,test,RPZ,26.01748,-16.08912,32.3675,25.701478703914773,-9.42492196711958,60.82787937494913,21.0634,7.0638027,50.217415,24.268919932150222,-3.901903696362364,52.439743560662805
19609,29-08-2026,3,-21.0,test,MVJ,31.447826,-14.42575,33.903164,24.620312717522147,-18.33358644660717,67.57421188165146,23.199207,8.396374,54.139137,26.522632500862073,-4.703549587944703,57.748814589668854
19609,29-08-2026,4,-22.0,test,FAN,32.24878,-17.795004,32.24878,21.766979813820715,-21.63386936610006,65.1678289937415,22.767273,8.224744,53.140068,25.74571603828769,-5.79914594974224,57.29057802631762
19609,29-08-2026,5,-26.0,test,BSJ,26.787416,-17.573195,29.199886,19.92411831456608,-23.182415145968008,63.03065177510017,19.422583,6.186119,46.766182,22.14470581382413,-7.947168780188175,52.23658040783644
19609,29-08-2026,6,-27.0,test,KIN,27.784302,-19.90694,31.599955,19.825521667018464,-23.573403034766493,63.22444636880342,20.195555,5.9430428,49.453327,22.717026613854372,-8.849065165963054,54.2831183936718
19609,29-08-2026,7,-30.0,test,COR,27.303776,-12.697777,27.316492,28.64834496595585,12.968985990249765,44.32770394166194,17.924864,3.5581884,46.868683,24.614347242198026,4.483581054300604,44.745113430095444
19609,29-08-2026,8,-22.0,test,GGR,31.69815,-16.54051,31.69815,21.647816046631814,-23.268712502586663,66.56434459585029,21.771704,8.121677,50.39215,25.18500291544209,-6.077026071169854,56.447031902054036
19609,29-08-2026,9,-22.0,test,HMG,32.637096,-16.339924,32.637096,21.582293282527225,-23.441966812807102,66.60655337786156,21.888422,8.129967,50.752525,25.52948985510487,-5.965002691150161,57.0239824013599
19609,29-08-2026,10,-22.0,test,BHL,31.513992,-15.428472,32.133858,22.779106056955087,-21.515093001165283,67.07330511507546,21.172176,7.634693,49.490463,25.283101718231134,-5.574178627241142,56.14038206370341
19609,29-08-2026,11,-21.0,test,MDL,33.061512,-10.200781,33.061512,36.00926786171609,19.65074658586414,52.36778913756804,19.607111,7.270956,45.467056,29.52905625533308,9.470199641928911,49.58791286873725
19609,29-08-2026,12,-38.0,test,BJNR,4.9374247,-33.21637,16.699804,6.258767323553453,-35.65972342375942,48.17725807086633,11.424489,-3.2063913,40.103054,7.51709787566888,-23.226651435021445,38.26084718635921
19609,29-08-2026,13,-43.0,test,NSD,-0.7785746,-39.447865,13.839481,2.794571743431442,-37.88905711064992,43.4782005975128,7.270535,-5.5306497,31.562746,3.040225576404256,-26.819480587466558,32.89993174027507
19609,29-08-2026,14,-21.0,test,AII,33.301125,-17.480772,35.064587,43.91800819242688,30.95299085985282,56.88302552500093,19.593174,7.4279957,45.110348,32.135274927067584,11.609578068652901,52.66097178548227
19609,29-08-2026,15,-19.0,test,KSG,30.572357,-17.674906,35.83091,29.3650652338968,-10.286012760526102,69.01614322831969,21.579372,8.201483,49.612923,27.19574221668934,-3.111299159302,57.50278359268068
19609,29-08-2026,16,-29.0,test,FL,22.716927,-22.956867,28.148497,23.557042481099607,-14.229639182429558,61.34372414462877,17.026278,2.4057865,46.424282,21.092883377954543,-8.605352990549303,50.79111974645839
19609,29-08-2026,17,-33.0,test,JOB,20.096863,-27.72883,22.75591,18.8398269831933,-20.480535922209068,58.16018988859567,14.882143,2.1019163,40.472725,17.960882866436805,-11.152584118287379,47.07434985116099
19609,29-08-2026,18,-26.0,test,JP,24.16168,-19.922638,28.155657,23.36965186103781,-15.393270889309072,62.13257461138469,17.534119,4.8886023,43.276512,21.704442345701853,-6.785489096745213,50.19437378814892
19609,29-08-2026,19,-25.0,test,GADJ,27.811457,-20.09538,27.811457,24.30427836330334,-14.139527544938524,62.7480842715452,17.705568,5.8446865,42.10449,23.329718892441,-4.650252975248883,51.309690760130884
19609,29-08-2026,20,-26.0,test,DO,24.223719,-20.913023,27.122421,21.80629195872063,-19.44458392232601,63.05716783976728,16.67499,5.021635,40.423985,20.94067877481347,-7.855017853730651,49.73637540335759
19609,29-08-2026,21,-36.0,test,BKI,12.992855,-32.68516,20.037357,14.88288694449126,-26.768180721978663,56.53395461096119,10.92184,-2.3225784,36.48531,12.908124034766557,-17.47241746679135,43.288665536324466
19609,29-08-2026,22,-35.0,test,RHG,11.159238,-29.36516,21.831154,14.329544254828114,-26.143501591791317,54.80259010144754,10.849488,-0.2090931,32.31368,12.069403235503684,-16.539750922458836,40.67855739346621
19609,29-08-2026,23,-27.0,test,AWR,21.588356,-22.183023,21.588356,20.376724754255537,-27.20330389480345,67.95675340331452,15.535841,4.0723886,38.62336,19.188262226808952,-10.803910292132965,49.18043474575087
19609,29-08-2026,24,-25.0,test,RE,24.323639,-20.791983,27.340721,26.71214547063829,-11.407689917933324,64.8319808592099,15.753247,4.4436436,38.47362,22.23672402077641,-5.286458752688262,49.75990679424108
19609,29-08-2026,25,-44.0,test,DEC,-20.542051,-46.71718,-1.5562013,-20.389605255265227,-50.01373357544091,9.234523064910451,3.37943,-9.240937,26.037569,-12.53779962460806,-36.885432796355616,11.809833547139494
19609,29-08-2026,26,-40.0,test,DLI,-19.89482,-39.43944,0.39744738,-16.518705947956498,-39.16355982419002,6.126147928277028,5.9414945,-5.9719825,27.891953,-10.223523240882164,-31.009902945445113,10.562856463680783
19609,29-08-2026,27,-41.0,test,DSA,-19.988737,-45.883183,-6.510476,-23.87364461910447,-49.43186799494573,1.6845787567367871,5.3070903,-6.2142444,26.178919,-12.817693776284099,-34.24012906352597,8.60474151095777
19609,29-08-2026,28,-42.0,test,BTU,-27.592731,-49.808872,-12.462052,-34.37619671340735,-61.95891135402877,-6.793482072785938,2.8058038,-6.70676,19.094236,-19.651019802508934,-40.231849276957746,0.9298096719398821
19609,29-08-2026,29,-40.0,test,KQL,-25.174719,-45.907852,-10.738869,-34.66701712473686,-67.60023813827931,-1.7337961111944011,3.5839555,-5.814992,19.770039,-18.644072565193227,-40.58490978538686,3.296764655000409
19609,29-08-2026,30,-34.0,test,SMQL,-19.18988,-42.20005,-8.263355,-32.23012956842551,-63.43123953706964,-1.0290195997813854,7.0891747,-2.4301705,24.261543,-14.617744727336277,-35.94553428623284,6.710044831560285
19609,29-08-2026,31,-19.0,test,RPMN,-10.547915,-32.02961,-3.0283165,-24.759665861228456,-50.9557746088815,1.4364428864245866,14.048317,4.1152725,33.565884,-6.909826398079173,-26.13851924074514,12.318866444586796
19609,29-08-2026,32,-19.0,test,TPZ,-5.00631,-25.716564,5.805996,-10.737146864966572,-38.35258101714459,16.878287287211446,13.335415,3.6211205,32.220528,-0.7379114582117285,-20.754692169468775,19.278869253045315
19609,29-08-2026,33,-19.0,test,RK,-2.900336,-23.414877,13.998547,-3.875857978293258,-38.25763018369939,30.50591422711287,12.719154,3.229846,30.978157,1.9824541377773341,-21.23204850313758,25.19695677869225
19609,29-08-2026,34,-28.0,test,HW,-12.534665,-28.171675,-2.9261944,-12.395981077636176,-24.38425161095984,-0.4077105443125148,8.031897,-2.0678062,26.063402,-5.650552218599128,-19.195368673136237,7.894264235937979
19609,29-08-2026,35,-29.0,test,MOTC,-7.915972,-26.120003,-1.9427193,-7.170613689539348,-14.34070493025932,-0.0005224488193755,7.5318522,-1.3237491,23.336382,-2.540307142031762,-13.667202249603422,8.586587965539897
19609,29-08-2026,36,-25.0,test,RWL,-5.3303294,-21.489378,0.10728556,-1.0971391038183924,-6.871454781544521,4.677176573907736,9.386578,0.5238533,25.578054,0.9169099244369923,-9.339145629058944,11.17296547793293
19609,29-08-2026,37,-21.0,test,VRH,-2.5238953,-19.756678,0.40544456,-0.0496406791194488,-2.9153853990831795,2.816104040844282,11.083905,1.9250402,28.14935,2.7923626381206326,-6.430007653152373,12.014732929393638
19609,31-08-2026,1,30.0,test,UDZ,28.147137,-14.603173,28.147137,29.67090910354748,-4.7541047399865874,64.09592294708155,21.01989,8.109645,48.3351,26.263811610695292,-0.11831416295519404,52.64593738434578
19609,31-08-2026,2,26.0,test,RPZ,25.248873,-15.992768,25.248873,25.820084883518508,-9.306315787515846,60.94648555455287,21.083908,7.129534,50.160095,24.046286671448016,-2.785452583609924,50.878025926505956
19609,31-08-2026,3,29.0,test,MVJ,28.77967,-14.188252,28.77967,24.612941425061088,-18.34095773906823,67.5668405891904,22.99884,8.36881,53.568512,25.52552904377571,-4.626810805910171,55.67786889346159
19609,31-08-2026,4,25.0,test,FAN,25.14935,-19.876007,25.14935,20.750013268628724,-22.65083591129205,64.1508624485495,21.747295,6.961749,52.292206,22.611977005120877,-8.088901203258487,53.31285521350024
19609,31-08-2026,5,25.0,test,BSJ,24.960287,-16.961063,24.960287,20.073096153445256,-23.033437307088832,63.179629613979344,21.61556,7.280982,51.37037,22.286069250072934,-7.53250483887329,52.10464333901916
19609,31-08-2026,6,23.0,test,KIN,26.785206,-19.85814,26.785206,19.870847233687098,-23.52807746809786,63.26977193547205,20.417994,6.0055523,50.013184,22.457954889477158,-8.306791465648221,53.22270124460253
19609,31-08-2026,7,17.0,test,COR,23.707762,-18.14196,23.707762,27.571633870236933,11.892274894530848,43.25099284594302,14.941316,1.1300144,42.416077,22.027148425184166,1.9146544898069386,42.139642360561396
19609,31-08-2026,8,21.0,test,GGR,22.247747,-20.868393,22.981874,19.082661415760136,-25.83386713345834,63.99918996497861,18.218695,5.1974382,44.971756,19.89630112632406,-10.128494402773761,49.921096655421884
19609,31-08-2026,9,22.0,test,HMG,23.835009,-18.770744,23.835009,19.217397790428077,-25.806862304906254,64.24165788576241,18.473484,5.4947414,45.17486,20.57622093807831,-9.241005061679076,50.3934469378357
19609,31-08-2026,10,24.0,test,BHL,24.752483,-16.899988,24.752483,21.17352346100752,-23.12067559711285,65.46772251912789,19.00066,6.048065,45.781235,21.6958302888614,-7.711588579904561,51.10324915762736
19609,31-08-2026,11,24.0,test,MDL,25.641272,-11.419057,25.641272,34.18657656507566,17.828055289223713,50.54509784092761,18.142538,5.7588034,43.740685,25.878369352618048,6.989517903737422,44.767220801498674
19609,31-08-2026,12,4.0,test,BJNR,-3.3510773,-36.867317,7.8365617,3.2822383741656456,-38.63625237314723,45.20072912147852,5.19241,-9.190756,32.494434,1.610117722636835,-27.898169457760506,31.11840490303418
19609,31-08-2026,13,3.0,test,NSD,-5.846391,-41.95469,7.211196,1.2724850308682176,-39.411143823213145,41.95611388494958,4.2206016,-8.624651,28.231405,-0.223348835601054,-29.28895462877152,28.84225695756941
19609,31-08-2026,14,29.0,test,AII,29.151306,-17.174559,29.151306,43.8756519583421,30.910634625768044,56.84066929091615,20.044897,7.584215,46.18744,30.828462396735716,11.277786843019243,50.37913795045219
19609,31-08-2026,15,22.0,test,KSG,22.011541,-21.56405,22.011541,26.220103844577874,-13.430974149845024,65.87118183900077,17.330523,2.6224318,47.13965,21.799769913788122,-7.236077484301202,50.83561731187744
19609,31-08-2026,16,26.0,test,FL,23.09486,-18.763655,23.09486,25.31597994339567,-12.470701720133494,63.10266160692484,19.576403,6.686105,46.25144,22.634565693382193,-4.597495590118832,49.86662697688322
19609,31-08-2026,17,21.0,test,JOB,21.443708,-22.653341,21.443708,20.44758236308438,-18.87278054231799,59.76794526848675,16.799105,4.330656,42.101185,19.580713565212754,-8.261425062491217,47.42285219291672
19609,31-08-2026,18,21.0,test,JP,22.007605,-21.378864,22.007605,22.345995594453274,-16.416927155893607,61.10891834480016,15.865213,3.8474112,40.128258,20.07298274671346,-7.192237216642663,47.33820271006958
19609,31-08-2026,19,22.0,test,GADJ,25.627115,-21.395111,25.627115,23.143942432464858,-15.299863475777006,61.587748340706725,15.918569,4.4139957,39.305885,21.60477637051672,-5.974812044596888,49.18436478563033
19609,31-08-2026,20,21.0,test,DO,22.35565,-22.755014,22.35565,20.648056874956623,-20.602819006090023,61.89893275600327,15.012118,3.4845028,38.19853,19.36770322378394,-8.773689824503364,47.50909627207125
19609,31-08-2026,21,13.0,test,BKI,7.4655457,-34.686172,7.4655457,14.471419717834586,-27.179647948635346,56.12248738430451,9.94045,-2.8528557,34.39457,10.52758447850761,-17.6500627330126,38.705231690027816
19609,31-08-2026,22,12.0,test,RHG,4.675447,-32.94713,6.7976823,13.269434361945711,-27.203611484673715,53.74248020856514,8.393487,-2.8071785,29.65181,8.658448821475574,-17.848294865499533,35.16519250845068
19609,31-08-2026,23,5.0,test,AWR,0.37029165,-39.632217,7.286052,13.810141464181688,-33.7698871848773,61.39017011324068,3.3359873,-7.136752,22.383596,5.651746269968969,-24.036772211154087,35.34026475109202
19609,31-08-2026,24,23.0,test,RE,23.736235,-22.112917,23.736235,25.845897592140417,-12.273937796431198,63.96573298071203,14.507419,3.552927,36.30899,21.341234936633136,-5.542502110879688,48.22497198414596
19609,31-08-2026,25,-63.0,test,DEC,-47.11905,-68.43811,-9.374051,-45.96625938275204,-75.59038770292773,-16.342131062576364,-48.921154,-59.560547,-33.16991,-47.349959968248825,-72.68476583036193,-22.015154106135732
19609,31-08-2026,26,-76.0,test,DLI,-37.269863,-56.082916,-7.3889284,-48.34121050873714,-70.98606438497066,-25.696356632503612,-61.278465,-74.46188,-41.763092,-48.79259158796995,-70.99302235793158,-26.592160818008317
19609,31-08-2026,27,-83.0,test,DSA,-51.188004,-59.288383,-13.463489,-58.26849060527991,-83.82671398112117,-32.71026722943865,-65.08976,-78.3979,-45.137077,-58.074099222503136,-80.82632525543363,-35.32187318957264
19609,31-08-2026,28,-94.0,test,BTU,-68.621574,-73.25135,-21.417187,-72.76166695573401,-100.34438159635545,-45.1789523151126,-72.70697,-87.59108,-50.266068,-71.3033546223151,-96.54193911696274,-46.06477012766746
19609,31-08-2026,29,-109.0,test,KQL,-70.45078,-80.89969,-20.46658,-78.99131937767976,-111.92454039122222,-46.0580983641373,-82.895615,-99.76215,-57.421818,-77.31895825322353,-106.79898174070281,-47.83893476574424
19609,31-08-2026,30,-105.0,test,SMQL,-67.676674,-75.7883,-19.486408,-77.60669555560855,-108.80780552425269,-46.40558558696443,-80.245415,-96.564606,-55.776962,-75.03011540858932,-102.90336643549503,-47.156864381683626
19609,31-08-2026,31,-98.0,test,RPMN,-67.29371,-71.837395,-21.001188,-72.97136820742098,-99.16747695507402,-46.77525945976794,-71.27675,-85.93311,-49.453857,-70.43283109611758,-94.87620703901598,-45.989455153219176
19609,31-08-2026,32,-74.0,test,TPZ,-51.520092,-51.520092,-5.176972,-50.83530042209375,-78.45073457427176,-23.219866269915727,-53.601627,-65.323906,-36.588406,-51.993496815351975,-74.74057043196485,-29.24642319873909
19609,31-08-2026,33,-54.0,test,RK,-31.607708,-41.278217,-0.36680496,-35.72512508051639,-70.10689728592251,-1.3433528751102628,-39.21415,-49.142536,-25.570114,-35.45323093559465,-58.57743241264676,-12.329029458542536
19609,31-08-2026,34,-42.0,test,HW,-32.0013,-44.990944,-15.069484,-36.30842222220571,-48.29669275552936,-24.32015168888205,-30.015982,-38.493637,-18.808605,-32.71753192258107,-45.64158636418837,-19.793477480973763
19609,31-08-2026,35,-29.0,test,MOTC,-25.04975,-33.929268,-12.537235,-27.04478038827835,-34.214871628998324,-19.874689147558374,-22.155071,-29.64532,-12.827713,-24.724650090344575,-33.97360973863511,-15.475690442054036
19609,31-08-2026,36,-21.0,test,RWL,-19.622318,-31.300066,-10.038199,-18.35948458878533,-24.133800266511464,-12.585168911059206,-18.096329,-25.289286,-9.515571,-18.711241024720238,-27.285797248188395,-10.136684801252079
19609,31-08-2026,37,-18.0,test,VRH,-18.435364,-31.439749,-10.104549,-16.958996968057203,-19.824741688020936,-14.093252248093473,-15.842647,-23.075844,-7.3490276,-17.10128496901425,-24.705036246989472,-9.497533691039031
19611,29-08-2026,0,13.0,test,AII,0.9200616,-23.053686,7.5834417,-1.9467532457502,-15.10079729943084,11.20729080793044,-2.800574,-18.122652,24.875835,-1.233492200072745,-18.749926271999414,16.28294187185392
19611,29-08-2026,1,14.0,test,KSG,-1.7311641,-22.771633,6.5915895,-1.952490880765364,-14.220439272081396,10.315457510550669,-2.2368853,-18.028336,26.222586,-1.970083506279051,-19.17520934971656,15.23504233715846
19611,29-08-2026,2,2.0,test,FL,-9.109177,-30.167902,3.5180676,-9.154666191339665,-22.14122885758635,3.831896474907017,-10.541791,-27.76022,18.923042,-9.600156963393255,-28.260526282253274,9.060212355466762
19611,29-08-2026,3,-1.0,test,JP,-8.717218,-28.837595,2.4656317,-7.651229829026098,-20.24639099607516,4.943931338022958,-14.2890625,-29.225403,10.012356,-10.229565742088282,-27.023485044083735,6.564353559907174
19611,29-08-2026,4,0.0,test,GADJ,-7.3751373,-29.12255,5.224832,-7.1242004193111,-19.56621056671465,5.317809728092454,-14.34336,-29.753231,10.676499,-9.612353655067668,-27.118921269050336,7.8942139589149996
19611,29-08-2026,5,0.0,test,GTJT,-9.025706,-31.352907,3.041475,-7.691236618713939,-19.814762032127973,4.432288794700096,-14.248768,-28.829243,9.419006,-10.336257422186804,-27.363653224295604,6.691138379921995
19611,29-08-2026,6,-2.0,test,DO,-8.55999,-31.992687,2.1543047,-10.250639440365662,-20.6028971580301,0.1016182772987761,-15.924373,-30.297705,6.8283796,-11.549456236813235,-27.741373623511258,4.642461149884788
19611,29-08-2026,7,-14.0,test,BKI,-25.613852,-42.58726,0.049854778,-16.951067402438657,-27.310700220982227,-6.591434583895088,-26.851368,-42.799915,-2.2400818,-23.256925762032274,-41.60131194502925,-4.9125395790353
19611,29-08-2026,8,-13.0,test,BU,-22.005331,-38.81946,-3.9953942,-16.825012688435134,-26.807761420009903,-6.842263956860364,-25.980928,-40.636284,-3.8844585,-21.67194399819605,-37.79817009737235,-5.545717899019753
19611,29-08-2026,9,-13.0,test,RHG,-22.840626,-38.083794,0.41632164,-17.247433532433977,-27.860526090147907,-6.634340974720045,-24.679567,-38.89827,-3.4835072,-21.664706546822934,-38.440323936753124,-4.889089156892744
19611,29-08-2026,10,-12.0,test,AWR,-20.259102,-38.895786,-0.980411,-18.775196274596592,-28.742250029431418,-8.808142519761766,-25.470774,-39.62134,-4.4037266,-21.51810804005872,-37.935731405407836,-5.100484674709609
19611,29-08-2026,11,-16.0,test,KRH,-27.064713,-46.10486,-1.2329177,-22.30711170917764,-35.244936631695964,-9.369286786659314,-29.222399,-42.854908,-9.923529,-26.26183946541215,-44.547579089804195,-7.976099841020108
19611,29-08-2026,12,10.0,test,RE,-0.71470094,-23.634628,5.582264,-5.545299180318029,-18.13383494291474,7.043236582278682,-8.098449,-22.213451,15.428039,-4.714083980733546,-20.846067348991525,11.41789938752443
19611,29-08-2026,13,0.0,test,CKD,-12.641386,-31.185133,1.2457032,-12.521952304241973,-25.85572823575923,0.8118236272752863,-17.11642,-31.465004,5.5294285,-14.09147249033542,-30.9474862136314,2.7645412329605605
19611,29-08-2026,14,-3.0,test,BNW,-17.488188,-35.606014,-5.421135,-21.270998469511756,-35.12255290968653,-7.419444029336971,-19.921942,-33.307423,0.53393936,-19.506502766479258,-35.575585677539685,-3.437419855418831
19611,29-08-2026,15,-10.0,test,HSR,-20.313192,-37.058163,-2.5009906,-17.28825128117196,-29.219557811388825,-5.356944750955096,-25.092564,-36.858925,-8.763256,-20.935938923794758,-36.1559368721335,-5.715940975456014
19611,29-08-2026,16,4.0,test,SSA,-12.596817,-30.63226,1.7673719,-12.2531448494167,-25.06935937531874,0.5630696764853393,-11.251466,-20.744549,2.6969795,-12.039563539211674,-26.349887769573286,2.2707606911499383
19611,29-08-2026,17,2.0,test,KNL,-12.0589695,-31.869349,-2.384772,-14.791659930249113,-32.191953298810354,2.6086334383121272,-12.78419,-21.406952,-0.8362074,-13.17347846780217,-27.98846764320551,1.6415107076011708
19611,29-08-2026,18,14.0,test,BTI,-1.5000392,-21.579288,5.576701,-1.171759181331495,-14.85272956301733,12.50921120035434,-2.9123292,-11.027554,9.923161,-1.864809476635208,-15.072827135374041,11.343208182103623
19611,29-08-2026,19,9.0,test,GJUT,-6.8694577,-23.828413,2.2218232,-7.60370848672265,-23.192590875984077,7.985173902538773,-7.493069,-17.499773,7.6376767,-7.3115058199236,-21.68881294291564,7.06580130306844
19611,29-08-2026,20,5.0,test,KKP,-8.715167,-27.644516,1.0037979,-10.40813281221105,-27.35291761598216,6.53665199156006,-11.190522,-21.325066,3.4679585,-10.07943657028219,-25.326059234338054,5.167186093773674
19611,29-08-2026,21,1.0,test,FDK,-13.071437,-32.11588,-2.8767543,-14.486721181910903,-27.397012747079483,-1.5764296167423275,-14.478569,-24.364483,-0.82780075,-13.991706663516382,-27.773041571649426,-0.2103717553833384
19611,29-08-2026,22,13.0,test,FZR,-3.2862573,-22.478266,3.9313517,-3.9615719075744846,-16.506212068336318,8.58306825318735,-5.413686,-14.17648,7.6534014,-4.20959274375318,-17.053498864504167,8.63431337699781
19611,29-08-2026,23,9.0,test,TWB,-5.122281,-24.549868,1.8154341,-10.380398107296031,-29.46148624952673,8.70069003493467,-8.058771,-18.108105,6.8031282,-7.779273966969862,-23.34647618011498,7.787928246175255
19611,29-08-2026,24,14.0,test,MOGA,-3.1847801,-23.113316,5.038347,-6.031389854099063,-24.624597472475696,12.561817764277569,-4.6430116,-13.770752,9.31739,-4.5794722355254756,-19.99087617495006,10.83193170389911
19611,29-08-2026,25,10.0,test,JGN,-4.2744575,-24.299969,2.6005242,-8.63513750314392,-26.160764289291823,8.890489283003987,-7.658967,-17.809244,7.4238024,-6.793641351481674,-21.992813114013174,8.405530411049828
19611,29-08-2026,26,-25.0,test,LDH,-39.18533,-52.164974,-11.1267605,-28.66059014657205,-60.70791588471927,3.38673559157516,-34.345806,-44.785435,-20.551025,-34.21232076312151,-56.69190713254285,-11.732734393700174
19611,29-08-2026,27,-45.0,test,PGW,-48.236828,-56.352425,-16.411272,-45.43715293237739,-79.89539006260537,-10.978915802149396,-46.98198,-58.731,-30.415438,-46.92477438251927,-70.72559097265398,-23.12395779238456
19611,29-08-2026,28,-45.0,test,JUC,-48.61849,-53.01176,-9.253742,-40.1739969291708,-75.92012527918476,-4.427868579156829,-44.827835,-56.143105,-28.959457,-44.65911465872719,-69.39150539440217,-19.926723923052215
19611,29-08-2026,29,-41.0,test,BEAS,-45.98519,-53.419407,-9.08357,-40.13314210621383,-73.5520111263177,-6.714273086109976,-39.56271,-50.03578,-25.183437,-41.979055777117956,-65.62898355582531,-18.3291279984106
19613,31-08-2026,1,12.0,test,AII,-14.201079,-21.94796,1.0216286,-13.146969693459036,-21.597225255570187,-4.69671413134788,-15.458331,-24.497993,-0.5500593,-14.282325272688452,-25.493898148092224,-3.0707523972846786
19613,31-08-2026,2,13.0,test,KSG,-14.510573,-22.81546,0.2592753,-13.858019313864194,-25.060661692554824,-2.655376935173564,-14.084478,-27.226677,7.2296276,-14.160321654396792,-28.1494410789099,-0.17120222988368639
19613,31-08-2026,3,12.0,test,FL,-14.444482,-21.689674,0.3291693,-14.37461405884662,-26.055818422729786,-2.6934096949634547,-16.825724,-29.731579,3.8261185,-15.214079535280685,-29.014064135425905,-1.4140949351354646
19613,31-08-2026,4,13.0,test,JP,-14.255925,-22.185291,0.8718064,-13.712026376955404,-24.44799627182397,-2.976056482086838,-16.322231,-29.268593,4.3623734,-14.769292226984117,-28.454489829297124,-1.0840946246711098
19613,31-08-2026,5,10.0,test,GADJ,-16.085867,-22.93464,0.23629132,-14.214327475048911,-24.55275214104499,-3.875902809052837,-18.716724,-30.61331,-0.22909355,-16.362693682755538,-29.368400567910975,-3.356986797600099
19613,31-08-2026,6,9.0,test,GTJT,-16.416037,-23.687376,-1.1789912,-15.509068315753636,-25.359273243764587,-5.658863387742684,-19.208834,-30.379574,-2.2072926,-17.05498099416501,-29.389664642192855,-4.720297346137166
19613,31-08-2026,7,6.0,test,DO,-20.234694,-25.863813,-6.0395427,-20.770042574821677,-32.33093211045488,-9.209153039188465,-21.197578,-32.04325,-5.51068,-20.726007635409406,-32.85826937908454,-8.59374589173427
19613,31-08-2026,8,-12.0,test,BKI,-35.664246,-44.46797,-13.157646,-31.265009247576867,-40.01102731595182,-22.51899117920191,-40.555233,-52.997375,-23.084093,-35.88490989020298,-49.76045597888724,-22.00936380151872
19613,31-08-2026,9,-17.0,test,BU,-37.52366,-47.984085,-16.539482,-35.89072617796741,-51.42773369408282,-20.353718661852,-41.749653,-53.177013,-25.639118,-38.40723324948242,-54.17136672413851,-22.643099774826325
19613,31-08-2026,10,-17.0,test,RHG,-38.767487,-48.89453,-14.991795,-36.50949940110083,-53.79938397679436,-19.219614825407305,-40.98842,-51.632404,-25.893599,-38.78448333102804,-55.271603158140834,-22.29736350391525
19613,31-08-2026,11,-17.0,test,AWR,-38.863705,-48.56085,-13.742989,-36.056115700018566,-53.62401667234583,-18.4882147276913,-39.822056,-50.253357,-25.084593,-38.28516249957211,-54.93316638023806,-21.637158618906156
19613,31-08-2026,12,-18.0,test,KRH,-41.1822,-48.698425,-17.154541,-37.65852305276193,-52.15267389617928,-23.164372209344577,-39.159355,-49.265594,-24.798573,-39.383355504154196,-54.279505681827594,-24.487205326480797
19613,31-08-2026,13,3.0,test,RE,-23.07387,-27.257092,-3.9366472,-19.986240860055847,-28.76960261223677,-11.202879107874924,-24.259338,-33.855,-11.273185,-22.481363289829314,-33.630265371721755,-11.332461207936873
19613,31-08-2026,14,-2.0,test,CKD,-24.879297,-31.69284,-9.745964,-25.44820608314656,-37.29653916501782,-13.599873001275306,-27.858267,-37.767162,-14.6285715,-26.051822821248642,-38.075586628827985,-14.0280590136693
19613,31-08-2026,15,-2.0,test,BNW,-26.517147,-34.318466,-11.442322,-27.270601863671875,-38.13791089209028,-16.403292835253477,-28.493362,-38.483135,-15.136196,-27.415165878776573,-39.31581467782783,-15.514517079725316
19613,31-08-2026,16,3.0,test,HSR,-22.41986,-28.007372,-5.3220477,-21.42113037216526,-32.24298951895942,-10.5992712253711,-24.33755,-33.666466,-12.092728,-22.73844562422572,-34.27939741257408,-11.19749383587736
19613,31-08-2026,17,8.0,test,JHL,-20.251682,-25.924341,-4.4551888,-17.456785976190083,-28.22281324316397,-6.690758709216196,-20.496693,-29.563808,-8.634521,-19.43996161652536,-30.62756071993185,-8.252362513118868
19613,31-08-2026,18,-11.0,test,SAG,-35.35088,-39.797752,-14.413033,-34.037027638059946,-43.76372875912527,-24.310326516994625,-34.970596,-45.370247,-20.909992,-34.80452364529382,-46.974926084984304,-22.634121205603336
19613,31-08-2026,19,9.0,test,DUI,-17.949316,-24.438755,-3.0655317,-17.845919839739018,-31.877361444802983,-3.814478234675049,-20.233553,-29.726192,-7.6422806,-18.675937649518826,-31.143365894110076,-6.208509404927577
19613,31-08-2026,20,7.0,test,MET,-21.626028,-27.14804,-4.3606496,-20.21891864824243,-30.961974997259645,-9.475862299225216,-21.216213,-29.915565,-10.299267,-21.040047145536143,-32.23142888862746,-9.848665402444823
19613,31-08-2026,21,12.0,test,LDH,-15.412205,-22.742008,1.6418247,-12.534054835934295,-21.178931639785365,-3.889178032083226,-18.381443,-27.016224,-7.745964,-15.479870163487874,-26.198305283916568,-4.761435043059182
19613,31-08-2026,22,3.0,test,PGW,-25.284737,-33.102196,-6.088778,-25.04058704155787,-31.98571367840025,-18.09546040471549,-25.17017,-34.906204,-12.972749,-25.168609261341036,-36.26187604256321,-14.075342480118861
19613,31-08-2026,23,13.0,test,JUC,-15.446618,-23.558203,-4.0505185,-12.858758724981358,-17.56184358676215,-8.155673863200564,-17.488392,-25.731586,-7.586154,-15.298610057246702,-23.607450238683068,-6.989769875810335
19613,31-08-2026,24,11.0,test,BEAS,-16.27805,-22.732906,-4.166548,-14.134503160581971,-20.551041472164005,-7.717964848999938,-19.45136,-28.069208,-9.043321,-16.64835037312373,-25.513983038827874,-7.782717707419584
19943,28-08-2026,1,-16.529999999999973,test,UDZ,-18.481363,-38.46935,4.9696817,-15.520553328759412,-35.60582862386669,4.564721966347868,-14.043558,-24.083805,-0.61219597,-16.05926199589498,-34.83008128954302,2.711557297753057
19943,28-08-2026,2,-16.19999999999999,test,KRCD,-14.308847,-28.37099,2.7847505,-12.541583697908385,-31.992240828354426,6.909073432537657,-8.801437,-17.291634,2.758154,-11.912467032011602,-27.62971200392991,3.8047779399067068
19943,28-08-2026,3,-24.5,test,ZW,-14.147952,-33.51857,3.2402442,-12.56399502679852,-32.209573159116765,7.081583105519725,-12.062073,-21.253176,0.31280804,-12.948047350297463,-30.018659701623683,4.122565001028759
19943,28-08-2026,4,1.8400000000000036,test,JYM,-11.610498,-26.019665,1.8044817,-18.74162066897937,-40.52460542851546,3.041364090556719,-28.166666,-38.12984,-15.173523,-19.395549629002197,-35.794497048764725,-2.996602209239665
19943,28-08-2026,5,7.450000000000017,test,DNRP,-18.70502,-36.865234,7.3088207,-15.211258990158012,-36.941779394199386,6.519261413883358,-17.975468,-26.633902,-6.9514456,-17.34584472611762,-36.14139690789609,1.4497074556608496
19943,28-08-2026,6,-8.960000000000008,test,HMT,-18.047447,-32.420235,-0.22711459,-19.37998185628121,-40.96537028692997,2.2054065743675477,-25.131657,-34.345387,-13.456899,-20.829288909486703,-37.59875269342274,-4.059825125550663
19943,28-08-2026,7,32.379999999999995,test,SDGM,-15.815506,-35.665207,2.57388,-13.398465698208618,-34.92493940536326,8.12800800894603,-13.82894,-21.607616,-4.0313168,-14.38238984109925,-31.657895574464074,2.8931158922655733
19943,28-08-2026,8,-6.350000000000001,test,ASV,-17.477932,-32.02732,0.27639067,-17.60669332373628,-39.176490486249406,3.963103838776849,-27.101185,-37.625538,-13.324503,-20.719473299702727,-38.09972677521047,-3.339219824194984
19943,28-08-2026,9,-13.0,test,ADI,-14.552562,-26.068813,0.97273606,-11.254441530682069,-24.24028904335282,1.7314059819886864,-28.357706,-38.44008,-15.48377,-18.089693001643223,-31.393728019134493,-4.7856579841519515
19943,29-08-2026,1,-16.19999999999999,test,UDZ,-12.536502,-26.709019,5.390921,-12.25918963095916,-32.34446492606644,7.826085664148119,-8.584073,-17.408325,4.095869,-11.133423902623104,-27.489990050888434,5.223142245642226
19943,29-08-2026,2,-24.5,test,KRCD,-17.394304,-33.861187,2.7709403,-13.855432426334955,-33.306089556781,5.595224704111082,-12.2153,-22.068506,1.1014748,-14.54096433380662,-31.803088263014377,2.7211595954011365
19943,29-08-2026,3,1.839999999999975,test,ZW,-11.018996,-29.75496,1.7461023,-20.04783813956533,-39.69341627188358,-0.4022600072470865,-28.010496,-37.900055,-15.12279,-19.555305653806844,-35.87723493069569,-3.2333763769179917
19943,29-08-2026,4,7.449999999999989,test,JYM,-18.693262,-37.040516,8.303801,-16.694140161640778,-38.47712492117687,5.08884459789531,-17.956121,-26.929485,-6.438113,-17.809225246039166,-36.977331317009906,1.3588808249315747
19943,29-08-2026,5,-8.95999999999998,test,DNRP,-17.207123,-32.90381,0.86385864,-19.159424258363725,-40.8899446624051,2.5710961456776467,-26.19478,-35.876663,-13.680713,-20.820058781079602,-38.15404843456275,-3.486069127596455
19943,29-08-2026,6,32.370000000000005,test,HMT,-14.362668,-35.45214,3.0646946,-12.960979772430264,-34.54636820307902,8.624408658218492,-13.547351,-21.40282,-3.5693235,-13.64356243749775,-31.034466307460725,3.7473414324652268
19943,29-08-2026,7,-6.340000000000003,test,SDGM,-19.014061,-32.44282,0.5938151,-19.31914678414345,-40.8456204912981,2.2073269230111947,-25.705647,-35.464577,-13.037294,-21.336972494604893,-38.5093806529684,-4.164564336241384
19943,29-08-2026,8,-38.32,test,ASV,-18.901772,-30.997625,0.67983127,-20.67165568428306,-42.24145284679619,0.8981414782300696,-26.20495,-34.853485,-15.220677,-21.896205355193963,-38.34702684931804,-5.445383861069882
19943,29-08-2026,9,-4.75,test,ADI,-10.374686,-24.362925,4.774712,-11.119546355838883,-24.10539386850964,1.8663011568318684,-22.961945,-31.641031,-12.085844,-14.798857705779845,-27.891849469321453,-1.705865942238237
19943,30-08-2026,1,-24.5,test,UDZ,-15.209723,-33.408615,5.377111,-13.988644208992666,-34.07391950409995,6.096631086114615,-11.757195,-20.817398,0.57706547,-13.671283845386457,-31.22964976124633,3.887082070473417
19943,30-08-2026,2,1.840000000000032,test,KRCD,-11.696386,-27.03324,0.617568,-21.79337167834467,-41.24402880879071,-2.3427145478986304,-27.236855,-37.199707,-14.224943,-20.09148969301129,-35.67936011337614,-4.5036192726464375
19943,30-08-2026,3,7.449999999999989,test,ZW,-19.521658,-36.947,7.1837897,-17.227132770836796,-36.87271090315504,2.4184453614814494,-17.789074,-26.683762,-6.4086275,-18.21216209159502,-36.40366457639962,-0.02065960679042078
19943,30-08-2026,4,-8.950000000000017,test,JYM,-15.913741,-26.827742,2.3774574,-18.976143573563693,-40.75912833309978,2.806841185972395,-26.178562,-36.06435,-13.42217,-20.306191692391746,-36.90249917578069,-3.709884209002798
19943,30-08-2026,5,32.370000000000005,test,DNRP,-14.16514,-35.454094,3.525591,-12.805399188098606,-34.535919592139976,8.925121215942765,-13.525833,-21.90992,-2.5743952,-13.517975539725615,-31.304357951202064,4.268406871750834
19943,30-08-2026,6,-6.340000000000003,test,HMT,-17.457312,-32.295277,1.1126776,-18.877004492482406,-40.46239292313116,2.708383938166349,-25.64829,-35.43454,-12.960008,-20.63508429952978,-37.90332204361271,-3.3668465554468483
19943,30-08-2026,7,-38.31,test,SDGM,-20.70764,-31.436394,0.79869163,-21.106715180922485,-42.63318888807713,0.4197585262321617,-26.006645,-34.683838,-15.006319,-22.597460337303964,-39.143384858541026,-6.051535816066906
19943,30-08-2026,8,-4.760000000000005,test,ASV,-17.17286,-29.751549,6.1060343,-19.52789832670989,-41.09769548922302,2.041898835803238,-22.1407,-30.209623,-12.071523,-19.57763929984626,-36.530862031719984,-2.6244165679725384
19943,30-08-2026,9,-13.0,test,ADI,-14.965929,-22.592648,3.8272645,-8.794523647675298,-21.78037116034605,4.191323864995455,-18.59365,-27.084343,-8.03237,-14.200114074817883,-26.708934459706086,-1.6912936899296778
19943,31-08-2026,1,1.840000000000032,test,UDZ,-18.0745,-28.800722,0.7694625,-22.490553460058237,-42.57582875516552,-2.4052781649509534,-26.004887,-35.36071,-14.1490555,-22.12319618608317,-37.966701312327515,-6.279691059838823
19943,31-08-2026,2,7.460000000000036,test,KRCD,-21.303028,-37.751167,4.1415133,-17.635712565578732,-37.086369696024775,1.8149445648673077,-16.690254,-24.762245,-6.6802187,-18.59695005259713,-35.931407256602824,-1.2624928485914388
19943,31-08-2026,3,-8.960000000000036,test,ZW,-15.956196,-30.578611,0.3657972,-19.47193863346373,-39.11751676578197,0.1736394988545164,-26.164156,-36.059566,-13.290077,-20.47461662593691,-36.69353202719752,-4.255701224676301
19943,31-08-2026,4,32.379999999999995,test,JYM,-14.001955,-35.21701,3.162473,-14.332953956893762,-36.11593871642985,7.450030802642326,-13.402806,-22.394772,-1.4516373,-13.90847877321741,-31.883543617337814,4.066586070902993
19943,31-08-2026,5,-6.349999999999994,test,DNRP,-17.768616,-32.91832,-0.66923493,-18.38035891927756,-40.110879323318926,3.350161484763813,-25.727928,-35.67353,-12.776036,-20.611135924654516,-37.79029029684703,-3.4319815524619983
19943,31-08-2026,6,-38.32000000000001,test,HMT,-20.110691,-31.721428,0.07514451,-20.63516170322601,-42.22055013387477,0.9502267274227448,-25.235798,-33.567177,-14.701653,-21.982752702528845,-38.32659243572495,-5.638912969332747
19943,31-08-2026,7,-4.75,test,SDGM,-17.563047,-29.615467,5.116117,-18.883249808578157,-40.4097235157328,2.643223898576494,-21.51268,-29.204372,-11.925034,-19.298486067160855,-35.881602462171,-2.715369672150704
19943,31-08-2026,8,-22.160000000000004,test,ASV,-22.605734,-39.82298,3.3710222,-16.76885831231071,-38.33865547482384,4.800938850202421,-17.932667,-25.772654,-8.27597,-19.186248308177852,-37.36725793939617,-1.0052386769595323
19943,31-08-2026,9,-11.08,test,ADI,-14.700607,-28.613848,1.5922983,-11.258877287429897,-24.24472480010065,1.7269702252408583,-30.05264,-39.993378,-17.141815,-18.70628945007116,-32.5699546958402,-4.842624204302117
20993,28-08-2026,1,-31.0,test,JP,-15.043294,-27.774237,0.7367423,-12.863241092676711,-27.77794697910512,2.0514647937516948,-16.019955,-24.879642,-3.4004889,-14.671391259658026,-28.633117705926914,-0.7096648133891392
20993,28-08-2026,2,-36.0,test,KKU,-17.426594,-32.4783,-2.7714596,-18.07562171163026,-33.2787362640972,-2.8725071591633213,-19.238876,-30.568989,-3.2671003,-18.236720698812594,-33.53025544146514,-2.943185956160052
20993,28-08-2026,3,-38.0,test,FL,-21.068064,-36.35082,-4.940788,-21.043506190923026,-35.371663341019186,-6.715349040826865,-21.486477,-32.655834,-6.120036,-21.19936672714876,-36.376576851189526,-6.022156603107993
20993,28-08-2026,4,-39.0,test,KSG,-22.919733,-35.50174,-5.9209714,-21.36690439655057,-35.942781115254625,-6.791027677846516,-23.201021,-32.833565,-10.582528,-22.517021762458285,-36.695184433460724,-8.338859091455841
20993,28-08-2026,5,-41.0,test,AII,-23.471617,-36.037663,-7.8640223,-21.34649118058028,-35.46118080681219,-7.231801554348367,-24.134249,-33.20726,-12.3175125,-23.012831895621474,-36.541588423248214,-9.484075367994736
20993,28-08-2026,6,-42.0,test,NSD,-23.603872,-36.897755,-8.1711855,-22.03589782863504,-36.03580864472006,-8.035987012550006,-27.339087,-37.940887,-13.211379,-24.344987971191433,-38.60662124385139,-10.083354698531473
20993,28-08-2026,7,-46.0,test,BJNR,-27.986176,-38.213627,-14.390856,-29.912062053913218,-45.0328929426412,-14.791231165185236,-27.421743,-36.51112,-15.416216,-28.413945212936653,-41.52158943840407,-15.306300987469237
20993,28-08-2026,8,-61.0,test,BHL,-44.749878,-50.14797,-25.497969,-45.46407828703701,-58.90539818849125,-32.022758385582776,-37.870197,-47.825447,-23.910122,-42.69015928345178,-55.877731900767635,-29.50258666613592
20993,28-08-2026,9,-36.0,test,CNA,-23.86621,-34.069626,-7.6532407,-24.40853755615322,-34.21471492184029,-14.602360190466149,-20.947336,-29.12088,-10.312859,-23.06880338405429,-34.467406545896445,-11.67020022221214
20993,28-08-2026,10,-30.0,test,KIN,-23.15928,-28.468607,-9.214326,-22.645772290120867,-29.555130380042804,-15.73641420019893,-17.02859,-25.007057,-6.5246973,-20.956296614093635,-30.01803081521673,-11.89456241297054
20993,28-08-2026,11,-36.0,test,MVJ,-28.708775,-35.478634,-10.13001,-29.873556400988413,-32.87622089435364,-26.87089190762319,-21.04439,-29.409794,-10.196494,-26.532086813302662,-35.52344973377258,-17.540723892832744
20993,28-08-2026,12,-29.0,test,RPZ,-22.816988,-27.22139,-8.1259,-20.32407196692209,-21.94043494856361,-18.70770898528058,-16.559608,-24.8635,-5.50438,-19.939284781592605,-27.348968630758186,-12.529600932427023
20993,29-08-2026,1,-32.0,test,JP,-17.379642,-30.347515,0.31651226,-13.608695652173912,-28.52340153860232,1.3060102342544937,-15.956949,-25.183134,-2.8075905,-15.701365902293293,-30.2127904758225,-1.1899413287640854
20993,29-08-2026,2,-36.0,test,KKU,-20.670046,-33.50469,-3.7151546,-18.51889830483196,-33.7220128572989,-3.3157837523650238,-20.017733,-31.294308,-4.257291,-19.765635378266094,-35.02802568748406,-4.503245069048129
20993,29-08-2026,3,-40.0,test,FL,-22.976229,-38.039654,-6.357798,-22.13991149773061,-36.46806864782677,-7.811754347634448,-24.114363,-35.240177,-9.123355,-23.087463092693127,-38.24116115243046,-7.933765032955799
20993,29-08-2026,4,-40.0,test,KSG,-24.453526,-37.345703,-6.3948855,-22.123804967777005,-36.69968168648106,-7.547928249072951,-26.441591,-37.49402,-11.503849,-24.37015291927188,-39.45136112549639,-9.288944713047368
20993,29-08-2026,5,-39.0,test,AII,-23.644108,-34.79241,-7.1055264,-21.01462987968757,-35.12931950591948,-6.899940253455659,-24.626425,-35.147,-10.231109,-23.130457275064792,-37.27328076390947,-8.987633786220114
20993,29-08-2026,6,-40.0,test,NSD,-24.023893,-36.871876,-8.075702,-21.622187483678783,-35.62209829976382,-7.622276667593756,-23.189165,-32.678993,-10.878767,-22.978742680029605,-36.74163892304743,-9.215846437011775
20993,29-08-2026,7,-43.0,test,BJNR,-28.042604,-37.70871,-13.894651,-29.154353361319803,-44.275184250047786,-14.03352247259182,-25.8154,-35.3645,-13.3233595,-27.65720302391492,-40.928467725261065,-14.385938322568778
20993,29-08-2026,8,-52.0,test,BHL,-41.649014,-45.56127,-20.997534,-42.494760158796936,-55.93608006025117,-29.053440257342704,-31.700611,-40.98176,-19.20309,-38.61077478703826,-51.4095369546877,-25.812012619388817
20993,29-08-2026,9,-38.0,test,CNA,-26.208189,-35.17428,-9.561483,-25.435399253312948,-35.24157661900002,-15.629221887625876,-22.674131,-30.662014,-12.245505,-24.785901422959036,-35.96939584881124,-13.602406997106833
20993,29-08-2026,10,-33.0,test,KIN,-25.819286,-32.974285,-10.152824,-24.19217764826576,-31.101535738187696,-17.28281955834382,-19.62279,-27.193047,-9.781771,-23.23852894559579,-32.76469213122078,-13.712365759970803
20993,29-08-2026,11,-37.0,test,MVJ,-31.102764,-38.014637,-11.380734,-30.683955191698324,-33.68661968506355,-27.6812906983331,-23.347605,-32.116547,-11.913527,-28.38979754761817,-37.7886817942678,-18.990913300968533
20993,29-08-2026,12,-28.0,test,RPZ,-22.706572,-27.14309,-8.062941,-20.351080950199165,-21.96744393184068,-18.73471796855765,-16.560324,-24.845722,-5.521717,-19.90974658012903,-27.310497829267867,-12.508995330990196
20993,30-08-2026,1,-32.0,test,JP,-15.423806,-27.735714,0.5291514,-13.235968372425312,-28.15067425885372,1.6787375140030942,-16.037233,-24.256382,-4.189995,-14.928615185780142,-28.598729475849844,-1.2585008957104407
20993,30-08-2026,2,-36.0,test,KKU,-17.906025,-32.49525,-2.6001978,-18.14617102508336,-33.3492855775503,-2.943056472616425,-19.636507,-30.916632,-3.7840042,-18.5582756513001,-33.85662894454107,-3.2599223580591303
20993,30-08-2026,3,-39.0,test,FL,-21.688305,-36.55303,-5.3488,-21.40097305855186,-35.729130208648016,-7.0728159084556985,-23.610695,-34.867985,-8.342661,-22.23580483262032,-37.37360264123288,-7.098007024007767
20993,30-08-2026,4,-39.0,test,KSG,-23.19076,-35.490433,-5.494241,-21.3729492052276,-35.94882592393166,-6.797072486523549,-22.568575,-32.137253,-10.048422,-22.40289805817312,-36.628604447657374,-8.177191668688863
20993,30-08-2026,5,-36.0,test,AII,-20.255072,-32.807205,-3.7345393,-19.55106788138336,-33.66575750761527,-5.436378255151448,-20.839422,-30.233986,-8.445191,-20.224420158661992,-34.07432900755586,-6.374511309768128
20993,30-08-2026,6,-35.0,test,NSD,-21.021467,-32.888798,-3.6707263,-19.41131652150008,-33.4112273375851,-5.411405705415046,-19.834621,-29.03049,-7.7412157,-20.112181430888878,-33.86291325761199,-6.361449604165767
20993,30-08-2026,7,-41.0,test,BJNR,-27.68667,-37.656788,-12.654579,-27.974248256439285,-43.09507914516727,-12.853417367711303,-23.74842,-32.673126,-12.175049,-26.46883725320658,-39.687665409918225,-13.250009096494937
20993,30-08-2026,8,-55.0,test,BHL,-40.872128,-45.70965,-20.534557,-43.22644464547235,-56.66776454692658,-29.78512474401812,-35.28319,-45.43806,-21.392223,-39.765824335064366,-53.072076475792564,-26.459572194336168
20993,30-08-2026,9,-31.0,test,CNA,-19.520134,-28.313372,-5.6086,-22.534754244083917,-32.34093160977098,-12.728576878396842,-17.480011,-25.683157,-6.6459904,-19.80507688179179,-30.56587352429091,-9.044280239292672
20993,30-08-2026,10,-29.0,test,KIN,-23.190855,-28.248306,-8.967665,-22.229849460058748,-29.13920754998069,-15.32049137013681,-16.347559,-24.044384,-6.2132998,-20.6078682395896,-29.560704587894087,-11.655031891285113
20993,30-08-2026,11,-32.0,test,MVJ,-25.017462,-29.515633,-7.847477,-28.455385524139903,-31.45805001750513,-25.452721030774683,-19.396667,-28.182304,-7.805543,-24.246866842352595,-32.76924105531979,-15.724492629385402
20993,30-08-2026,12,-29.0,test,RPZ,-22.767017,-27.01587,-7.9155135,-20.264897908925285,-21.8812608905668,-18.64853492728377,-16.574015,-24.9098,-5.4596252,-19.90778273181982,-27.334253331803612,-12.481312131836031
20993,31-08-2026,1,-19.0,test,JP,-13.471945,-27.343853,0.87950593,-12.863241092676711,-27.77794697910512,2.0514647937516948,-16.07272,-23.606234,-5.314539,-14.14234909067848,-27.495024928259177,-0.7896732530977797
20993,31-08-2026,2,-25.0,test,KKU,-19.456339,-33.348846,-3.4046237,-18.37779967792576,-33.58091423039269,-3.1746851254588204,-19.608158,-30.888906,-3.8160114,-19.16214558953341,-34.459049002363074,-3.865242176703749
20993,31-08-2026,3,-30.0,test,FL,-22.417385,-37.90858,-6.1212993,-22.523611240763397,-36.851768390859554,-8.195454090667234,-24.3766,-35.48986,-9.438542,-23.102906466813277,-38.26442029087188,-7.9413926427546695
20993,31-08-2026,4,-32.0,test,KSG,-24.373947,-37.166233,-7.3553953,-23.246100798825356,-37.821977517529405,-8.670224080121299,-25.905756,-35.64108,-13.136589,-24.522937182550436,-38.787367768413695,-10.258506596687177
20993,31-08-2026,5,-40.0,test,AII,-26.364727,-39.01051,-10.674046,-25.373362792609758,-39.48805241884166,-11.258673166377845,-33.587784,-44.312084,-19.180862,-28.450064690741982,-42.74911104954423,-14.151018331939733
20993,31-08-2026,6,-38.0,test,NSD,-25.770424,-37.969715,-11.426999,-25.180593419410958,-39.18050423549599,-11.180682603325923,-30.270657,-40.360916,-16.859196,-27.078559687459595,-40.72700760397865,-13.430111770940542
20993,31-08-2026,7,-43.0,test,BJNR,-30.848328,-40.0213,-17.953781,-33.27098603209889,-48.39181692082687,-18.15015514337091,-34.44561,-44.263744,-21.089344,-32.81891297496249,-45.96908985443915,-19.668736095485826
20993,31-08-2026,8,-43.0,test,BHL,-39.97212,-45.27339,-20.979654,-43.28766134608017,-56.728981247534406,-29.84634144462594,-34.600056,-44.332325,-21.228022,-39.24513359508901,-52.22604186689723,-26.264225323280783
20993,31-08-2026,9,-37.0,test,CNA,-27.297253,-36.915943,-13.506564,-29.084238118613985,-38.89041548430105,-19.278060752926912,-28.404396,-36.68428,-17.256525,-28.236545334548225,-39.19421348423663,-17.278877184859823
20993,31-08-2026,10,-33.0,test,KIN,-28.705297,-37.975716,-14.797409,-28.323654906535918,-35.23301299645785,-21.414296816613977,-26.253082,-34.36346,-15.458695,-27.76780080978724,-37.61989214914226,-17.91570947043222
20993,31-08-2026,11,-35.0,test,MVJ,-34.97413,-40.670517,-15.454877,-34.09283861798837,-37.0955031113536,-31.090174124623147,-28.322271,-36.92563,-16.838154,-32.48028451369944,-41.59999169728387,-23.360577330115007
20993,31-08-2026,12,-23.0,test,RPZ,-24.441359,-31.806423,-9.296379,-22.624069507304984,-24.2404324889465,-21.00770652566347,-20.43966,-28.857914,-9.608902,-22.52974359514278,-30.543768765301955,-14.515718424983605
22421,28-08-2026,1,41.0,test,DEE,-16.05956,-22.552546,3.2485442,-8.078925744622849,-20.38281711271953,4.22496562347383,-17.488857,-26.50584,-4.669632,-13.984418251119717,-26.637513295540515,-1.3313232066989187
22421,28-08-2026,2,15.0,test,DEC,-34.501076,-46.604546,-6.3588066,-20.362723779517857,-36.62883409416227,-4.0966134648734425,-42.612682,-54.341515,-26.18414,-32.680353487183865,-50.40457104644253,-14.956135927925207
22421,28-08-2026,3,12.0,test,GGN,-37.296925,-47.06136,-5.6959467,-24.10728237874479,-40.176785363985886,-8.037779393503694,-45.773315,-57.192875,-29.635805,-35.900710338131375,-53.65861632056779,-18.14280435569496
22421,28-08-2026,4,6.0,test,PTRD,-41.55878,-53.249084,-9.600638,-30.761711799328133,-46.52113904344308,-15.002284555213189,-47.520885,-58.758007,-31.406105,-40.09102111890875,-58.12598269271625,-22.056059545101245
22421,28-08-2026,5,-3.0,test,RE,-43.75108,-56.647217,-8.8803835,-28.5051308697961,-49.2277857566335,-7.782475982958701,-54.05239,-66.16545,-36.343655,-42.3046141987618,-63.188390689614735,-21.420837707908863
22421,28-08-2026,6,-22.0,test,MHRG,-54.340824,-68.44087,-13.448579,-44.274468028847,-68.67060680100192,-19.87832925669208,-70.02622,-84.51052,-48.067596,-56.34024963526619,-80.93226364286464,-31.74823562766774
22421,28-08-2026,7,-26.0,test,STNL,-58.925404,-68.14538,-15.05449,-44.054915507191545,-65.82414634119053,-22.28568467319256,-73.03777,-87.86748,-50.556335,-58.86636667393971,-82.38124388713723,-35.35148946074219
22421,28-08-2026,8,-19.0,test,LHU,-52.19411,-60.7351,-7.805684,-38.14461331222137,-59.06393803597011,-17.22528858847262,-63.640743,-76.71407,-43.969673,-51.51090935673824,-73.91375390109606,-29.10806481238042
22421,28-08-2026,9,-22.0,test,RMB,-51.006664,-59.755035,-12.446623,-39.80333956787656,-60.380385853466215,-19.226293282286896,-64.50844,-77.82425,-44.46398,-51.91652966549597,-73.2855407345876,-30.54751859640434
22421,28-08-2026,10,-20.0,test,SDLP,-52.12143,-57.62387,-9.89956,-39.04523587519096,-60.76833947238343,-17.32213227799849,-62.870728,-75.7067,-43.51829,-51.517369345871224,-73.14230109463934,-29.89243759710311
22421,28-08-2026,11,-15.0,test,CUR,-44.67223,-47.437496,-9.5113325,-33.461780777265886,-53.08865028487626,-13.834911269655514,-59.283222,-71.88956,-40.505836,-45.94870905237218,-64.94038741431714,-26.957030690427217
22421,28-08-2026,12,-3.0,test,RTGH,-31.782722,-40.739002,-6.4893403,-25.957924504251054,-41.794097282199935,-10.121751726302174,-49.192913,-60.267246,-33.132454,-35.71129334214195,-52.01769436597029,-19.404892318313607
22421,28-08-2026,13,-11.0,test,PIH,-32.925102,-39.233204,-6.2298923,-29.35830062757132,-44.68612131166565,-14.030479943476994,-56.473373,-68.59532,-38.566563,-39.616624548472025,-56.030114870091204,-23.203134226852846
22421,28-08-2026,14,-16.0,test,TLC,-32.60233,-39.67794,-7.7944894,-32.647224655943255,-48.04631254881365,-17.248136763072857,-60.22074,-73.02261,-41.243507,-41.801692103993055,-58.340195736836634,-25.26318847114948
22421,28-08-2026,15,-21.0,test,SUJH,-33.46398,-40.09486,-10.491311,-36.33835694877147,-51.33330954888247,-21.343404348660467,-65.26364,-78.91943,-44.89128,-44.95815088905181,-61.33736616603993,-28.578935612063685
22421,28-08-2026,16,-20.0,test,LAU,-32.176582,-39.26881,-9.557477,-35.30104996502608,-49.59824318655011,-21.003856743502052,-63.38702,-76.379684,-43.888756,-43.55472120763778,-59.45108118509569,-27.658361230179878
22421,28-08-2026,17,-21.0,test,DIA,-30.456135,-40.077507,-9.019412,-35.46946119317805,-49.467131299306914,-21.471791087049183,-63.28508,-76.25824,-43.821266,-42.97618711475805,-59.00856369025687,-26.943810539259225
22421,28-08-2026,19,-17.0,test,DNA,-35.53504,-50.383953,-16.054682,-42.53989601703845,-52.6558619702918,-32.42393006378511,-60.774536,-73.60884,-41.72336,-46.16754064122779,-61.398453488294905,-30.93662779416067
22421,28-08-2026,20,-13.0,test,MTD,-46.117462,-51.6677,-11.917171,-38.78729796808212,-47.628163307099975,-29.94643262906425,-56.89285,-69.219894,-38.821968,-47.35841587057082,-62.89175792884769,-31.825073812293958
22421,28-08-2026,21,-16.0,test,GOTN,-37.059933,-52.799942,-10.825884,-40.671091044007866,-49.72807386525776,-31.614108222757977,-58.93892,-71.62376,-40.306084,-45.49026333891791,-61.66277434197029,-29.31775233586554
22421,29-08-2026,1,7.0,test,DEE,0.9166658,-10.740351,9.077912,0.4938016895949553,-11.810089678501724,12.797693057691632,1.9260463,-7.6997967,18.905561,1.1172135112133206,-11.275983674317564,13.510410696744204
22421,29-08-2026,2,2.0,test,DEC,-5.3526006,-17.109106,5.3893375,-5.357548777204665,-21.62365909184908,10.90856153743975,-2.7118554,-15.129198,17.601442,-4.47595316115367,-19.75764386469055,10.80573754238321
22421,29-08-2026,3,0.0,test,GGN,-6.3389153,-18.255638,5.590324,-7.14364131393905,-23.213144299180147,8.925861671302048,-5.162497,-15.726999,11.707212,-6.204852927133544,-20.741904897804083,8.332199043536997
22421,29-08-2026,4,-10.0,test,PTRD,-16.136667,-24.00318,-0.17778237,-15.167709713409185,-30.92713695752413,0.5917175307057612,-12.60085,-23.359749,3.4931154,-14.651102477993536,-28.978846820726694,-0.3233581352603778
22421,29-08-2026,5,-3.0,test,RE,-7.089093,-19.900753,5.210309,-7.514063580509547,-28.236718467346947,13.208591306327854,-7.313554,-17.603636,8.625191,-7.2995553580593775,-23.418607018986528,8.819496302867774
22421,29-08-2026,6,-5.0,test,MHRG,-13.619173,-22.731413,0.6495681,-16.621205073210625,-41.017343845365545,7.774933698944295,-8.880049,-18.371744,5.340515,-13.002490064369905,-29.598890324859422,3.5939101961196123
22421,29-08-2026,7,-14.0,test,STNL,-16.512169,-26.787987,-6.3875675,-17.989369540599764,-39.75860037459875,3.7798612933992217,-16.408516,-28.499157,1.1495209,-16.949786552010245,-33.15687334656933,-0.7426997574511596
22421,29-08-2026,8,-12.0,test,LHU,-15.583905,-26.370726,0.17345622,-14.048277817525612,-34.96760254127436,6.871046906223135,-14.858465,-25.614866,0.34826088,-14.85188498815296,-31.252257398624007,1.548487422318086
22421,29-08-2026,9,-14.0,test,RMB,-15.544887,-26.23569,-3.7043521,-15.643232264045333,-36.22027854963499,4.933814021544327,-16.579348,-26.134422,-3.697874,-15.92034574006405,-30.85730103845136,-0.9833904416767396
22421,29-08-2026,10,-13.0,test,SDLP,-15.725145,-27.14772,-2.3822095,-15.203632430154652,-36.92673602734712,6.519471167037818,-15.995876,-25.604801,-2.9907331,-15.648514675759154,-31.409043735972844,0.11201438445453427
22421,29-08-2026,11,-8.0,test,CUR,-15.673503,-24.288645,-1.228947,-9.622490695767516,-29.24936020337789,10.004378811842855,-12.055689,-21.741945,1.6314974,-12.536526684095602,-27.414707368902043,2.3416540007108395
22421,29-08-2026,12,1.0,test,RTGH,-3.6391547,-13.629045,7.8091125,-3.2054774738754377,-19.04165025182432,12.63069530407344,-5.3438854,-14.755514,9.063497,-4.067498321318698,-17.455331501144713,9.320334858507314
22421,29-08-2026,13,1.0,test,PIH,-4.169439,-13.148239,7.437815,-3.908763026558317,-19.23658371065265,11.41905765753601,-5.281729,-14.702068,9.1838,-4.456043866239714,-17.529354877308123,8.617267144828697
22421,29-08-2026,14,-2.0,test,TLC,-9.806681,-15.812052,6.196208,-6.19371596048739,-21.59280385335779,9.20537193238301,-7.6999063,-17.158215,6.2629204,-7.951389102881235,-21.2271964646514,5.324418258888928
22421,29-08-2026,15,-6.0,test,SUJH,-11.963511,-20.980335,2.6667385,-9.428990509752156,-24.42394310986316,5.565962090358847,-11.046905,-20.842808,2.883583,-10.848685125834711,-24.341457028204616,2.6440867765351914
22421,29-08-2026,16,-5.0,test,LAU,-10.465158,-18.82644,3.4104576,-8.35149190239358,-22.64868512391761,5.945701319130448,-10.318005,-20.248806,4.1090183,-9.740726215077393,-22.852076845259287,3.3706244151045013
22421,29-08-2026,17,-6.0,test,DIA,-10.949918,-21.148584,2.4945357,-8.560848302336874,-22.55851840846574,5.436821803791993,-11.736127,-21.854763,2.6372862,-10.447878546168848,-23.738960131957178,2.8432030396194836
22421,29-08-2026,19,-22.0,test,DNA,-23.136393,-29.603931,-7.747063,-23.033289512947995,-33.14925546620134,-12.917323559694648,-25.440653,-36.71943,-10.59092,-23.869767203148122,-35.817810976099295,-11.921723430196952
22421,29-08-2026,20,-21.0,test,MTD,-21.07168,-30.121593,-5.538231,-20.572931280857013,-29.413796619874876,-11.732065941839153,-24.278433,-33.628544,-12.58153,-21.97875320477,-33.1096114237583,-10.8478949857817
22421,29-08-2026,21,-23.0,test,GOTN,-22.08241,-31.641518,-6.1654253,-22.127465405506346,-31.184448226756235,-13.070482584256457,-25.257793,-34.364067,-13.871435,-23.15284148768986,-34.42245698604647,-11.883225989333244
22421,30-08-2026,1,-3.0,test,DEE,0.7170435,-10.744193,8.893045,0.4938016895949553,-11.810089678501724,12.797693057691632,1.9145635,-7.708957,18.878538,1.0439565335385637,-11.313063057618827,13.400976124695955
22421,30-08-2026,2,-7.0,test,DEC,-2.2802923,-16.196514,5.439254,-5.051241750152503,-21.31735206479692,11.214868564491912,-1.9601188,-14.402895,18.538967,-3.0593630643429863,-18.22039096943168,12.101664840745705
22421,30-08-2026,3,-9.0,test,GGN,-6.4346776,-18.150408,5.5011034,-6.760398895519198,-22.829901880760296,9.3091040897219,-4.236835,-14.662252,12.621334,-5.80783950976566,-20.28308200558419,8.667402986052872
22421,30-08-2026,4,-15.0,test,PTRD,-12.087802,-22.807722,1.4202454,-13.348995756625143,-29.10842300074009,2.4104314874898005,-8.643875,-18.248627,5.971053,-11.345517222327262,-25.287028861721264,2.5959944170667413
22421,30-08-2026,5,-8.0,test,RE,-4.594198,-17.44331,5.5281982,-5.5993223935398095,-26.32197728037721,15.12333249329759,-3.5333693,-13.992872,13.377506,-4.562621157009149,-20.49026048087982,11.36501816686152
22421,30-08-2026,6,-15.0,test,MHRG,-13.887945,-22.86719,0.88681227,-16.565739889269263,-40.96187866142418,7.830398882885657,-8.737138,-20.243738,9.08314,-13.030728313724605,-30.675553703076904,4.614097075627694
22421,30-08-2026,7,-30.0,test,STNL,-21.69635,-30.0271,-6.569784,-20.131086035230005,-41.90031686922899,1.6381447987689803,-22.024652,-34.081535,-4.8861523,-21.305300000825774,-37.99149272094002,-4.619107280711525
22421,30-08-2026,8,-25.0,test,LHU,-16.952295,-30.966604,-0.08574683,-15.370169610998325,-36.28949433474708,5.549155112750423,-17.150879,-28.43363,-1.1261597,-16.512716236875082,-33.93977275746548,0.9143402837153118
22421,30-08-2026,9,-27.0,test,RMB,-18.063286,-28.888659,-4.4945436,-16.80803630203457,-37.38508258762423,3.7690099835550894,-18.930847,-28.439228,-6.401536,-17.95065210339263,-33.15814826166025,-2.743155945125009
22421,30-08-2026,10,-27.0,test,SDLP,-19.357084,-31.023432,-3.0071416,-16.68965072104733,-38.4127543182398,5.033452876145141,-19.360365,-28.79206,-6.962331,-18.50570684275069,-34.72294909478029,-2.288464590721091
22421,30-08-2026,11,-21.0,test,CUR,-18.304083,-25.78567,-1.3920097,-10.75546522414414,-30.38233473175451,8.871404283466234,-14.599723,-24.048584,-1.7196026,-14.659713842636899,-29.599141474226307,0.27971378895250965
22421,30-08-2026,12,-13.0,test,RTGH,-8.22837,-16.084885,6.975895,-4.687890076540937,-20.524062854489816,11.148282701407943,-8.161691,-17.626858,5.7321167,-7.074714831657581,-20.678549766181014,6.529120102865851
22421,30-08-2026,13,-13.0,test,PIH,-8.341335,-15.060534,6.5860276,-5.4080412336352905,-20.73586191772962,9.919779450459036,-8.144283,-17.652111,5.8596783,-7.338368697898597,-20.54003608127349,5.8632986854762965
22421,30-08-2026,14,-16.0,test,TLC,-13.128373,-20.149076,4.8340735,-7.691646689145014,-23.09073458201541,7.707441203725385,-10.849152,-20.735626,3.1955261,-10.632886431747735,-24.541016397635737,3.275243534140264
22421,30-08-2026,15,-20.0,test,SUJH,-14.671987,-21.739805,-2.1952312,-10.924695272228211,-25.919647872339212,4.070257327882789,-14.283018,-23.670902,-1.5655012,-13.345054623675413,-25.805605401676267,-0.8845038456745602
22421,30-08-2026,16,-20.0,test,LAU,-13.702589,-21.198315,-1.6258329,-10.15339371282298,-24.450586934347008,4.143799508701049,-14.776262,-24.505266,-1.480998,-12.925393751523996,-25.317331785431712,-0.5334557176162793
22421,30-08-2026,17,-20.0,test,DIA,-15.1823,-21.98677,-1.81903,-10.080728267973203,-24.078398374102072,3.9169418381556618,-14.821676,-24.584576,-1.6085577,-13.431988404722107,-25.82369928491611,-1.0402775245281024
22421,30-08-2026,19,-47.0,test,DNA,-31.586151,-41.984154,-12.1357975,-28.56620177943261,-38.68216773268596,-18.450235826179263,-37.167385,-48.278576,-22.37442,-32.47716720624358,-45.84544511394157,-19.108889298545584
22421,30-08-2026,20,-47.0,test,MTD,-33.791218,-41.941788,-9.754919,-26.570449752622785,-35.411315091640645,-17.729584413604925,-34.88897,-44.70101,-21.843857,-31.8486556359096,-44.684114190608895,-19.013197081210308
22421,30-08-2026,21,-40.0,test,GOTN,-28.989,-39.01779,-4.9581385,-25.011209375527848,-34.06819219677774,-15.95422655427796,-29.850319,-38.9868,-18.096237,-28.004210387525568,-40.91083394631951,-15.09758682873163
22421,31-08-2026,1,4.0,test,DEE,0.3645307,-11.136525,8.114194,-0.2516528699022449,-12.555544237998925,12.052238498194434,0.65333295,-8.597607,16.799286,0.26365499246162544,-11.814901172403575,12.342211157326824
22421,31-08-2026,2,-1.0,test,DEC,-4.342585,-17.73757,5.0634413,-6.103003336701865,-22.36911365134628,10.163106977942553,-4.0131645,-16.25435,15.749601,-4.7956311861299525,-20.005698035170937,10.414435662911032
22421,31-08-2026,3,-4.0,test,GGN,-8.020292,-19.585815,4.2907286,-8.231918717207286,-24.301421702448383,7.837584268033812,-7.473334,-18.042542,9.014477,-7.9060234309762745,-22.38280306216909,6.570756200216538
22421,31-08-2026,4,-12.0,test,PTRD,-16.741919,-25.07893,-2.433325,-15.581795312747015,-31.341222556861965,0.1776319313679284,-13.283553,-24.780077,3.834735,-15.221018570490411,-29.640942513958436,-0.8010946270223887
22421,31-08-2026,5,1.0,test,RE,-3.230449,-17.049686,5.4579906,-5.768823166007085,-26.491478052844485,14.953831720830316,-3.494052,-14.200209,13.725734,-4.129338186980477,-20.069273371068473,11.81059699710752
22421,31-08-2026,6,-5.0,test,MHRG,-10.407364,-20.549168,0.64037246,-16.157428756329473,-40.55356752848439,8.238710015825447,-7.8983426,-19.444252,10.124947,-11.410569621150872,-28.62938175485462,5.808242512552875
22421,31-08-2026,7,-16.0,test,STNL,-18.232456,-28.298306,-7.44989,-18.31604508672156,-40.08527592072055,3.453185747277427,-17.691505,-29.61205,-0.36406898,-18.0792664248946,-34.29820529204885,-1.860327557740348
22421,31-08-2026,8,-15.0,test,LHU,-15.936982,-28.569376,-1.5117466,-14.795003970956106,-35.714328694704854,6.1243207527926415,-16.302296,-27.075098,-1.2244349,-15.693516332111564,-32.168018484732194,0.7809858205090663
22421,31-08-2026,9,-17.0,test,RMB,-17.357948,-28.426987,-4.7917724,-16.4293936483784,-37.00643993396806,4.147652637211259,-18.134493,-27.85173,-5.219286,-17.319451566453584,-32.49220002475748,-2.146703108149689
22421,31-08-2026,10,-16.0,test,SDLP,-17.442009,-30.385447,-2.9550042,-15.973368451389952,-37.69647204858242,5.749735145802518,-17.641102,-27.303602,-4.7103376,-17.03886742446654,-33.28243428637077,-0.7953005625623071
22421,31-08-2026,11,-9.0,test,CUR,-15.814865,-24.107256,-1.3040066,-9.639558190140113,-29.266427697750487,9.98731131747026,-12.038682,-21.801243,1.7829247,-12.585497632284666,-27.453637980419188,2.282642715849855
22421,31-08-2026,12,-2.0,test,RTGH,-3.1474102,-13.830788,7.168667,-3.9294859924297327,-19.76565877037861,11.906686785519147,-6.840796,-16.171217,7.1193843,-4.625652861352347,-17.841110635694868,8.589804912990171
22421,31-08-2026,13,-3.0,test,PIH,-7.069223,-14.140838,6.1365213,-5.012006682762947,-20.339827366857275,10.31581400133138,-7.527853,-16.87967,6.3707857,-6.564296019739709,-19.470291163724447,6.3416991242450305
22421,31-08-2026,14,-5.0,test,TLC,-8.729565,-16.160831,5.808965,-7.008216567246714,-22.407304460117118,8.390871325623685,-9.132808,-18.210888,3.9578457,-8.31355596166688,-21.363671583382747,4.736559660048986
22421,31-08-2026,15,-9.0,test,SUJH,-13.94988,-20.99448,-2.2227178,-10.186933618988466,-25.181886219099468,4.808018981122537,-12.842925,-23.087128,1.4900255,-12.37916508973517,-25.13014926009985,0.3718190806295052
22421,31-08-2026,16,-8.0,test,LAU,-10.448276,-20.194881,3.2306545,-9.099103445728463,-23.396296667252493,5.198089775795562,-12.251858,-22.369598,2.1077023,-10.616917029837737,-23.966197097830943,2.7323630381554675
22421,31-08-2026,17,-8.0,test,DIA,-10.792066,-21.028358,2.4198222,-8.950553849687061,-22.948223955815926,5.0471162564418055,-12.226659,-22.148354,1.6787252,-10.680649162499632,-23.82002813143695,2.458729806437683
22421,31-08-2026,19,-54.0,test,DNA,-35.161102,-49.34935,-15.009284,-34.42414164137004,-44.54010759462339,-24.30817568811669,-49.04554,-60.83779,-32.311623,-39.54310882969314,-54.189462091294025,-24.896755568092253
22421,31-08-2026,20,-43.0,test,MTD,-37.194103,-42.713436,-11.482692,-28.585347685370408,-37.42621302438827,-19.744482346352548,-39.294773,-49.783432,-25.009254,-35.14150151473466,-48.13706214271235,-22.145940886756957
22421,31-08-2026,21,-38.0,test,GOTN,-32.049713,-39.89823,-9.531225,-27.513781161965547,-36.57076398321544,-18.456798340715658,-34.23814,-43.828373,-21.506157,-31.327904908828692,-43.810141639442215,-18.84566817821517
22473,31-08-2026,1,-9.0,test,BKN,-3.0174313,-12.451485,5.723088,1.1696969603352,-5.408550842398238,7.747944763068638,-2.1369305,-13.266185,18.542553,-1.3864663009254268,-12.46668133314276,9.693748731291906
22473,31-08-2026,2,-20.0,test,NOK,-12.606586,-21.593956,0.2692949,-8.80521977985739,-22.0035020345072,4.393062474792419,-10.671279,-24.498138,12.77332,-10.748108912122149,-25.677171291352394,4.180953467108097
22473,31-08-2026,3,-36.0,test,NGO,-28.04901,-36.348312,-6.2005324,-27.72021449996385,-42.46399520627322,-12.976433793654484,-21.955101,-36.4795,0.31216812,-25.917289837462775,-42.79411463907813,-9.040465035847419
22473,31-08-2026,4,-8.0,test,MTD,-4.9081497,-16.132267,0.757815,-5.539103239747849,-15.819590855589086,4.741384376093388,-0.02289049,-15.189981,27.256496,-3.4851086343383755,-17.430417444367777,10.460200175691027
22473,31-08-2026,5,-8.0,test,JU,-4.4041505,-12.552491,5.47714,-1.3619159939472132,-12.89741088347374,10.173578895579316,-2.5954533,-15.721692,20.396568,-2.830386004943985,-16.300036109523706,10.639264099635737
22473,31-08-2026,6,-32.0,test,LUNI,-21.142147,-29.600674,-4.299419,-14.49955421037885,-24.20432106828124,-4.794787352476464,-17.80805,-32.149017,4.6295815,-17.91046652821773,-32.209030586401546,-3.611902470033911
22473,31-08-2026,7,-31.0,test,PMY,-19.52208,-28.634611,-5.2984595,-17.299968999153222,-28.048611739109447,-6.551326259196996,-18.568352,-30.807308,-0.21045113,-18.494749510551355,-31.705409587834318,-5.284089433268393
22473,31-08-2026,8,-18.0,test,MJ,-8.088136,-19.059599,3.5384557,-2.406815864168892,-9.69491861903137,4.881286890693585,-9.993331,-20.832436,7.2784204,-6.9060863731875575,-18.386674314697977,4.574501568322862
22473,31-08-2026,9,-19.0,test,SJWB,-11.799627,-21.363558,1.5378712,-7.391105152066446,-15.39543060344432,0.6132202993114273,-10.802539,-21.8685,6.561618,-10.059134973484863,-21.891205560435473,1.7729356134657497
22473,31-08-2026,10,-7.0,test,ABR,-2.9540274,-13.360836,5.4578485,2.1356369051518804,-3.738122269224777,8.009396079528539,-2.4511116,-13.623937,16.398167,-1.1601994475197108,-11.809698288607466,9.489299393568045
22473,31-08-2026,11,-11.0,test,PNU,-2.9404428,-12.2420225,5.0519423,-1.860318286818244,-13.033271468620097,9.31263489498361,-5.7624063,-17.998638,13.970595,-3.5337488665708667,-16.02298217824908,8.955484445107345
22473,31-08-2026,12,-7.0,test,UJA,-4.864681,-13.443369,4.520251,-0.8232006006275667,-15.621967521342196,13.97556632008706,-2.9490774,-14.204897,15.645748,-2.936020054813243,-16.394332256917476,10.52229214729099
22473,31-08-2026,13,-8.0,test,MSH,-4.090172,-11.909327,5.807149,-2.187409643868293,-19.587696115104265,15.21287682736768,-4.0564513,-15.454807,14.496178,-3.4708656377068863,-17.77453712965849,10.83280585424472
22473,31-08-2026,14,-27.0,test,ADI,-18.170732,-26.300049,-1.8218555,-14.057642849761285,-33.953494870541746,5.838209171019175,-17.253683,-29.440235,0.1404438,-16.551273915153505,-32.86253496221323,-0.24001286809377476
22473,31-08-2026,16,-25.0,test,ANND,-13.0062065,-22.048222,-0.6586433,-10.69404885214428,-23.89142572134544,2.503328017056877,-17.590405,-27.537586,-4.6230335,-13.791838738976212,-26.127401279464493,-1.456276198487929
22473,31-08-2026,18,-15.0,test,BH,-9.263911,-18.317343,3.0989642,-7.151335873172979,-14.947049989103627,0.6443782427576714,-11.554192,-21.612627,2.1208305,-9.350441756945758,-20.02126724387238,1.3203837299808647
22473,31-08-2026,19,-12.0,test,ST,-8.877996,-15.842873,4.30187,-5.816469468184258,-19.01378998363242,7.380851047263904,-9.817448,-19.764183,3.9509954,-8.212014075252462,-20.460013822927955,4.035985672423031
22473,31-08-2026,20,-18.0,test,NVS,-11.074491,-20.79668,-0.07617463,-15.403151405967083,-25.191534832385894,-5.614767979548269,-13.944468,-24.833986,0.9750099,-13.412324582491362,-24.987134527201945,-1.8375146377807798
22473,31-08-2026,21,-16.0,test,BL,-9.032904,-18.551268,2.8052814,-4.361124342163583,-12.600659552355964,3.878410868028798,-12.24241,-22.487411,1.9163666,-8.607259913989868,-19.533139211697097,2.31861938371736
22977,28-08-2026,0,-4.0,test,JP,-14.914224,-28.953842,1.0376672,-11.76086954842726,-23.898431456081656,0.3766923592271354,-12.768725,-20.1092,-0.9322796,-13.192937691233329,-26.091165655378802,-0.2947097270878576
22977,28-08-2026,1,-7.0,test,KKU,-15.856771,-30.237883,-1.5503403,-13.970747345398594,-24.727317981960358,-3.2141767088368365,-14.90287,-23.38833,-1.6226854,-14.936791028679256,-27.585466420318888,-2.288115637039624
22977,28-08-2026,2,-5.0,test,FL,-15.026651,-28.293512,-0.96505237,-13.081856492935527,-25.04403547498195,-1.1196775108891046,-13.691213,-23.061607,1.1932573,-13.961001613640192,-27.200652656665838,-0.7213505706145469
22977,28-08-2026,3,-4.0,test,NAC,-14.455171,-28.11632,-1.3955617,-13.476027296195896,-25.168673654093844,-1.7833809382979453,-12.930887,-21.011248,-0.13302422,-13.635323672975268,-26.083994785558723,-1.1866525603918152
22977,28-08-2026,4,-5.0,test,KMNC,-15.665391,-29.794676,-1.6394637,-13.989850856944784,-24.83323789827781,-3.1464638156117517,-13.514751,-20.77182,-2.500042,-14.41468038625764,-26.385250118697996,-2.444110653817285
22977,28-08-2026,5,-9.0,test,MKN,-15.656807,-30.8348,-2.6263945,-15.87122174425292,-26.2964187738886,-5.446024714617247,-16.91911,-24.085442,-6.1787624,-16.145132742165302,-27.921341924641123,-4.368923559689481
22977,28-08-2026,6,-8.0,test,GCH,-15.756534,-29.3739,-1.8980165,-15.544646143780042,-26.281222238395507,-4.808070049164575,-16.410658,-23.846169,-4.9434156,-15.906359154216409,-27.827195385523225,-3.98552292290959
22977,28-08-2026,7,-9.0,test,DNA,-15.941176,-31.07162,-2.591142,-16.324806443350365,-26.972728954271727,-5.676883932429004,-18.910778,-27.756672,-4.815132,-17.051374277670615,-29.831086778886124,-4.271661776455106
22977,28-08-2026,8,-10.0,test,REN,-17.419079,-29.852829,-4.0412984,-17.197726749959717,-27.53190078692157,-6.863552712997857,-18.75481,-26.555931,-6.778697,-17.792560537852307,-29.42710434073225,-6.158016734972364
22977,28-08-2026,9,-11.0,test,MTD,-19.473654,-32.02202,-5.1155505,-19.288135885697912,-29.66212066400437,-8.914151107391454,-18.933884,-25.292942,-9.986764,-19.234854901458796,-30.30207589138778,-8.167633911529812
22977,28-08-2026,10,-15.0,test,GOTN,-22.006401,-32.104053,-8.257491,-21.867524646249084,-31.64783995788259,-12.08720933461558,-23.023304,-30.211357,-12.792809,-22.30020832868744,-32.978232008328995,-11.622184649045886
22977,28-08-2026,11,-33.0,test,RKB,-33.228275,-37.214928,-15.876681,-36.14986889801029,-40.08912018234629,-32.21061761367429,-35.64551,-45.434807,-21.731915,-34.96586525016534,-44.32301271705831,-25.608717783272375
22977,29-08-2026,0,-15.0,test,JP,-14.849387,-29.621704,1.0116936,-12.13359682817586,-24.27115873583025,0.0039650794785348,-13.796499,-19.825094,-3.8021736,-13.631307175480037,-26.096073199663916,-1.1665411512961583
22977,29-08-2026,1,-19.0,test,KKU,-16.049013,-30.6673,-1.7841349,-14.644520368621835,-25.401091005183595,-3.887949732060077,-16.524363,-25.199684,-3.1508055,-15.758246445301893,-28.492098619334676,-3.024394271269111
22977,29-08-2026,2,-18.0,test,FL,-15.451921,-28.749447,-1.4494275,-14.200952172179068,-26.16313115422549,-2.238773190132644,-16.136702,-25.42234,-1.5380793,-15.279868320764631,-28.449618797893272,-2.110117843635992
22977,29-08-2026,3,-18.0,test,NAC,-14.628212,-29.314924,-1.7954971,-14.966043148438352,-26.6586895063363,-3.273396790540403,-16.20126,-24.276,-3.8461313,-15.259323632044428,-27.775565522896514,-2.7430817411923396
22977,29-08-2026,4,-19.0,test,KMNC,-16.04082,-30.385965,-2.3495643,-15.499989333694492,-26.343376375027525,-4.656602292361459,-18.349672,-26.919746,-4.97637,-16.635830867041044,-29.22575867707318,-4.045903057008909
22977,29-08-2026,5,-19.0,test,MKN,-15.606488,-30.768566,-2.563557,-16.090117735186578,-26.51531476482225,-5.664920705550903,-17.766346,-26.138584,-4.4434643,-16.479349039733528,-28.91639386470116,-4.042304214765895
22977,29-08-2026,6,-17.0,test,GCH,-15.661412,-29.361288,-1.5565706,-15.153240597258897,-25.88981669187436,-4.416664502643428,-16.962915,-24.000275,-5.8051653,-15.931847642879381,-27.789182016675532,-4.074513269083228
22977,29-08-2026,7,-20.0,test,DNA,-15.852265,-31.48589,-2.6632416,-16.57057866594261,-27.21850117686397,-5.922656155021247,-19.707733,-28.663773,-5.5207195,-17.364033764084194,-30.24141739207156,-4.486650136096829
22977,29-08-2026,8,-21.0,test,REN,-17.27673,-29.758392,-4.204074,-17.563705617369607,-27.89787965433147,-7.229531580407746,-19.998682,-28.013062,-7.619833,-18.273678365667646,-29.968801786813394,-6.578554944521899
22977,29-08-2026,9,-23.0,test,MTD,-19.532637,-32.167095,-5.9460835,-20.00199090966128,-30.37597568796774,-9.628006131354825,-20.026222,-26.454071,-11.065537,-19.846785726383484,-30.80320757731536,-8.890363875451609
22977,29-08-2026,10,-25.0,test,GOTN,-21.877722,-32.109695,-8.042207,-21.94054179896866,-31.720857110602164,-12.160226487335157,-21.48436,-28.17873,-12.151905,-21.766978357527698,-32.24235482279465,-11.291601892260747
22977,29-08-2026,11,-33.0,test,RKB,-31.906654,-36.988552,-12.502458,-32.45414188458815,-36.39339316892415,-28.51489060025214,-28.906937,-37.887947,-16.447474,-31.08401070204011,-40.62100319985643,-21.547018204223793
22977,30-08-2026,0,-9.0,test,JP,-15.188806,-29.618792,1.0794737,-12.13359682817586,-24.27115873583025,0.0039650794785348,-13.6949,-20.267818,-2.8255157,-13.715584664870232,-26.440018837449976,-0.9911504922904868
22977,30-08-2026,1,-13.0,test,KKU,-16.38843,-30.775164,-1.6755315,-14.644520368621835,-25.401091005183595,-3.887949732060077,-16.825562,-25.330282,-3.8083754,-15.9764811848479,-28.65785614889772,-3.295106220798081
22977,30-08-2026,2,-12.0,test,FL,-15.791336,-28.746534,-1.3182217,-14.200952172179068,-26.16313115422549,-2.238773190132644,-16.330936,-25.511053,-2.0526152,-15.462529169917193,-28.58136044989805,-2.3436978899363368
22977,30-08-2026,3,-11.0,test,NAC,-15.167251,-29.241804,-1.5335999,-14.606528411444105,-26.29917476934205,-2.9138820535461534,-15.084011,-22.980453,-2.9563265,-14.960370169794295,-27.44024458730496,-2.4804957522836286
22977,30-08-2026,4,-12.0,test,KMNC,-16.257164,-30.357716,-1.9068557,-15.11575678362397,-25.959143824957003,-4.2723697422909375,-15.764684,-23.082506,-4.9977026,-15.728605449809159,-27.720520951480978,-3.7366899481373412
22977,30-08-2026,5,-12.0,test,MKN,-16.219044,-30.425373,-2.156567,-15.706784745199222,-26.131981774834895,-5.281587715563548,-15.973781,-22.83617,-5.863055,-15.973767509657645,-27.598008067117256,-4.3495269521980315
22977,30-08-2026,6,-11.0,test,GCH,-16.200453,-29.373522,-1.3840817,-15.129301750401016,-25.865877845016485,-4.392725655785549,-15.456925,-22.01334,-5.6169205,-15.610856445975914,-27.187876335995405,-4.033836555956423
22977,30-08-2026,7,-13.0,test,DNA,-16.105043,-31.05785,-2.4197004,-16.24395429270782,-26.89187680362918,-5.596031781786458,-17.408464,-24.102057,-7.6140623,-16.582913619963303,-28.264640867693966,-4.90118637223264
22977,30-08-2026,8,-14.0,test,REN,-17.616146,-29.871883,-3.855755,-17.186501659322513,-27.52067569628437,-6.852327622360653,-18.046734,-25.12832,-7.733556,-17.62203867872802,-28.87797040983262,-6.366106947623422
22977,30-08-2026,9,-25.0,test,MTD,-21.154343,-33.300026,-8.282421,-22.66378075562751,-33.037765533933964,-12.289795977321052,-28.666237,-37.491116,-16.226643,-24.134954447144892,-35.897540208834805,-12.37236868545498
22977,30-08-2026,10,-27.0,test,GOTN,-22.807644,-33.747124,-8.866637,-25.015918726706047,-34.79623403833955,-15.235603415072545,-27.526012,-35.52493,-16.301727,-25.08255349833063,-36.264482643329,-13.900624353332256
22977,30-08-2026,11,-34.0,test,RKB,-32.781746,-36.564667,-14.165031,-35.10796705169403,-39.04721833603004,-31.168715767358027,-31.871056,-40.699146,-19.488268,-33.22230158285688,-42.33817808334237,-24.10642508237139
22977,31-08-2026,0,-6.0,test,JP,-12.556697,-29.02486,0.8606671,-13.25177866742166,-25.38934057507605,-1.114216759767265,-15.89727,-21.945091,-6.239107,-13.889803312676214,-26.16265657507845,-1.6169500502739762
22977,31-08-2026,1,-6.0,test,KKU,-13.20301,-29.264679,-0.91913384,-14.558519233969072,-25.31508987053083,-3.801948597407314,-15.512651,-24.357227,-1.6030321,-14.40432266920424,-27.163141841293236,-1.645503497115243
22977,31-08-2026,2,-8.0,test,FL,-14.921964,-30.975037,-1.4125369,-14.89175804268714,-26.85393702473356,-2.9295790606407177,-17.687592,-27.096779,-2.995345,-15.832071554330412,-29.45291447420616,-2.2112286344546614
22977,31-08-2026,3,-7.0,test,NAC,-13.236234,-30.702377,-1.4449451,-15.351197123980858,-27.04384348187881,-3.658550766082909,-16.549726,-24.58957,-4.360983,-15.014105056025148,-27.812598020919868,-2.215612091130428
22977,31-08-2026,4,-8.0,test,KMNC,-12.870567,-29.618517,-1.8390417,-15.863624664908343,-26.70701170624137,-5.02023762357531,-17.925926,-25.86369,-6.124007,-15.508352975531487,-27.666599592257874,-3.3501063588051014
22977,31-08-2026,5,-10.0,test,MKN,-13.190218,-29.798311,-2.754241,-17.0980034205649,-27.523200450200576,-6.672806390929226,-19.38307,-27.25179,-7.822877,-16.49863049155274,-28.327988319812732,-4.669272663292746
22977,31-08-2026,6,-9.0,test,GCH,-13.450879,-28.235601,-1.8857865,-16.64379448606433,-27.380370580679795,-5.907218391448863,-18.361565,-26.07327,-6.7222166,-16.10442259682904,-27.897888556614575,-4.310956637043503
22977,31-08-2026,7,-11.0,test,DNA,-16.008953,-30.908031,-3.4944947,-17.756730458516305,-28.404652969437667,-7.108807947594944,-21.864641,-30.966862,-7.774618,-18.514931917774017,-31.143572015023018,-5.886291820525015
22977,31-08-2026,8,-13.0,test,REN,-16.143179,-29.452568,-4.9992514,-19.042196422215483,-29.376370459177345,-8.708022385253622,-22.400074,-30.364605,-10.732575,-19.150504325121524,-30.511658624986584,-7.789350025256464
22977,31-08-2026,9,-15.0,test,MTD,-20.252773,-31.948475,-8.041332,-21.503358196291284,-31.87734297459774,-11.129373417984826,-23.20898,-30.580214,-13.010201,-21.635581167959746,-32.55032717908337,-10.720835156836124
22977,31-08-2026,10,-18.0,test,GOTN,-22.373867,-32.23379,-9.5653305,-23.78299758580764,-33.56331289744114,-14.002682274174134,-25.442324,-33.039818,-14.814998,-23.844674516637106,-34.448326934323376,-13.241022098950838
22977,31-08-2026,11,-27.0,test,RKB,-33.05334,-36.578228,-15.755081,-34.6947412065791,-38.63399249091511,-30.755489922243097,-32.52807,-41.803604,-19.56083,-33.403216862292545,-42.411362348697025,-24.395071375888065
22982,28-08-2026,1,-5.0,test,SGNR,-12.700218,-19.12407,0.04212399,-11.9787878799581,-19.23892304847836,-4.718652711437841,-15.304659,-27.149626,4.3478565,-13.335815821845593,-24.771592109473197,-1.9000395342179885
22982,28-08-2026,2,-10.0,test,SDS,-15.961722,-23.354782,-3.1960368,-16.339767572077502,-23.558626958863783,-9.12090818529122,-19.110022,-33.79529,3.907711,-17.129564777924134,-29.816224335964712,-4.442905219883555
22982,28-08-2026,3,-5.0,test,HMH,-13.603021,-21.70135,0.044564486,-17.868971574175806,-36.82997841232619,1.09203526397458,-14.995737,-29.566376,8.36195,-15.429522994398933,-32.385602305570856,1.5265563167729859
22982,28-08-2026,4,-9.0,test,PGK,-17.962551,-25.956581,-0.9315016,-20.01485728729537,-41.463553176801696,1.433838602210951,-19.637497,-33.02742,1.3950176,-19.175469086101362,-36.95304306576462,-1.3978951064381029
22982,28-08-2026,5,-19.0,test,SOG,-27.225653,-34.187004,-12.206069,-28.52004384678098,-50.53216955658903,-6.507918136972936,-28.82722,-41.78494,-9.739672,-28.171950084388293,-45.1676182167019,-11.176281952074685
22982,28-08-2026,6,-18.0,test,MHJ,-24.926147,-35.065613,-12.126702,-29.759790324278526,-51.42353238890192,-8.096048259655138,-26.94924,-38.288284,-10.697035,-27.14371793237801,-43.41976206867052,-10.867673796085498
22982,28-08-2026,8,-35.0,test,LGH,-43.338646,-52.856934,-23.603228,-43.2819957300493,-65.3723311250997,-21.1916603349989,-43.042786,-56.332073,-24.399656,-43.22214776411602,-61.55251033409192,-24.89178519414013
22982,28-08-2026,9,-10.0,test,BKN,-17.768284,-26.384983,-0.22100355,-18.615119398474103,-38.032278717167245,0.8020399202190411,-19.8708,-34.35239,2.7705135,-18.738149519857906,-36.51349837471679,-0.9628006649990191
22982,28-08-2026,10,-6.0,test,DSO,-15.338996,-23.546524,-4.707913,-18.69515361840141,-35.82416046407444,-1.5661467727283809,-16.71215,-30.605202,5.753048,-16.8682372492296,-32.40450047908048,-1.3319740193787233
22982,28-08-2026,11,-5.0,test,NOK,-17.052507,-24.316566,-5.202754,-20.089888582809635,-37.04362405941235,-3.1361531062069226,-15.438521,-28.620365,5.457364,-17.486443798828976,-32.61597415644845,-2.356913441209498
22982,28-08-2026,12,-33.0,test,NGO,-37.970978,-46.19367,-20.881046,-41.20488286867418,-59.47282167894723,-22.93694405840113,-40.00332,-52.659676,-22.536764,-39.6803744535147,-55.69242500515216,-23.668323901877244
22982,28-08-2026,13,-41.0,test,DNA,-51.633297,-54.54434,-29.633623,-50.05092580057173,-67.81640538746895,-32.28544621367452,-46.883842,-58.872757,-30.265038,-49.54807753597565,-65.05357471647902,-34.04258035547228
22982,28-08-2026,14,-42.0,test,MKN,-51.586327,-55.417034,-29.521017,-50.97026031776364,-69.4655945169518,-32.47492611857548,-45.506596,-56.292667,-30.35363,-49.36751479432689,-64.83191181928377,-33.90311776937
22982,28-08-2026,15,-30.0,test,NAC,-37.372448,-44.10845,-20.142036,-38.96732293016967,-57.34114018574627,-20.593505674593057,-36.61581,-47.055557,-22.585964,-37.63051010094483,-52.44518365405777,-22.815836547831896
22982,28-08-2026,16,-17.0,test,SBR,-24.882828,-32.076138,-8.434888,-24.0192700237939,-41.087023610205264,-6.951516437382541,-26.120075,-36.435318,-12.335706,-25.01831834650101,-39.27074575829732,-10.765890934704704
22982,28-08-2026,17,-5.0,test,FL,-15.551819,-24.058367,-2.1308649,-17.03076608166363,-32.46290298314176,-1.5986291801854955,-16.10157,-26.900608,-0.82557297,-16.20729633744324,-29.942812571344945,-2.4717801035415334
22982,28-08-2026,18,-6.0,test,JOB,-17.46686,-25.295708,-5.030116,-18.54982203098636,-33.224793227470926,-3.874850834501789,-17.79009,-29.711521,-0.87023735,-17.920453192326747,-31.581377407609033,-4.259528977044463
22982,28-08-2026,19,-20.0,test,JP,-27.42957,-36.795094,-12.11233,-32.289163282725525,-51.4898650826126,-13.088461482838454,-31.006477,-43.76023,-13.9389305,-30.172183782538546,-46.329548868281094,-14.014818696795995
22982,28-08-2026,20,-21.0,test,DPA,-27.978426,-36.37046,-13.984136,-33.13626610438758,-49.4769695183584,-16.795562690416755,-31.15216,-41.844326,-17.252567,-30.682271959440303,-44.54748176109196,-16.817062157788644
22982,28-08-2026,21,-17.0,test,BNLW,-29.474983,-37.58677,-14.428527,-35.88983037438604,-51.238265483977,-20.54139526479507,-27.25945,-37.19198,-14.554423,-30.788247350235586,-44.12025586135081,-17.45623883912036
22982,28-08-2026,22,-22.0,test,ISA,-33.891403,-41.38591,-17.99142,-38.62095528976653,-52.56948867642183,-24.67242190311123,-30.840094,-40.682247,-18.198692,-34.38812162656443,-47.26662993378718,-21.509613319341675
22982,28-08-2026,23,-17.0,test,CKB,-29.239836,-38.068283,-14.2698145,-33.419857565075795,-47.9298038570194,-18.909911273132188,-27.537249,-37.36474,-15.045461,-30.009476056729035,-43.12146595561263,-16.897486157845442
22982,28-08-2026,24,-4.0,test,SWM,-13.414239,-23.477839,-2.207154,-12.762559688439826,-20.721719424545743,-4.803399952333909,-17.931501,-28.511173,-3.943943,-14.7082721482404,-25.552925811045803,-3.863618485434996
22982,28-08-2026,25,-7.0,test,IDG,-17.570375,-24.722862,-4.900832,-17.950357736271894,-25.05454690641236,-10.846168566131428,-20.90534,-30.55043,-8.853988,-18.800915772055205,-28.59288431884127,-9.00894722526914
22982,28-08-2026,26,-9.0,test,LKE,-19.658672,-26.706724,-5.78407,-19.696785368580983,-26.845498743981928,-12.548071993180038,-22.673544,-32.521713,-10.441567,-20.673504015387156,-30.74840337944106,-10.59860465133325
22982,30-08-2026,1,-8.0,test,SGNR,-13.546257,-19.23331,0.6758131,-11.6060606002095,-18.8661786116494,-4.345942588769598,-13.422444,-26.555931,8.215257,-12.885025460510079,-25.028053768541263,-0.7419971524788931
22982,30-08-2026,3,-8.0,test,HMH,-13.959531,-21.880503,0.97851723,-17.430930919668796,-36.39202183097881,1.53015999164122,-13.742158,-28.319847,9.702891,-14.996642560989258,-32.172509699454366,2.1792245774758463
22982,30-08-2026,4,-13.0,test,PGK,-18.296576,-26.045116,-0.15143928,-20.051110868017364,-41.499823612401016,1.3976018763662843,-20.10965,-34.788498,3.7579708,-19.460268209364962,-38.11652073808513,-0.8040156806447918
22982,30-08-2026,5,-30.0,test,SOG,-31.719551,-40.232166,-15.065102,-31.07293202450903,-53.08506175578788,-9.060802293230182,-35.215664,-49.8093,-13.697395,-32.675599309536906,-50.96314848782532,-14.388050131248491
22982,30-08-2026,6,-44.0,test,MHJ,-42.045,-49.68953,-22.731728,-38.00220887999831,-59.66595258466171,-16.338465175334907,-47.39104,-60.856934,-28.327179,-42.53091443531899,-60.403144862580135,-24.658684008057847
22982,30-08-2026,7,-43.0,test,LKS,-44.319744,-48.891155,-22.187286,-40.83184487865329,-61.01099869803007,-20.652691059276517,-46.609325,-58.891384,-29.201006,-43.96651076732493,-60.79844367474765,-27.1345778599022
22982,30-08-2026,8,-55.0,test,LGH,-57.878025,-61.44556,-28.812973,-49.22496983265132,-71.31523288768474,-27.13470677761789,-56.805122,-69.97217,-37.741585,-54.755835438504704,-73.75528482200328,-35.75638605500613
22982,30-08-2026,9,-18.0,test,BKN,-20.837305,-28.75725,3.0915456,-21.46981682650692,-40.886907627068624,-2.052726025945219,-23.661905,-36.210716,-5.4694004,-21.978818617413474,-39.67809027619877,-4.279546958628178
22982,30-08-2026,10,-33.0,test,DSO,-34.757126,-41.31931,-14.588817,-26.949378828074742,-44.07837683238213,-9.820380823767357,-38.15205,-51.589943,-19.097116,-33.39094186915743,-49.69352098291158,-17.08836275540328
22982,30-08-2026,11,-34.0,test,NOK,-33.44164,-39.92715,-16.566208,-29.52313295149872,-46.47686726792634,-12.569398635071096,-38.87208,-50.52937,-22.750349,-33.99534238965237,-48.80073854723024,-19.189946232074508
22982,30-08-2026,12,-47.0,test,NGO,-48.413956,-54.680313,-27.961285,-45.09848419625132,-63.36642294446328,-26.83054544803936,-49.299545,-61.894566,-31.608747,-47.64890415474841,-63.946235565654675,-31.35157274384214
22982,30-08-2026,13,-44.0,test,DNA,-45.302345,-53.567215,-28.243263,-49.65286836861516,-67.41834796496764,-31.88738877226268,-47.64404,-59.940437,-30.453108,-47.47147565247048,-63.20601640678141,-31.736934898159554
22982,30-08-2026,14,-44.0,test,MKN,-44.099003,-53.803295,-28.38298,-50.17058944823801,-68.66592364796244,-31.67525524851358,-44.442226,-55.228508,-29.406973,-46.15352850490279,-61.51053713706088,-30.796519872744696
22982,30-08-2026,15,-30.0,test,NAC,-35.636997,-43.62525,-17.419619,-37.47170319881968,-55.84552045445646,-19.097885943182884,-34.021267,-44.454964,-20.093327,-35.68599829702602,-50.890748809160634,-20.4812477848914
22982,30-08-2026,16,-13.0,test,SBR,-17.120092,-26.086199,-3.4124494,-21.084400527259167,-38.15215411368121,-4.01664694083712,-20.309984,-31.717216,-4.326703,-19.447878311810072,-34.09820709243383,-4.797549531186313
22982,30-08-2026,17,-8.0,test,FL,-15.025656,-24.071054,-1.8704569,-16.062370021129837,-31.494506922613983,-0.6302331196456912,-14.753763,-26.003859,1.4631081,-15.266549888400066,-29.294967978120766,-1.2381317986793672
22982,30-08-2026,18,-10.0,test,JOB,-17.23668,-25.247124,-4.8947744,-18.507702731963303,-33.18267392908607,-3.832731534840539,-17.614935,-30.164333,0.697731,-17.76867391961295,-31.798267004780147,-3.7390808344457547
22982,30-08-2026,19,-22.0,test,JP,-26.913376,-36.276382,-10.938776,-31.617515927034635,-50.818217728884285,-12.416814125184985,-28.748363,-40.708218,-12.771428,-29.02700161258013,-44.97492146726561,-13.07908175789465
22982,30-08-2026,20,-24.0,test,DPA,-27.437365,-35.795616,-13.789268,-32.70843126876877,-49.0491346883062,-16.367727849231347,-30.386074,-41.202213,-16.325052,-30.10255996356097,-43.94820928971268,-16.256910637409263
22982,30-08-2026,21,-37.0,test,BNLW,-39.616657,-46.489677,-22.681107,-41.767734863994576,-57.11616997503396,-26.4192997529552,-40.871445,-53.021183,-24.810087,-40.72140954056384,-55.14531227881149,-26.297506802316196
22982,30-08-2026,22,-35.0,test,ISA,-37.398136,-45.094128,-21.743883,-42.21887290169439,-56.167406289812185,-28.270339513576594,-37.781693,-48.149643,-24.04636,-39.066324143205385,-52.219554485925514,-25.913093800485257
22982,30-08-2026,23,-28.0,test,CKB,-35.10533,-42.51185,-18.03693,-36.07890636276528,-50.58885265561167,-21.56896006991888,-32.756474,-42.751244,-19.806122,-34.63531355073428,-47.9801082957223,-21.290518805746263
22982,30-08-2026,24,-9.0,test,SWM,-12.21897,-23.289995,-2.1243453,-13.246513146660917,-21.20567288296812,-5.287353410353712,-19.177898,-29.215832,-6.2411184,-14.86167666419545,-25.409097820893265,-4.3142555074976325
22982,30-08-2026,25,-17.0,test,IDG,-22.26992,-29.549429,-6.244956,-20.029395715009358,-27.13358488547283,-12.92520654454588,-25.938984,-36.825443,-12.323391,-22.774100145731442,-33.69188785878074,-11.856312432682147
22982,30-08-2026,26,-19.0,test,LKE,-23.345629,-31.4689,-8.552362,-21.90750454081823,-29.056217916219172,-14.758791165417286,-26.76451,-36.86871,-14.1945095,-24.023040089444102,-34.56578366007555,-13.480296518812649
22982,31-08-2026,1,-15.0,test,SGNR,-11.96328,-19.064219,0.48230192,-11.9787878799581,-19.238926929888294,-4.718648830027907,-15.201756,-26.72961,4.1446476,-13.0452513262198,-24.44167011313951,-1.6488325393000913
22982,31-08-2026,2,-20.0,test,SDS,-15.770267,-23.418839,-2.812517,-16.33978349096868,-23.55864682100293,-9.120920160934428,-18.91679,-33.867012,4.595188,-16.998709796776968,-29.899662171303543,-4.0977574222503925
22982,31-08-2026,3,-34.0,test,HMH,-30.550604,-37.521217,-9.319016,-24.8082366234672,-43.76924494830829,-5.847228298626121,-34.12594,-47.835693,-14.13735,-29.90448103415147,-47.30105955550427,-12.507902512798672
22982,31-08-2026,4,-46.0,test,PGK,-34.516216,-46.827938,-16.04578,-30.18886290615988,-51.63755997259956,-8.740165839720191,-45.716503,-59.6764,-25.75397,-36.858127476567034,-55.59975924378361,-18.11649570935046
22982,31-08-2026,5,-55.0,test,SOG,-49.001102,-52.710194,-24.733912,-38.46744712927258,-60.47957390616428,-16.455320352380877,-53.372383,-67.12365,-33.644394,-47.08846770993427,-65.42937888590717,-28.747556533961372
22982,31-08-2026,6,-55.0,test,MHJ,-51.549297,-52.762806,-24.974417,-39.89010488640034,-61.5538484118625,-18.22636136093817,-50.452232,-62.162357,-33.614563,-47.45835941643786,-64.7870272524489,-30.129691580426815
22982,31-08-2026,7,-55.0,test,LKS,-50.632538,-53.58333,-25.242031,-42.974879412304105,-63.154033228890654,-22.795725595717556,-50.228725,-61.702618,-33.68042,-48.05097929391877,-64.89067803873124,-31.211280549106302
22982,31-08-2026,8,-57.0,test,LGH,-53.8389,-61.85722,-28.728922,-47.73268210902276,-69.82294515702277,-25.642419061022743,-51.681114,-63.18906,-35.03498,-51.169840267453594,-69.54806480728233,-32.79161572762486
22982,31-08-2026,9,-24.0,test,BKN,-21.008516,-29.650223,-0.5391062,-20.945206855330355,-40.36229764825332,-1.5281160624073955,-23.560293,-37.116013,-3.44141,-21.836924197289648,-39.54838836642319,-4.125460028156105
22982,31-08-2026,10,-24.0,test,DSO,-20.748655,-29.632027,-6.0151863,-21.51753967274549,-38.64653767084309,-4.388541674647893,-24.60131,-37.745697,-4.676277,-22.275649920461014,-38.110285969117726,-6.4410138718043
22982,31-08-2026,11,-27.0,test,NOK,-23.609446,-30.92831,-9.242853,-24.46479458512129,-41.418528895791525,-7.511060274451047,-26.548756,-38.093742,-10.25724,-24.860323561173214,-39.36977866337914,-10.35086845896729
22982,31-08-2026,12,-44.0,test,NGO,-38.368168,-48.770737,-22.424881,-41.6608790997358,-59.92881784212594,-23.39294035734567,-42.058525,-54.945385,-24.262243,-40.64776160952977,-56.94631632523349,-24.349206893826057
22982,31-08-2026,13,-47.0,test,DNA,-42.644424,-50.271572,-26.73405,-48.52887198058647,-66.2943515705847,-30.763392390588244,-44.04088,-56.669632,-26.572887,-44.98941526186319,-60.50412119571409,-29.474709328012295
22982,31-08-2026,14,-48.0,test,MKN,-44.833572,-50.84764,-27.883333,-49.44727388923814,-67.94260808331171,-30.95193969516457,-44.91108,-56.5627,-28.71732,-46.33381284731115,-61.59566545764359,-31.07196023697871
22982,31-08-2026,15,-37.0,test,NAC,-36.629818,-44.09201,-17.549337,-37.82136757458541,-56.19518482874486,-19.447550320425965,-34.607357,-45.042995,-20.657372,-36.338010957006105,-51.6085000137775,-21.067521900234706
22982,31-08-2026,16,-21.0,test,SBR,-18.289204,-27.673443,-3.7507956,-21.8539509013168,-38.92170448559431,-4.786197317039289,-21.9106,-33.145164,-6.3801174,-20.63280156993806,-35.40199863708945,-5.863604502786668
22982,31-08-2026,17,-14.0,test,FL,-14.990887,-23.927902,-1.8201873,-16.259671733335555,-31.69180863240915,-0.8275348342619591,-14.310726,-25.444088,1.8021564,-15.170169819715884,-29.143087870814433,-1.1972517686173347
22982,31-08-2026,18,-24.0,test,JOB,-21.206598,-30.114767,-7.11778,-21.25110923565511,-35.92608043021647,-6.576138041093751,-24.88974,-36.0932,-9.741293,-22.44572025303112,-36.170810552445744,-8.720629953616498
22982,31-08-2026,19,-32.0,test,JP,-30.47896,-38.51652,-13.143462,-33.23678402162692,-52.43748582124298,-14.036082222010856,-31.630133,-43.04441,-16.766914,-31.743159659327027,-47.407843536428125,-16.07847578222593
22982,31-08-2026,20,-34.0,test,DPA,-31.502901,-39.830456,-16.183308,-34.23761465821048,-50.578318072004365,-17.8969112444166,-32.560493,-42.6198,-19.424934,-32.728592865600454,-46.58015900005738,-18.877026731143534
22982,31-08-2026,21,-36.0,test,BNLW,-35.540863,-44.5721,-18.84233,-39.22375459303841,-54.57218970183204,-23.875319484244777,-34.05042,-44.401936,-20.565493,-36.22218082088821,-50.23312539510109,-22.211236246675334
22982,31-08-2026,22,-36.0,test,ISA,-35.740753,-44.50424,-19.464708,-40.25139964109451,-54.19993302780557,-26.302866254383453,-33.42053,-43.24091,-20.627512,-36.41064914895635,-49.61224549462753,-23.209052803285175
22982,31-08-2026,23,-30.0,test,CKB,-30.720211,-38.667168,-15.850072,-34.5360797907446,-49.04602608265552,-20.02613349883368,-29.49176,-39.206196,-17.100792,-31.531156470555125,-44.42658582604054,-18.635727115069713
22982,31-08-2026,24,-15.0,test,SWM,-12.992668,-23.282719,-2.1243453,-13.1440085958262,-21.10316833100212,-5.184848860650281,-18.048647,-29.032692,-3.4697876,-14.722493587176404,-25.720480199100418,-3.724506975252389
22982,31-08-2026,25,-23.0,test,IDG,-22.431368,-29.516338,-6.324743,-20.072808351294213,-27.17699752141596,-12.968619181172471,-25.976341,-36.95549,-12.206742,-22.85655719860413,-33.79680387437155,-11.916310522836707
22982,31-08-2026,26,-24.0,test,LKE,-23.208029,-30.857904,-7.2619677,-21.62755462025124,-28.776267995652187,-14.478841244850296,-26.236712,-36.256557,-13.775287,-23.710179786693722,-34.34330973316761,-13.077049840219837
22985,30-08-2026,1,-27.0,test,UDZ,-11.046004,-21.444956,14.834392,-3.77954545981145,-29.35822075184764,21.799129832224743,-13.70622,-23.473942,1.5357466,-9.608466144275637,-29.183711438496523,9.966779149945248
22985,30-08-2026,2,-29.0,test,MVJ,-14.49136,-24.282057,9.236575,-13.091819955564644,-39.60589259028269,13.422252679153406,-14.624387,-27.666481,5.052968,-14.088330348647622,-34.81941073699825,6.642750039703008
22985,30-08-2026,3,-32.0,test,CNA,-16.881374,-28.495876,8.799643,-14.986508245072422,-47.11194509828014,17.138928608135295,-17.68832,-30.147308,0.6091995,-16.54417056655213,-39.50522544488703,6.416884311782773
22985,30-08-2026,4,-37.0,test,BHL,-18.571722,-31.998842,8.246653,-21.302068304108044,-48.45877009993431,5.854633491718218,-22.97593,-34.54232,-7.14674,-20.908997352844114,-42.15464082702533,0.3366461213371075
22985,30-08-2026,5,-26.0,test,AII,-12.858324,-24.700008,11.067443,-11.260370355415828,-34.74900757140293,12.22826686057127,-11.348483,-21.840582,3.5063858,-11.845518362694763,-30.68483013748415,6.9937934120946235
22985,30-08-2026,6,-28.0,test,FL,-13.298235,-25.209347,9.573741,-11.519562682711006,-37.07404770944353,14.03492234402152,-13.214936,-23.972961,1.6303501,-12.702097613711102,-32.09962407103304,6.695428843610836
22985,30-08-2026,7,-28.0,test,RGS,-16.795609,-27.387115,5.387438,-14.677491412664873,-41.1371910957886,11.78220827045886,-14.08752,-24.92235,0.8909588,-15.21806782521049,-34.58921729128873,4.153081640867757
22985,30-08-2026,8,-26.0,test,NNL,-15.411509,-26.902964,5.735329,-10.132676750447873,-36.3428873025094,16.077533801613658,-12.257814,-22.852135,2.2484484,-12.67566025891702,-31.81376583639911,6.46244531856507
22985,30-08-2026,9,-28.0,test,RE,-14.8511915,-24.479193,7.989746,-10.103004146923093,-19.863378959398275,-0.3426293344479063,-13.302837,-23.37619,0.012277603,-12.81881400031419,-26.10710421204699,0.4694762114186144
