train_no,journey_date,station_sequence,station_code,remaining_delay_min,split,gcn_pred,gcn_low,gcn_high
12015,24-08-2026,1,NDLS,-23.0,val,-20.699123,-26.181911,-11.094617
12015,24-08-2026,2,DEC,-27.0,val,-23.76162,-31.809227,-10.900382
12015,24-08-2026,3,GGN,-32.0,val,-27.851473,-35.336693,-16.16462
12015,24-08-2026,4,RE,-27.0,val,-25.147343,-32.511833,-12.970282
12015,24-08-2026,5,AWR,-32.0,val,-29.926594,-38.744225,-15.643034
12015,24-08-2026,7,GADJ,-25.0,val,-23.765833,-31.263298,-11.822839
12015,24-08-2026,8,JP,-22.0,val,-21.771301,-29.544113,-9.316284
12015,24-08-2026,9,KSG,-22.0,val,-21.367352,-28.443508,-10.465235
12015,24-08-2026,10,AII,-21.0,val,-20.41688,-27.27707,-9.867347
12015,25-08-2026,1,NDLS,-22.0,val,-19.080084,-24.61691,-9.120754
12015,25-08-2026,2,DEC,-23.0,val,-19.688679,-27.881802,-6.0012875
12015,25-08-2026,3,GGN,-23.0,val,-20.203136,-27.940886,-7.171892
12015,25-08-2026,4,RE,-22.0,val,-20.103828,-27.850046,-6.7203827
12015,25-08-2026,5,AWR,-28.0,val,-25.090034,-33.78791,-11.077519
12015,25-08-2026,6,BKI,-21.0,val,-19.442965,-27.250282,-6.456259
12015,25-08-2026,7,GADJ,-32.0,val,-28.944717,-37.03395,-16.273415
12015,25-08-2026,8,JP,-27.0,val,-24.485332,-32.11329,-12.714987
12015,25-08-2026,9,KSG,-31.0,val,-26.969406,-34.254772,-16.141596
12015,25-08-2026,10,AII,-21.0,val,-20.55552,-28.259884,-7.7496786
12015,26-08-2026,1,NDLS,-20.0,val,-19.079796,-24.594715,-9.164076
12015,26-08-2026,2,DEC,-21.0,val,-19.748209,-25.494188,-9.801363
12015,26-08-2026,3,GGN,-22.0,val,-21.104391,-27.214897,-10.471558
12015,26-08-2026,4,RE,-25.0,val,-24.203758,-30.79272,-12.947582
12015,26-08-2026,5,AWR,-35.0,val,-34.28516,-43.803032,-19.083681
12015,26-08-2026,6,BKI,-29.0,val,-27.160522,-35.04667,-15.036563
12015,26-08-2026,7,GADJ,-39.0,val,-35.82155,-44.50277,-22.641224
12015,26-08-2026,8,JP,-30.0,val,-28.222857,-35.947918,-16.65923
12015,26-08-2026,9,KSG,-25.0,val,-25.613033,-33.29188,-12.947913
12015,26-08-2026,10,AII,-20.0,val,-20.23987,-27.225449,-9.541027
12015,27-08-2026,1,NDLS,-23.0,val,-20.512611,-26.015503,-10.81595
12015,27-08-2026,2,DEC,-30.0,val,-26.180088,-34.144638,-13.495154
12015,27-08-2026,3,GGN,-31.0,val,-27.264734,-34.85244,-15.268875
12015,27-08-2026,4,RE,-27.0,val,-24.963972,-31.902973,-13.3497095
12015,27-08-2026,5,AWR,-34.0,val,-32.68396,-41.14417,-19.067017
12015,27-08-2026,6,BKI,-29.0,val,-28.11905,-36.518803,-14.007903
12015,27-08-2026,7,GADJ,-27.0,val,-25.5287,-32.82053,-14.172871
12015,27-08-2026,8,JP,-27.0,val,-27.01902,-35.132793,-13.240096
12015,27-08-2026,9,KSG,-24.0,val,-22.866245,-29.94163,-12.316687
12015,27-08-2026,10,AII,-20.0,val,-19.594906,-26.443724,-8.995831
12182,24-08-2026,1,AII,5.0,val,-8.883896,-19.670166,11.378798
12182,24-08-2026,2,KSG,6.0,val,-8.705518,-22.584032,16.565533
12182,24-08-2026,3,FL,1.0,val,-13.626705,-27.520205,10.535561
12182,24-08-2026,4,JP,-8.0,val,-21.727276,-35.718494,2.2364883
12182,24-08-2026,5,DPA,-8.0,val,-21.591524,-34.206974,-0.70846367
12182,24-08-2026,6,BNLW,-17.0,val,-29.339071,-42.406036,-8.243242
12182,24-08-2026,7,CKB,-19.0,val,-32.212574,-43.70161,-14.980343
12182,24-08-2026,8,SWM,-16.0,val,-28.787006,-40.15751,-11.9941025
12182,24-08-2026,9,IDG,-33.0,val,-45.881344,-58.745914,-26.921894
12182,24-08-2026,10,LKE,-33.0,val,-44.771477,-55.733624,-28.984901
12182,24-08-2026,11,KOTA,-23.0,val,-36.408054,-48.000534,-19.471962
12182,24-08-2026,12,ATH,-19.0,val,-31.585724,-42.74519,-15.505653
12182,24-08-2026,13,BAZ,-25.0,val,-38.167114,-49.51947,-22.178785
12182,24-08-2026,14,ATRU,-23.0,val,-36.440784,-46.949196,-21.748562
12182,24-08-2026,15,CAG,-20.0,val,-33.701946,-43.99164,-19.432636
12182,24-08-2026,16,RTA,-3.0,val,-18.925465,-29.60512,-2.931944
12182,24-08-2026,17,GUNA,4.0,val,-12.603252,-23.662056,5.013649
12182,24-08-2026,18,ASKN,1.0,val,-15.700552,-26.373549,0.56801796
12182,24-08-2026,19,MNV,-12.0,val,-26.4813,-39.2238,-7.3944664
12182,24-08-2026,20,MAKR,-4.0,val,-20.535305,-30.670218,-6.500432
12182,24-08-2026,21,SGO,-13.0,val,-27.903627,-39.16853,-12.813875
12182,24-08-2026,22,DMO,-39.0,val,-47.1457,-58.47316,-31.439663
12182,24-08-2026,23,KMZ,-47.0,val,-49.976925,-61.78077,-33.47457
12182,24-08-2026,24,SHR,-41.0,val,-42.605865,-52.932053,-28.350964
12182,25-08-2026,1,AII,0.0,val,-6.98298,-18.919436,15.123399
12182,25-08-2026,2,KSG,0.0,val,-8.740245,-22.341883,15.996169
12182,25-08-2026,3,FL,-4.0,val,-12.658172,-26.258999,11.07689
12182,25-08-2026,4,JP,-11.0,val,-18.810936,-32.169174,3.5760193
12182,25-08-2026,5,DPA,-17.0,val,-24.548624,-37.021122,-4.0952034
12182,25-08-2026,6,BNLW,-23.0,val,-28.97716,-41.125786,-9.887325
12182,25-08-2026,7,CKB,-15.0,val,-21.659115,-32.582497,-4.3410053
12182,25-08-2026,8,SWM,-13.0,val,-20.185133,-31.34322,-2.5240307
12182,25-08-2026,9,IDG,-15.0,val,-21.874733,-33.19142,-4.2771835
12182,25-08-2026,10,LKE,-15.0,val,-22.264378,-33.244534,-5.4309273
12182,25-08-2026,11,KOTA,-17.0,val,-24.068121,-35.473736,-6.94388
12182,25-08-2026,12,ATH,-18.0,val,-25.555338,-36.50283,-9.612631
12182,25-08-2026,13,BAZ,-20.0,val,-27.183115,-37.777344,-12.023373
12182,25-08-2026,14,ATRU,-19.0,val,-27.202854,-37.931908,-11.812727
12182,25-08-2026,15,CAG,-18.0,val,-26.36722,-37.075222,-11.036624
12182,25-08-2026,16,RTA,0.0,val,-10.889566,-21.94141,7.1463375
12182,25-08-2026,17,GUNA,0.0,val,-10.841973,-21.961359,7.234887
12182,25-08-2026,18,ASKN,-5.0,val,-15.760105,-27.070751,1.6585579
12182,25-08-2026,19,MNV,-10.0,val,-20.341093,-30.8274,-5.368127
12182,25-08-2026,20,MAKR,0.0,val,-11.739508,-22.322283,4.530119
12182,25-08-2026,21,SGO,-6.0,val,-15.459275,-27.531265,2.6139517
12182,25-08-2026,22,DMO,-11.0,val,-20.720053,-32.23295,-4.9707966
12182,25-08-2026,23,KMZ,-28.0,val,-32.200687,-43.421658,-17.851566
12182,25-08-2026,24,SHR,-30.0,val,-33.74795,-43.843014,-20.88659
12182,26-08-2026,1,AII,-16.0,val,-7.871418,-18.706211,12.63715
12182,26-08-2026,2,KSG,-17.0,val,-10.002175,-23.31807,14.133815
12182,26-08-2026,3,FL,-21.0,val,-14.081081,-27.977623,10.069574
12182,26-08-2026,4,JP,-29.0,val,-20.340782,-33.431038,1.2758217
12182,26-08-2026,5,DPA,-32.0,val,-23.469564,-36.033775,-3.0921917
12182,26-08-2026,6,BNLW,-35.0,val,-25.961714,-37.519573,-7.951727
12182,26-08-2026,7,CKB,-29.0,val,-19.908022,-31.458332,-1.4080257
12182,26-08-2026,8,SWM,-20.0,val,-12.907645,-24.751156,7.135789
12182,26-08-2026,9,IDG,-32.0,val,-21.783974,-35.14998,0.2471199
12182,26-08-2026,11,KOTA,-36.0,val,-26.898167,-38.27523,-10.253321
12182,26-08-2026,12,ATH,-38.0,val,-29.209915,-40.000496,-13.710922
12182,26-08-2026,13,BAZ,-41.0,val,-31.738987,-42.32799,-16.866983
12182,26-08-2026,14,ATRU,-42.0,val,-33.62201,-43.995937,-19.112286
12182,26-08-2026,15,CAG,-41.0,val,-32.551773,-42.84092,-18.23437
12182,26-08-2026,16,RTA,-19.0,val,-13.47533,-24.527744,4.1478863
12182,26-08-2026,17,GUNA,-17.0,val,-11.72028,-22.824944,6.1876106
12182,26-08-2026,18,ASKN,-30.0,val,-21.47777,-34.32551,-1.1161556
12182,26-08-2026,19,MNV,-41.0,val,-33.187588,-44.08516,-18.303034
12182,26-08-2026,20,MAKR,-22.0,val,-17.033337,-27.546436,-1.6892462
12182,26-08-2026,21,SGO,-26.0,val,-20.781548,-30.880363,-7.059306
12182,26-08-2026,22,DMO,-28.0,val,-22.426125,-32.3249,-9.471993
12182,26-08-2026,23,KMZ,-34.0,val,-27.082306,-37.806187,-13.791903
12182,26-08-2026,24,SHR,-26.0,val,-20.460941,-30.395357,-8.205604
12316,24-08-2026,1,UDZ,2.0,val,0.42985785,-13.675944,32.66103
12316,24-08-2026,2,RPZ,-3.0,val,-5.1686435,-21.026394,29.391193
12316,24-08-2026,3,MVJ,-2.0,val,-5.1710343,-20.961428,29.300142
12316,24-08-2026,4,CNA,4.0,val,-1.0362276,-16.216526,32.80012
12316,24-08-2026,5,BHL,-6.0,val,-9.605702,-25.349174,24.522293
12316,24-08-2026,6,BJNR,-22.0,val,-25.51265,-40.82958,6.98703
12316,24-08-2026,7,NSD,-29.0,val,-32.91314,-47.32364,-3.8208427
12316,24-08-2026,8,AII,2.0,val,-1.6340522,-16.710974,30.965557
12316,24-08-2026,9,JP,-3.0,val,-6.2668004,-20.034138,22.65207
12316,24-08-2026,11,SWM,0.0,val,-3.2873785,-16.319813,23.839548
12316,24-08-2026,12,IDH,-45.0,val,-42.65543,-54.425392,-21.80974
12316,24-08-2026,13,TDL,-1.0,val,-3.1073768,-15.564347,21.226254
12316,24-08-2026,14,GOY,-8.0,val,-6.850033,-19.81276,17.186184
12316,24-08-2026,15,PRYJ,-25.0,val,-18.872969,-29.323517,-1.7039719
12316,24-08-2026,16,DDU,-2.0,val,-1.1751968,-8.065722,10.887563
12316,24-08-2026,17,PNBE,-22.0,val,-15.623001,-24.623894,-1.6148863
12316,24-08-2026,18,JAJ,4.0,val,-0.9336487,-8.516092,11.87645
12316,24-08-2026,19,JSME,-7.0,val,-6.9541965,-16.350761,8.532627
12316,24-08-2026,20,MDP,-8.0,val,-8.9471655,-16.406778,2.1403284
12316,24-08-2026,21,ASN,-4.0,val,-7.2272954,-14.491133,3.5700345
12316,24-08-2026,22,BWN,-8.0,val,-10.641337,-17.792223,-1.1588116
12372,27-08-2026,1,BKN,-32.0,val,-26.985138,-40.584396,0.27844238
12372,27-08-2026,2,NPS,-40.0,val,-34.88683,-50.507713,-5.2035713
12372,27-08-2026,3,SDGH,-40.0,val,-35.23626,-49.5723,-8.172344
12372,27-08-2026,4,RJR,-54.0,val,-47.536446,-63.212303,-19.23594
12372,27-08-2026,5,RTGH,-48.0,val,-43.106174,-58.213913,-15.514061
12372,27-08-2026,6,CUR,-49.0,val,-44.31151,-59.390465,-17.491005
12372,27-08-2026,7,SDLP,-48.0,val,-42.83033,-57.78043,-16.97165
12372,27-08-2026,8,LHU,-57.0,val,-50.927628,-66.28494,-24.556995
12372,27-08-2026,9,MHRG,-49.0,val,-43.6048,-58.40529,-18.109154
12372,27-08-2026,10,RE,-30.0,val,-26.653044,-41.46983,0.6354389
12372,27-08-2026,11,GGN,-45.0,val,-39.063908,-55.09241,-10.6790695
12372,27-08-2026,12,DLI,-48.0,val,-42.805126,-57.01054,-19.323635
12372,27-08-2026,13,GZB,-43.0,val,-38.19846,-52.32365,-14.549898
12372,27-08-2026,14,MB,-60.0,val,-53.758785,-68.15228,-31.524738
12372,27-08-2026,15,BE,-61.0,val,-53.41344,-66.534424,-34.208447
12372,27-08-2026,16,LKO,-120.0,val,-89.009995,-104.13522,-63.86696
12372,27-08-2026,17,RBL,-110.0,val,-82.3013,-97.05278,-58.6052
12372,27-08-2026,18,AME,-112.0,val,-80.91082,-95.43187,-57.61324
12372,27-08-2026,19,MBDP,-98.0,val,-69.538704,-82.821175,-48.77296
12372,27-08-2026,20,BOY,-87.0,val,-59.957172,-71.63591,-41.863667
12372,27-08-2026,21,BSB,-69.0,val,-48.757404,-58.974995,-33.467567
12372,27-08-2026,22,DDU,-43.0,val,-33.452522,-41.629448,-22.03667
12372,27-08-2026,23,SSM,-50.0,val,-39.86204,-50.001595,-25.870003
12372,27-08-2026,24,AUBR,-45.0,val,-35.666275,-44.85257,-23.103722
12372,27-08-2026,25,GAYA,-35.0,val,-29.673248,-38.072327,-18.555351
12372,27-08-2026,26,DHN,-33.0,val,-27.806414,-36.30903,-16.882107
12372,27-08-2026,27,ASN,-29.0,val,-26.063023,-34.94294,-14.79849
12372,27-08-2026,28,DGR,-49.0,val,-37.9307,-48.637295,-23.645897
12413,25-08-2026,1,AII,8.0,val,-9.115035,-19.223642,8.760243
12413,25-08-2026,2,KSG,6.0,val,-12.773785,-24.978432,8.081545
12413,25-08-2026,3,FL,3.0,val,-16.759895,-28.98112,3.408472
12413,25-08-2026,4,JP,-9.0,val,-29.888414,-42.107018,-10.636311
12413,25-08-2026,5,GADJ,-6.0,val,-25.63397,-36.626743,-8.461384
12413,25-08-2026,6,DO,-9.0,val,-28.08386,-38.70398,-12.324245
12413,25-08-2026,7,BKI,-11.0,val,-30.08142,-40.649124,-14.931536
12413,25-08-2026,8,RHG,-11.0,val,-30.340744,-40.750996,-15.430075
12413,25-08-2026,9,AWR,-2.0,val,-21.691923,-31.864496,-6.221882
12413,25-08-2026,10,KRH,-9.0,val,-28.143368,-38.941883,-11.93342
12413,25-08-2026,11,RE,7.0,val,-13.5821085,-23.435528,2.1196938
12413,25-08-2026,12,GGN,-10.0,val,-29.59299,-40.87356,-12.358049
12413,25-08-2026,13,DEC,-11.0,val,-30.050257,-40.317993,-15.557406
12413,25-08-2026,14,DLI,-15.0,val,-33.15789,-42.95054,-19.805899
12413,25-08-2026,15,KUN,-45.0,val,-54.97855,-66.05701,-37.725174
12413,25-08-2026,16,UMB,-9.0,val,-27.5261,-36.789745,-15.4392395
12413,25-08-2026,17,LDH,-7.0,val,-25.487545,-34.281086,-14.369636
12413,25-08-2026,18,JRC,-13.0,val,-28.839287,-37.793068,-17.407001
12413,25-08-2026,19,PTKC,-12.0,val,-27.568213,-36.53525,-16.324953
12413,25-08-2026,20,MSKT,-42.0,val,-44.652737,-55.369957,-29.182034
12466,24-08-2026,1,BGKT,1.0,val,-15.489767,-25.560759,1.535389
12466,24-08-2026,2,JU,2.0,val,-15.549787,-25.94965,1.7645102
12466,24-08-2026,3,RKB,0.0,val,-17.825834,-28.570229,-0.47647285
12466,24-08-2026,4,GOTN,-1.0,val,-19.17318,-30.160717,-1.9251003
12466,24-08-2026,5,MTD,1.0,val,-17.438486,-30.175148,3.5926075
12466,24-08-2026,6,REN,-26.0,val,-40.957096,-54.15056,-21.979246
12466,24-08-2026,7,DNA,-11.0,val,-28.294289,-41.816906,-7.3992424
12466,24-08-2026,8,MKN,-13.0,val,-28.820448,-40.082253,-12.716232
12466,24-08-2026,9,KMNC,-14.0,val,-30.026554,-41.073616,-14.441421
12466,24-08-2026,10,NAC,-10.0,val,-26.99266,-38.039948,-11.01258
12466,24-08-2026,11,SBR,-4.0,val,-22.186487,-33.217445,-5.4974403
12466,24-08-2026,13,JP,-9.0,val,-26.849009,-38.97657,-9.751635
12466,24-08-2026,14,DPA,-9.0,val,-26.553675,-38.23278,-9.863739
12466,24-08-2026,15,BNLW,-15.0,val,-31.033577,-42.63819,-15.764458
12466,24-08-2026,16,ISA,-15.0,val,-30.703074,-41.56803,-16.594528
12466,24-08-2026,17,CKB,-16.0,val,-31.524246,-42.22893,-17.770653
12466,24-08-2026,18,SWM,-10.0,val,-27.451694,-38.448967,-13.009721
12466,24-08-2026,19,IDG,-16.0,val,-32.53011,-43.98684,-17.882504
12466,24-08-2026,20,LKE,-15.0,val,-31.257183,-41.60218,-18.108778
12466,24-08-2026,21,KPZ,-19.0,val,-34.380833,-45.208126,-20.56491
12466,24-08-2026,22,KOTA,-18.0,val,-33.282124,-43.674896,-20.129599
12466,24-08-2026,23,NKOT,-20.0,val,-34.830307,-45.305565,-21.459976
12466,24-08-2026,24,DARA,-15.0,val,-31.546606,-41.71435,-18.772919
12466,24-08-2026,25,RMA,-19.0,val,-34.89317,-45.89965,-21.027153
12466,24-08-2026,26,BWM,-21.0,val,-34.996166,-45.452507,-21.62962
12466,24-08-2026,27,GOH,-22.0,val,-35.308968,-45.776516,-21.890133
12466,24-08-2026,28,SGZ,-24.0,val,-36.713615,-47.42847,-22.891632
12466,24-08-2026,29,SVA,-26.0,val,-37.70488,-48.428127,-23.742973
12466,24-08-2026,30,CMU,-27.0,val,-38.581226,-49.43786,-24.386467
12466,24-08-2026,31,VMA,-19.0,val,-34.221043,-44.601715,-21.046165
12466,24-08-2026,32,MEP,-17.0,val,-33.03147,-43.260685,-20.154926
12466,24-08-2026,33,NAD,-12.0,val,-30.40207,-40.3472,-18.139538
12466,24-08-2026,34,UJN,-17.0,val,-33.176838,-43.797997,-19.971426
12466,24-08-2026,35,DWX,-15.0,val,-31.892706,-42.258324,-19.081867
12466,25-08-2026,1,BGKT,-17.0,val,-16.265583,-26.376617,0.6846924
12466,25-08-2026,2,JU,-17.0,val,-17.280132,-27.530231,-0.53961563
12466,25-08-2026,3,RKB,-19.0,val,-19.446232,-29.976429,-2.762207
12466,25-08-2026,4,GOTN,-22.0,val,-21.88767,-32.40624,-5.728718
12466,25-08-2026,5,MTD,-21.0,val,-20.941532,-31.339231,-4.75786
12466,25-08-2026,6,REN,-25.0,val,-24.039495,-35.671787,-6.093899
12466,25-08-2026,7,DNA,-15.0,val,-16.956997,-28.550186,1.8906422
12466,25-08-2026,8,MKN,-17.0,val,-18.840818,-29.852962,-1.5005226
12466,25-08-2026,9,KMNC,-21.0,val,-21.771646,-32.600513,-5.2034473
12466,25-08-2026,10,NAC,-19.0,val,-20.181042,-31.395142,-2.7997265
12466,25-08-2026,11,SBR,-15.0,val,-17.585592,-28.786163,0.23989105
12466,25-08-2026,12,FL,-16.0,val,-18.40134,-29.741766,-0.7002144
12466,25-08-2026,13,JP,-34.0,val,-34.01405,-47.48238,-13.969095
12466,25-08-2026,14,DPA,-35.0,val,-34.866314,-46.70233,-18.486877
12466,25-08-2026,15,BNLW,-41.0,val,-38.060482,-49.9995,-22.48673
12466,25-08-2026,16,ISA,-42.0,val,-38.06771,-49.108418,-23.634338
12466,25-08-2026,17,CKB,-43.0,val,-38.711575,-49.66794,-24.34122
12466,25-08-2026,18,SWM,-31.0,val,-30.58839,-41.275272,-16.848751
12466,25-08-2026,19,IDG,-36.0,val,-35.2738,-47.31179,-19.714678
12466,25-08-2026,20,LKE,-35.0,val,-33.55617,-44.170395,-19.963955
12466,25-08-2026,21,KPZ,-38.0,val,-35.359383,-45.82888,-21.901205
12466,25-08-2026,22,KOTA,-34.0,val,-32.800137,-43.206173,-19.608025
12466,25-08-2026,23,NKOT,-38.0,val,-35.099773,-45.580273,-21.685572
12466,25-08-2026,24,DARA,-35.0,val,-33.4018,-43.677185,-20.400875
12466,25-08-2026,25,RMA,-39.0,val,-35.64822,-46.20003,-22.1073
12466,25-08-2026,26,BWM,-41.0,val,-36.866177,-47.646423,-22.96632
12466,25-08-2026,27,GOH,-47.0,val,-40.3232,-51.68724,-25.44783
12466,25-08-2026,28,SGZ,-48.0,val,-40.267742,-51.286972,-25.691471
12466,25-08-2026,29,SVA,-51.0,val,-42.144024,-53.334225,-27.159718
12466,25-08-2026,30,CMU,-52.0,val,-42.951756,-54.225254,-27.78754
12466,25-08-2026,31,VMA,-45.0,val,-38.983887,-49.84672,-24.729214
12466,25-08-2026,32,MEP,-39.0,val,-35.802876,-46.341797,-22.275719
12466,25-08-2026,33,NAD,-34.0,val,-33.204338,-43.506073,-20.250647
12466,25-08-2026,34,UJN,-29.0,val,-29.914234,-39.905106,-17.693432
12466,25-08-2026,35,DWX,-30.0,val,-29.440529,-39.25438,-17.428726
12466,26-08-2026,1,BGKT,6.0,val,-17.115456,-27.088226,-0.57282066
12466,26-08-2026,2,JU,8.0,val,-16.38954,-26.524988,0.3548107
12466,26-08-2026,3,RKB,7.0,val,-17.686886,-28.310038,-0.44914055
12466,26-08-2026,4,GOTN,5.0,val,-19.861197,-31.099445,-2.2933178
12466,26-08-2026,5,MTD,5.0,val,-19.640162,-31.534214,-0.4005642
12466,26-08-2026,6,REN,-19.0,val,-40.96395,-54.041092,-22.178871
12466,26-08-2026,7,DNA,-4.0,val,-27.927868,-40.662807,-8.431887
12466,26-08-2026,8,MKN,-6.0,val,-28.869898,-39.91703,-13.30192
12466,26-08-2026,9,KMNC,-7.0,val,-30.177284,-41.13134,-14.769645
12466,26-08-2026,10,NAC,-7.0,val,-30.438625,-41.5172,-14.989547
12466,26-08-2026,11,SBR,2.0,val,-22.804255,-34.018738,-5.9670887
12466,26-08-2026,12,FL,-1.0,val,-25.495552,-36.924892,-9.100618
12466,26-08-2026,13,JP,-5.0,val,-29.104141,-41.18801,-12.262211
12466,26-08-2026,14,DPA,-6.0,val,-29.934048,-41.445145,-14.022551
12466,26-08-2026,15,BNLW,-9.0,val,-31.674805,-42.79338,-17.161724
12466,26-08-2026,16,ISA,-10.0,val,-32.687412,-43.65492,-18.517593
12466,26-08-2026,17,CKB,-14.0,val,-35.636227,-46.892128,-21.08521
12466,26-08-2026,18,SWM,7.0,val,-19.081635,-30.377998,-2.5779114
12466,26-08-2026,19,IDG,2.0,val,-23.648338,-35.251385,-7.573698
12466,26-08-2026,21,KPZ,-22.0,val,-42.620964,-54.82785,-26.155022
12466,26-08-2026,22,KOTA,-22.0,val,-42.27378,-53.808304,-26.90068
12466,26-08-2026,23,NKOT,-24.0,val,-40.61764,-51.66373,-25.941956
12466,26-08-2026,24,DARA,-22.0,val,-39.360874,-50.25186,-24.997318
12466,26-08-2026,25,RMA,-25.0,val,-41.058804,-52.168915,-26.28257
12466,26-08-2026,26,BWM,-32.0,val,-47.738026,-60.26399,-30.739658
12466,26-08-2026,27,GOH,-33.0,val,-45.648876,-57.205547,-29.842112
12466,26-08-2026,28,SGZ,-35.0,val,-46.505447,-58.14786,-30.522234
12466,26-08-2026,29,SVA,-38.0,val,-48.335133,-60.126366,-31.966328
12466,26-08-2026,30,CMU,-39.0,val,-49.233906,-61.08849,-32.6869
12466,26-08-2026,31,VMA,-32.0,val,-45.278507,-56.81193,-29.576206
12466,26-08-2026,33,NAD,-9.0,val,-32.719803,-42.979294,-19.870491
12466,26-08-2026,34,UJN,-9.0,val,-32.008682,-42.225548,-19.302963
12466,26-08-2026,35,DWX,-4.0,val,-28.448072,-38.153435,-16.66534
12466,27-08-2026,1,BGKT,-26.0,val,-16.265192,-26.349194,0.63994026
12466,27-08-2026,2,JU,-24.0,val,-15.482614,-25.81562,1.7534552
12466,27-08-2026,3,RKB,-27.0,val,-18.59408,-29.858425,-0.36761284
12466,27-08-2026,4,GOTN,-30.0,val,-21.099922,-32.542522,-3.1781082
12466,27-08-2026,5,MTD,-31.0,val,-21.82136,-32.298904,-5.5923824
12466,27-08-2026,6,REN,-51.0,val,-38.857796,-51.345856,-20.894638
12466,27-08-2026,7,DNA,-38.0,val,-28.334892,-40.704803,-9.81546
12466,27-08-2026,8,MKN,-40.0,val,-29.786057,-40.821007,-14.382423
12466,27-08-2026,9,KMNC,-44.0,val,-33.769154,-44.932114,-18.42641
12466,27-08-2026,10,NAC,-41.0,val,-31.336273,-42.36131,-16.05064
12466,27-08-2026,12,FL,-53.0,val,-41.76895,-54.257843,-24.806715
12466,27-08-2026,13,JP,-57.0,val,-41.572163,-52.789345,-26.53532
12466,27-08-2026,14,DPA,-60.0,val,-44.25051,-55.618736,-28.72139
12466,27-08-2026,16,ISA,-64.0,val,-46.23698,-58.014618,-30.10656
12466,27-08-2026,17,CKB,-64.0,val,-45.53566,-56.99965,-29.7621
12466,27-08-2026,18,SWM,-42.0,val,-31.801369,-42.38232,-18.279701
12466,27-08-2026,19,IDG,-47.0,val,-35.867157,-47.146065,-21.366367
12466,27-08-2026,20,LKE,-46.0,val,-34.79535,-45.347527,-21.245506
12466,27-08-2026,21,KPZ,-48.0,val,-35.944065,-46.522392,-22.31417
12466,27-08-2026,22,KOTA,-47.0,val,-35.33896,-45.92629,-21.803322
12466,27-08-2026,23,NKOT,-50.0,val,-36.995632,-47.702103,-23.124142
12466,27-08-2026,24,DARA,-48.0,val,-35.55673,-46.041782,-22.073051
12466,27-08-2026,25,RMA,-50.0,val,-36.992245,-47.79461,-23.054897
12466,27-08-2026,26,BWM,-52.0,val,-37.687996,-48.42498,-23.70414
12466,27-08-2026,27,GOH,-54.0,val,-38.553467,-49.362988,-24.387657
12466,27-08-2026,28,SGZ,-55.0,val,-39.176044,-50.07821,-24.852688
12466,27-08-2026,29,SVA,-57.0,val,-40.434624,-51.437622,-25.850456
12466,27-08-2026,30,CMU,-58.0,val,-41.33609,-52.464985,-26.521095
12466,27-08-2026,31,VMA,-51.0,val,-37.548725,-48.277725,-23.60941
12466,27-08-2026,32,MEP,-44.0,val,-33.569767,-43.84749,-20.577515
12466,27-08-2026,33,NAD,-43.0,val,-33.09624,-43.37901,-20.173082
12466,27-08-2026,34,UJN,-36.0,val,-28.896782,-38.773106,-16.91328
12466,27-08-2026,35,DWX,-36.0,val,-29.23591,-39.314003,-17.040668
12468,24-08-2026,0,JP,-19.0,val,-9.2978325,-21.205753,10.905224
12468,24-08-2026,1,KKU,-21.0,val,-10.394796,-22.481018,9.914669
12468,24-08-2026,2,JOB,-21.0,val,-11.011175,-23.820051,10.466984
12468,24-08-2026,3,FL,-19.0,val,-8.989829,-21.566498,12.326917
12468,24-08-2026,4,SBR,-17.0,val,-7.9231057,-19.724537,11.992683
12468,24-08-2026,5,NAC,-17.0,val,-8.308049,-20.253986,11.60764
12468,24-08-2026,6,KMNC,-17.0,val,-8.371734,-20.117485,11.100406
12468,24-08-2026,7,MKN,-18.0,val,-9.284999,-21.022131,10.021384
12468,24-08-2026,8,GCH,-17.0,val,-8.3448305,-20.002281,10.912505
12468,24-08-2026,9,DNA,-20.0,val,-11.073792,-23.170185,8.467198
12468,24-08-2026,10,REN,-19.0,val,-10.340327,-22.118965,8.560332
12468,24-08-2026,11,MTDB,-17.0,val,-8.76661,-20.30223,9.553384
12468,24-08-2026,12,MDW,-19.0,val,-10.730345,-22.065962,7.0351887
12468,24-08-2026,13,NGO,-37.0,val,-26.916918,-39.326927,-8.499937
12468,24-08-2026,14,NOK,-45.0,val,-34.71918,-46.02729,-19.571701
12468,24-08-2026,15,DSO,-21.0,val,-13.237119,-24.4502,3.3715582
12468,24-08-2026,16,BKN,-19.0,val,-11.897584,-23.494183,6.069886
12468,24-08-2026,17,LGH,-21.0,val,-14.109756,-25.972555,4.466982
12468,24-08-2026,18,KLYT,-28.0,val,-19.449066,-31.30272,-2.3398438
12468,24-08-2026,19,PLCJ,-17.0,val,-10.530305,-21.291359,5.453292
12468,24-08-2026,20,RDRA,-28.0,val,-19.461473,-30.446339,-4.6341705
12468,24-08-2026,21,POK,-22.0,val,-14.512678,-24.340244,-1.1689873
12468,24-08-2026,22,SBLT,-17.0,val,-11.101293,-20.212208,1.0582371
12468,25-08-2026,0,JP,-13.0,val,-13.698214,-25.498217,5.81024
12468,25-08-2026,1,KKU,-10.0,val,-9.938505,-22.243553,11.1593685
12468,25-08-2026,2,JOB,-9.0,val,-9.563937,-22.163002,12.152627
12468,25-08-2026,3,FL,-13.0,val,-13.820285,-26.263582,6.3514986
12468,25-08-2026,4,SBR,-8.0,val,-9.91045,-21.662643,9.584797
12468,25-08-2026,5,NAC,-8.0,val,-9.96677,-21.73785,9.360985
12468,25-08-2026,6,KMNC,-9.0,val,-10.963504,-22.656382,8.028176
12468,25-08-2026,7,MKN,-10.0,val,-11.8929,-23.524084,6.8408356
12468,25-08-2026,8,GCH,-6.0,val,-8.333911,-19.99836,10.9444475
12468,25-08-2026,9,DNA,-9.0,val,-11.067764,-23.173103,8.499437
12468,25-08-2026,10,REN,-9.0,val,-11.204027,-22.957546,7.522505
12468,25-08-2026,11,MTDB,-6.0,val,-8.76661,-20.30223,9.553384
12468,25-08-2026,12,MDW,-20.0,val,-19.441021,-32.36811,1.3152542
12468,25-08-2026,13,NGO,-15.0,val,-17.582417,-29.652624,1.4461098
12468,25-08-2026,14,NOK,-25.0,val,-25.493185,-38.15427,-6.685457
12468,25-08-2026,15,DSO,-6.0,val,-9.638646,-21.458845,9.228021
12468,25-08-2026,16,BKN,-11.0,val,-14.498714,-26.051643,3.1183205
12468,25-08-2026,17,LGH,-19.0,val,-21.99746,-33.53495,-5.1872635
12468,25-08-2026,18,KLYT,-29.0,val,-29.801737,-41.4607,-14.425562
12468,25-08-2026,19,PLCJ,-18.0,val,-20.280289,-30.656593,-6.787404
12468,25-08-2026,20,RDRA,-20.0,val,-21.64274,-31.595297,-9.119598
12468,25-08-2026,21,POK,-24.0,val,-24.285564,-33.9618,-12.578467
12468,25-08-2026,22,SBLT,-17.0,val,-18.845922,-27.560764,-8.47596
12468,26-08-2026,0,JP,-4.0,val,-8.552016,-20.63403,12.170131
12468,26-08-2026,1,KKU,-8.0,val,-11.959515,-23.735125,7.586355
12468,26-08-2026,2,JOB,-11.0,val,-14.502758,-26.699453,5.3997
12468,26-08-2026,3,FL,-6.0,val,-9.897643,-22.402306,11.1769495
12468,26-08-2026,4,SBR,-5.0,val,-9.55126,-21.591473,10.695848
12468,26-08-2026,5,NAC,-4.0,val,-9.056042,-20.961613,10.7131405
12468,26-08-2026,6,KMNC,-3.0,val,-8.345515,-20.143707,11.235696
12468,26-08-2026,7,MKN,-3.0,val,-8.329447,-20.044891,11.064459
12468,26-08-2026,8,GCH,-3.0,val,-8.335932,-20.003845,10.943647
12468,26-08-2026,9,DNA,-5.0,val,-10.216966,-21.836271,8.505832
12468,26-08-2026,10,REN,-4.0,val,-9.51868,-21.292553,9.423949
12468,26-08-2026,11,MTDB,-3.0,val,-8.801919,-20.304844,9.425664
12468,26-08-2026,12,MDW,-7.0,val,-12.557038,-24.370125,5.7997656
12468,26-08-2026,13,NGO,-5.0,val,-11.016674,-22.57594,7.349739
12468,26-08-2026,14,NOK,-26.0,val,-29.248156,-41.61223,-11.769762
12468,26-08-2026,15,DSO,-5.0,val,-11.399074,-23.423546,7.996213
12468,26-08-2026,16,BKN,-29.0,val,-29.969467,-41.35461,-14.336307
12468,26-08-2026,17,LGH,-30.0,val,-34.23121,-45.529526,-19.28832
12468,26-08-2026,18,KLYT,-44.0,val,-42.7293,-53.917595,-27.686806
12468,26-08-2026,19,PLCJ,-13.0,val,-18.417439,-28.85981,-4.4779806
12468,26-08-2026,20,RDRA,-14.0,val,-19.255417,-29.34533,-6.1662226
12468,26-08-2026,21,POK,-10.0,val,-16.239618,-25.79393,-4.070057
12468,26-08-2026,22,SBLT,-6.0,val,-13.303941,-21.981297,-2.1905813
12468,27-08-2026,0,JP,-14.0,val,-10.162536,-22.68708,11.10114
12468,27-08-2026,1,KKU,-20.0,val,-13.110921,-26.955938,11.437903
12468,27-08-2026,2,JOB,-24.0,val,-17.90736,-31.429241,4.888588
12468,27-08-2026,3,FL,-18.0,val,-12.567289,-24.693409,7.4825077
12468,27-08-2026,4,SBR,-16.0,val,-11.44117,-23.181416,7.8594284
12468,27-08-2026,5,NAC,-16.0,val,-11.81366,-23.486313,7.055153
12468,27-08-2026,6,KMNC,-16.0,val,-11.865042,-23.425808,6.719385
12468,27-08-2026,7,MKN,-16.0,val,-11.895466,-23.449656,6.6748924
12468,27-08-2026,8,GCH,-14.0,val,-10.074612,-21.70836,8.748901
12468,27-08-2026,9,DNA,-18.0,val,-13.76322,-25.30671,4.3115444
12468,27-08-2026,10,REN,-17.0,val,-13.055895,-24.723417,5.2000256
12468,27-08-2026,12,MDW,-16.0,val,-12.50942,-23.91173,5.088032
12468,27-08-2026,13,NGO,-13.0,val,-10.119249,-21.661533,8.289339
12468,27-08-2026,14,NOK,-22.0,val,-17.636196,-30.499107,2.3981915
12468,27-08-2026,15,DSO,-12.0,val,-9.625584,-21.078152,8.119518
12468,27-08-2026,16,BKN,-12.0,val,-9.974484,-21.631704,8.430953
12468,27-08-2026,17,LGH,-17.0,val,-14.919051,-26.997211,3.9014177
12468,27-08-2026,18,KLYT,-26.0,val,-22.687569,-33.966095,-7.0162325
12468,27-08-2026,19,PLCJ,-13.0,val,-11.445107,-22.163818,4.2678633
12468,27-08-2026,20,RDRA,-21.0,val,-18.061903,-29.073917,-2.9269295
12468,27-08-2026,21,POK,-23.0,val,-19.43162,-29.495537,-6.665147
12468,27-08-2026,22,SBLT,-19.0,val,-16.162397,-25.104458,-5.1073523
12481,24-08-2026,0,DLI,-6.0,val,-8.409516,-16.198725,7.580158
12481,24-08-2026,1,SSB,-15.0,val,-18.550697,-26.61597,-2.8599901
12481,24-08-2026,2,BGZ,-19.0,val,-23.095097,-31.200535,-8.376963
12481,24-08-2026,3,SPZ,-20.0,val,-22.92157,-30.21608,-9.739843
12481,24-08-2026,4,ROK,-19.0,val,-22.471104,-30.002398,-8.524246
12481,24-08-2026,5,JIND,-28.0,val,-31.07236,-37.98154,-19.81181
12481,24-08-2026,6,NRW,-28.0,val,-31.140293,-37.963352,-20.29591
12481,24-08-2026,7,TUN,-32.0,val,-34.1489,-40.925346,-23.518183
12481,24-08-2026,8,JHL,-32.0,val,-33.999798,-41.00243,-23.092823
12481,24-08-2026,9,BLZ,-31.0,val,-33.155003,-39.839706,-22.773327
12481,24-08-2026,10,MSZ,-32.0,val,-33.358776,-40.0741,-22.97549
12481,24-08-2026,11,MAUR,-34.0,val,-35.096554,-42.331432,-24.015875
12481,24-08-2026,12,BTI,-9.0,val,-14.0560875,-21.0947,-1.9254742
12481,24-08-2026,13,GDB,-15.0,val,-19.433088,-27.77137,-5.7664595
12481,24-08-2026,14,MOT,-15.0,val,-19.57347,-26.64456,-8.451144
12481,24-08-2026,15,ABS,-16.0,val,-20.281937,-27.835976,-8.386892
12481,25-08-2026,0,DLI,-11.0,val,-23.192556,-30.496021,-9.963707
12481,25-08-2026,1,SSB,-12.0,val,-25.417309,-32.811005,-11.92467
12481,25-08-2026,2,BGZ,-31.0,val,-41.77513,-50.68679,-26.098192
12481,25-08-2026,3,SPZ,-34.0,val,-44.655178,-52.49885,-31.660175
12481,25-08-2026,4,ROK,-32.0,val,-42.65109,-50.186844,-30.254793
12481,25-08-2026,5,JIND,-37.0,val,-44.42078,-52.083073,-31.725166
12481,25-08-2026,6,NRW,-35.0,val,-42.69204,-50.201252,-30.376347
12481,25-08-2026,7,TUN,-39.0,val,-45.094704,-52.830433,-32.275776
12481,25-08-2026,8,JHL,-40.0,val,-45.58168,-53.387505,-32.661423
12481,25-08-2026,9,BLZ,-38.0,val,-44.023136,-51.718456,-31.40189
12481,25-08-2026,10,MSZ,-38.0,val,-43.52824,-51.19493,-30.998585
12481,25-08-2026,11,MAUR,-38.0,val,-43.60288,-51.327282,-31.013117
12481,25-08-2026,12,BTI,4.0,val,-11.347039,-18.505127,1.4217806
12481,25-08-2026,13,GDB,-2.0,val,-17.013342,-24.804966,-4.0571995
12481,25-08-2026,14,MOT,-2.0,val,-17.060944,-24.033552,-5.8461933
12481,25-08-2026,15,ABS,-18.0,val,-29.867382,-38.240646,-16.542955
12481,26-08-2026,0,DLI,-22.0,val,-24.331875,-31.107616,-12.1310625
12481,26-08-2026,1,SSB,-22.0,val,-26.173298,-33.383755,-13.110216
12481,26-08-2026,2,BGZ,-24.0,val,-28.561878,-35.57715,-16.222641
12481,26-08-2026,3,SPZ,-25.0,val,-29.316216,-36.177437,-17.538263
12481,26-08-2026,4,ROK,-23.0,val,-27.670387,-34.650032,-15.674133
12481,26-08-2026,5,JIND,-31.0,val,-34.83865,-42.50215,-22.767296
12481,26-08-2026,6,NRW,-30.0,val,-33.560318,-40.305668,-22.92641
12481,26-08-2026,7,TUN,-34.0,val,-36.616768,-43.904808,-25.227974
12481,26-08-2026,8,JHL,-36.0,val,-37.347507,-44.322987,-26.187546
12481,26-08-2026,9,BLZ,-36.0,val,-36.815193,-43.782806,-25.768412
12481,26-08-2026,10,MSZ,-37.0,val,-37.220432,-44.383644,-25.949688
12481,26-08-2026,11,MAUR,-38.0,val,-39.897877,-48.051697,-27.24458
12481,26-08-2026,12,BTI,-5.0,val,-11.381715,-18.539827,1.380126
12481,26-08-2026,13,GDB,-14.0,val,-19.326574,-28.117617,-4.2595415
12481,26-08-2026,14,MOT,-15.0,val,-20.308193,-27.540241,-8.847325
12481,26-08-2026,15,ABS,-19.0,val,-23.675917,-30.482727,-13.751357
12481,27-08-2026,0,DLI,14.0,val,-9.219133,-16.785297,6.118725
12481,27-08-2026,1,SSB,5.0,val,-18.984322,-28.874065,0.25754738
12481,27-08-2026,2,BGZ,-16.0,val,-38.550335,-47.17314,-23.28046
12481,27-08-2026,3,SPZ,-18.0,val,-40.963726,-48.682667,-28.055267
12481,27-08-2026,4,ROK,-18.0,val,-40.819637,-48.531998,-28.34902
12481,27-08-2026,5,JIND,-28.0,val,-48.296646,-57.273804,-33.74939
12481,27-08-2026,6,NRW,-30.0,val,-46.730125,-54.656216,-33.51345
12481,27-08-2026,7,TUN,-35.0,val,-50.568523,-59.25744,-36.15949
12481,27-08-2026,8,JHL,-38.0,val,-51.353603,-59.931496,-37.02174
12481,27-08-2026,9,BLZ,-38.0,val,-51.363346,-59.965355,-37.007545
12481,27-08-2026,10,MSZ,-40.0,val,-52.473217,-61.276886,-37.800964
12481,27-08-2026,11,MAUR,-42.0,val,-53.425884,-62.404808,-38.500633
12481,27-08-2026,12,BTI,-54.0,val,-62.572468,-73.14302,-44.906265
12481,27-08-2026,13,GDB,-20.0,val,-38.040165,-45.51723,-26.452444
12481,27-08-2026,14,MOT,-21.0,val,-40.37814,-48.47404,-27.874191
12481,27-08-2026,15,ABS,-19.0,val,-36.707275,-44.153442,-25.325005
12964,24-08-2026,1,UDZ,8.0,val,2.5722146,-6.4070163,20.335941
12964,24-08-2026,2,RPZ,5.0,val,-0.88082635,-11.383354,18.732252
12964,24-08-2026,3,MVJ,5.0,val,-0.80393064,-11.59376,19.217628
12964,24-08-2026,4,KIN,3.0,val,-3.1966782,-13.125848,14.903406
12964,24-08-2026,5,COR,8.0,val,0.99406207,-8.917269,19.563461
12964,24-08-2026,6,MLGH,8.0,val,0.8004855,-8.6352005,18.66888
12964,24-08-2026,7,BUDI,8.0,val,0.6001655,-8.442103,17.433563
12964,24-08-2026,8,KOTA,-16.0,val,-21.037764,-30.719057,-4.8864365
12964,24-08-2026,9,SWM,-12.0,val,-18.704563,-25.98349,-8.089928
12964,24-08-2026,10,GGC,-20.0,val,-26.263042,-34.833126,-14.189701
12964,24-08-2026,11,SMVJ,-23.0,val,-27.796982,-34.80496,-17.932116
12964,24-08-2026,12,HAN,-22.0,val,-27.27078,-34.24722,-17.505896
12964,24-08-2026,13,BXN,-21.0,val,-26.789013,-33.78635,-17.080433
12964,24-08-2026,14,BTE,-20.0,val,-25.923616,-32.877476,-16.373955
12964,24-08-2026,15,MTJ,1.0,val,-7.8991165,-15.493195,4.1789036
12964,24-08-2026,16,KSV,-17.0,val,-22.113525,-30.846592,-8.854095
12964,24-08-2026,17,BVH,1.0,val,-7.748496,-15.271859,3.8933105
12964,25-08-2026,1,UDZ,5.0,val,2.5722146,-6.4070163,20.335941
12964,25-08-2026,2,RPZ,1.0,val,-1.9370395,-11.960268,16.772635
12964,25-08-2026,3,MVJ,2.0,val,-0.6989354,-10.655994,17.76227
12964,25-08-2026,4,KIN,-4.0,val,-6.4483004,-15.610935,10.218003
12964,25-08-2026,5,COR,3.0,val,-0.6267296,-9.839815,16.69829
12964,25-08-2026,6,MLGH,4.0,val,0.24663031,-8.384542,16.610468
12964,25-08-2026,7,BUDI,3.0,val,-0.97330797,-9.7825,15.275229
12964,25-08-2026,8,KOTA,-8.0,val,-11.499501,-20.90672,4.767186
12964,25-08-2026,9,SWM,-8.0,val,-11.577815,-19.077114,0.4109993
12964,25-08-2026,10,GGC,-8.0,val,-11.986358,-19.498568,-0.17727375
12964,25-08-2026,11,SMVJ,-10.0,val,-14.373741,-21.64977,-3.3773556
12964,25-08-2026,12,HAN,-11.0,val,-15.471747,-22.706976,-4.7196083
12964,25-08-2026,13,BXN,-10.0,val,-14.814043,-22.076843,-4.004712
12964,25-08-2026,14,BTE,-10.0,val,-15.166168,-22.386951,-4.618779
12964,25-08-2026,15,MTJ,5.0,val,-1.8994671,-9.753306,11.649114
12964,25-08-2026,16,KSV,-6.0,val,-11.035168,-20.565723,5.166605
12964,25-08-2026,17,BVH,5.0,val,-2.543804,-9.918704,9.514793
12964,26-08-2026,1,UDZ,2.0,val,2.6876943,-5.2579355,19.029484
12964,26-08-2026,2,RPZ,-1.0,val,-1.1541697,-10.692239,16.85637
12964,26-08-2026,3,MVJ,1.0,val,0.19673645,-9.525513,18.408499
12964,26-08-2026,5,COR,1.0,val,0.2793368,-8.898142,17.715517
12964,26-08-2026,6,MLGH,2.0,val,1.1332556,-8.075495,18.6409
12964,26-08-2026,7,BUDI,2.0,val,0.6813539,-8.398139,17.690098
12964,26-08-2026,8,KOTA,-9.0,val,-9.764477,-19.5086,7.4884605
12964,26-08-2026,9,SWM,-7.0,val,-7.8915043,-15.534252,4.879696
12964,26-08-2026,10,GGC,-15.0,val,-15.493529,-24.612347,-0.8712902
12964,26-08-2026,11,SMVJ,-17.0,val,-18.231895,-25.718058,-7.3857546
12964,26-08-2026,12,HAN,-18.0,val,-19.252897,-26.44286,-9.064551
12964,26-08-2026,13,BXN,-17.0,val,-18.446743,-25.641315,-8.259641
12964,26-08-2026,14,BTE,-17.0,val,-18.691765,-25.861156,-8.723923
12964,26-08-2026,15,MTJ,-5.0,val,-7.9187765,-15.510748,4.151267
12964,26-08-2026,16,KSV,-18.0,val,-18.199394,-27.128944,-4.099221
12964,26-08-2026,17,BVH,1.0,val,-2.6457486,-10.376312,10.258535
12964,27-08-2026,1,UDZ,0.0,val,1.9210092,-5.6872272,17.643114
12964,27-08-2026,2,RPZ,-4.0,val,-2.6632736,-12.545323,15.657657
12964,27-08-2026,3,MVJ,-6.0,val,-4.848876,-15.088757,13.542417
12964,27-08-2026,4,KIN,-10.0,val,-9.195061,-19.21196,8.237839
12964,27-08-2026,5,COR,0.0,val,0.057269216,-9.583868,18.311016
12964,27-08-2026,6,MLGH,-1.0,val,-0.6959013,-9.191383,15.213418
12964,27-08-2026,7,BUDI,-2.0,val,-1.7374359,-9.87159,13.118503
12964,27-08-2026,8,KOTA,-13.0,val,-11.992161,-21.32576,4.2770405
12964,27-08-2026,9,SWM,-10.0,val,-9.766458,-17.417408,2.7878609
12964,27-08-2026,10,GGC,-17.0,val,-16.772453,-25.334274,-3.6468172
12964,27-08-2026,11,SMVJ,-18.0,val,-18.16556,-25.35336,-7.83204
12964,27-08-2026,12,HAN,-18.0,val,-18.165716,-25.324747,-7.910755
12964,27-08-2026,13,BXN,-20.0,val,-20.573975,-28.003265,-10.256234
12964,27-08-2026,14,BTE,-20.0,val,-20.442987,-27.558277,-10.700422
12964,27-08-2026,15,MTJ,0.0,val,-2.6997452,-10.54447,10.7170925
12964,27-08-2026,16,KSV,-14.0,val,-14.115547,-23.19948,1.0788326
12964,27-08-2026,17,BVH,1.0,val,-2.3399403,-9.817465,9.990263
12980,24-08-2026,1,JP,3.0,val,-0.5416893,-10.11217,18.004938
12980,24-08-2026,2,DPA,-3.0,val,-6.355478,-17.035662,12.7264
12980,24-08-2026,3,SWM,3.0,val,-2.4510481,-12.412141,15.794836
12980,24-08-2026,4,KOTA,-5.0,val,-7.120948,-17.411274,10.624827
12980,24-08-2026,5,NAD,4.0,val,-2.5017724,-12.355305,14.564966
12980,24-08-2026,6,RTM,4.0,val,-2.3844464,-11.943912,14.129418
12980,24-08-2026,7,MGN,3.0,val,-3.2554595,-12.940858,13.135358
12980,24-08-2026,8,DHD,0.0,val,-5.4728575,-14.976577,10.030681
12980,24-08-2026,9,GDA,5.0,val,-2.1066787,-11.555759,13.8020735
12980,24-08-2026,10,BRC,-5.0,val,-8.280253,-18.510838,7.1486273
12980,24-08-2026,11,ST,-15.0,val,-15.360967,-26.409239,-0.62919235
12980,24-08-2026,12,NVS,-22.0,val,-21.200506,-31.667034,-8.226952
12980,24-08-2026,13,BL,-34.0,val,-29.183418,-40.30669,-15.516
12980,24-08-2026,14,VAPI,-30.0,val,-26.318262,-35.66326,-14.994876
12980,24-08-2026,15,PLG,-39.0,val,-31.852436,-42.545647,-18.675655
12980,24-08-2026,17,ADH,-23.0,val,-21.71696,-31.089546,-10.795616
12980,26-08-2026,1,JP,-10.0,val,0.82869875,-8.825265,19.797674
12980,26-08-2026,2,DPA,-16.0,val,-4.8455806,-15.500675,14.30887
12980,26-08-2026,3,SWM,-14.0,val,-3.9467313,-13.780263,13.755093
12980,26-08-2026,4,KOTA,-14.0,val,-3.2771223,-12.648587,13.566601
12980,26-08-2026,5,NAD,-10.0,val,-2.1156185,-11.335471,13.9830065
12980,26-08-2026,6,RTM,-12.0,val,-3.0699453,-12.613101,13.266023
12980,26-08-2026,7,MGN,-19.0,val,-5.497552,-17.39812,14.1401415
12980,26-08-2026,8,DHD,-21.0,val,-9.386247,-19.008259,5.4577084
12980,26-08-2026,9,GDA,-10.0,val,-2.1069884,-11.555969,13.801439
12980,26-08-2026,10,BRC,-16.0,val,-4.5980654,-15.909668,13.535487
12980,26-08-2026,11,ST,-20.0,val,-9.789524,-19.001053,3.0617666
12980,26-08-2026,12,NVS,-27.0,val,-13.674094,-24.27005,0.45985603
12980,26-08-2026,13,BL,-35.0,val,-20.112473,-29.61834,-8.51692
12980,26-08-2026,15,PLG,-35.0,val,-20.265467,-29.122185,-9.943216
12980,26-08-2026,17,ADH,-12.0,val,-4.69738,-14.0901785,8.681183
12985,24-08-2026,1,JP,-14.0,val,6.971797,-0.6555443,20.360237
12985,24-08-2026,2,GADJ,-20.0,val,2.8700383,-6.789239,18.327137
12985,24-08-2026,3,DO,-18.0,val,4.1836987,-6.2404385,21.217686
12985,24-08-2026,4,AWR,-14.0,val,5.703539,-3.6694136,21.190739
12985,25-08-2026,1,JP,13.0,val,6.972305,-1.6487288,22.10425
12985,25-08-2026,2,GADJ,6.0,val,3.8942673,-6.0269833,20.082438
12985,25-08-2026,3,DO,5.0,val,2.8495064,-6.5553217,17.85984
12985,25-08-2026,4,AWR,8.0,val,3.4389546,-5.776454,18.29054
12985,25-08-2026,5,GGN,6.0,val,2.1309803,-5.663535,14.350629
12985,26-08-2026,1,JP,-10.0,val,6.78901,-0.92507315,20.325504
12985,26-08-2026,2,GADJ,-16.0,val,2.246208,-6.9256325,16.811634
12985,26-08-2026,3,DO,-14.0,val,2.9728076,-5.54228,16.44605
12985,26-08-2026,4,AWR,-10.0,val,5.0086184,-3.880064,19.595392
12985,26-08-2026,5,GGN,-8.0,val,5.9943676,-3.1326847,21.2876
12985,27-08-2026,1,JP,-2.0,val,6.3500185,-1.2836361,19.628757
12985,27-08-2026,2,GADJ,-8.0,val,2.6409793,-6.3406243,16.94084
12985,27-08-2026,3,DO,-15.0,val,-1.8320864,-13.025376,15.6377945
12985,27-08-2026,4,AWR,-22.0,val,-7.483035,-16.906162,5.2079163
12985,27-08-2026,5,GGN,-5.0,val,2.5619366,-5.7054806,15.507186
12991,24-08-2026,0,UDZ,-4.0,val,-2.4325027,-10.493684,12.632442
12991,24-08-2026,1,RPZ,-7.0,val,-4.8925376,-14.490761,12.116905
12991,24-08-2026,2,MVJ,-6.0,val,-4.121707,-14.262285,13.888631
12991,24-08-2026,3,FAN,-10.0,val,-7.7628884,-17.807705,9.600332
12991,24-08-2026,4,KIN,-11.0,val,-8.648173,-18.097527,7.3859606
12991,24-08-2026,5,COR,-6.0,val,-5.8429785,-14.910398,10.17368
12991,24-08-2026,6,BHL,-6.0,val,-5.81309,-15.523428,11.873533
12991,24-08-2026,7,MDL,-5.0,val,-4.9043193,-14.029097,11.64513
12991,24-08-2026,9,BJNR,-14.0,val,-13.933018,-23.617573,1.9815083
12991,24-08-2026,10,NSD,-22.0,val,-19.727982,-28.601562,-5.907484
12991,24-08-2026,11,AII,-6.0,val,-7.233494,-15.226126,6.458144
12991,24-08-2026,12,KSG,-6.0,val,-7.398622,-15.086559,5.602959
12991,24-08-2026,13,FL,-16.0,val,-15.577633,-23.82172,-3.2045498
12991,24-08-2026,14,JOB,-20.0,val,-18.36878,-25.687092,-7.8913183
12991,25-08-2026,0,UDZ,-10.0,val,-2.5216994,-10.566723,12.48959
12991,25-08-2026,1,RPZ,-15.0,val,-6.8041162,-15.808503,8.877597
12991,25-08-2026,2,MVJ,-18.0,val,-9.693611,-18.45737,4.9384384
12991,25-08-2026,3,FAN,-23.0,val,-13.647064,-22.267029,0.3029852
12991,25-08-2026,4,KIN,-22.0,val,-13.043389,-21.39656,0.4875164
12991,25-08-2026,5,COR,-19.0,val,-11.379182,-19.446743,2.0212889
12991,25-08-2026,6,BHL,-18.0,val,-10.541639,-18.532751,2.6567364
12991,25-08-2026,7,MDL,-18.0,val,-10.89329,-19.021,2.6342192
12991,25-08-2026,9,BJNR,-22.0,val,-15.079823,-24.066544,-0.37223244
12991,25-08-2026,10,NSD,-29.0,val,-20.51938,-29.136715,-7.8496284
12991,25-08-2026,12,KSG,-17.0,val,-11.459541,-19.419079,1.926857
12991,25-08-2026,13,FL,-20.0,val,-13.399705,-20.722769,-2.1323967
12991,25-08-2026,14,JOB,-22.0,val,-15.180655,-23.046856,-3.152112
12991,26-08-2026,0,UDZ,-2.0,val,-3.7390559,-10.444538,9.083039
12991,26-08-2026,1,RPZ,-6.0,val,-6.9582357,-15.453289,7.8559446
12991,26-08-2026,2,MVJ,-4.0,val,-4.738396,-13.779993,11.084993
12991,26-08-2026,3,FAN,-10.0,val,-9.959264,-18.91368,5.0622406
12991,26-08-2026,4,KIN,-10.0,val,-10.717729,-18.813272,2.7725334
12991,26-08-2026,5,COR,-11.0,val,-12.0278015,-19.693844,0.56711197
12991,26-08-2026,6,BHL,-18.0,val,-18.197842,-26.981117,-4.658662
12991,26-08-2026,7,MDL,-18.0,val,-18.473766,-27.895752,-3.1343145
12991,26-08-2026,9,BJNR,-16.0,val,-17.182575,-25.212162,-4.551301
12991,26-08-2026,10,NSD,-25.0,val,-25.627653,-34.88465,-11.741172
12991,26-08-2026,12,KSG,-15.0,val,-17.54565,-25.694187,-4.3414516
12991,26-08-2026,13,FL,-14.0,val,-15.274772,-22.36525,-4.972126
12991,26-08-2026,14,JOB,-18.0,val,-19.426977,-27.991806,-6.669791
12991,27-08-2026,0,UDZ,1.0,val,-3.9064496,-10.314809,8.454138
12991,27-08-2026,1,RPZ,-3.0,val,-6.6356072,-15.614092,9.020979
12991,27-08-2026,2,MVJ,-5.0,val,-8.184148,-17.798399,8.095487
12991,27-08-2026,3,FAN,-11.0,val,-13.36859,-22.763672,1.8047419
12991,27-08-2026,4,KIN,-12.0,val,-14.707254,-23.445873,-0.99392796
12991,27-08-2026,5,COR,-8.0,val,-11.834358,-20.37608,2.149169
12991,27-08-2026,6,BHL,-14.0,val,-17.49098,-26.204264,-4.3169346
12991,27-08-2026,7,MDL,-14.0,val,-17.285141,-25.352053,-4.928632
12991,27-08-2026,9,BJNR,-18.0,val,-21.12229,-30.036034,-7.133456
12991,27-08-2026,10,NSD,-26.0,val,-27.336037,-35.53157,-15.407631
12991,27-08-2026,12,KSG,-10.0,val,-15.284015,-22.68866,-4.2346783
12991,27-08-2026,13,FL,-9.0,val,-14.540714,-21.879774,-3.517703
12991,27-08-2026,14,JOB,-11.0,val,-15.941527,-23.407536,-4.8876686
14602,24-08-2026,1,HMH,-6.0,val,-2.7037785,-10.6588125,9.228131
14602,24-08-2026,2,SDS,-5.0,val,-3.293478,-13.437649,11.845341
14602,24-08-2026,3,SGNR,-10.0,val,-7.8180037,-16.139153,3.3447962
14602,24-08-2026,4,ABS,-7.0,val,-5.1166706,-12.382256,4.968693
14602,24-08-2026,5,CWDA,-6.0,val,-4.18483,-11.76026,6.644879
14602,24-08-2026,6,KUKA,-5.0,val,-3.989227,-11.619413,6.899996
14602,24-08-2026,7,FKA,-20.0,val,-14.967383,-25.035944,-1.4478445
14602,24-08-2026,8,LDK,-15.0,val,-10.569985,-19.816383,1.9935503
14602,24-08-2026,9,JBD,-13.0,val,-9.254328,-17.984127,2.4170313
14602,24-08-2026,10,GHS,-12.0,val,-9.640628,-17.7612,1.0225744
14602,24-08-2026,11,FZP,-7.0,val,-6.5749187,-14.951432,4.9010897
14602,25-08-2026,1,HMH,-18.0,val,-6.4595613,-16.143822,7.7975683
14602,25-08-2026,2,SDS,-26.0,val,-13.215724,-23.600016,0.5646229
14602,25-08-2026,3,SGNR,-17.0,val,-7.71318,-15.644634,2.9323478
14602,25-08-2026,4,ABS,-14.0,val,-4.7184834,-12.12575,5.731403
14602,25-08-2026,5,CWDA,-13.0,val,-4.18483,-11.76026,6.644879
14602,25-08-2026,6,KUKA,-15.0,val,-5.9487257,-13.57769,4.467598
14602,25-08-2026,7,FKA,-19.0,val,-8.558488,-17.14571,3.0570679
14602,25-08-2026,8,LDK,-18.0,val,-8.287316,-16.025055,2.022399
14602,25-08-2026,9,JBD,-16.0,val,-7.1595387,-14.94149,3.2619634
14602,25-08-2026,10,GHS,-12.0,val,-4.8021502,-12.691771,6.2751937
14602,25-08-2026,11,FZP,-14.0,val,-6.7086887,-15.1085205,4.7647123
14602,26-08-2026,1,HMH,0.0,val,-4.248106,-11.185337,5.597616
14602,26-08-2026,2,SDS,-5.0,val,-10.099749,-18.685266,1.2444735
14602,26-08-2026,3,SGNR,-2.0,val,-8.210061,-15.7674885,1.7874842
14602,26-08-2026,4,ABS,1.0,val,-4.8887773,-12.101582,5.178309
14602,26-08-2026,5,CWDA,2.0,val,-4.184829,-11.76026,6.6448817
14602,26-08-2026,6,KUKA,2.0,val,-4.642393,-12.272172,6.089198
14602,26-08-2026,7,FKA,-3.0,val,-7.192454,-16.718878,6.38454
14602,26-08-2026,8,LDK,-2.0,val,-7.2281356,-15.434591,4.06595
14602,26-08-2026,9,JBD,-2.0,val,-7.8872457,-16.173874,3.218965
14602,26-08-2026,10,GHS,0.0,val,-7.0194893,-15.041058,3.9136438
14602,26-08-2026,11,FZP,-1.0,val,-8.828492,-17.222836,2.210188
14602,27-08-2026,1,HMH,-14.0,val,-3.7041142,-11.157346,7.1920013
14602,27-08-2026,2,SDS,-19.0,val,-10.278453,-18.704063,0.7612686
14602,27-08-2026,3,SGNR,-17.0,val,-8.952916,-17.477863,2.3402805
14602,27-08-2026,4,ABS,-13.0,val,-5.0624323,-12.342834,5.0660534
14602,27-08-2026,5,CWDA,-13.0,val,-4.838349,-12.4133005,5.833448
14602,27-08-2026,6,KUKA,-11.0,val,-3.9870532,-11.600818,6.874069
14602,27-08-2026,7,FKA,-16.0,val,-7.636458,-15.216067,2.5156999
14602,27-08-2026,9,JBD,-17.0,val,-9.055556,-16.461819,0.53285027
14602,27-08-2026,10,GHS,-16.0,val,-8.292533,-16.086544,2.0906096
14602,27-08-2026,11,FZP,-11.0,val,-5.8121614,-14.3244915,5.956544
14662,24-08-2026,1,JAT,-2.0,val,1.9074236,-9.258971,27.66004
14662,24-08-2026,2,SMBX,-7.0,val,-3.7186282,-16.754988,24.329254
14662,24-08-2026,3,MSKT,-9.0,val,-5.3184834,-16.921144,19.937845
14662,24-08-2026,4,PTKC,-13.0,val,-9.370074,-20.757229,14.687936
14662,24-08-2026,5,MEX,-16.0,val,-12.454585,-24.288765,11.795321
14662,24-08-2026,6,DZA,-13.0,val,-9.1122675,-20.68634,14.911319
14662,24-08-2026,7,JRC,-7.0,val,-3.5159009,-15.408441,21.254
14662,24-08-2026,8,PGW,-10.0,val,-6.5165024,-18.068317,17.517305
14662,24-08-2026,9,LDH,-1.0,val,1.4608303,-10.475809,26.505508
14662,24-08-2026,10,KNN,-1.0,val,0.49895108,-11.866927,26.380363
14662,24-08-2026,11,SIR,-9.0,val,-6.9329553,-20.525204,21.522562
14662,24-08-2026,12,RPJ,-4.0,val,-2.1374753,-14.97476,25.15439
14662,24-08-2026,13,UBC,-3.0,val,-0.5555223,-12.158288,23.272877
14662,24-08-2026,14,UMB,-1.0,val,1.0284578,-10.562597,24.957434
14662,24-08-2026,15,JUDW,-6.0,val,-3.7224295,-16.204132,21.118849
14662,24-08-2026,16,YJUD,-8.0,val,-5.8548694,-17.090155,16.361473
14662,24-08-2026,17,SRE,-1.0,val,0.2980262,-11.216902,23.819874
14662,24-08-2026,18,DBD,-3.0,val,-1.7435321,-13.107267,21.04771
14662,24-08-2026,19,MOZ,-3.0,val,-1.8118714,-13.117356,20.774912
14662,24-08-2026,20,KAT,-3.0,val,-2.1353514,-13.395025,20.289862
14662,24-08-2026,21,SKF,-9.0,val,-7.6800566,-20.407213,17.252964
14662,24-08-2026,22,MUT,-9.0,val,-7.9847383,-19.082588,13.317803
14662,24-08-2026,24,MDNR,-15.0,val,-14.560962,-25.633764,5.584428
14662,24-08-2026,25,MUD,-19.0,val,-18.766144,-29.112799,-0.41521072
14662,24-08-2026,27,GZB,-23.0,val,-23.383158,-33.433617,-6.204176
14662,24-08-2026,28,DLI,-86.0,val,-77.41011,-90.24709,-55.89551
14662,24-08-2026,29,DEE,-89.0,val,-79.12361,-92.21575,-57.195282
14662,24-08-2026,30,DEC,-90.0,val,-80.96101,-94.366875,-58.55616
14662,24-08-2026,31,PM,-91.0,val,-79.31864,-92.52136,-57.3748
14662,24-08-2026,32,GGN,-89.0,val,-76.49363,-89.31642,-55.280907
14662,24-08-2026,33,GHH,-92.0,val,-79.86911,-93.21849,-57.7454
14662,24-08-2026,34,PTRD,-84.0,val,-73.4916,-85.839554,-53.068428
14662,24-08-2026,35,KIP,-83.0,val,-74.233025,-86.67796,-53.58999
14662,24-08-2026,36,RE,-60.0,val,-55.334667,-65.41277,-39.2274
14662,24-08-2026,38,HSI,-64.0,val,-58.503864,-68.87138,-41.73767
14662,24-08-2026,39,KRH,-66.0,val,-60.927105,-71.70671,-43.456497
14662,24-08-2026,40,AWR,-73.0,val,-68.40659,-80.125824,-49.041817
14662,24-08-2026,41,MKH,-71.0,val,-66.15636,-77.430405,-47.520702
14662,24-08-2026,42,RHG,-72.0,val,-66.282776,-77.61951,-47.573963
14662,24-08-2026,43,BU,-73.0,val,-66.76376,-78.12005,-47.988735
14662,24-08-2026,44,BKI,-72.0,val,-65.88096,-77.15171,-47.305565
14662,24-08-2026,45,DO,-76.0,val,-68.17063,-79.786575,-48.980125
14662,24-08-2026,46,GTJT,-79.0,val,-69.60081,-81.45378,-50.01822
14662,24-08-2026,47,GADJ,-80.0,val,-70.37484,-82.35391,-50.59273
14662,24-08-2026,48,JP,-63.0,val,-57.97781,-68.555275,-41.000763
14662,24-08-2026,49,JOB,-62.0,val,-55.98493,-66.24026,-39.564934
14662,24-08-2026,50,FL,-43.0,val,-40.957657,-50.019485,-27.583324
14662,24-08-2026,52,MKN,-34.0,val,-30.344894,-37.29552,-20.24873
14662,24-08-2026,53,DNA,-24.0,val,-21.944794,-27.76441,-13.859012
14662,24-08-2026,54,MTD,-22.0,val,-20.127598,-25.545292,-12.641066
14662,24-08-2026,55,RKB,-23.0,val,-21.973896,-28.401695,-13.471017
14662,24-08-2026,56,JU,-17.0,val,-17.292845,-22.595253,-10.192976
14662,24-08-2026,57,BANE,-18.0,val,-18.329395,-23.668846,-10.988515
14662,24-08-2026,58,LUNI,-12.0,val,-14.393509,-19.506016,-7.3102255
14662,24-08-2026,59,DOR,-16.0,val,-18.267344,-24.619576,-9.9138565
14662,24-08-2026,60,SMR,-12.0,val,-15.192794,-21.11935,-7.1846037
14662,24-08-2026,61,BLT,-11.0,val,-14.661044,-20.520971,-6.895641
14662,24-08-2026,62,BUT,-12.0,val,-16.250368,-22.614616,-7.7806787
14662,24-08-2026,63,UTL,-24.0,val,-26.059292,-33.772522,-15.560704
14662,25-08-2026,1,JAT,4.0,val,1.915579,-9.2543,27.68071
14662,25-08-2026,2,SMBX,1.0,val,-1.7737526,-13.411169,23.661497
14662,25-08-2026,3,MSKT,-1.0,val,-3.409733,-15.150623,22.161913
14662,25-08-2026,4,PTKC,-2.0,val,-4.3987803,-15.951223,20.543009
14662,25-08-2026,5,MEX,-6.0,val,-8.317674,-20.31092,16.65295
14662,25-08-2026,6,DZA,-7.0,val,-9.095999,-20.674158,14.875471
14662,25-08-2026,7,JRC,0.0,val,-2.4886858,-14.487164,22.603117
14662,25-08-2026,8,PGW,-3.0,val,-5.51381,-17.556595,19.441921
14662,25-08-2026,9,LDH,4.0,val,0.5976783,-11.162365,25.17414
14662,25-08-2026,10,KNN,5.0,val,0.6869432,-11.632436,26.46693
14662,25-08-2026,11,SIR,-3.0,val,-6.903193,-20.46277,21.504616
14662,25-08-2026,12,RPJ,1.0,val,-2.7095563,-15.281846,23.650799
14662,25-08-2026,13,UBC,3.0,val,-0.54326093,-12.150712,23.299818
14662,25-08-2026,14,UMB,4.0,val,0.20449126,-11.283769,23.79768
14662,25-08-2026,15,JUDW,-6.0,val,-9.522826,-22.495598,16.387875
14662,25-08-2026,16,YJUD,-8.0,val,-11.876035,-23.164482,10.057883
14662,25-08-2026,17,SRE,4.0,val,-0.55287254,-12.075411,22.850239
14662,25-08-2026,18,DBD,5.0,val,0.15342772,-11.25797,23.293135
14662,25-08-2026,19,MOZ,4.0,val,-0.85914457,-12.21869,21.96169
14662,25-08-2026,20,KAT,3.0,val,-2.1345727,-13.392876,20.285364
14662,25-08-2026,21,SKF,-4.0,val,-8.750491,-21.456942,16.02058
14662,25-08-2026,22,MUT,-7.0,val,-12.113823,-22.98278,8.269623
14662,25-08-2026,23,MTC,-5.0,val,-9.960115,-20.86668,10.733675
14662,25-08-2026,24,MDNR,-10.0,val,-15.568154,-26.03378,3.4334993
14662,25-08-2026,25,MUD,-13.0,val,-18.741375,-29.116388,-0.3014717
14662,25-08-2026,27,GZB,-21.0,val,-27.260517,-38.270866,-8.547554
14662,25-08-2026,28,DLI,-39.0,val,-45.486664,-56.75291,-26.626526
14662,25-08-2026,29,DEE,-43.0,val,-49.645542,-59.540565,-34.068443
14662,25-08-2026,30,DEC,-44.0,val,-49.421886,-58.949554,-34.464912
14662,25-08-2026,31,PM,-51.0,val,-56.394917,-66.92125,-39.667007
14662,25-08-2026,32,GGN,-53.0,val,-55.665073,-65.51117,-39.682148
14662,25-08-2026,33,GHH,-57.0,val,-61.81585,-72.678024,-44.059013
14662,25-08-2026,34,PTRD,-49.0,val,-52.604416,-62.446198,-37.057888
14662,25-08-2026,35,KIP,-50.0,val,-54.001892,-63.911583,-38.184914
14662,25-08-2026,36,RE,-29.0,val,-35.99028,-45.919117,-20.754633
14662,25-08-2026,37,BWL,-33.0,val,-40.035503,-50.031116,-25.441029
14662,25-08-2026,38,HSI,-47.0,val,-53.398834,-64.27965,-36.576706
14662,25-08-2026,39,KRH,-50.0,val,-56.83856,-67.585396,-39.89223
14662,25-08-2026,40,AWR,-55.0,val,-59.9222,-70.95791,-42.271427
14662,25-08-2026,41,MKH,-52.0,val,-57.161057,-67.70047,-40.347603
14662,25-08-2026,42,RHG,-54.0,val,-58.36901,-69.120804,-41.21315
14662,25-08-2026,43,BU,-54.0,val,-57.388744,-67.94892,-40.534058
14662,25-08-2026,44,BKI,-53.0,val,-56.871487,-67.41235,-40.107166
14662,25-08-2026,45,DO,-56.0,val,-58.685814,-69.47197,-41.463974
14662,25-08-2026,46,GTJT,-67.0,val,-66.23466,-77.86449,-47.160965
14662,25-08-2026,47,GADJ,-69.0,val,-67.20475,-78.67598,-48.255722
14662,25-08-2026,48,JP,-55.0,val,-56.392784,-66.83008,-39.74582
14662,25-08-2026,49,JOB,-62.0,val,-60.311775,-71.211914,-42.698708
14662,25-08-2026,50,FL,-47.0,val,-47.062244,-56.38329,-32.60344
14662,25-08-2026,51,KMNC,-54.0,val,-47.467083,-56.09844,-33.557972
14662,25-08-2026,52,MKN,-53.0,val,-45.427464,-53.50811,-32.280357
14662,25-08-2026,53,DNA,-56.0,val,-45.89693,-53.88358,-32.77615
14662,25-08-2026,54,MTD,-55.0,val,-45.12305,-52.982468,-32.220757
14662,25-08-2026,55,RKB,-65.0,val,-55.2847,-65.6216,-38.740158
14662,25-08-2026,56,JU,-56.0,val,-47.196514,-55.766983,-33.390957
14662,25-08-2026,57,BANE,-56.0,val,-46.394302,-54.46629,-33.152443
14662,25-08-2026,58,LUNI,-50.0,val,-43.013405,-51.367973,-30.008284
14662,25-08-2026,59,DOR,-32.0,val,-30.907906,-37.982822,-20.650238
14662,25-08-2026,60,SMR,-29.0,val,-29.42974,-36.17014,-19.653896
14662,25-08-2026,61,BLT,-25.0,val,-27.003407,-33.644783,-17.657358
14662,25-08-2026,62,BUT,-24.0,val,-27.283478,-34.365036,-17.538502
14662,25-08-2026,63,UTL,-26.0,val,-28.629852,-35.81871,-18.60691
14662,26-08-2026,1,JAT,-5.0,val,2.475365,-9.176428,29.080894
14662,26-08-2026,2,SMBX,-7.0,val,-0.124459624,-11.848092,25.618055
14662,26-08-2026,3,MSKT,-14.0,val,-6.66172,-19.144737,20.192886
14662,26-08-2026,4,PTKC,-15.0,val,-7.474641,-19.091377,17.301167
14662,26-08-2026,5,MEX,-15.0,val,-7.287943,-18.966644,17.20254
14662,26-08-2026,6,DZA,-15.0,val,-7.0325327,-18.585766,17.148354
14662,26-08-2026,7,JRC,-10.0,val,-2.5230105,-14.541184,22.608715
14662,26-08-2026,8,PGW,-12.0,val,-4.5988135,-16.692074,20.556269
14662,26-08-2026,9,LDH,-13.0,val,-5.2645664,-16.920807,18.317238
14662,26-08-2026,10,KNN,-6.0,val,-0.17181861,-12.49102,25.523102
14662,26-08-2026,11,SIR,-11.0,val,-4.683327,-17.235563,20.85341
14662,26-08-2026,12,RPJ,-9.0,val,-2.7755735,-15.130248,22.9352
14662,26-08-2026,13,UBC,-7.0,val,-0.5910281,-12.188907,23.211397
14662,26-08-2026,14,UMB,-5.0,val,1.054144,-10.536665,24.992907
14662,26-08-2026,15,JUDW,-11.0,val,-4.6684546,-17.111076,19.988533
14662,26-08-2026,16,YJUD,-13.0,val,-6.824238,-18.01673,15.2057495
14662,26-08-2026,17,SRE,-5.0,val,0.31061804,-11.208549,23.845049
14662,26-08-2026,18,DBD,-5.0,val,0.1421982,-11.271193,23.286123
14662,26-08-2026,19,MOZ,-6.0,val,-0.867277,-12.221045,21.937653
14662,26-08-2026,20,KAT,-7.0,val,-2.136131,-13.393918,20.282228
14662,26-08-2026,21,SKF,-14.0,val,-8.751957,-21.457907,16.017529
14662,26-08-2026,22,MUT,-15.0,val,-10.169215,-21.12516,10.572532
14662,26-08-2026,23,MTC,-14.0,val,-9.263211,-20.181036,11.487744
14662,26-08-2026,24,MDNR,-25.0,val,-20.681269,-31.58149,-1.0144196
14662,26-08-2026,25,MUD,-29.0,val,-24.890327,-35.041176,-7.355587
14662,26-08-2026,27,GZB,-35.0,val,-31.33256,-41.89865,-14.000492
14662,26-08-2026,28,DLI,-50.0,val,-47.07197,-57.5116,-30.545107
14662,26-08-2026,29,DEE,-60.0,val,-57.10207,-68.42198,-38.860718
14662,26-08-2026,30,DEC,-68.0,val,-63.645054,-74.8617,-45.26941
14662,26-08-2026,31,PM,-69.0,val,-63.04553,-73.70008,-45.319817
14662,26-08-2026,32,GGN,-66.0,val,-60.075916,-70.44388,-43.01117
14662,26-08-2026,33,GHH,-71.0,val,-63.051994,-73.65446,-45.41232
14662,26-08-2026,34,PTRD,-63.0,val,-55.7932,-65.83493,-39.62957
14662,26-08-2026,35,KIP,-63.0,val,-56.528324,-66.66953,-40.166756
14662,26-08-2026,36,RE,-42.0,val,-39.4568,-49.40559,-24.377182
14662,26-08-2026,37,BWL,-46.0,val,-44.825436,-55.582386,-27.933554
14662,26-08-2026,38,HSI,-57.0,val,-53.986233,-64.82704,-37.129803
14662,26-08-2026,39,KRH,-61.0,val,-57.42954,-68.0673,-40.452507
14662,26-08-2026,40,AWR,-65.0,val,-60.003796,-71.06064,-42.32492
14662,26-08-2026,41,MKH,-64.0,val,-58.6393,-69.322235,-41.50354
14662,26-08-2026,42,RHG,-65.0,val,-58.98052,-69.64365,-41.823143
14662,26-08-2026,43,BU,-65.0,val,-57.895855,-68.47367,-40.96491
14662,26-08-2026,44,BKI,-64.0,val,-57.051197,-67.553986,-40.310135
14662,26-08-2026,45,DO,-70.0,val,-60.99444,-71.83874,-43.429398
14662,26-08-2026,46,GTJT,-76.0,val,-65.345535,-76.80027,-46.623974
14662,26-08-2026,48,JP,-66.0,val,-57.249027,-67.760925,-40.42388
14662,26-08-2026,49,JOB,-64.0,val,-54.24249,-64.33864,-38.189056
14662,26-08-2026,50,FL,-46.0,val,-40.100113,-49.093513,-26.904503
14662,26-08-2026,51,KMNC,-57.0,val,-45.83301,-55.220005,-31.375378
14662,26-08-2026,52,MKN,-57.0,val,-43.117645,-51.47576,-30.02694
14662,26-08-2026,53,DNA,-48.0,val,-34.701687,-41.384266,-24.215477
14662,26-08-2026,54,MTD,-46.0,val,-32.66833,-39.116417,-22.679943
14662,26-08-2026,55,RKB,-48.0,val,-35.27071,-42.92963,-23.896694
14662,26-08-2026,56,JU,-37.0,val,-27.46168,-33.653618,-18.41632
14662,26-08-2026,57,BANE,-48.0,val,-38.889282,-47.352753,-26.177505
14662,26-08-2026,58,LUNI,-40.0,val,-31.975744,-39.393887,-21.25351
14662,26-08-2026,59,DOR,-37.0,val,-27.692911,-34.534084,-18.084978
14662,26-08-2026,60,SMR,-36.0,val,-27.593847,-34.283043,-18.122343
14662,26-08-2026,61,BLT,-22.0,val,-19.266249,-25.363907,-11.407673
14662,26-08-2026,62,BUT,-22.0,val,-20.216581,-26.899021,-11.659116
14662,26-08-2026,63,UTL,-25.0,val,-22.990114,-30.165577,-13.708519
14662,27-08-2026,1,JAT,-1.0,val,2.47635,-9.175852,29.083353
14662,27-08-2026,2,SMBX,-7.0,val,-3.9060276,-17.254244,24.810877
14662,27-08-2026,3,MSKT,-10.0,val,-6.3944874,-18.071037,18.96145
14662,27-08-2026,4,PTKC,-13.0,val,-9.359405,-20.750458,14.711999
14662,27-08-2026,5,MEX,-16.0,val,-12.4426775,-24.281124,11.821172
14662,27-08-2026,6,DZA,-18.0,val,-14.322398,-26.014812,9.380132
14662,27-08-2026,7,JRC,-6.0,val,-2.4742196,-14.492752,22.661148
14662,27-08-2026,8,PGW,-9.0,val,-5.5285597,-17.579529,19.444386
14662,27-08-2026,9,LDH,-1.0,val,1.4802877,-10.474568,26.567549
14662,27-08-2026,10,KNN,-1.0,val,0.508258,-11.861417,26.402267
14662,27-08-2026,11,SIR,-5.0,val,-2.8280442,-15.814471,23.696728
14662,27-08-2026,12,RPJ,-2.0,val,0.07181609,-12.401618,26.334059
14662,27-08-2026,13,UBC,-2.0,val,0.26385272,-11.133653,23.800283
14662,27-08-2026,14,UMB,-1.0,val,1.016697,-10.483836,24.767338
14662,27-08-2026,15,JUDW,-4.0,val,-1.8923463,-13.442998,21.527514
14662,27-08-2026,16,YJUD,-5.0,val,-2.8702142,-14.162948,19.783438
14662,27-08-2026,17,SRE,-1.0,val,0.29668725,-11.219503,23.82203
14662,27-08-2026,18,DBD,-1.0,val,0.14367545,-11.270233,23.28921
14662,27-08-2026,19,MOZ,-11.0,val,-9.841121,-21.484571,12.899354
14662,27-08-2026,20,KAT,-11.0,val,-10.040898,-21.052471,10.975659
14662,27-08-2026,21,SKF,-17.0,val,-16.408966,-27.636667,4.0994263
14662,27-08-2026,22,MUT,-18.0,val,-17.63347,-28.080374,1.3256893
14662,27-08-2026,23,MTC,-18.0,val,-17.671516,-28.019274,1.1189079
14662,27-08-2026,24,MDNR,-23.0,val,-22.989605,-33.955746,-3.9872208
14662,27-08-2026,25,MUD,-26.0,val,-26.142567,-36.411236,-8.910822
14662,27-08-2026,27,GZB,-30.0,val,-30.542648,-40.89821,-13.787317
14662,27-08-2026,28,DLI,-41.0,val,-41.558674,-51.40992,-26.464163
14662,27-08-2026,29,DEE,-50.0,val,-50.198822,-59.99003,-34.774323
14662,27-08-2026,30,DEC,-53.0,val,-51.4548,-61.25165,-36.092308
14662,27-08-2026,31,PM,-55.0,val,-52.98875,-62.711296,-37.47251
14662,27-08-2026,32,GGN,-54.0,val,-51.885136,-61.525623,-36.600693
14662,27-08-2026,33,GHH,-57.0,val,-55.275997,-65.17121,-39.28521
14662,27-08-2026,34,PTRD,-51.0,val,-49.482273,-59.18007,-34.502113
14662,27-08-2026,35,KIP,-53.0,val,-51.59273,-61.41588,-36.202908
14662,27-08-2026,36,RE,-30.0,val,-29.623821,-39.190483,-15.108792
14662,27-08-2026,37,BWL,-34.0,val,-35.441246,-45.65222,-19.792025
14662,27-08-2026,38,HSI,-49.0,val,-49.334667,-60.04029,-33.06518
14662,27-08-2026,39,KRH,-53.0,val,-50.74521,-60.735756,-35.34052
14662,27-08-2026,40,AWR,-56.0,val,-53.879807,-64.62075,-37.14126
14662,27-08-2026,41,MKH,-55.0,val,-52.635807,-62.854393,-36.4887
14662,27-08-2026,42,RHG,-56.0,val,-55.05261,-65.56812,-38.55031
14662,27-08-2026,43,BU,-57.0,val,-55.39808,-65.82762,-38.918743
14662,27-08-2026,44,BKI,-56.0,val,-54.76489,-65.13045,-38.431858
14662,27-08-2026,45,DO,-60.0,val,-57.456116,-68.04765,-40.55977
14662,27-08-2026,46,GTJT,-68.0,val,-62.739212,-74.01161,-44.501266
14662,27-08-2026,47,GADJ,-68.0,val,-62.231724,-73.22045,-44.35741
14662,27-08-2026,48,JP,-56.0,val,-52.93658,-63.089813,-36.9916
14662,27-08-2026,49,JOB,-51.0,val,-48.408215,-58.098106,-33.484512
14662,27-08-2026,50,FL,-27.0,val,-28.858995,-37.69166,-15.56794
14662,27-08-2026,51,KMNC,-25.0,val,-25.018854,-32.34031,-14.593408
14662,27-08-2026,52,MKN,-24.0,val,-23.497707,-30.095268,-14.151147
14662,27-08-2026,53,DNA,-15.0,val,-15.426226,-20.989855,-7.1766415
14662,27-08-2026,54,MTD,-43.0,val,-38.739315,-47.397537,-25.807198
14662,27-08-2026,55,RKB,-41.0,val,-32.730644,-40.145523,-21.937025
14662,27-08-2026,56,JU,-38.0,val,-30.311668,-36.703907,-20.704376
14662,27-08-2026,57,BANE,-41.0,val,-32.521225,-39.165245,-22.397411
14662,27-08-2026,58,LUNI,-37.0,val,-30.415062,-36.98224,-20.643312
14662,27-08-2026,59,DOR,-22.0,val,-21.482601,-27.763447,-13.216216
14662,27-08-2026,60,SMR,-19.0,val,-19.752472,-25.851128,-11.835379
14662,27-08-2026,61,BLT,-15.0,val,-17.70403,-23.895239,-9.751551
14662,27-08-2026,62,BUT,-16.0,val,-19.262962,-25.797869,-10.845552
14662,27-08-2026,63,UTL,-25.0,val,-27.965801,-35.78408,-16.880127
14701,24-08-2026,1,SGNR,-22.0,val,-4.517617,-15.075357,22.628098
14701,24-08-2026,2,SDS,-27.0,val,-9.754339,-22.727993,20.706663
14701,24-08-2026,4,HMO,-25.0,val,-8.232214,-21.222103,22.232075
14701,24-08-2026,5,ENB,-37.0,val,-19.406347,-32.227757,10.505316
14701,24-08-2026,6,NHR,-33.0,val,-15.392814,-27.07891,12.4926195
14701,24-08-2026,7,GAMI,-43.0,val,-25.611765,-36.959164,0.73182106
14701,24-08-2026,8,TSD,-45.0,val,-26.891598,-37.236534,-3.3531914
14701,24-08-2026,9,SDLP,-33.0,val,-15.498883,-26.181355,9.084048
14701,24-08-2026,10,CUR,-26.0,val,-9.853671,-20.449589,14.956613
14701,24-08-2026,11,BUB,-30.0,val,-13.169068,-23.459831,10.710565
14701,24-08-2026,12,RSWT,-29.0,val,-12.116236,-22.320526,11.499022
14701,24-08-2026,13,FPS,-36.0,val,-19.048264,-29.732573,4.8375816
14701,24-08-2026,14,LNH,-36.0,val,-19.748194,-29.619501,2.7342052
14701,24-08-2026,15,SIKR,-28.0,val,-12.532857,-22.550875,10.690412
14701,24-08-2026,16,PLSN,-27.0,val,-12.223727,-22.313515,11.124463
14701,24-08-2026,17,RGS,-32.0,val,-16.860619,-26.587658,5.287966
14701,24-08-2026,18,GND,-35.0,val,-19.965172,-29.95825,2.22369
14701,24-08-2026,19,COM,-35.0,val,-19.99423,-29.330826,1.0145893
14701,24-08-2026,20,DKBJ,-33.0,val,-18.03577,-27.256245,2.7475777
14701,24-08-2026,21,JP,-28.0,val,-13.483803,-23.728828,9.479256
14701,24-08-2026,22,JOB,-27.0,val,-12.520622,-23.101315,10.870752
14701,24-08-2026,23,FL,-30.0,val,-15.277486,-24.94384,6.301957
14701,24-08-2026,24,NRI,-31.0,val,-16.084896,-25.428879,4.630493
14701,24-08-2026,25,KSG,-36.0,val,-20.401112,-29.900723,-0.41357803
14701,24-08-2026,26,AII,-27.0,val,-11.947703,-21.537346,8.665936
14701,24-08-2026,27,BER,-23.0,val,-8.210208,-18.003605,12.860768
14701,24-08-2026,28,SOD,-22.0,val,-5.9278383,-15.821947,15.135797
14701,24-08-2026,29,MJ,-27.0,val,-10.393403,-20.034119,9.4525385
14701,24-08-2026,30,SOS,-26.0,val,-9.984416,-19.838814,10.39363
14701,24-08-2026,31,JAL,-29.0,val,-13.072718,-22.913597,6.7579193
14701,24-08-2026,32,RANI,-30.0,val,-13.347975,-22.87752,5.6177998
14701,24-08-2026,33,FA,-27.0,val,-10.43169,-20.414616,10.011538
14701,24-08-2026,34,SJWB,-28.0,val,-11.172505,-21.557995,10.55627
14701,24-08-2026,35,MOI,-28.0,val,-11.493744,-21.726717,9.747028
14701,24-08-2026,36,NANA,-28.0,val,-11.279363,-21.36718,9.255359
14701,24-08-2026,37,PDWA,-32.0,val,-15.364888,-25.701975,5.452647
14701,24-08-2026,38,SRPJ,-33.0,val,-15.953494,-25.83884,3.9319696
14701,24-08-2026,39,ABR,-23.0,val,-6.2672167,-16.66068,15.302585
14701,24-08-2026,40,PNU,-22.0,val,-4.7982297,-14.958294,16.328981
14701,24-08-2026,41,CHP,-22.0,val,-5.0683937,-14.9729805,15.345146
14701,24-08-2026,42,SID,-23.0,val,-5.759183,-15.477868,14.159734
14701,24-08-2026,44,MSH,-22.0,val,-4.823534,-14.170808,14.497681
14701,24-08-2026,45,KLL,-30.0,val,-13.41114,-22.975254,5.1247044
14701,24-08-2026,46,SBIB,-26.0,val,-8.464765,-17.016705,8.658965
14701,24-08-2026,47,ADI,-26.0,val,-8.777322,-15.74625,5.3470573
14701,24-08-2026,48,ND,-22.0,val,-5.6373734,-12.198233,7.7474427
14701,24-08-2026,49,ANND,-34.0,val,-17.52867,-26.139517,-1.2947712
14701,24-08-2026,50,BRC,-24.0,val,-8.136869,-15.442041,6.856949
14701,24-08-2026,51,BH,-22.0,val,-6.5941405,-12.648324,5.4149117
14701,24-08-2026,52,ST,-22.0,val,-7.1672864,-13.192403,4.625877
14701,24-08-2026,53,NVS,-30.0,val,-14.7665825,-22.234703,-0.8642483
14701,24-08-2026,54,VAPI,-34.0,val,-17.311296,-23.394047,-6.9129677
14701,24-08-2026,55,DRD,-40.0,val,-22.598934,-29.413757,-11.831814
14701,24-08-2026,56,BVI,-36.0,val,-20.040241,-26.07137,-10.55617
14701,24-08-2026,57,ADH,-29.0,val,-14.549356,-20.591793,-4.305188
14701,25-08-2026,1,SGNR,1.0,val,-4.5295024,-16.711037,26.04157
14701,25-08-2026,2,SDS,-4.0,val,-10.041589,-22.84667,20.680382
14701,25-08-2026,3,HMH,-24.0,val,-29.097462,-41.914764,0.29636383
14701,25-08-2026,4,HMO,-24.0,val,-29.753384,-41.560936,-2.0863075
14701,25-08-2026,5,ENB,-17.0,val,-22.787636,-34.346245,4.5515804
14701,25-08-2026,6,NHR,-14.0,val,-20.091036,-31.506016,6.991598
14701,25-08-2026,7,GAMI,-15.0,val,-20.405115,-31.901733,6.820099
14701,25-08-2026,8,TSD,-31.0,val,-35.10256,-46.49427,-9.701069
14701,25-08-2026,9,SDLP,-12.0,val,-17.431707,-28.00634,6.7742596
14701,25-08-2026,10,CUR,-9.0,val,-15.219984,-26.058128,9.475233
14701,25-08-2026,11,BUB,-22.0,val,-27.417248,-39.19217,-0.9219589
14701,25-08-2026,12,RSWT,-20.0,val,-26.210606,-36.527084,-2.7675362
14701,25-08-2026,13,FPS,-28.0,val,-33.97494,-44.653778,-10.843952
14701,25-08-2026,14,LNH,-29.0,val,-35.437946,-44.473267,-15.943081
14701,25-08-2026,15,SIKR,-20.0,val,-27.350037,-36.699986,-6.6345177
14701,25-08-2026,16,PLSN,-20.0,val,-27.001413,-36.104317,-7.005121
14701,25-08-2026,17,RGS,-17.0,val,-24.099268,-33.38219,-3.613636
14701,25-08-2026,18,GND,-22.0,val,-29.558678,-39.394924,-8.542042
14701,25-08-2026,19,COM,-22.0,val,-29.970516,-39.577904,-9.454754
14701,25-08-2026,20,DKBJ,-20.0,val,-27.95854,-36.866005,-8.59108
14701,25-08-2026,21,JP,-14.0,val,-21.879341,-31.799112,-0.31713867
14701,25-08-2026,22,JOB,-15.0,val,-23.173973,-32.77419,-2.1455593
14701,25-08-2026,23,FL,-16.0,val,-24.348434,-34.027157,-3.9905167
14701,25-08-2026,24,NRI,-16.0,val,-24.188114,-33.14625,-5.035408
14701,25-08-2026,25,KSG,-15.0,val,-22.971004,-32.122547,-3.747425
14701,25-08-2026,26,AII,-3.0,val,-10.754484,-20.425636,10.098555
14701,25-08-2026,27,BER,0.0,val,-7.812928,-17.672304,13.491624
14701,25-08-2026,28,SOD,1.0,val,-5.9016895,-15.800817,15.177332
14701,25-08-2026,29,MJ,1.0,val,-5.5370226,-15.480636,15.438802
14701,25-08-2026,30,SOS,-9.0,val,-15.516311,-26.610867,7.3743486
14701,25-08-2026,31,JAL,-12.0,val,-17.941092,-27.69637,1.4893703
14701,25-08-2026,32,RANI,-14.0,val,-19.838736,-29.307533,-1.2218151
14701,25-08-2026,33,FA,-12.0,val,-18.151922,-28.235842,2.3412457
14701,25-08-2026,34,SJWB,-13.0,val,-19.213696,-29.298733,1.2893715
14701,25-08-2026,35,MOI,-13.0,val,-18.629297,-28.384811,0.749773
14701,25-08-2026,36,NANA,-13.0,val,-18.951717,-28.782671,0.5929985
14701,25-08-2026,37,PDWA,-14.0,val,-20.128756,-29.942154,-0.6602974
14701,25-08-2026,38,SRPJ,-32.0,val,-35.651127,-44.81305,-18.985613
14701,25-08-2026,39,ABR,-28.0,val,-33.061153,-42.162186,-16.631214
14701,25-08-2026,40,PNU,-3.0,val,-8.564076,-18.528229,11.727378
14701,25-08-2026,41,CHP,-4.0,val,-9.547896,-19.169247,9.732156
14701,25-08-2026,42,SID,1.0,val,-4.9825983,-14.778393,15.168769
14701,25-08-2026,44,MSH,1.0,val,-4.907578,-14.248665,14.411339
14701,25-08-2026,45,KLL,1.0,val,-4.864499,-13.187415,12.229125
14701,25-08-2026,46,SBIB,-10.0,val,-15.093397,-23.37453,0.48894787
14701,25-08-2026,47,ADI,-6.0,val,-10.729851,-16.214352,0.12395668
14701,25-08-2026,48,ND,1.0,val,-5.7658443,-11.320049,5.537429
14701,25-08-2026,49,ANND,1.0,val,-6.0606294,-11.791857,5.7083354
14701,25-08-2026,50,BRC,1.0,val,-6.7772303,-12.24758,4.57557
14701,25-08-2026,51,BH,1.0,val,-6.7031345,-12.25872,4.3621387
14701,25-08-2026,52,ST,-3.0,val,-10.481051,-17.137335,2.388588
14701,25-08-2026,53,NVS,-8.0,val,-14.479497,-20.747372,-3.1017466
14701,25-08-2026,54,VAPI,-13.0,val,-18.824183,-24.543861,-9.471217
14701,25-08-2026,55,DRD,-22.0,val,-26.986715,-34.47524,-15.420816
14701,25-08-2026,56,BVI,-22.0,val,-25.921854,-32.383263,-16.51003
14701,25-08-2026,57,ADH,-16.0,val,-22.100674,-28.063555,-13.206444
14701,26-08-2026,1,SGNR,-19.0,val,-6.204775,-16.241192,19.982763
14701,26-08-2026,2,SDS,-22.0,val,-10.5397005,-22.763294,18.704502
14701,26-08-2026,3,HMH,-34.0,val,-21.67323,-34.70755,8.90387
14701,26-08-2026,4,HMO,-32.0,val,-20.922302,-33.77382,9.5346985
14701,26-08-2026,5,ENB,-32.0,val,-19.94453,-32.16589,9.360308
14701,26-08-2026,6,NHR,-29.0,val,-16.874363,-27.993538,9.468847
14701,26-08-2026,7,GAMI,-43.0,val,-30.578598,-42.318962,-3.6883564
14701,26-08-2026,8,TSD,-42.0,val,-29.258415,-40.172516,-4.275255
14701,26-08-2026,9,SDLP,-29.0,val,-15.620372,-25.659954,7.3688745
14701,26-08-2026,10,CUR,-24.0,val,-12.886898,-23.50483,11.835615
14701,26-08-2026,11,BUB,-28.0,val,-16.196526,-26.79697,7.8221054
14701,26-08-2026,12,RSWT,-28.0,val,-16.059298,-25.93271,6.546978
14701,26-08-2026,13,FPS,-36.0,val,-23.957386,-34.780506,-0.059143066
14701,26-08-2026,14,LNH,-37.0,val,-25.307867,-34.82779,-4.0532417
14701,26-08-2026,15,SIKR,-40.0,val,-29.37423,-38.627846,-9.01342
14701,26-08-2026,16,PLSN,-39.0,val,-27.987843,-37.014473,-8.247831
14701,26-08-2026,17,RGS,-39.0,val,-28.41646,-37.48748,-8.68667
14701,26-08-2026,18,GND,-47.0,val,-36.531513,-46.121346,-16.663258
14701,26-08-2026,19,COM,-48.0,val,-37.331295,-46.67926,-17.898514
14701,26-08-2026,20,DKBJ,-44.0,val,-33.965115,-43.004005,-14.675922
14701,26-08-2026,21,JP,-30.0,val,-20.36239,-30.361927,1.5446568
14701,26-08-2026,22,JOB,-29.0,val,-18.741829,-28.749474,3.1354752
14701,26-08-2026,23,FL,-31.0,val,-20.655176,-30.471159,0.57273483
14701,26-08-2026,24,NRI,-31.0,val,-21.205717,-30.582287,-0.80246925
14701,26-08-2026,25,KSG,-33.0,val,-23.194584,-32.478832,-3.7745209
14701,26-08-2026,26,AII,-17.0,val,-7.5283117,-17.221367,13.654515
14701,26-08-2026,27,BER,-22.0,val,-12.135347,-22.168219,8.980967
14701,26-08-2026,28,SOD,-19.0,val,-8.058711,-17.807547,12.444398
14701,26-08-2026,29,MJ,-17.0,val,-5.8284364,-15.696852,14.868065
14701,26-08-2026,30,SOS,-17.0,val,-6.1210566,-16.280882,15.305776
14701,26-08-2026,31,JAL,-18.0,val,-7.0627537,-16.912878,13.425898
14701,26-08-2026,32,RANI,-19.0,val,-7.552723,-17.358742,12.535095
14701,26-08-2026,33,FA,-17.0,val,-5.594964,-15.913206,16.069023
14701,26-08-2026,35,MOI,-18.0,val,-6.728238,-17.27319,15.640351
14701,26-08-2026,36,NANA,-19.0,val,-7.39738,-17.811995,14.341962
14701,26-08-2026,37,PDWA,-19.0,val,-7.619111,-18.22179,14.675635
14701,26-08-2026,38,SRPJ,-20.0,val,-8.468409,-18.811089,13.039396
14701,26-08-2026,39,ABR,-17.0,val,-5.233368,-15.657841,16.506626
14701,26-08-2026,40,PNU,-17.0,val,-4.818981,-14.975741,16.297834
14701,26-08-2026,41,CHP,-17.0,val,-5.0882077,-14.978197,15.292404
14701,26-08-2026,42,SID,-18.0,val,-5.708452,-15.383449,14.110832
14701,26-08-2026,44,MSH,-17.0,val,-4.908414,-14.253037,14.4026575
14701,26-08-2026,45,KLL,-17.0,val,-4.945097,-13.324061,12.284178
14701,26-08-2026,46,SBIB,-24.0,val,-10.733428,-18.63639,4.374631
14701,26-08-2026,47,ADI,-18.0,val,-6.219173,-12.299866,6.5161204
14701,26-08-2026,48,ND,-17.0,val,-5.7274156,-11.33156,5.685571
14701,26-08-2026,49,ANND,-17.0,val,-6.092922,-12.000393,6.070221
14701,26-08-2026,50,BRC,-17.0,val,-6.737512,-12.505978,5.3291326
14701,26-08-2026,51,BH,-24.0,val,-12.059439,-17.61347,-1.5336618
14701,26-08-2026,53,NVS,-26.0,val,-14.72491,-20.655758,-4.0214157
14701,26-08-2026,54,VAPI,-39.0,val,-26.341639,-33.92528,-13.879677
14701,26-08-2026,55,DRD,-39.0,val,-26.107773,-32.929413,-15.646164
14701,26-08-2026,56,BVI,-33.0,val,-21.665787,-27.70696,-12.427771
14701,26-08-2026,57,ADH,-24.0,val,-14.570645,-20.577013,-4.3896112
14701,27-08-2026,1,SGNR,-14.0,val,-4.3170357,-14.744173,22.583958
14701,27-08-2026,2,SDS,-18.0,val,-9.506264,-21.873573,19.90953
14701,27-08-2026,3,HMH,-24.0,val,-15.369023,-27.43922,12.973945
14701,27-08-2026,4,HMO,-35.0,val,-25.750893,-37.77524,2.2201538
14701,27-08-2026,5,ENB,-36.0,val,-26.777678,-37.77282,-1.2748051
14701,27-08-2026,6,NHR,-31.0,val,-21.6872,-32.376408,3.626442
14701,27-08-2026,7,GAMI,-30.0,val,-21.018341,-31.77363,4.402031
14701,27-08-2026,8,TSD,-32.0,val,-22.745897,-33.326912,1.6283703
14701,27-08-2026,9,SDLP,-28.0,val,-18.480772,-29.112144,5.8245564
14701,27-08-2026,10,CUR,-24.0,val,-15.44462,-25.77009,8.467918
14701,27-08-2026,11,BUB,-27.0,val,-17.916094,-27.95427,5.088976
14701,27-08-2026,12,RSWT,-25.0,val,-15.9265995,-25.951155,7.0539284
14701,27-08-2026,13,FPS,-32.0,val,-23.272972,-34.2501,1.1177979
14701,27-08-2026,14,LNH,-34.0,val,-26.030142,-35.68834,-4.3691616
14701,27-08-2026,15,SIKR,-25.0,val,-17.758385,-27.714897,5.05579
14701,27-08-2026,16,PLSN,-25.0,val,-17.592201,-27.38958,4.746605
14701,27-08-2026,17,RGS,-24.0,val,-16.695637,-26.485958,5.589714
14701,27-08-2026,18,GND,-26.0,val,-19.105099,-28.614079,2.435482
14701,27-08-2026,19,COM,-26.0,val,-19.151434,-28.67882,2.2954502
14701,27-08-2026,20,DKBJ,-23.0,val,-16.300488,-25.743834,5.115494
14701,27-08-2026,21,JP,-21.0,val,-14.863164,-25.82185,9.073695
14701,27-08-2026,22,JOB,-21.0,val,-13.58289,-24.923506,11.952049
14701,27-08-2026,23,FL,-22.0,val,-15.370985,-25.387882,7.2148495
14701,27-08-2026,24,NRI,-20.0,val,-13.447173,-22.823605,7.4102964
14701,27-08-2026,25,KSG,-23.0,val,-16.194017,-25.480286,3.84935
14701,27-08-2026,26,AII,-15.0,val,-8.015023,-17.769552,13.172046
14701,27-08-2026,27,BER,-14.0,val,-6.8798127,-16.770575,14.554857
14701,27-08-2026,28,SOD,-14.0,val,-5.9072504,-15.805546,15.168109
14701,27-08-2026,29,MJ,-14.0,val,-5.5405784,-15.481796,15.4283085
14701,27-08-2026,30,SOS,-14.0,val,-5.9143705,-16.183887,15.8497305
14701,27-08-2026,31,JAL,-16.0,val,-7.9066663,-17.718826,12.435574
14701,27-08-2026,32,RANI,-16.0,val,-7.4904222,-17.30997,12.644443
14701,27-08-2026,33,FA,-14.0,val,-5.57216,-15.933889,16.232143
14701,27-08-2026,35,MOI,-14.0,val,-5.7582293,-16.36291,16.82912
14701,27-08-2026,36,NANA,-14.0,val,-5.3497477,-15.873487,16.844673
14701,27-08-2026,37,PDWA,-14.0,val,-5.737168,-16.466282,17.019161
14701,27-08-2026,38,SRPJ,-14.0,val,-5.628459,-16.15562,16.563313
14701,27-08-2026,39,ABR,-15.0,val,-6.269017,-16.631008,15.204614
14701,27-08-2026,40,PNU,-14.0,val,-4.8206196,-14.990065,16.333366
14701,27-08-2026,41,CHP,-14.0,val,-5.089571,-14.989869,15.31568
14701,27-08-2026,42,SID,-14.0,val,-4.999773,-14.788686,15.139347
14701,27-08-2026,44,MSH,-14.0,val,-4.919245,-14.261187,14.401133
14701,27-08-2026,45,KLL,-14.0,val,-4.889909,-13.256962,12.314286
14701,27-08-2026,46,SBIB,-39.0,val,-25.907461,-33.600456,-12.669817
14701,27-08-2026,47,ADI,-22.0,val,-11.287524,-18.222904,2.148099
14701,27-08-2026,48,ND,-14.0,val,-5.773193,-11.322551,5.5199504
14701,27-08-2026,49,ANND,-23.0,val,-14.665038,-21.90935,-0.94947433
14701,27-08-2026,50,BRC,-22.0,val,-12.772091,-18.222189,-2.1621113
14701,27-08-2026,51,BH,-16.0,val,-8.232859,-13.655091,2.533637
14701,27-08-2026,52,ST,-18.0,val,-10.301454,-16.186974,0.94751835
14701,27-08-2026,53,NVS,-28.0,val,-20.387632,-28.012592,-6.8127623
14701,27-08-2026,54,VAPI,-22.0,val,-14.153414,-20.14367,-3.2777023
14701,27-08-2026,55,DRD,-24.0,val,-16.844711,-23.508068,-5.402747
14701,27-08-2026,56,BVI,-33.0,val,-24.64646,-32.12276,-12.881961
14701,27-08-2026,57,ADH,-27.0,val,-19.171322,-25.306852,-9.350562
14707,24-08-2026,0,HMH,154.0,val,4.59526,-7.162955,31.037764
14707,24-08-2026,1,PGK,150.0,val,1.6900464,-10.764422,28.591393
14707,24-08-2026,2,SOG,144.0,val,-4.364784,-16.50651,21.083305
14707,24-08-2026,3,LKS,118.0,val,-27.612598,-40.699287,-1.4789124
14707,24-08-2026,4,LGH,128.0,val,-18.894787,-30.358955,2.4900074
14707,24-08-2026,5,BKN,150.0,val,1.9954835,-10.513275,28.204819
14707,24-08-2026,6,DSO,104.0,val,-42.757706,-54.439598,-20.750301
14707,24-08-2026,7,NOK,98.0,val,-50.7449,-62.976234,-29.508736
14707,24-08-2026,8,NGO,55.0,val,-84.94298,-98.858505,-61.347546
14707,24-08-2026,9,MDW,54.0,val,-86.6082,-100.83765,-62.791245
14707,24-08-2026,10,MTD,58.0,val,-80.266975,-93.505714,-58.25064
14707,24-08-2026,11,GOTN,62.0,val,-78.01931,-90.8896,-56.630264
14707,24-08-2026,12,RKB,53.0,val,-84.42144,-98.43541,-61.111984
14707,24-08-2026,13,JU,53.0,val,-82.76472,-96.455124,-60.095127
14707,24-08-2026,14,LUNI,61.0,val,-76.78641,-89.540504,-55.714657
14707,24-08-2026,15,PMY,67.0,val,-71.634094,-83.593605,-51.93213
14707,24-08-2026,16,MJ,42.0,val,-91.320564,-106.48982,-65.96761
14707,24-08-2026,17,SOS,37.0,val,-94.25586,-109.91861,-68.364655
14707,24-08-2026,18,RANI,31.0,val,-97.001274,-113.1982,-70.36855
14707,24-08-2026,19,FA,27.0,val,-98.430664,-114.857414,-71.49637
14707,24-08-2026,20,SJWB,25.0,val,-100.41833,-117.19114,-72.914795
14707,24-08-2026,21,PDWA,21.0,val,-101.609535,-118.62304,-73.779366
14707,24-08-2026,22,ABR,27.0,val,-96.556145,-112.83223,-70.01718
14707,24-08-2026,23,PNU,40.0,val,-88.928856,-103.984825,-64.18241
14707,24-08-2026,25,MSH,35.0,val,-89.45298,-104.675064,-64.70315
14707,24-08-2026,26,KLL,32.0,val,-93.339134,-109.21814,-67.413925
14707,24-08-2026,27,SBIB,34.0,val,-89.65287,-104.98379,-64.73015
14707,24-08-2026,28,ADI,41.0,val,-86.33136,-101.10692,-62.27182
14707,24-08-2026,29,ND,35.0,val,-89.76167,-105.14267,-64.68591
14707,24-08-2026,30,ANND,26.0,val,-95.41053,-111.68938,-68.7227
14707,24-08-2026,31,BRC,-1.0,val,-112.62779,-131.77516,-81.38608
14707,24-08-2026,32,BH,-12.0,val,-117.292305,-137.16104,-84.66547
14707,24-08-2026,33,ST,-21.0,val,-118.44999,-138.51274,-85.630196
14707,24-08-2026,34,NVS,-29.0,val,-123.954506,-144.92493,-89.65901
14707,24-08-2026,35,BL,-35.0,val,-126.33827,-147.72531,-91.48021
14707,24-08-2026,36,VAPI,-32.0,val,-122.98879,-143.80096,-89.07196
14707,24-08-2026,37,PLG,-25.0,val,-117.39756,-137.30006,-84.96929
14707,24-08-2026,38,BVI,-13.0,val,-109.0936,-127.69979,-78.831085
14707,25-08-2026,0,HMH,-10.0,val,4.59526,-7.162955,31.037764
14707,25-08-2026,1,PGK,-20.0,val,-1.6719278,-15.626909,27.673946
14707,25-08-2026,2,SOG,-18.0,val,-2.3400443,-14.634303,23.740923
14707,25-08-2026,3,LKS,-34.0,val,-14.201407,-27.630817,12.999726
14707,25-08-2026,4,LGH,-23.0,val,-6.5200953,-18.322628,16.97356
14707,25-08-2026,5,BKN,-13.0,val,2.6361578,-9.601671,28.298359
14707,25-08-2026,6,DSO,-10.0,val,3.6129265,-8.701021,29.192162
14707,25-08-2026,7,NOK,-23.0,val,-5.909413,-20.167683,22.905247
14707,25-08-2026,8,NGO,-42.0,val,-25.051416,-38.57682,0.79446983
14707,25-08-2026,9,MDW,-42.0,val,-26.147842,-38.64123,-2.5649567
14707,25-08-2026,10,MTD,-35.0,val,-17.810331,-31.59523,8.044077
14707,25-08-2026,11,GOTN,-31.0,val,-15.2844,-27.414383,7.545583
14707,25-08-2026,12,RKB,-41.0,val,-23.727114,-36.712044,-0.25084496
14707,25-08-2026,13,JU,-29.0,val,-12.959063,-24.611193,8.626997
14707,25-08-2026,14,LUNI,-24.0,val,-8.5268955,-20.241661,13.472033
14707,25-08-2026,15,PMY,-16.0,val,-1.7293676,-13.838744,21.55332
14707,25-08-2026,16,MJ,-18.0,val,-2.9998808,-14.498466,18.774261
14707,25-08-2026,17,SOS,-19.0,val,-3.7791007,-15.285546,17.816893
14707,25-08-2026,18,RANI,-25.0,val,-7.7987156,-20.936304,16.297426
14707,25-08-2026,19,FA,-25.0,val,-9.026236,-20.435425,11.694155
14707,25-08-2026,20,SJWB,-26.0,val,-9.657732,-21.265305,11.516609
14707,25-08-2026,21,PDWA,-25.0,val,-9.805129,-20.593628,9.1107
14707,25-08-2026,22,ABR,-12.0,val,1.7988135,-9.503736,22.990934
14707,25-08-2026,23,PNU,-10.0,val,3.5299878,-7.595901,24.240347
14707,25-08-2026,25,MSH,-10.0,val,5.8422403,-6.8724327,30.361298
14707,25-08-2026,26,KLL,-10.0,val,4.142695,-7.4206223,25.664434
14707,25-08-2026,27,SBIB,-15.0,val,-0.8311876,-11.673735,18.22097
14707,25-08-2026,28,ADI,-15.0,val,-0.10940921,-11.598336,20.503075
14707,25-08-2026,29,ND,-24.0,val,-7.170248,-19.46614,14.017546
14707,25-08-2026,30,ANND,-31.0,val,-14.687483,-25.917572,3.5321884
14707,25-08-2026,31,BRC,-32.0,val,-15.481732,-26.377811,1.6904631
14707,25-08-2026,32,BH,-30.0,val,-13.353368,-23.720333,2.8040876
14707,25-08-2026,33,ST,-17.0,val,-2.7201288,-12.687689,14.343025
14707,25-08-2026,34,NVS,-28.0,val,-11.439711,-21.646414,4.3381805
14707,25-08-2026,35,BL,-27.0,val,-10.089166,-17.854824,1.2115679
14707,25-08-2026,36,VAPI,-19.0,val,-4.1268663,-10.996374,6.578583
14707,25-08-2026,37,PLG,-30.0,val,-12.391468,-19.341444,-3.2828445
14707,25-08-2026,38,BVI,-33.0,val,-13.720501,-19.119566,-7.3039346
14707,26-08-2026,0,HMH,0.0,val,-1.5873817,-12.952382,23.567827
14707,26-08-2026,1,PGK,-4.0,val,-6.182456,-17.541996,17.968266
14707,26-08-2026,2,SOG,-2.0,val,-4.719558,-16.319187,19.520489
14707,26-08-2026,3,LKS,-6.0,val,-5.9355803,-18.797354,20.047577
14707,26-08-2026,4,LGH,-16.0,val,-15.040564,-28.535156,11.11027
14707,26-08-2026,5,BKN,-2.0,val,-3.2333019,-16.388845,23.352135
14707,26-08-2026,6,DSO,-5.0,val,-7.729208,-19.734064,15.91453
14707,26-08-2026,7,NOK,-9.0,val,-10.928217,-22.691038,11.684696
14707,26-08-2026,8,NGO,-20.0,val,-19.88771,-33.63066,6.1122627
14707,26-08-2026,9,MDW,-19.0,val,-19.394865,-31.743395,3.9370441
14707,26-08-2026,10,MTD,-12.0,val,-12.636107,-25.143982,10.962049
14707,26-08-2026,11,GOTN,-9.0,val,-11.244045,-23.097078,11.220764
14707,26-08-2026,12,RKB,-27.0,val,-26.495264,-39.641556,-2.2284298
14707,26-08-2026,13,JU,-16.0,val,-17.405712,-29.9092,5.612171
14707,26-08-2026,14,LUNI,-8.0,val,-9.990207,-21.65366,11.788289
14707,26-08-2026,15,PMY,-3.0,val,-5.691077,-17.267056,16.103523
14707,26-08-2026,16,MJ,6.0,val,1.7989546,-9.948556,24.696638
14707,26-08-2026,17,SOS,6.0,val,2.2306736,-9.594161,25.225231
14707,26-08-2026,18,RANI,3.0,val,-0.831509,-12.773839,21.730694
14707,26-08-2026,19,FA,3.0,val,-0.962963,-12.313847,20.443737
14707,26-08-2026,20,SJWB,2.0,val,-1.5731615,-12.854624,19.570808
14707,26-08-2026,21,PDWA,3.0,val,-0.9793757,-12.220561,19.940454
14707,26-08-2026,22,ABR,1.0,val,-2.6817665,-13.735293,17.2933
14707,26-08-2026,23,PNU,8.0,val,5.763665,-6.4902887,29.32893
14707,26-08-2026,24,UJA,8.0,val,3.354279,-7.6477046,23.63911
14707,26-08-2026,25,MSH,4.0,val,0.22829068,-10.763559,19.809546
14707,26-08-2026,26,KLL,5.0,val,0.79066885,-10.034705,20.054
14707,26-08-2026,27,SBIB,-11.0,val,-9.525995,-22.113064,12.1988735
14707,26-08-2026,28,ADI,4.0,val,0.80521786,-10.747672,21.656727
14707,26-08-2026,29,ND,-3.0,val,-5.613572,-16.485584,12.371968
14707,26-08-2026,30,ANND,-10.0,val,-11.283219,-23.294453,8.461387
14707,26-08-2026,31,BRC,1.0,val,-2.2461882,-13.596086,17.754143
14707,26-08-2026,32,BH,4.0,val,-0.19175994,-10.858618,18.472425
14707,26-08-2026,33,ST,2.0,val,-2.1244206,-11.740175,13.787394
14707,26-08-2026,34,NVS,-3.0,val,-6.029176,-16.023346,10.256844
14707,26-08-2026,35,BL,-24.0,val,-22.890089,-32.71969,-9.491013
14707,26-08-2026,36,VAPI,-15.0,val,-15.753181,-25.278904,-2.4776611
14707,26-08-2026,37,PLG,-18.0,val,-16.489609,-22.791613,-8.944405
14707,26-08-2026,38,BVI,-23.0,val,-20.895811,-28.577473,-11.578253
14707,27-08-2026,0,HMH,-73.0,val,-55.820354,-66.27281,-38.368217
14707,27-08-2026,1,PGK,-75.0,val,-57.534508,-67.70556,-40.58378
14707,27-08-2026,2,SOG,-77.0,val,-59.572277,-69.76364,-42.491867
14707,27-08-2026,3,LKS,-75.0,val,-57.625004,-68.36035,-39.938484
14707,27-08-2026,4,LGH,-51.0,val,-32.253628,-43.23536,-13.41107
14707,27-08-2026,5,BKN,-40.0,val,-21.318317,-32.69865,0.043849945
14707,27-08-2026,6,DSO,-34.0,val,-15.926486,-27.55236,6.003724
14707,27-08-2026,7,NOK,-43.0,val,-24.5929,-37.46501,-0.9472828
14707,27-08-2026,8,NGO,-76.0,val,-58.036625,-69.948044,-37.65088
14707,27-08-2026,9,MDW,-75.0,val,-59.499523,-70.63441,-41.153294
14707,27-08-2026,10,MTD,-77.0,val,-59.26868,-69.31176,-42.70839
14707,27-08-2026,11,GOTN,-72.0,val,-55.6488,-65.62973,-39.461555
14707,27-08-2026,12,RKB,-79.0,val,-59.45439,-69.410446,-42.95596
14707,27-08-2026,13,JU,-79.0,val,-59.3419,-69.24523,-42.93256
14707,27-08-2026,14,LUNI,-67.0,val,-50.114845,-59.736244,-34.98959
14707,27-08-2026,15,PMY,-63.0,val,-46.11622,-55.61699,-31.518017
14707,27-08-2026,16,MJ,-54.0,val,-37.37338,-47.41474,-21.97039
14707,27-08-2026,17,SOS,-55.0,val,-38.502213,-48.394108,-23.480272
14707,27-08-2026,18,RANI,-58.0,val,-41.296917,-50.840794,-27.06369
14707,27-08-2026,19,FA,-58.0,val,-41.407276,-51.35447,-26.75612
14707,27-08-2026,20,SJWB,-58.0,val,-41.056202,-52.11582,-24.390759
14707,27-08-2026,21,PDWA,-57.0,val,-39.960922,-50.554337,-23.694765
14707,27-08-2026,22,ABR,-48.0,val,-31.307365,-41.14335,-17.015427
14707,27-08-2026,23,PNU,-30.0,val,-13.642375,-24.194567,3.3901339
14707,27-08-2026,24,UJA,-28.0,val,-11.60746,-22.144709,5.5353317
14707,27-08-2026,25,MSH,-25.0,val,-8.899931,-19.541328,8.533106
14707,27-08-2026,26,KLL,-24.0,val,-8.004129,-18.657892,9.510195
14707,27-08-2026,27,SBIB,-21.0,val,-5.1271677,-15.873408,12.968942
14707,27-08-2026,28,ADI,-17.0,val,-1.4988936,-12.967984,18.901157
14707,27-08-2026,30,ANND,-32.0,val,-14.3141575,-25.87568,4.3397923
14707,27-08-2026,31,BRC,-19.0,val,-3.547321,-14.793928,16.184238
14707,27-08-2026,32,BH,-13.0,val,1.105254,-9.718111,20.58114
14707,27-08-2026,33,ST,-11.0,val,2.178471,-8.042995,20.611448
14707,27-08-2026,34,NVS,-21.0,val,-5.196875,-14.918173,10.780355
14707,27-08-2026,36,VAPI,-12.0,val,1.0819856,-6.0597177,13.248521
14707,27-08-2026,37,PLG,-20.0,val,-5.0452456,-12.51339,6.434322
14709,24-08-2026,1,HMH,-12.0,val,-11.913407,-19.896141,1.5019665
14709,24-08-2026,2,HMO,-12.0,val,-12.242173,-21.1014,2.1879807
14709,24-08-2026,4,ENB,-11.0,val,-11.813817,-20.96737,2.5548725
14709,24-08-2026,5,NHR,-16.0,val,-16.219868,-25.035084,-3.004692
14709,24-08-2026,6,DPLN,-13.0,val,-13.559042,-21.549866,-0.9899988
14709,24-08-2026,7,GAMI,-13.0,val,-13.810539,-21.540436,-1.707942
14709,24-08-2026,8,TSD,-14.0,val,-14.939056,-22.436436,-3.1879349
14709,24-08-2026,9,AUS,-14.0,val,-15.27726,-22.807753,-3.5609636
14709,24-08-2026,10,SDMK,-12.0,val,-13.999143,-21.86723,-1.3112583
14709,24-08-2026,11,SDLP,-12.0,val,-14.610984,-23.348587,-1.3253508
14709,24-08-2026,12,RMB,-17.0,val,-18.23277,-26.751617,-6.352949
14709,24-08-2026,13,LHU,-12.0,val,-13.952929,-21.52385,-2.8507824
14709,24-08-2026,14,SRGH,-12.0,val,-14.201241,-21.964264,-2.5418882
14709,24-08-2026,15,CRWA,-12.0,val,-14.315737,-21.75464,-3.1787233
14709,24-08-2026,16,RSH,-26.0,val,-27.754047,-36.856133,-13.943744
14709,24-08-2026,17,JJN,-27.0,val,-28.097672,-36.5271,-16.553581
14709,24-08-2026,18,NUA,-25.0,val,-25.428238,-33.267685,-14.908552
14709,24-08-2026,19,DOB,-24.0,val,-25.158062,-33.081463,-14.56279
14709,24-08-2026,20,NWH,-23.0,val,-24.721073,-32.637108,-14.178499
14709,24-08-2026,22,PLSN,-28.0,val,-28.093422,-36.230335,-17.100864
14709,24-08-2026,23,RGS,-29.0,val,-29.384192,-38.03212,-17.801735
14709,24-08-2026,24,GND,-27.0,val,-27.178627,-35.161617,-16.467419
14709,24-08-2026,25,COM,-27.0,val,-27.210127,-35.152992,-16.522152
14709,24-08-2026,26,DKBJ,-32.0,val,-31.24121,-40.708252,-18.643833
14709,25-08-2026,1,HMH,3.0,val,-12.453974,-21.728455,3.5514545
14709,25-08-2026,4,ENB,0.0,val,-14.871759,-23.532017,-1.622406
14709,25-08-2026,5,NHR,-4.0,val,-18.830212,-26.645031,-7.1578283
14709,25-08-2026,6,DPLN,-2.0,val,-17.147827,-24.851156,-5.3937683
14709,25-08-2026,7,GAMI,-2.0,val,-17.529516,-25.019999,-6.06536
14709,25-08-2026,8,TSD,-3.0,val,-18.611813,-26.078156,-7.3417587
14709,25-08-2026,9,AUS,-2.0,val,-17.89413,-25.443275,-6.5456276
14709,25-08-2026,10,SDMK,-15.0,val,-31.603056,-41.29368,-16.76751
14709,25-08-2026,11,SDLP,3.0,val,-14.525793,-23.282436,-1.1767082
14709,25-08-2026,12,RMB,-3.0,val,-18.96713,-27.507244,-7.1538496
14709,25-08-2026,13,LHU,3.0,val,-13.870368,-21.462158,-2.7025337
14709,25-08-2026,14,SRGH,2.0,val,-14.891977,-22.466656,-3.689293
14709,25-08-2026,15,CRWA,2.0,val,-14.999633,-22.316782,-4.1459875
14709,25-08-2026,16,RSH,1.0,val,-16.1042,-23.663677,-5.161333
14709,25-08-2026,17,JJN,-13.0,val,-29.791664,-38.94957,-16.04684
14709,25-08-2026,18,NUA,-11.0,val,-28.124454,-36.772465,-15.973902
14709,25-08-2026,19,DOB,-11.0,val,-26.701975,-34.69555,-15.917484
14709,25-08-2026,20,NWH,-12.0,val,-27.283268,-35.29938,-16.46843
14709,25-08-2026,21,SIKR,-10.0,val,-26.199755,-34.232086,-15.495294
14709,25-08-2026,22,PLSN,-7.0,val,-24.084797,-31.900434,-13.776986
14709,25-08-2026,23,RGS,-5.0,val,-23.095901,-31.12394,-12.526874
14709,25-08-2026,24,GND,-17.0,val,-35.444004,-45.605644,-21.25978
14709,25-08-2026,25,COM,-22.0,val,-34.02783,-42.980106,-21.508402
14709,25-08-2026,26,DKBJ,-26.0,val,-36.134083,-45.38989,-23.07703
14709,26-08-2026,1,HMH,-9.0,val,-11.396244,-18.621956,0.76078415
14709,26-08-2026,2,HMO,-10.0,val,-12.702357,-21.401146,1.4220791
14709,26-08-2026,4,ENB,-13.0,val,-15.860793,-24.448349,-2.871829
14709,26-08-2026,5,NHR,-8.0,val,-11.375443,-19.459324,1.7133303
14709,26-08-2026,6,DPLN,-26.0,val,-29.493984,-39.222267,-14.134983
14709,26-08-2026,7,GAMI,-26.0,val,-30.265743,-39.794178,-15.8182
14709,26-08-2026,8,TSD,-25.0,val,-28.969915,-37.937912,-15.675968
14709,26-08-2026,9,AUS,-26.0,val,-29.076546,-37.34219,-17.44049
14709,26-08-2026,10,SDMK,-25.0,val,-27.38302,-35.151295,-16.557842
14709,26-08-2026,11,SDLP,-9.0,val,-14.403557,-23.142914,-1.0357323
14709,26-08-2026,12,RMB,-14.0,val,-18.540531,-28.091225,-4.6027794
14709,26-08-2026,13,LHU,-10.0,val,-14.815484,-22.447868,-3.740571
14709,26-08-2026,14,SRGH,-9.0,val,-14.114014,-21.879639,-2.4565277
14709,26-08-2026,15,CRWA,-10.0,val,-15.053077,-22.496449,-4.0265446
14709,26-08-2026,16,RSH,-10.0,val,-15.247092,-22.648745,-4.41765
14709,26-08-2026,17,JJN,-30.0,val,-33.58484,-42.641396,-20.253218
14709,26-08-2026,18,NUA,-28.0,val,-32.754986,-41.758778,-20.068542
14709,26-08-2026,19,DOB,-30.0,val,-31.773552,-40.255093,-19.927084
14709,26-08-2026,20,NWH,-28.0,val,-29.900953,-38.165962,-18.528215
14709,26-08-2026,21,SIKR,-25.0,val,-28.102982,-36.270275,-17.075104
14709,26-08-2026,22,PLSN,-21.0,val,-25.374771,-33.233498,-14.956182
14709,26-08-2026,23,RGS,-21.0,val,-25.683079,-33.6606,-15.140234
14709,26-08-2026,24,GND,-22.0,val,-27.461052,-36.38317,-15.638891
14709,26-08-2026,25,COM,-24.0,val,-28.239332,-36.95869,-16.600266
14709,26-08-2026,26,DKBJ,-30.0,val,-32.17644,-41.679947,-19.400932
14709,27-08-2026,1,HMH,-17.0,val,-11.573952,-19.06554,1.1936865
14709,27-08-2026,2,HMO,-18.0,val,-12.638886,-21.46307,1.6729116
14709,27-08-2026,4,ENB,-21.0,val,-15.958197,-24.49757,-3.220811
14709,27-08-2026,5,NHR,-22.0,val,-16.859125,-25.024435,-4.6575165
14709,27-08-2026,6,DPLN,-21.0,val,-16.300117,-23.869724,-4.5953865
14709,27-08-2026,7,GAMI,-19.0,val,-14.658718,-22.214937,-2.8545284
14709,27-08-2026,8,TSD,-21.0,val,-16.78375,-24.20934,-5.3246145
14709,27-08-2026,9,AUS,-21.0,val,-17.007048,-24.656492,-5.4039936
14709,27-08-2026,10,SDMK,-21.0,val,-17.378662,-25.11163,-5.604785
14709,27-08-2026,11,SDLP,-17.0,val,-14.6107,-24.363232,0.6849947
14709,27-08-2026,12,RMB,-43.0,val,-37.16897,-46.781265,-23.018333
14709,27-08-2026,13,LHU,-21.0,val,-18.437832,-26.984287,-5.0007744
14709,27-08-2026,14,SRGH,-21.0,val,-17.321507,-25.008032,-6.352543
14709,27-08-2026,15,CRWA,-23.0,val,-19.085777,-26.657043,-8.580153
14709,27-08-2026,16,RSH,-22.0,val,-18.480583,-25.929987,-8.128692
14709,27-08-2026,17,JJN,-16.0,val,-13.804629,-21.248093,-2.8307276
14709,27-08-2026,18,NUA,-16.0,val,-14.312478,-22.042898,-2.6640158
14709,27-08-2026,19,DOB,-17.0,val,-15.561035,-23.370687,-4.0089893
14709,27-08-2026,20,NWH,-16.0,val,-15.268964,-23.356691,-3.1563578
14709,27-08-2026,21,SIKR,-18.0,val,-17.196259,-25.888277,-4.3502655
14709,27-08-2026,22,PLSN,-16.0,val,-16.023193,-24.03556,-4.351288
14709,27-08-2026,23,RGS,-19.0,val,-18.5803,-26.5994,-7.4096775
14709,27-08-2026,24,GND,-23.0,val,-22.061533,-30.398525,-11.007371
14709,27-08-2026,25,COM,-21.0,val,-20.346992,-28.172792,-9.958522
14709,27-08-2026,26,DKBJ,-26.0,val,-24.19817,-32.42118,-13.422112
14715,24-08-2026,0,HSR,-17.0,val,-14.6080475,-27.73229,5.0467567
14715,24-08-2026,1,STD,-19.0,val,-16.8107,-29.085072,0.80070496
14715,24-08-2026,2,HNS,-21.0,val,-18.197536,-30.478477,-0.81079865
14715,24-08-2026,4,JKZ,-22.0,val,-19.498707,-31.639668,-2.4782143
14715,24-08-2026,5,BWK,-24.0,val,-21.358929,-33.60779,-4.3673935
14715,24-08-2026,6,BNW,-19.0,val,-17.185066,-29.259743,-0.23971367
14715,24-08-2026,7,MHU,-22.0,val,-19.79232,-31.779097,-3.2483025
14715,24-08-2026,8,CKD,-22.0,val,-20.209389,-32.130367,-3.8602962
14715,24-08-2026,9,JRL,-23.0,val,-21.18921,-33.103638,-4.956663
14715,24-08-2026,10,SDRA,-21.0,val,-19.690508,-31.581974,-3.4561253
14715,24-08-2026,11,KSI,-21.0,val,-19.813042,-31.739376,-3.5175037
14715,24-08-2026,13,JTS,-17.0,val,-17.15075,-29.025734,-0.8218498
14715,24-08-2026,14,KGBS,-17.0,val,-17.420622,-29.26976,-1.1177101
14715,24-08-2026,15,RE,-17.0,val,-16.24518,-30.8257,6.567604
14715,24-08-2026,16,BWL,-30.0,val,-27.651722,-40.74132,-9.024002
14715,24-08-2026,18,AIA,-50.0,val,-46.944378,-59.4338,-30.133915
14715,24-08-2026,20,HSI,-55.0,val,-51.794613,-64.68721,-34.115173
14715,24-08-2026,21,KRH,-35.0,val,-36.3477,-48.541348,-20.158094
14715,24-08-2026,23,PSL,-40.0,val,-39.1126,-50.58627,-24.27443
14715,24-08-2026,24,AWR,-44.0,val,-40.961823,-52.336372,-26.053278
14715,24-08-2026,25,MWW,-45.0,val,-41.579338,-52.947002,-26.59856
14715,24-08-2026,26,MKH,-44.0,val,-40.850765,-52.081886,-26.072796
14715,24-08-2026,27,DGW,-45.0,val,-42.14242,-53.483936,-27.093655
14715,24-08-2026,28,RHG,-51.0,val,-47.081852,-59.024246,-30.842865
14715,24-08-2026,30,BU,-51.0,val,-48.364273,-60.31891,-31.952154
14715,24-08-2026,32,BKI,-49.0,val,-47.816475,-59.779385,-31.469055
14715,24-08-2026,33,ARNA,-71.0,val,-62.432327,-75.710724,-42.98844
14715,24-08-2026,35,DO,-72.0,val,-63.83105,-76.83876,-44.420837
14715,24-08-2026,37,BAI,-75.0,val,-64.674675,-77.63823,-45.188694
14715,24-08-2026,38,KWP,-70.0,val,-61.08987,-73.75077,-42.344143
14715,24-08-2026,39,GTJT,-46.0,val,-44.731274,-56.35431,-29.073065
14715,24-08-2026,40,GADJ,-35.0,val,-37.884537,-49.0439,-23.558784
14715,25-08-2026,0,HSR,-13.0,val,-14.364918,-26.777346,4.087803
14715,25-08-2026,1,STD,-15.0,val,-15.90462,-28.632837,2.788621
14715,25-08-2026,2,HNS,-17.0,val,-17.557333,-30.141533,0.4049816
14715,25-08-2026,4,JKZ,-34.0,val,-31.484907,-45.5388,-11.169695
14715,25-08-2026,5,BWK,-33.0,val,-32.239437,-45.119377,-14.345919
14715,25-08-2026,6,BNW,-28.0,val,-27.489515,-39.46788,-11.299044
14715,25-08-2026,7,MHU,-31.0,val,-30.403233,-42.29039,-14.666317
14715,25-08-2026,8,CKD,-29.0,val,-28.653446,-40.232044,-13.363081
14715,25-08-2026,9,JRL,-29.0,val,-28.856365,-40.464252,-13.553352
14715,25-08-2026,10,SDRA,-28.0,val,-28.087189,-39.63335,-12.898884
14715,25-08-2026,11,KSI,-28.0,val,-28.749512,-40.371983,-13.473971
14715,25-08-2026,13,JTS,-24.0,val,-25.68238,-37.259697,-10.3768635
14715,25-08-2026,14,KGBS,-20.0,val,-22.599926,-34.36778,-6.746252
14715,25-08-2026,15,RE,-20.0,val,-22.967222,-34.63418,-7.506439
14715,25-08-2026,16,BWL,-26.0,val,-28.80625,-41.67984,-11.708181
14715,25-08-2026,18,AIA,-33.0,val,-34.736973,-47.77987,-17.601511
14715,25-08-2026,20,HSI,-40.0,val,-41.504234,-53.746265,-25.520378
14715,25-08-2026,21,KRH,-20.0,val,-24.84876,-36.484238,-9.563171
14715,25-08-2026,23,PSL,-37.0,val,-38.868942,-52.046547,-21.529057
14715,25-08-2026,24,AWR,-42.0,val,-41.91679,-53.6752,-26.55595
14715,25-08-2026,25,MWW,-42.0,val,-41.430874,-52.74154,-26.515425
14715,25-08-2026,26,MKH,-41.0,val,-41.15223,-52.510338,-26.223276
14715,25-08-2026,27,DGW,-42.0,val,-42.4798,-53.889275,-27.327414
14715,25-08-2026,28,RHG,-48.0,val,-47.269928,-59.239933,-30.982054
14715,25-08-2026,30,BU,-49.0,val,-49.195168,-61.229946,-32.60115
14715,25-08-2026,32,BKI,-56.0,val,-54.957382,-67.79344,-36.903534
14715,25-08-2026,33,ARNA,-70.0,val,-63.389874,-76.70364,-43.632286
14715,25-08-2026,35,DO,-82.0,val,-72.09945,-85.9896,-50.70575
14715,25-08-2026,37,BAI,-74.0,val,-66.42791,-79.585976,-46.543243
14715,25-08-2026,38,KWP,-70.0,val,-63.21809,-76.03392,-44.050816
14715,25-08-2026,39,GTJT,-45.0,val,-46.334644,-58.119724,-30.324112
14715,25-08-2026,40,GADJ,-36.0,val,-39.62872,-50.931137,-24.931578
14715,26-08-2026,0,HSR,-2.0,val,-15.166515,-27.643255,3.189661
14715,26-08-2026,1,STD,-4.0,val,-16.754284,-29.013588,0.82839775
14715,26-08-2026,2,HNS,-8.0,val,-19.68985,-31.878826,-2.597252
14715,26-08-2026,4,JKZ,-16.0,val,-27.088257,-40.91762,-7.820307
14715,26-08-2026,5,BWK,-20.0,val,-30.850863,-43.102055,-14.4396
14715,26-08-2026,6,BNW,-14.0,val,-25.2919,-37.001633,-9.543852
14715,26-08-2026,7,MHU,-15.0,val,-26.708298,-38.44476,-10.9874325
14715,26-08-2026,8,CKD,-15.0,val,-26.906672,-38.57143,-11.382407
14715,26-08-2026,9,JRL,-15.0,val,-27.03153,-38.70505,-11.533575
14715,26-08-2026,10,SDRA,-13.0,val,-25.531487,-37.182415,-10.024282
14715,26-08-2026,11,KSI,-12.0,val,-25.034582,-36.893105,-9.103842
14715,26-08-2026,13,JTS,-8.0,val,-22.320782,-34.0866,-6.486889
14715,26-08-2026,14,KGBS,-8.0,val,-22.61155,-34.397377,-6.7234516
14715,26-08-2026,15,RE,-5.0,val,-20.245232,-32.059322,-4.2928305
14715,26-08-2026,16,BWL,-30.0,val,-40.919594,-53.931904,-23.555777
14715,26-08-2026,18,AIA,-30.0,val,-43.259014,-55.430275,-27.023052
14715,26-08-2026,20,HSI,-34.0,val,-46.743298,-58.728092,-30.542215
14715,26-08-2026,21,KRH,-14.0,val,-30.662266,-42.728325,-14.619806
14715,26-08-2026,23,PSL,-18.0,val,-34.325775,-46.25576,-18.94901
14715,26-08-2026,24,AWR,-23.0,val,-38.435177,-50.20663,-23.249023
14715,26-08-2026,25,MWW,-24.0,val,-39.9679,-51.741146,-24.537937
14715,26-08-2026,26,MKH,-22.0,val,-38.25011,-49.84439,-23.206556
14715,26-08-2026,27,DGW,-23.0,val,-39.010365,-50.59214,-23.961334
14715,26-08-2026,28,RHG,-24.0,val,-39.406094,-50.632748,-24.81422
14715,26-08-2026,30,BU,-27.0,val,-43.328167,-55.32177,-27.55663
14715,26-08-2026,32,BKI,-58.0,val,-61.399143,-74.25308,-42.239365
14715,26-08-2026,33,ARNA,-57.0,val,-63.63127,-76.781456,-44.121273
14715,26-08-2026,35,DO,-61.0,val,-66.71701,-79.97593,-46.702583
14715,26-08-2026,37,BAI,-53.0,val,-60.091496,-72.75743,-41.475
14715,26-08-2026,38,KWP,-52.0,val,-58.6863,-71.192314,-40.40056
14715,26-08-2026,39,GTJT,-33.0,val,-45.576786,-57.244858,-29.768402
14715,26-08-2026,40,GADJ,-31.0,val,-43.704258,-55.270756,-28.228983
14715,27-08-2026,0,HSR,11.0,val,-14.124863,-26.66764,4.4133873
14715,27-08-2026,1,STD,7.0,val,-17.46165,-30.091316,0.6266899
14715,27-08-2026,2,HNS,4.0,val,-19.765293,-31.885315,-2.825304
14715,27-08-2026,4,JKZ,-10.0,val,-32.120083,-46.21109,-12.11414
14715,27-08-2026,5,BWK,-15.0,val,-37.740635,-49.899437,-21.540323
14715,27-08-2026,6,BNW,-12.0,val,-34.75044,-46.208473,-19.80474
14715,27-08-2026,7,MHU,-14.0,val,-36.364597,-47.567047,-21.77887
14715,27-08-2026,8,CKD,-14.0,val,-36.382748,-47.50043,-21.945374
14715,27-08-2026,9,JRL,-17.0,val,-38.779533,-49.862846,-24.262613
14715,27-08-2026,10,SDRA,-15.0,val,-37.55232,-48.61082,-23.186867
14715,27-08-2026,11,KSI,-15.0,val,-37.871944,-48.98947,-23.401794
14715,27-08-2026,13,JTS,-12.0,val,-35.69323,-46.70645,-21.51313
14715,27-08-2026,21,KRH,-18.0,val,-42.096657,-53.79807,-26.764412
14715,27-08-2026,24,AWR,-29.0,val,-48.80544,-60.930058,-32.21805
14715,27-08-2026,32,BKI,-70.0,val,-77.17834,-91.20787,-54.920223
14715,27-08-2026,35,DO,-68.0,val,-78.674324,-93.0224,-56.184277
14715,27-08-2026,38,KWP,-59.0,val,-70.47367,-83.90927,-49.864197
14734,24-08-2026,0,JP,-27.0,val,-19.225986,-28.213955,-4.4193287
14734,24-08-2026,1,GADJ,-30.0,val,-22.863274,-31.95166,-8.419656
14734,24-08-2026,2,GTJT,-30.0,val,-23.028435,-31.833141,-9.16108
14734,24-08-2026,3,KWP,-32.0,val,-25.27528,-33.99422,-11.987243
14734,24-08-2026,4,BAI,-33.0,val,-26.277012,-34.83429,-13.565526
14734,24-08-2026,6,DO,-36.0,val,-29.478535,-39.495155,-15.17233
14734,24-08-2026,8,ARNA,-43.0,val,-37.09271,-47.530457,-22.451778
14734,24-08-2026,9,BKI,-45.0,val,-38.200184,-47.547543,-24.893738
14734,24-08-2026,11,BU,-44.0,val,-36.961563,-45.552975,-24.659565
14734,24-08-2026,13,RHG,-42.0,val,-36.030502,-44.895966,-23.495205
14734,24-08-2026,14,DGW,-66.0,val,-59.267513,-70.18584,-41.850727
14734,24-08-2026,15,MKH,-67.0,val,-60.81001,-71.84672,-43.327515
14734,24-08-2026,16,MWW,-66.0,val,-59.143963,-69.83803,-42.195812
14734,24-08-2026,17,AWR,-47.0,val,-43.886196,-54.216434,-28.968235
14734,24-08-2026,18,PSL,-48.0,val,-42.71018,-51.936234,-29.216152
14734,24-08-2026,20,KRH,-49.0,val,-42.84691,-52.01413,-29.433237
14734,24-08-2026,21,HSI,-50.0,val,-44.107967,-52.939266,-30.81527
14734,24-08-2026,23,AIA,-49.0,val,-42.914696,-51.76636,-29.791544
14734,24-08-2026,25,BWL,-55.0,val,-50.05688,-60.27922,-34.71167
14734,24-08-2026,26,RE,-33.0,val,-30.62837,-40.002205,-17.75101
14734,24-08-2026,27,KGBS,-48.0,val,-47.166927,-58.057182,-31.223389
14734,24-08-2026,28,JTS,-46.0,val,-43.41646,-53.007957,-29.486393
14734,24-08-2026,30,KSI,-42.0,val,-39.956623,-49.294064,-26.660948
14734,24-08-2026,31,SDRA,-41.0,val,-38.048855,-46.8507,-25.578375
14734,24-08-2026,32,JRL,-46.0,val,-42.054497,-51.216652,-28.83144
14734,24-08-2026,33,CKD,-47.0,val,-42.370678,-51.446815,-29.1767
14734,24-08-2026,34,MHU,-50.0,val,-44.185528,-53.199776,-30.805363
14734,24-08-2026,35,BNW,-57.0,val,-52.889584,-63.299053,-37.102028
14734,24-08-2026,36,BWK,-58.0,val,-52.32387,-61.855507,-37.409447
14734,24-08-2026,37,JKZ,-61.0,val,-54.690144,-64.49716,-39.225456
14734,24-08-2026,39,HNS,-60.0,val,-54.27496,-63.84723,-39.08058
14734,24-08-2026,40,STD,-64.0,val,-56.710835,-66.47586,-41.018066
14734,24-08-2026,41,HSR,-46.0,val,-44.14321,-53.34085,-30.666943
14734,24-08-2026,42,ADR,-44.0,val,-41.98731,-50.92417,-29.066612
14734,24-08-2026,43,BHT,-62.0,val,-58.789505,-69.764084,-41.545654
14734,24-08-2026,44,DING,-62.0,val,-57.806168,-67.89461,-41.647404
14734,24-08-2026,45,SSA,-42.0,val,-41.127163,-50.18715,-28.221241
14734,24-08-2026,46,KNL,-49.0,val,-48.5456,-59.104195,-33.279404
14734,24-08-2026,47,RMN,-58.0,val,-54.66733,-65.265335,-38.35454
14734,25-08-2026,0,JP,-22.0,val,-17.4754,-26.524632,-2.3014307
14734,25-08-2026,1,GADJ,-26.0,val,-21.9855,-31.72792,-6.3164005
14734,25-08-2026,2,GTJT,-27.0,val,-23.142584,-32.119576,-8.935
14734,25-08-2026,3,KWP,-29.0,val,-25.34887,-34.141228,-11.901686
14734,25-08-2026,4,BAI,-31.0,val,-27.140926,-35.701073,-14.537141
14734,25-08-2026,6,DO,-33.0,val,-29.480747,-39.210842,-15.576039
14734,25-08-2026,8,ARNA,-32.0,val,-28.790848,-38.134464,-15.692514
14734,25-08-2026,9,BKI,-36.0,val,-32.767036,-42.31838,-19.37217
14734,25-08-2026,11,BU,-43.0,val,-40.768177,-51.181293,-25.83972
14734,25-08-2026,13,RHG,-43.0,val,-40.767857,-50.791313,-26.476501
14734,25-08-2026,14,DGW,-44.0,val,-41.650127,-51.005505,-28.090229
14734,25-08-2026,15,MKH,-50.0,val,-48.98895,-59.936325,-32.976906
14734,25-08-2026,16,MWW,-55.0,val,-53.629158,-64.713875,-37.04101
14734,25-08-2026,17,AWR,-35.0,val,-34.53416,-44.86846,-20.113312
14734,25-08-2026,18,PSL,-37.0,val,-35.337162,-44.978733,-22.04117
14734,25-08-2026,20,KRH,-39.0,val,-36.90638,-46.32016,-23.823315
14734,25-08-2026,21,HSI,-41.0,val,-40.122597,-48.960533,-27.239143
14734,25-08-2026,23,AIA,-59.0,val,-56.629467,-67.365204,-39.74086
14734,25-08-2026,25,BWL,-67.0,val,-63.717487,-75.01155,-45.495167
14734,25-08-2026,26,RE,-27.0,val,-28.762478,-38.72738,-14.059193
14734,25-08-2026,27,KGBS,-31.0,val,-31.80804,-41.11963,-19.152943
14734,25-08-2026,28,JTS,-32.0,val,-31.780933,-40.598698,-19.880772
14734,25-08-2026,30,KSI,-31.0,val,-31.360317,-40.02718,-19.669779
14734,25-08-2026,31,SDRA,-31.0,val,-31.475014,-39.69496,-20.278675
14734,25-08-2026,32,JRL,-33.0,val,-33.497086,-41.68026,-22.13467
14734,25-08-2026,33,CKD,-34.0,val,-34.075756,-42.62232,-22.355831
14734,25-08-2026,34,MHU,-35.0,val,-34.93787,-43.303318,-23.304688
14734,25-08-2026,35,BNW,-49.0,val,-51.138615,-61.916965,-35.069584
14734,25-08-2026,36,BWK,-50.0,val,-50.067486,-59.783676,-35.280533
14734,25-08-2026,37,JKZ,-52.0,val,-51.42732,-61.280136,-36.361034
14734,25-08-2026,39,HNS,-53.0,val,-50.744503,-60.09869,-36.211147
14734,25-08-2026,40,STD,-54.0,val,-50.88862,-60.191,-36.373405
14734,25-08-2026,41,HSR,-36.0,val,-38.38245,-47.272827,-25.919075
14734,25-08-2026,42,ADR,-36.0,val,-38.7026,-47.56349,-26.275105
14734,25-08-2026,43,BHT,-38.0,val,-39.971436,-48.868217,-27.361965
14734,25-08-2026,44,DING,-41.0,val,-41.88752,-50.82428,-28.97295
14734,25-08-2026,45,SSA,-24.0,val,-29.568947,-38.20936,-18.235
14734,25-08-2026,46,KNL,-23.0,val,-28.816889,-37.43673,-17.598894
14734,25-08-2026,47,RMN,-22.0,val,-27.470682,-35.857925,-16.643658
14734,26-08-2026,0,JP,-4.0,val,-18.211685,-27.156506,-3.37368
14734,26-08-2026,1,GADJ,-8.0,val,-22.919641,-32.322205,-7.9564266
14734,26-08-2026,2,GTJT,-8.0,val,-23.064468,-31.93872,-9.0568495
14734,26-08-2026,3,KWP,-8.0,val,-23.34138,-32.162403,-9.622649
14734,26-08-2026,4,BAI,-9.0,val,-24.36327,-32.98013,-11.333775
14734,26-08-2026,6,DO,-13.0,val,-28.134445,-38.389835,-13.43548
14734,26-08-2026,8,ARNA,-10.0,val,-26.043875,-35.485844,-12.502108
14734,26-08-2026,9,BKI,-22.0,val,-39.306347,-50.333195,-23.086128
14734,26-08-2026,11,BU,-21.0,val,-38.00256,-47.865074,-23.940083
14734,26-08-2026,13,RHG,-22.0,val,-38.58167,-48.292645,-24.827148
14734,26-08-2026,14,DGW,-37.0,val,-54.239162,-65.210724,-37.41528
14734,26-08-2026,15,MKH,-51.0,val,-65.34285,-76.93835,-46.554535
14734,26-08-2026,16,MWW,-50.0,val,-64.80016,-76.10687,-46.540222
14734,26-08-2026,17,AWR,-30.0,val,-49.008816,-59.461075,-33.50131
14734,26-08-2026,18,PSL,-32.0,val,-47.598522,-57.37211,-33.054283
14734,26-08-2026,20,KRH,-36.0,val,-50.448162,-60.545383,-35.21425
14734,26-08-2026,21,HSI,-37.0,val,-52.11869,-61.843193,-36.973602
14734,26-08-2026,23,AIA,-39.0,val,-53.778088,-63.55278,-38.36923
14734,26-08-2026,25,BWL,-40.0,val,-53.84449,-63.551815,-38.474197
14734,26-08-2026,26,RE,-5.0,val,-24.600374,-33.920773,-11.292416
14734,26-08-2026,27,KGBS,-6.0,val,-26.133957,-34.93542,-13.693922
14734,26-08-2026,28,JTS,-6.0,val,-25.913628,-34.51882,-14.04581
14734,26-08-2026,30,KSI,-5.0,val,-25.576038,-34.12223,-13.790916
14734,26-08-2026,31,SDRA,-6.0,val,-26.724789,-35.133064,-15.282074
14734,26-08-2026,32,JRL,-6.0,val,-27.161541,-35.584305,-15.606058
14734,26-08-2026,33,CKD,-12.0,val,-32.47759,-41.325333,-20.50684
14734,26-08-2026,34,MHU,-12.0,val,-31.926748,-40.289547,-20.613071
14734,26-08-2026,35,BNW,-12.0,val,-32.13757,-40.80916,-20.518555
14734,26-08-2026,36,BWK,-14.0,val,-34.9657,-43.725937,-22.943071
14734,26-08-2026,37,JKZ,-16.0,val,-37.040195,-45.91286,-24.707832
14734,26-08-2026,39,HNS,-18.0,val,-39.046345,-48.14251,-26.3023
14734,26-08-2026,40,STD,-18.0,val,-38.99806,-47.838722,-26.526375
14734,26-08-2026,41,HSR,-5.0,val,-29.366405,-38.33922,-17.314451
14734,26-08-2026,42,ADR,-3.0,val,-27.297916,-36.002403,-15.77498
14734,26-08-2026,43,BHT,-3.0,val,-27.601826,-36.3252,-16.067186
14734,26-08-2026,44,DING,-6.0,val,-30.194267,-39.002777,-18.574547
14734,26-08-2026,45,SSA,-3.0,val,-27.94273,-36.564953,-16.711176
14734,26-08-2026,46,KNL,-19.0,val,-43.350075,-53.654762,-28.607763
14734,26-08-2026,47,RMN,-22.0,val,-43.516838,-53.110767,-29.845396
14734,27-08-2026,0,JP,0.0,val,-17.524431,-26.61922,-2.261858
14734,27-08-2026,1,GADJ,-2.0,val,-19.836687,-28.724232,-5.374078
14734,27-08-2026,2,GTJT,-2.0,val,-20.073254,-28.934956,-5.759326
14734,27-08-2026,3,KWP,-7.0,val,-25.5377,-35.040916,-10.855055
14734,27-08-2026,4,BAI,-8.0,val,-26.482716,-35.23054,-13.369301
14734,27-08-2026,6,DO,-27.0,val,-46.3348,-57.59068,-29.759476
14734,27-08-2026,8,ARNA,-27.0,val,-46.366314,-56.67768,-31.181473
14734,27-08-2026,9,BKI,-40.0,val,-57.314922,-68.452805,-40.060547
14734,27-08-2026,11,BU,-55.0,val,-68.93965,-80.714905,-49.687485
14734,27-08-2026,13,RHG,-69.0,val,-80.79705,-94.3971,-58.253395
14734,27-08-2026,14,DGW,-99.0,val,-100.790436,-117.51555,-72.96516
14734,27-08-2026,15,MKH,-98.0,val,-101.37382,-118.30939,-73.542435
14734,27-08-2026,16,MWW,-98.0,val,-99.50424,-116.150345,-72.19432
14734,27-08-2026,17,AWR,-79.0,val,-84.36102,-98.61184,-61.053986
14734,27-08-2026,18,PSL,-80.0,val,-82.43193,-96.289246,-59.783085
14734,27-08-2026,20,KRH,-97.0,val,-99.82841,-116.473236,-72.23599
14734,27-08-2026,21,HSI,-98.0,val,-101.28923,-118.17987,-73.528244
14734,27-08-2026,23,AIA,-99.0,val,-99.31388,-115.82589,-72.229225
14734,27-08-2026,25,BWL,-101.0,val,-101.48741,-118.41037,-73.7342
14734,27-08-2026,26,RE,-71.0,val,-78.39936,-91.657906,-56.796993
14734,27-08-2026,27,KGBS,-70.0,val,-76.826744,-89.81991,-55.688698
14734,27-08-2026,28,JTS,-70.0,val,-76.278496,-89.18181,-55.288948
14734,27-08-2026,30,KSI,-69.0,val,-76.28231,-89.182076,-55.306667
14734,27-08-2026,31,SDRA,-69.0,val,-75.843956,-88.651085,-55.00542
14734,27-08-2026,32,JRL,-71.0,val,-77.91085,-91.01921,-56.56556
14734,27-08-2026,33,CKD,-71.0,val,-77.77079,-90.93044,-56.392666
14734,27-08-2026,34,MHU,-75.0,val,-81.39835,-95.1192,-59.08635
14734,27-08-2026,35,BNW,-74.0,val,-81.39593,-95.121544,-59.104053
14734,27-08-2026,36,BWK,-75.0,val,-82.74439,-96.68683,-60.10219
14734,27-08-2026,37,JKZ,-78.0,val,-84.75379,-99.02451,-61.582478
14734,27-08-2026,39,HNS,-81.0,val,-86.85634,-101.479866,-63.110756
14734,27-08-2026,40,STD,-82.0,val,-87.38421,-102.078316,-63.537933
14734,27-08-2026,41,HSR,-69.0,val,-78.60635,-91.897385,-57.078255
14734,27-08-2026,42,ADR,-87.0,val,-94.677605,-110.51761,-68.590454
14734,27-08-2026,43,BHT,-83.0,val,-90.7872,-106.033905,-65.97352
14734,27-08-2026,44,DING,-98.0,val,-101.89594,-118.91132,-73.89116
14734,27-08-2026,45,SSA,-79.0,val,-86.40543,-101.012245,-62.760223
14734,27-08-2026,46,KNL,-78.0,val,-83.71865,-97.94151,-60.811916
14734,27-08-2026,47,RMN,-77.0,val,-82.932686,-97.06484,-60.219463
14801,24-08-2026,0,JU,9.0,val,-12.636129,-23.60918,9.59553
14801,24-08-2026,1,BGKT,8.0,val,-13.216344,-23.79469,7.9989367
14801,24-08-2026,2,BANE,7.0,val,-14.580495,-25.012827,5.9006014
14801,24-08-2026,3,LUNI,8.0,val,-13.035257,-22.967655,5.8524704
14801,24-08-2026,4,PMY,0.0,val,-21.055485,-30.959202,-2.8507805
14801,24-08-2026,5,MJ,-10.0,val,-32.437,-41.429173,-17.007671
14801,24-08-2026,6,SOD,-10.0,val,-32.517628,-41.23166,-17.855867
14801,24-08-2026,7,HP,-23.0,val,-46.711357,-56.84556,-29.722734
14801,24-08-2026,8,SEU,-21.0,val,-43.79551,-52.071026,-30.27166
14801,24-08-2026,9,BER,-24.0,val,-45.43642,-53.469166,-32.19709
14801,24-08-2026,10,AII,7.0,val,-15.298259,-24.00209,0.17942047
14801,24-08-2026,11,NSD,1.0,val,-21.526608,-31.309454,-4.5103855
14801,24-08-2026,12,BJNR,-6.0,val,-29.423676,-38.823944,-13.846307
14801,24-08-2026,13,RLR,-16.0,val,-39.178165,-48.494507,-24.304024
14801,24-08-2026,14,BHL,-14.0,val,-36.674644,-44.459007,-24.610497
14801,24-08-2026,15,GGR,-3.0,val,-26.255554,-34.317978,-13.653282
14801,24-08-2026,16,CNA,6.0,val,-17.298885,-25.569798,-3.5933561
14801,24-08-2026,17,COR,3.0,val,-20.473572,-28.573465,-7.5387907
14801,24-08-2026,18,SMP,5.0,val,-18.562237,-26.640017,-5.5995274
14801,24-08-2026,19,NBH,-5.0,val,-28.089985,-37.291286,-13.7246895
14801,24-08-2026,20,JWO,-6.0,val,-29.256329,-37.144157,-17.591354
14801,24-08-2026,21,NMH,0.0,val,-23.57402,-31.471397,-11.913937
14801,24-08-2026,22,MLG,10.0,val,-14.347491,-22.427944,-1.3275061
14801,24-08-2026,23,PIP,2.0,val,-21.92278,-31.154093,-7.2508965
14801,24-08-2026,24,MDS,3.0,val,-20.78984,-28.774792,-8.750771
14801,24-08-2026,25,DLD,4.0,val,-20.002548,-27.932281,-8.243721
14801,24-08-2026,26,DOD,-3.0,val,-26.928162,-35.7417,-14.274129
14801,24-08-2026,27,JAO,2.0,val,-22.128569,-30.110695,-10.701434
14801,24-08-2026,28,NLI,-2.0,val,-25.297623,-33.111473,-14.50064
14801,24-08-2026,29,RTM,4.0,val,-20.298985,-28.26609,-8.999392
14801,24-08-2026,30,RNJ,7.0,val,-17.563263,-25.604706,-5.9191303
14801,24-08-2026,31,BNG,-8.0,val,-32.04209,-40.89062,-18.888876
14801,24-08-2026,32,GPX,2.0,val,-22.582266,-31.249699,-9.65662
14801,24-08-2026,33,FTD,-1.0,val,-25.557934,-34.302864,-13.357665
14801,24-08-2026,34,LMNR,-20.0,val,-38.711494,-47.201977,-26.121443
14801,25-08-2026,0,JU,-15.0,val,-10.640821,-20.282064,8.860365
14801,25-08-2026,1,BGKT,-18.0,val,-14.141695,-23.864498,4.8794327
14801,25-08-2026,2,BANE,-18.0,val,-14.007496,-23.846382,4.8196335
14801,25-08-2026,3,LUNI,-18.0,val,-13.4743,-22.881638,4.1267853
14801,25-08-2026,4,PMY,-19.0,val,-14.325078,-23.149605,2.2927504
14801,25-08-2026,5,MJ,-27.0,val,-24.191586,-34.43285,-5.498123
14801,25-08-2026,6,SOD,-28.0,val,-25.386635,-34.462265,-9.309164
14801,25-08-2026,7,HP,-26.0,val,-24.310844,-33.303284,-8.35367
14801,25-08-2026,8,SEU,-25.0,val,-23.316542,-32.441875,-7.1973667
14801,25-08-2026,9,BER,-25.0,val,-22.802664,-31.721706,-7.2368565
14801,25-08-2026,10,AII,-16.0,val,-12.5384245,-21.754322,4.4171343
14801,25-08-2026,11,NSD,-19.0,val,-16.429005,-25.74701,0.086099625
14801,25-08-2026,12,BJNR,-27.0,val,-25.163828,-34.73962,-8.908403
14801,25-08-2026,13,RLR,-34.0,val,-32.12105,-41.527004,-16.613483
14801,25-08-2026,14,BHL,-30.0,val,-27.974434,-36.06877,-15.2349615
14801,25-08-2026,16,CNA,-16.0,val,-14.284304,-22.80067,0.3016367
14801,25-08-2026,17,COR,-16.0,val,-14.502295,-22.892536,-0.30446815
14801,25-08-2026,18,SMP,-15.0,val,-13.681365,-22.007484,0.39086628
14801,25-08-2026,19,NBH,-26.0,val,-24.31902,-32.76677,-11.088959
14801,25-08-2026,20,JWO,-28.0,val,-26.601027,-34.73351,-14.534431
14801,25-08-2026,21,NMH,-19.0,val,-17.952925,-25.924398,-5.3649693
14801,25-08-2026,22,MLG,-15.0,val,-14.366977,-22.448162,-1.3507013
14801,25-08-2026,23,PIP,-20.0,val,-19.09893,-26.992792,-7.0227737
14801,25-08-2026,24,MDS,-22.0,val,-20.859306,-28.73581,-9.1169815
14801,25-08-2026,25,DLD,-19.0,val,-18.16623,-26.131924,-6.094364
14801,25-08-2026,26,DOD,-24.0,val,-22.929865,-30.81812,-11.676696
14801,25-08-2026,27,JAO,-20.0,val,-19.444622,-27.439695,-7.652584
14801,25-08-2026,28,NLI,-29.0,val,-28.233612,-37.437378,-14.144111
14801,25-08-2026,29,RTM,-25.0,val,-23.663809,-31.583435,-12.653481
14801,25-08-2026,30,RNJ,-21.0,val,-20.121773,-28.09649,-8.986659
14801,25-08-2026,31,BNG,-15.0,val,-14.937779,-23.19971,-2.3540716
14801,25-08-2026,32,GPX,-15.0,val,-15.038481,-23.339401,-2.6200018
14801,25-08-2026,33,FTD,-17.0,val,-17.369528,-25.290682,-6.529207
14801,25-08-2026,34,LMNR,-20.0,val,-19.72393,-27.400927,-9.631914
14801,26-08-2026,0,JU,-12.0,val,-11.080468,-20.37261,7.6787252
14801,26-08-2026,1,BGKT,-13.0,val,-12.34512,-21.814787,6.2968607
14801,26-08-2026,2,BANE,-13.0,val,-12.643294,-22.213696,5.804488
14801,26-08-2026,3,LUNI,-12.0,val,-11.42796,-21.081356,6.807849
14801,26-08-2026,4,PMY,-17.0,val,-16.383673,-25.413383,0.30384445
14801,26-08-2026,5,MJ,-26.0,val,-27.139566,-36.34494,-10.878977
14801,26-08-2026,6,SOD,-27.0,val,-28.443712,-37.280373,-13.227982
14801,26-08-2026,7,HP,-25.0,val,-26.950737,-36.8732,-8.957582
14801,26-08-2026,8,SEU,-23.0,val,-25.113642,-35.181843,-5.5626316
14801,26-08-2026,9,BER,-22.0,val,-25.026684,-34.992146,-6.1445465
14801,26-08-2026,10,AII,-11.0,val,-11.791342,-20.71254,4.3739147
14801,26-08-2026,11,NSD,-14.0,val,-15.616643,-24.526756,0.33347607
14801,26-08-2026,12,BJNR,-23.0,val,-25.231796,-35.01135,-8.430206
14801,26-08-2026,13,RLR,-27.0,val,-28.891369,-37.09023,-15.978893
14801,26-08-2026,14,BHL,-23.0,val,-25.346731,-33.44576,-12.374564
14801,26-08-2026,15,GGR,-13.0,val,-15.167019,-23.619415,-0.6989584
14801,26-08-2026,16,CNA,-12.0,val,-14.3141775,-22.740578,0.056678772
14801,26-08-2026,17,COR,-17.0,val,-19.603962,-28.134178,-5.845626
14801,26-08-2026,18,SMP,-13.0,val,-15.6427145,-23.859385,-2.0442772
14801,26-08-2026,19,NBH,-22.0,val,-24.434387,-32.623985,-11.811788
14801,26-08-2026,23,PIP,-19.0,val,-21.826126,-29.73658,-10.042578
14801,26-08-2026,24,MDS,-16.0,val,-19.114338,-26.974491,-7.186427
14801,26-08-2026,25,DLD,-13.0,val,-16.34193,-24.407276,-3.8391247
14801,26-08-2026,26,DOD,-20.0,val,-23.034632,-30.973202,-11.7076235
14801,26-08-2026,27,JAO,-17.0,val,-20.355103,-28.34372,-8.694564
14801,26-08-2026,28,NLI,-18.0,val,-21.03825,-28.999275,-9.739831
14801,26-08-2026,29,RTM,-15.0,val,-18.538258,-26.468784,-7.0725584
14801,26-08-2026,30,RNJ,-11.0,val,-14.962234,-23.012619,-2.9086103
14801,26-08-2026,31,BNG,-26.0,val,-28.790382,-37.569626,-15.253701
14801,26-08-2026,32,GPX,-16.0,val,-20.406864,-29.241112,-6.486579
14801,26-08-2026,34,LMNR,-20.0,val,-23.185104,-31.695385,-11.949175
14801,27-08-2026,0,JU,-7.0,val,-12.711141,-23.515774,9.555572
14801,27-08-2026,1,BGKT,-10.0,val,-15.959632,-26.540337,5.2732916
14801,27-08-2026,2,BANE,-10.0,val,-15.282334,-25.643074,4.9887
14801,27-08-2026,3,LUNI,-10.0,val,-14.520608,-23.924898,2.957038
14801,27-08-2026,4,PMY,-12.0,val,-16.387358,-25.332891,0.20505714
14801,27-08-2026,5,MJ,-19.0,val,-26.234642,-36.42747,-7.100876
14801,27-08-2026,6,SOD,-22.0,val,-29.249117,-38.84629,-12.23238
14801,27-08-2026,7,HP,-23.0,val,-30.298126,-38.980164,-15.535818
14801,27-08-2026,8,SEU,-23.0,val,-30.098969,-38.66353,-15.667224
14801,27-08-2026,9,BER,-26.0,val,-33.371487,-41.748497,-19.749935
14801,27-08-2026,10,AII,-12.0,val,-18.036028,-26.612635,-3.2254887
14801,27-08-2026,11,NSD,-22.0,val,-29.268986,-39.12995,-12.3215885
14801,27-08-2026,12,BJNR,-30.0,val,-37.804623,-47.462936,-21.913427
14801,27-08-2026,13,RLR,-36.0,val,-43.297165,-52.26632,-29.172405
14801,27-08-2026,14,BHL,-21.0,val,-28.140785,-36.122707,-15.664915
14801,27-08-2026,15,GGR,-17.0,val,-24.253263,-32.331486,-11.39397
14801,27-08-2026,16,CNA,-18.0,val,-25.251642,-33.274216,-12.789301
14801,27-08-2026,17,COR,-15.0,val,-22.465164,-30.497253,-9.850348
14801,27-08-2026,18,SMP,-11.0,val,-18.540245,-26.627249,-5.54735
14801,27-08-2026,19,NBH,-22.0,val,-29.290783,-37.677914,-16.607101
14801,27-08-2026,20,JWO,-20.0,val,-27.392124,-35.364563,-15.54021
14801,27-08-2026,21,NMH,-15.0,val,-22.641108,-30.55095,-10.848513
14801,27-08-2026,22,MLG,-6.0,val,-14.347491,-22.427944,-1.3275061
14801,27-08-2026,23,PIP,-15.0,val,-22.89138,-32.106903,-8.347978
14801,27-08-2026,24,MDS,-15.0,val,-22.610977,-30.572495,-10.838011
14801,27-08-2026,25,DLD,-13.0,val,-20.852028,-28.819881,-9.1165695
14801,27-08-2026,26,DOD,-19.0,val,-26.494398,-34.817356,-14.747412
14801,27-08-2026,27,JAO,-13.0,val,-21.159058,-29.087889,-9.700341
14801,27-08-2026,28,NLI,-16.0,val,-23.704681,-31.819546,-12.376752
14801,27-08-2026,29,RTM,-17.0,val,-24.541916,-32.350357,-13.812757
14801,27-08-2026,30,RNJ,-13.0,val,-21.146473,-29.163868,-9.984027
14801,27-08-2026,31,BNG,-24.0,val,-32.61893,-41.60201,-19.653065
14801,27-08-2026,32,GPX,-17.0,val,-25.47407,-34.02662,-13.282141
14801,27-08-2026,33,FTD,-21.0,val,-29.822414,-38.832985,-17.459984
14801,27-08-2026,34,LMNR,-20.0,val,-26.464865,-34.099747,-16.37821
14813,24-08-2026,0,JU,12.0,val,16.188112,1.9807138,47.00522
14813,24-08-2026,1,RKB,11.0,val,17.143126,3.636674,46.800957
14813,24-08-2026,3,BNO,9.0,val,9.513872,-2.385129,34.7865
14813,24-08-2026,4,JWL,9.0,val,8.119829,-2.7247143,31.230207
14813,24-08-2026,5,AAS,8.0,val,6.910137,-3.4701967,28.950382
14813,24-08-2026,6,PPR,-1.0,val,4.5796185,-8.988255,32.27774
14813,24-08-2026,7,UMED,-3.0,val,-0.64299333,-12.652068,23.512402
14813,24-08-2026,8,KXG,-2.0,val,-0.5564774,-11.887868,22.399433
14813,24-08-2026,9,GOTN,-4.0,val,-2.9314458,-13.500392,17.946663
14813,24-08-2026,10,JOM,-6.0,val,-5.1102095,-15.34919,14.879655
14813,24-08-2026,11,MTD,-10.0,val,-9.160674,-19.914675,11.006921
14813,24-08-2026,12,REN,-8.0,val,-5.095858,-17.062273,18.328289
14813,24-08-2026,13,JAC,-10.0,val,-7.1447735,-19.1853,16.150919
14813,24-08-2026,14,DNA,-19.0,val,-12.058372,-24.902119,11.662023
14813,24-08-2026,15,GCH,-15.0,val,-12.290068,-23.067116,7.6355457
14813,24-08-2026,16,BSRL,-15.0,val,-13.526935,-23.977463,5.598592
14813,24-08-2026,17,BOW,-16.0,val,-14.548671,-24.679762,3.8086824
14813,24-08-2026,18,MKN,-19.0,val,-17.669807,-27.801853,0.13127327
14813,24-08-2026,19,KMNC,-19.0,val,-17.304474,-27.569168,0.85356903
14813,24-08-2026,20,NYK,-19.0,val,-17.309782,-27.668556,1.0635128
14813,24-08-2026,21,NAC,-19.0,val,-17.87535,-27.972694,-0.16413116
14813,24-08-2026,22,GA,-12.0,val,-12.245144,-22.446388,6.429571
14813,24-08-2026,23,SBR,-11.0,val,-11.665559,-21.829224,6.970649
14813,24-08-2026,24,FL,1.0,val,-1.8828343,-12.086575,17.985727
14813,24-08-2026,25,HDA,-6.0,val,-7.3699317,-18.664995,13.76593
14813,24-08-2026,27,JOB,-10.0,val,-11.569109,-21.458359,6.327406
14813,24-08-2026,28,BOBS,-12.0,val,-12.145393,-22.232136,6.075382
14813,24-08-2026,30,DNK,-20.0,val,-18.982063,-29.62006,-0.9717941
14813,24-08-2026,31,KKU,-24.0,val,-22.548302,-32.704853,-5.7693977
14813,24-08-2026,32,JP,0.0,val,-2.050248,-13.44732,19.677338
14813,24-08-2026,33,DPA,-5.0,val,-7.5424266,-18.172651,11.990643
14813,24-08-2026,34,SNGN,-6.0,val,-7.540861,-18.260399,12.116493
14813,24-08-2026,35,SAS,-7.0,val,-8.397181,-18.830936,10.647667
14813,24-08-2026,36,CKS,-10.0,val,-12.128702,-22.644243,6.2778873
14813,24-08-2026,37,CHNN,-13.0,val,-15.152488,-25.143616,1.7541265
14813,24-08-2026,38,BNLW,-12.0,val,-14.069097,-23.723042,2.3134851
14813,24-08-2026,39,SRAS,-14.0,val,-16.12572,-25.813818,-0.057689667
14813,24-08-2026,40,ISA,-15.0,val,-16.962385,-26.376911,-1.5896664
14813,24-08-2026,42,CKB,-16.0,val,-16.99332,-26.851538,-1.011591
14813,24-08-2026,43,DPZ,-18.0,val,-19.26964,-29.893902,-2.1594238
14813,24-08-2026,44,SWM,1.0,val,0.8763701,-11.222512,24.056515
14813,24-08-2026,45,RWJ,0.0,val,0.09550822,-11.618648,22.370651
14813,24-08-2026,46,AMLI,-3.0,val,-3.826301,-15.779324,18.177834
14813,24-08-2026,47,IDG,-4.0,val,-6.188378,-16.808071,12.66967
14813,24-08-2026,48,LKE,-3.0,val,-4.711117,-15.722129,15.082024
14813,24-08-2026,49,KPZ,-2.0,val,-3.8059063,-14.552555,15.4174385
14813,24-08-2026,50,KPTN,-9.0,val,-10.205576,-21.614403,9.717443
14813,24-08-2026,51,KOTA,-26.0,val,-24.607025,-35.10809,-8.112289
14813,24-08-2026,52,ATH,-27.0,val,-27.611862,-37.439816,-13.026815
14813,24-08-2026,53,BAZ,-29.0,val,-29.469631,-39.076046,-15.83884
14813,24-08-2026,54,ATRU,-27.0,val,-27.334,-36.806587,-13.893595
14813,24-08-2026,55,SYL,-28.0,val,-28.611475,-37.985497,-15.481815
14813,24-08-2026,56,CAG,-19.0,val,-19.54938,-28.989408,-5.633333
14813,24-08-2026,57,RTA,-2.0,val,-3.125448,-12.374604,12.731115
14813,24-08-2026,58,GUNA,-3.0,val,-3.6946447,-11.934905,10.1963625
14813,24-08-2026,59,PGA,-9.0,val,-9.379496,-18.282192,4.7416143
14813,24-08-2026,60,SHDR,-12.0,val,-11.947506,-19.481735,-0.89207554
14813,24-08-2026,61,ASKN,-17.0,val,-16.334435,-22.508759,-8.496714
14813,24-08-2026,62,PIA,-21.0,val,-18.679712,-24.095879,-11.795857
14813,24-08-2026,63,MNV,-25.0,val,-21.739498,-27.75922,-13.952723
14813,24-08-2026,64,BINA,-21.0,val,-18.19485,-23.274904,-11.665065
14813,24-08-2026,65,MABA,-35.0,val,-29.631687,-37.666103,-19.020447
14813,24-08-2026,66,KAH,-37.0,val,-30.238447,-37.698288,-20.110464
14813,24-08-2026,67,BET,-37.0,val,-29.39092,-36.428528,-19.72361
14813,24-08-2026,68,BAQ,-38.0,val,-28.713383,-34.684837,-20.022816
14813,24-08-2026,69,GLG,-36.0,val,-28.092829,-34.22648,-19.355883
14813,24-08-2026,70,BHS,-25.0,val,-22.761078,-28.675646,-14.932419
14813,24-08-2026,71,SCI,-24.0,val,-22.89795,-29.093761,-14.818539
14813,24-08-2026,72,SMT,-35.0,val,-30.922735,-38.73973,-20.423916
14813,25-08-2026,0,JU,40.0,val,16.888668,3.150401,47.06371
14813,25-08-2026,1,RKB,39.0,val,17.268509,3.9873962,46.60344
14813,25-08-2026,3,BNO,39.0,val,11.784222,-0.2729473,37.82965
14813,25-08-2026,4,JWL,37.0,val,7.8525968,-2.9933658,30.904408
14813,25-08-2026,5,AAS,34.0,val,5.0456266,-6.089738,28.323341
14813,25-08-2026,6,PPR,32.0,val,2.8493016,-8.522759,26.255415
14813,25-08-2026,7,UMED,33.0,val,4.252001,-7.390443,28.478487
14813,25-08-2026,8,KXG,33.0,val,6.457895,-6.3266797,33.376476
14813,25-08-2026,9,GOTN,35.0,val,8.187908,-4.4194136,34.821426
14813,25-08-2026,10,JOM,33.0,val,3.5328002,-7.179898,25.625973
14813,25-08-2026,11,MTD,29.0,val,0.50590146,-10.943177,23.442074
14813,25-08-2026,12,REN,14.0,val,-5.2957935,-19.192745,21.49932
14813,25-08-2026,13,JAC,10.0,val,-12.664363,-24.08471,8.645513
14813,25-08-2026,14,DNA,6.0,val,-18.268787,-29.13613,0.7685032
14813,25-08-2026,15,GCH,11.0,val,-14.354148,-24.920582,4.9100313
14813,25-08-2026,16,BSRL,11.0,val,-14.507208,-24.731325,3.9936886
14813,25-08-2026,18,MKN,9.0,val,-17.326899,-27.45549,0.5769386
14813,25-08-2026,19,KMNC,8.0,val,-17.984436,-28.302864,0.20733643
14813,25-08-2026,20,NYK,9.0,val,-17.272697,-27.600079,1.0382652
14813,25-08-2026,21,NAC,9.0,val,-17.791334,-27.982021,0.12944412
14813,25-08-2026,22,GA,16.0,val,-12.165385,-22.406898,6.5944376
14813,25-08-2026,23,SBR,18.0,val,-10.463816,-20.85964,8.829216
14813,25-08-2026,24,FL,39.0,val,5.8401103,-4.915136,27.886234
14813,25-08-2026,25,HDA,39.0,val,5.9278564,-4.9000635,28.140089
14813,25-08-2026,27,JOB,26.0,val,1.2625176,-12.5625925,28.581047
14813,25-08-2026,28,BOBS,23.0,val,-4.2409277,-16.026943,18.570587
14813,25-08-2026,30,DNK,14.0,val,-12.371925,-24.246181,8.958284
14813,25-08-2026,31,KKU,4.0,val,-21.410065,-33.10038,-1.4994144
14813,25-08-2026,32,JP,19.0,val,-10.411285,-20.626507,8.044807
14813,25-08-2026,33,DPA,21.0,val,-9.19196,-19.303425,9.22803
14813,25-08-2026,34,SNGN,15.0,val,-14.316434,-24.309269,3.1159773
14813,25-08-2026,35,SAS,6.0,val,-21.732727,-31.889645,-5.014637
14813,25-08-2026,36,CKS,4.0,val,-24.242382,-33.78209,-9.267628
14813,25-08-2026,37,CHNN,0.0,val,-27.999638,-37.456768,-13.599802
14813,25-08-2026,38,BNLW,0.0,val,-28.246525,-37.733963,-13.88503
14813,25-08-2026,39,SRAS,-13.0,val,-37.465424,-48.938606,-19.68069
14813,25-08-2026,40,ISA,-18.0,val,-43.12875,-52.429672,-29.430145
14813,25-08-2026,42,CKB,-20.0,val,-44.817535,-53.824776,-31.416906
14813,25-08-2026,43,DPZ,-19.0,val,-44.020973,-52.925697,-30.794054
14813,25-08-2026,44,SWM,5.0,val,-23.859537,-33.545925,-9.000353
14813,25-08-2026,45,RWJ,2.0,val,-26.365582,-37.00268,-9.516329
14813,25-08-2026,46,AMLI,-22.0,val,-44.464752,-54.57666,-29.644962
14813,25-08-2026,47,IDG,-24.0,val,-49.53594,-59.475063,-34.705894
14813,25-08-2026,48,LKE,-25.0,val,-50.26644,-60.038643,-35.565258
14813,25-08-2026,49,KPZ,-31.0,val,-53.772552,-64.09168,-38.14405
14813,25-08-2026,50,KPTN,-35.0,val,-56.001083,-66.139915,-40.240555
14813,25-08-2026,51,KOTA,-32.0,val,-53.521732,-63.477707,-38.243862
14813,25-08-2026,52,ATH,-34.0,val,-53.436954,-63.307117,-38.231407
14813,25-08-2026,53,BAZ,-36.0,val,-54.55659,-64.476135,-39.166412
14813,25-08-2026,54,ATRU,-34.0,val,-52.10352,-61.788773,-37.218246
14813,25-08-2026,55,SYL,-35.0,val,-52.80528,-62.525696,-37.804115
14813,25-08-2026,56,CAG,-26.0,val,-46.174675,-55.352417,-32.51027
14813,25-08-2026,57,RTA,20.0,val,-8.462138,-17.382866,5.7517824
14813,25-08-2026,58,GUNA,26.0,val,-2.6473808,-10.982106,11.578448
14813,25-08-2026,59,PGA,23.0,val,-5.799185,-13.20685,6.13972
14813,25-08-2026,60,SHDR,22.0,val,-6.7837334,-13.858612,4.217926
14813,25-08-2026,61,ASKN,19.0,val,-9.557807,-16.142097,0.1947937
14813,25-08-2026,62,PIA,19.0,val,-9.665415,-15.530861,-1.2467966
14813,25-08-2026,63,MNV,17.0,val,-11.451266,-16.821781,-4.1603527
14813,25-08-2026,64,BINA,12.0,val,-15.875119,-21.143314,-9.354104
14813,25-08-2026,65,MABA,12.0,val,-15.997289,-21.250853,-9.5271
14813,25-08-2026,66,KAH,11.0,val,-16.81201,-22.04371,-10.312329
14813,25-08-2026,67,BET,5.0,val,-20.64418,-26.260214,-13.34496
14813,25-08-2026,68,BAQ,-9.0,val,-31.184595,-39.083054,-20.569622
14813,25-08-2026,69,GLG,-9.0,val,-30.629786,-37.849026,-20.65876
14813,25-08-2026,70,BHS,-2.0,val,-26.895348,-33.78417,-17.703484
14813,25-08-2026,71,SCI,-2.0,val,-26.01178,-32.643127,-17.145796
14813,25-08-2026,72,SMT,-3.0,val,-26.763733,-33.446545,-17.75935
14813,26-08-2026,0,JU,45.0,val,-0.281062,-10.983443,21.753702
14813,26-08-2026,1,RKB,46.0,val,-0.7364105,-11.489048,20.922956
14813,26-08-2026,3,BNO,42.0,val,-3.8316262,-15.213766,18.398172
14813,26-08-2026,4,JWL,42.0,val,-3.7418914,-14.214926,16.991377
14813,26-08-2026,5,AAS,38.0,val,-7.11771,-18.22762,14.350182
14813,26-08-2026,6,PPR,36.0,val,-9.674399,-19.99966,9.855081
14813,26-08-2026,7,UMED,34.0,val,-11.385244,-21.252323,6.927286
14813,26-08-2026,8,KXG,35.0,val,-10.439172,-20.607693,8.737876
14813,26-08-2026,9,GOTN,34.0,val,-11.667484,-22.016605,7.841137
14813,26-08-2026,10,JOM,32.0,val,-14.042892,-24.203821,4.6311073
14813,26-08-2026,11,MTD,29.0,val,-16.75633,-27.681854,2.929617
14813,26-08-2026,12,REN,31.0,val,-15.067405,-25.470848,3.7773485
14813,26-08-2026,13,JAC,27.0,val,-18.240273,-28.571028,0.034152985
14813,26-08-2026,14,DNA,24.0,val,-19.564056,-29.972136,-1.441782
14813,26-08-2026,15,GCH,25.0,val,-20.17552,-30.483212,-2.2520428
14813,26-08-2026,16,BSRL,25.0,val,-21.02269,-31.185493,-3.4081573
14813,26-08-2026,17,BOW,25.0,val,-21.041012,-31.004929,-3.9110737
14813,26-08-2026,18,MKN,21.0,val,-24.53252,-35.30526,-6.562834
14813,26-08-2026,19,KMNC,21.0,val,-24.620132,-34.781773,-7.682829
14813,26-08-2026,20,NYK,21.0,val,-24.795012,-34.881023,-8.026892
14813,26-08-2026,21,NAC,20.0,val,-26.557478,-36.533936,-10.218399
14813,26-08-2026,22,GA,29.0,val,-18.832829,-28.85519,-1.418623
14813,26-08-2026,23,SBR,31.0,val,-17.081467,-27.213877,0.7699318
14813,26-08-2026,24,FL,48.0,val,-2.9235382,-13.45282,17.519806
14813,26-08-2026,25,HDA,43.0,val,-7.629904,-18.25204,12.349918
14813,26-08-2026,27,JOB,36.0,val,-13.331233,-24.20411,6.0034723
14813,26-08-2026,28,BOBS,27.0,val,-19.545284,-31.034985,0.048294067
14813,26-08-2026,30,DNK,26.0,val,-22.277601,-32.16745,-5.999668
14813,26-08-2026,31,KKU,21.0,val,-26.396788,-36.665863,-9.957129
14813,26-08-2026,32,JP,42.0,val,-8.726752,-18.933336,9.9936075
14813,26-08-2026,33,DPA,41.0,val,-9.717939,-20.134666,9.254866
14813,26-08-2026,34,SNGN,37.0,val,-13.271307,-23.386219,4.5787888
14813,26-08-2026,35,SAS,31.0,val,-16.48593,-28.304863,4.0594234
14813,26-08-2026,36,CKS,29.0,val,-20.46067,-30.563313,-3.922268
14813,26-08-2026,37,CHNN,25.0,val,-23.220312,-34.1159,-5.475876
14813,26-08-2026,38,BNLW,25.0,val,-24.332039,-34.06382,-8.974411
14813,26-08-2026,39,SRAS,22.0,val,-26.824425,-36.63961,-11.552922
14813,26-08-2026,40,ISA,21.0,val,-28.374052,-37.81591,-14.250047
14813,26-08-2026,42,CKB,21.0,val,-28.592554,-38.006744,-14.542556
14813,26-08-2026,43,DPZ,23.0,val,-26.303144,-36.062298,-11.273523
14813,26-08-2026,44,SWM,47.0,val,-4.9724464,-15.1674595,13.264153
14813,26-08-2026,45,RWJ,44.0,val,-7.00574,-17.40015,11.274001
14813,26-08-2026,46,AMLI,43.0,val,-7.4695845,-18.208185,11.550336
14813,26-08-2026,47,IDG,42.0,val,-8.396443,-19.264015,10.907744
14813,26-08-2026,48,LKE,42.0,val,-7.966308,-19.068005,11.937063
14813,26-08-2026,49,KPZ,40.0,val,-10.53177,-21.059265,7.4582777
14813,26-08-2026,50,KPTN,37.0,val,-13.444417,-24.046673,4.314706
14813,26-08-2026,51,KOTA,34.0,val,-16.376884,-27.047781,1.6264935
14813,26-08-2026,52,ATH,32.0,val,-17.76225,-28.043499,-1.1354618
14813,26-08-2026,53,BAZ,26.0,val,-23.145426,-33.502975,-7.381798
14813,26-08-2026,54,ATRU,21.0,val,-28.471552,-38.424034,-14.185315
14813,26-08-2026,55,SYL,19.0,val,-30.540115,-39.910378,-17.605541
14813,26-08-2026,56,CAG,27.0,val,-22.405382,-31.781548,-8.874179
14813,26-08-2026,57,RTA,58.0,val,6.003025,-3.89853,24.603935
14813,26-08-2026,58,GUNA,62.0,val,9.292758,-0.19341469,27.760445
14813,26-08-2026,59,PGA,58.0,val,5.626461,-2.8982944,21.660831
14813,26-08-2026,60,SHDR,57.0,val,4.618685,-3.3782659,19.329962
14813,26-08-2026,61,ASKN,52.0,val,0.54615724,-6.410769,12.794996
14813,26-08-2026,62,PIA,44.0,val,-6.4150844,-14.2563095,6.2201
14813,26-08-2026,63,MNV,36.0,val,-13.242974,-20.029852,-3.6347208
14813,26-08-2026,64,BINA,13.0,val,-29.503212,-37.540768,-18.878895
14813,26-08-2026,65,MABA,5.0,val,-35.374126,-43.973503,-23.555773
14813,26-08-2026,66,KAH,4.0,val,-34.346455,-42.108154,-23.406248
14813,26-08-2026,67,BET,3.0,val,-33.80398,-40.783302,-23.584692
14813,26-08-2026,68,BAQ,-23.0,val,-54.905987,-64.986465,-39.29782
14813,26-08-2026,69,GLG,-25.0,val,-56.131893,-66.02703,-40.55204
14813,26-08-2026,70,BHS,-16.0,val,-49.51331,-58.659508,-35.42467
14813,26-08-2026,71,SCI,-17.0,val,-47.145424,-55.68758,-33.889565
14813,26-08-2026,72,SMT,-26.0,val,-55.487644,-65.25667,-40.118694
14813,27-08-2026,0,JU,-4.0,val,16.713228,2.8870325,46.995804
14813,27-08-2026,1,RKB,-4.0,val,18.197191,4.7404623,47.93667
14813,27-08-2026,3,BNO,-10.0,val,8.215382,-4.1412487,34.031563
14813,27-08-2026,4,JWL,-10.0,val,7.2516527,-3.9805107,30.988811
14813,27-08-2026,5,AAS,-12.0,val,4.8754106,-6.142428,27.766752
14813,27-08-2026,6,PPR,-14.0,val,2.6176631,-8.38413,25.218843
14813,27-08-2026,7,UMED,-15.0,val,1.9991356,-8.695111,23.82821
14813,27-08-2026,8,KXG,-15.0,val,2.2463453,-8.516424,24.315662
14813,27-08-2026,9,GOTN,-15.0,val,1.8255063,-8.821629,23.47111
14813,27-08-2026,10,JOM,-15.0,val,1.1989886,-9.600405,23.113148
14813,27-08-2026,11,MTD,-20.0,val,2.5543582,-11.106823,30.096766
14813,27-08-2026,12,REN,-17.0,val,3.0949128,-9.459361,28.85991
14813,27-08-2026,13,JAC,-20.0,val,-1.0072249,-12.302214,21.546324
14813,27-08-2026,14,DNA,-23.0,val,-3.286756,-14.518211,18.702177
14813,27-08-2026,15,GCH,-20.0,val,-3.281172,-13.982388,17.674105
14813,27-08-2026,16,BSRL,-20.0,val,-3.5084949,-14.231115,17.520103
14813,27-08-2026,17,BOW,-22.0,val,-5.2482176,-15.660899,14.813943
14813,27-08-2026,18,MKN,-25.0,val,-8.738653,-19.379807,11.193621
14813,27-08-2026,19,KMNC,-24.0,val,-7.4762526,-18.013432,12.540406
14813,27-08-2026,20,NYK,-24.0,val,-7.3726435,-18.010311,12.916415
14813,27-08-2026,21,NAC,-25.0,val,-8.794192,-19.275059,10.920518
14813,27-08-2026,22,GA,-18.0,val,-3.397048,-13.917211,17.08511
14813,27-08-2026,23,SBR,-17.0,val,-2.635287,-13.20725,18.030268
14813,27-08-2026,24,FL,-8.0,val,4.2031465,-6.268451,25.45202
14813,27-08-2026,25,HDA,-10.0,val,2.6038501,-8.266098,24.427942
14813,27-08-2026,27,JOB,-47.0,val,-22.43899,-34.33463,-1.1686344
14813,27-08-2026,28,BOBS,-51.0,val,-28.089294,-39.502136,-8.991234
14813,27-08-2026,30,DNK,-65.0,val,-42.649067,-54.240406,-24.793808
14813,27-08-2026,31,KKU,-73.0,val,-49.40259,-58.524933,-35.33055
14813,27-08-2026,32,JP,-52.0,val,-32.46623,-42.247303,-17.528679
14813,27-08-2026,33,DPA,-53.0,val,-34.26057,-43.499172,-20.34452
14813,27-08-2026,34,SNGN,-61.0,val,-40.434162,-51.010674,-24.748436
14813,27-08-2026,35,SAS,-68.0,val,-46.917088,-56.82866,-32.18431
14813,27-08-2026,36,CKS,-71.0,val,-47.884247,-56.706932,-34.336033
14813,27-08-2026,37,CHNN,-72.0,val,-48.595627,-57.462925,-34.90982
14813,27-08-2026,38,BNLW,-70.0,val,-46.56015,-55.21507,-33.331238
14813,27-08-2026,39,SRAS,-73.0,val,-49.72275,-58.88049,-35.647865
14813,27-08-2026,40,ISA,-104.0,val,-70.871704,-82.83483,-51.443535
14813,27-08-2026,42,CKB,-106.0,val,-73.87602,-86.37671,-53.828453
14813,27-08-2026,43,DPZ,-105.0,val,-71.60476,-83.75043,-52.180622
14813,27-08-2026,44,SWM,-87.0,val,-59.606907,-69.856224,-43.298088
14813,27-08-2026,45,RWJ,-88.0,val,-60.830547,-71.27332,-44.208214
14813,27-08-2026,46,AMLI,-91.0,val,-63.30327,-74.15858,-46.003147
14813,27-08-2026,47,IDG,-92.0,val,-63.93784,-74.91841,-46.453793
14813,27-08-2026,48,LKE,-92.0,val,-64.132256,-75.139465,-46.600876
14813,27-08-2026,49,KPZ,-88.0,val,-61.217766,-71.77014,-44.442566
14813,27-08-2026,50,KPTN,-88.0,val,-60.720886,-71.20082,-44.07452
14813,27-08-2026,51,KOTA,-76.0,val,-52.857906,-62.77527,-37.70199
14813,27-08-2026,52,ATH,-80.0,val,-54.79563,-65.05121,-39.064995
14813,27-08-2026,53,BAZ,-82.0,val,-55.273727,-65.27217,-39.72431
14813,27-08-2026,54,ATRU,-79.0,val,-52.2092,-61.917747,-37.290012
14813,27-08-2026,55,SYL,-79.0,val,-51.98765,-61.638725,-37.15094
14813,27-08-2026,56,CAG,-70.0,val,-45.54233,-54.688454,-31.9903
14813,27-08-2026,57,RTA,-26.0,val,-9.374272,-18.252123,4.5774508
14813,27-08-2026,58,GUNA,-19.0,val,-2.6719854,-11.000743,11.532876
14813,27-08-2026,59,PGA,-20.0,val,-4.076452,-11.547423,8.2777195
14813,27-08-2026,60,SHDR,-20.0,val,-4.202246,-11.36561,7.4228444
14813,27-08-2026,61,ASKN,-22.0,val,-5.997867,-12.3752575,3.9762359
14813,27-08-2026,62,PIA,-24.0,val,-8.1347685,-14.456884,1.3764887
14813,27-08-2026,63,MNV,-26.0,val,-9.984613,-15.89496,-1.4322033
14813,27-08-2026,64,BINA,-32.0,val,-15.260102,-21.350815,-7.4499073
14813,27-08-2026,65,MABA,-32.0,val,-15.305268,-20.388485,-9.039798
14813,27-08-2026,67,BET,-32.0,val,-15.67809,-20.58264,-9.59198
14813,27-08-2026,68,BAQ,-34.0,val,-16.914953,-21.912596,-10.623968
14813,27-08-2026,72,SMT,-32.0,val,-16.833853,-22.134182,-10.282187
15013,24-08-2026,1,JSM,-7.0,val,1.4179744,-8.529085,23.48538
15013,24-08-2026,2,POK,-12.0,val,-3.1149673,-13.83627,18.829576
15013,24-08-2026,3,RDRA,-9.0,val,-1.5304683,-12.568934,21.734642
15013,24-08-2026,4,PLCJ,-11.0,val,-3.1558635,-14.011604,19.26407
15013,24-08-2026,5,MWT,-59.0,val,-45.51504,-56.38442,-26.359417
15013,24-08-2026,6,RKB,-64.0,val,-48.88461,-58.858986,-33.24423
15013,24-08-2026,7,JU,-52.0,val,-39.652256,-49.01182,-24.81166
15013,24-08-2026,9,LUNI,-42.0,val,-31.3605,-40.86054,-15.600758
15013,24-08-2026,10,PMY,-44.0,val,-32.835293,-43.027958,-16.575516
15013,24-08-2026,11,MJ,-23.0,val,-14.076773,-24.322124,4.8936768
15013,24-08-2026,12,BER,-21.0,val,-12.729485,-22.465408,4.777088
15013,24-08-2026,13,AII,-14.0,val,-6.609468,-16.383457,11.46092
15013,24-08-2026,14,KSG,-12.0,val,-5.764658,-15.581252,12.436045
15013,24-08-2026,15,JP,-11.0,val,-5.4798164,-15.27606,12.24889
15013,24-08-2026,16,GADJ,-12.0,val,-6.4966464,-16.591442,11.168072
15013,24-08-2026,17,DO,-28.0,val,-20.433388,-31.660233,-1.5948753
15013,24-08-2026,18,BKI,-30.0,val,-20.759762,-30.2151,-6.445554
15013,24-08-2026,19,RHG,-30.0,val,-20.960482,-30.264072,-7.1882563
15013,24-08-2026,20,AWR,-24.0,val,-16.490469,-25.896027,-2.506216
15013,24-08-2026,21,KRH,-29.0,val,-20.84707,-30.552086,-6.728857
15013,24-08-2026,22,BWL,-32.0,val,-23.096708,-32.50183,-10.244216
15013,24-08-2026,23,RE,-15.0,val,-11.121723,-20.971258,5.2429466
15013,24-08-2026,24,PTRD,-18.0,val,-13.531001,-23.500912,2.8883924
15013,24-08-2026,25,GGN,-16.0,val,-12.336827,-22.34606,4.3589525
15013,24-08-2026,26,DEE,-33.0,val,-26.174572,-35.997833,-11.842099
15013,24-08-2026,27,DLI,-12.0,val,-10.078043,-19.632956,6.0720406
15013,24-08-2026,28,SBB,-24.0,val,-20.687456,-30.301344,-6.1596937
15013,24-08-2026,29,GZB,-15.0,val,-12.634791,-21.642529,1.8944578
15013,24-08-2026,30,HPU,-28.0,val,-23.424286,-32.126266,-11.339262
15013,24-08-2026,31,MB,-7.0,val,-6.893472,-11.8859825,0.41779137
15013,24-08-2026,32,RMU,-7.0,val,-7.213713,-12.298223,-0.087163925
15013,24-08-2026,33,BLQR,-14.0,val,-12.4365635,-18.51925,-4.265462
15013,24-08-2026,34,RUPC,-17.0,val,-15.050742,-21.284122,-7.117892
15013,24-08-2026,35,LKU,-19.0,val,-16.423088,-23.088308,-8.015512
15013,24-08-2026,36,HDW,-7.0,val,-8.134398,-14.685085,1.386198
15013,25-08-2026,1,JSM,-5.0,val,1.4168259,-8.530447,23.486994
15013,25-08-2026,2,POK,-14.0,val,-7.014303,-18.799086,16.651941
15013,25-08-2026,3,RDRA,-10.0,val,-3.0747669,-13.943397,19.629782
15013,25-08-2026,4,PLCJ,-9.0,val,-2.5422964,-12.831843,18.517372
15013,25-08-2026,5,MWT,-60.0,val,-48.611732,-59.07331,-30.488811
15013,25-08-2026,6,RKB,-67.0,val,-50.1382,-60.087494,-34.33652
15013,25-08-2026,7,JU,-51.0,val,-38.791664,-47.799644,-25.14265
15013,25-08-2026,8,BGKT,-51.0,val,-39.81159,-48.938126,-25.42995
15013,25-08-2026,9,LUNI,-44.0,val,-34.294613,-43.80452,-18.701702
15013,25-08-2026,10,PMY,-42.0,val,-32.83887,-42.253025,-17.776556
15013,25-08-2026,11,MJ,-29.0,val,-20.748577,-30.328358,-4.351467
15013,25-08-2026,12,BER,-26.0,val,-18.40924,-27.893127,-2.2634277
15013,25-08-2026,13,AII,-16.0,val,-10.298051,-19.930504,6.9461966
15013,25-08-2026,14,KSG,-15.0,val,-9.806334,-19.523907,7.4796124
15013,25-08-2026,15,JP,-9.0,val,-5.5257487,-15.114826,11.641249
15013,25-08-2026,16,GADJ,-11.0,val,-7.318509,-16.90173,9.360206
15013,25-08-2026,17,DO,-15.0,val,-10.973928,-20.720387,5.331764
15013,25-08-2026,18,BKI,-19.0,val,-14.026634,-23.991413,1.7774754
15013,25-08-2026,19,RHG,-19.0,val,-14.128896,-23.553185,0.7811508
15013,25-08-2026,20,AWR,-14.0,val,-10.745098,-20.520937,5.4365196
15013,25-08-2026,21,KRH,-20.0,val,-15.825257,-26.788738,2.2441473
15013,25-08-2026,22,BWL,-25.0,val,-19.79529,-29.676878,-5.223544
15013,25-08-2026,23,RE,-10.0,val,-8.619932,-19.052885,9.65616
15013,25-08-2026,24,PTRD,-21.0,val,-18.67231,-29.171715,-1.755249
15013,25-08-2026,25,GGN,-32.0,val,-26.830555,-37.036793,-11.988335
15013,25-08-2026,26,DEE,-38.0,val,-30.621529,-40.514683,-17.31709
15013,25-08-2026,27,DLI,-12.0,val,-11.686614,-21.18752,4.096034
15013,25-08-2026,28,SBB,-23.0,val,-21.314161,-30.943745,-6.9575853
15013,25-08-2026,29,GZB,-21.0,val,-18.446352,-27.228994,-5.390499
15013,25-08-2026,30,HPU,-22.0,val,-18.967796,-26.696108,-8.484376
15013,25-08-2026,31,MB,-5.0,val,-6.892962,-11.885446,0.4182186
15013,25-08-2026,32,RMU,-5.0,val,-7.213195,-12.297689,-0.08668232
15013,25-08-2026,33,BLQR,-10.0,val,-11.326381,-17.39562,-2.949788
15013,25-08-2026,34,RUPC,-12.0,val,-12.464717,-17.857992,-5.719862
15013,25-08-2026,35,LKU,-12.0,val,-12.736983,-18.828968,-4.9116144
15013,25-08-2026,36,HDW,-5.0,val,-8.120369,-14.651787,1.3309879
15013,27-08-2026,1,JSM,34.0,val,1.4012464,-8.541158,23.455326
15013,27-08-2026,2,POK,26.0,val,-6.4343033,-18.479616,17.921425
15013,27-08-2026,3,RDRA,31.0,val,-2.1748493,-13.624493,22.000013
15013,27-08-2026,4,PLCJ,23.0,val,-9.22897,-20.96606,14.365067
15013,27-08-2026,5,MWT,-18.0,val,-45.518,-56.303406,-26.576012
15013,27-08-2026,6,RKB,6.0,val,-22.530956,-31.908241,-6.510235
15013,27-08-2026,7,JU,22.0,val,-9.371663,-19.103962,9.251189
15013,27-08-2026,8,BGKT,21.0,val,-10.486003,-20.286861,8.567466
15013,27-08-2026,9,LUNI,28.0,val,-5.60003,-16.182308,15.348189
15013,27-08-2026,10,PMY,25.0,val,-8.433467,-19.662285,12.903672
15013,27-08-2026,11,MJ,34.0,val,-1.6208309,-12.318735,19.813843
15013,27-08-2026,13,AII,30.0,val,-4.512108,-14.607781,14.448782
15013,27-08-2026,14,KSG,32.0,val,-3.3109949,-13.165103,15.347757
15013,27-08-2026,15,JP,25.0,val,-9.425938,-19.254076,7.363859
15013,27-08-2026,16,GADJ,22.0,val,-12.254671,-21.977966,3.7415476
15013,27-08-2026,17,DO,17.0,val,-16.037966,-25.175808,-1.8913488
15013,27-08-2026,18,BKI,3.0,val,-27.824589,-38.696243,-11.59079
15013,27-08-2026,20,AWR,7.0,val,-23.91697,-33.629913,-10.3865385
15013,27-08-2026,21,KRH,0.0,val,-28.817291,-38.151573,-16.589146
15013,27-08-2026,22,BWL,6.0,val,-25.371323,-34.56917,-13.210399
15013,27-08-2026,23,RE,8.0,val,-24.458784,-34.229782,-10.649291
15013,27-08-2026,24,PTRD,-1.0,val,-32.369328,-42.558006,-18.344261
15013,27-08-2026,26,DEE,-19.0,val,-40.50539,-51.336464,-25.145458
15013,27-08-2026,27,DLI,-11.0,val,-34.799217,-44.617085,-21.239939
15013,27-08-2026,28,SBB,-18.0,val,-38.79868,-49.382786,-23.997082
15013,27-08-2026,29,GZB,-22.0,val,-38.624504,-48.79687,-24.238594
15013,27-08-2026,30,HPU,-30.0,val,-42.683178,-53.418026,-27.150444
15013,27-08-2026,31,MB,-30.0,val,-36.33695,-44.690376,-23.855377
15013,27-08-2026,32,RMU,-27.0,val,-35.40355,-43.827236,-23.008682
15013,27-08-2026,33,BLQR,-33.0,val,-39.24662,-48.598423,-25.52147
15013,27-08-2026,34,RUPC,-37.0,val,-41.992046,-52.003426,-27.294827
15013,27-08-2026,35,LKU,-40.0,val,-43.784954,-53.999268,-28.70939
15013,27-08-2026,36,HDW,-7.0,val,-29.088703,-37.39192,-17.68742
19056,24-08-2026,1,UDN,0.0,val,-2.9992101,-9.926802,7.558385
19056,24-08-2026,2,NVS,-16.0,val,-14.35275,-24.84496,0.3989067
19056,24-08-2026,3,VDH,-16.0,val,-15.390103,-25.240072,-2.4062815
19056,24-08-2026,4,BIM,-18.0,val,-17.05291,-26.04324,-5.85979
19056,24-08-2026,5,BL,-8.0,val,-10.057604,-17.61887,0.12119675
19056,24-08-2026,6,ATUL,-12.0,val,-12.912586,-20.409927,-3.4973116
19056,24-08-2026,7,PAD,-12.0,val,-13.134707,-20.3484,-4.2094784
19056,24-08-2026,8,UVD,-13.0,val,-13.878682,-20.764143,-5.5732365
19056,24-08-2026,9,VAPI,-13.0,val,-13.860805,-20.63735,-5.718133
19056,24-08-2026,11,BLD,-13.0,val,-14.387076,-21.231142,-6.148756
19056,24-08-2026,12,SJN,-13.0,val,-14.666776,-21.71894,-6.173914
19056,24-08-2026,13,UBR,-14.0,val,-15.485108,-22.583422,-6.9856052
19056,24-08-2026,15,GVD,-1.0,val,-6.966765,-14.224752,3.2755475
19056,24-08-2026,16,DRD,1.0,val,-6.0439305,-13.4845,4.740108
19056,24-08-2026,17,VGN,-22.0,val,-20.753742,-30.258713,-8.6658325
19056,24-08-2026,18,BOR,-26.0,val,-24.646616,-34.005745,-13.147042
19056,24-08-2026,19,PLG,-25.0,val,-23.652002,-32.17428,-13.205732
19056,24-08-2026,20,KLV,-25.0,val,-22.105095,-29.575977,-12.867463
19056,24-08-2026,21,SAH,-24.0,val,-21.96056,-29.544968,-12.654426
19056,24-08-2026,22,VTN,-23.0,val,-21.878956,-29.486725,-12.571126
19056,24-08-2026,23,VR,-22.0,val,-21.502056,-29.061897,-12.287116
19056,24-08-2026,24,BSR,-21.0,val,-21.387484,-29.153385,-12.016159
19056,24-08-2026,25,BVI,-29.0,val,-27.977425,-37.685123,-16.060352
19056,24-08-2026,26,ADH,-33.0,val,-30.293226,-40.48673,-17.672754
19056,25-08-2026,1,UDN,-21.0,val,-5.393148,-12.613528,5.093681
19056,25-08-2026,2,NVS,-31.0,val,-13.362609,-23.828926,1.2378092
19056,25-08-2026,3,VDH,-32.0,val,-14.140665,-23.31124,-2.2587967
19056,25-08-2026,4,BIM,-34.0,val,-15.872188,-24.42569,-5.3195457
19056,25-08-2026,5,BL,-23.0,val,-8.496831,-16.435558,2.4420967
19056,25-08-2026,6,ATUL,-26.0,val,-10.31957,-18.109688,-0.0024175644
19056,25-08-2026,7,PAD,-27.0,val,-11.451768,-19.36891,-1.2888813
19056,25-08-2026,8,UVD,-28.0,val,-12.15874,-19.622978,-2.7792587
19056,25-08-2026,9,VAPI,-28.0,val,-12.544574,-20.001795,-3.2838326
19056,25-08-2026,11,BLD,-28.0,val,-12.737256,-20.263842,-3.3210316
19056,25-08-2026,12,SJN,-29.0,val,-13.505273,-20.757988,-4.589223
19056,25-08-2026,13,UBR,-30.0,val,-14.133559,-21.501446,-5.093115
19056,25-08-2026,15,GVD,-17.0,val,-5.7639995,-13.269539,5.1731544
19056,25-08-2026,16,DRD,-18.0,val,-6.824991,-14.74984,4.510132
19056,25-08-2026,17,VGN,-27.0,val,-12.700119,-22.623287,1.4874887
19056,25-08-2026,18,BOR,-29.0,val,-14.449161,-23.146915,-3.0793219
19056,25-08-2026,19,PLG,-28.0,val,-14.1145315,-21.756504,-4.6113243
19056,25-08-2026,20,KLV,-27.0,val,-13.388695,-20.511368,-4.6519146
19056,25-08-2026,21,SAH,-32.0,val,-16.94728,-24.276274,-8.185658
19056,25-08-2026,22,VTN,-32.0,val,-17.052608,-24.33187,-8.308285
19056,25-08-2026,23,VR,-31.0,val,-16.633343,-23.979027,-7.815957
19056,25-08-2026,24,BSR,-30.0,val,-16.34436,-23.978695,-7.1444855
19056,25-08-2026,25,BVI,-36.0,val,-21.140495,-30.304216,-10.108779
19056,25-08-2026,26,ADH,-36.0,val,-20.31279,-28.858797,-10.163341
19056,26-08-2026,1,UDN,-17.0,val,-2.911097,-10.301826,8.430212
19056,26-08-2026,2,NVS,-28.0,val,-10.830292,-19.681032,1.413476
19056,26-08-2026,3,VDH,-28.0,val,-11.132158,-19.087526,-0.65980434
19056,26-08-2026,4,BIM,-33.0,val,-14.978607,-23.1818,-4.812394
19056,26-08-2026,5,BL,-21.0,val,-6.354861,-13.359385,3.5914416
19056,26-08-2026,6,ATUL,-24.0,val,-8.728123,-16.24073,1.5682411
19056,26-08-2026,7,PAD,-24.0,val,-9.016278,-16.312899,0.7934885
19056,26-08-2026,8,UVD,-24.0,val,-9.009124,-16.035055,0.33129692
19056,26-08-2026,9,VAPI,-24.0,val,-9.1613,-16.02266,-0.14190483
19056,26-08-2026,11,BLD,-28.0,val,-12.492933,-19.634377,-3.5870972
19056,26-08-2026,12,SJN,-28.0,val,-12.787679,-19.917202,-3.9617662
19056,26-08-2026,13,UBR,-28.0,val,-12.738974,-19.821404,-3.924572
19056,26-08-2026,15,GVD,-18.0,val,-6.4186587,-13.644873,3.8649602
19056,26-08-2026,16,DRD,-17.0,val,-5.897551,-13.138811,4.6021485
19056,26-08-2026,17,VGN,-17.0,val,-6.0494204,-13.355143,4.549165
19056,26-08-2026,18,BOR,-17.0,val,-6.1288013,-13.509335,4.587188
19056,26-08-2026,19,PLG,-17.0,val,-6.3560762,-13.726486,4.3737526
19056,26-08-2026,20,KLV,-17.0,val,-6.4645376,-13.701885,3.9496384
19056,26-08-2026,21,SAH,-17.0,val,-6.677149,-14.083845,3.9200726
19056,26-08-2026,22,VTN,-17.0,val,-6.7149076,-14.05933,4.0052814
19056,26-08-2026,23,VR,-17.0,val,-6.8443866,-14.439375,4.2121844
19056,26-08-2026,24,BSR,-17.0,val,-7.1328793,-14.985682,4.1916037
19056,26-08-2026,25,BVI,-28.0,val,-14.991884,-24.541454,-2.2989864
19056,26-08-2026,26,ADH,-29.0,val,-16.100645,-25.467718,-4.2980843
19056,27-08-2026,1,UDN,-5.0,val,-2.9554713,-10.392546,8.443372
19056,27-08-2026,2,NVS,-21.0,val,-14.307416,-24.690632,-0.08400059
19056,27-08-2026,3,VDH,-21.0,val,-14.682126,-23.93202,-2.6219225
19056,27-08-2026,4,BIM,-23.0,val,-16.220577,-24.591595,-5.9071264
19056,27-08-2026,5,BL,-14.0,val,-10.1148205,-17.558588,-0.21764278
19056,27-08-2026,6,ATUL,-17.0,val,-12.302849,-19.916325,-2.6289616
19056,27-08-2026,7,PAD,-17.0,val,-12.524564,-19.899353,-3.269145
19056,27-08-2026,8,UVD,-18.0,val,-13.2745285,-20.33214,-4.627124
19056,27-08-2026,9,VAPI,-19.0,val,-14.1099,-21.096766,-5.695879
19056,27-08-2026,11,BLD,-21.0,val,-15.742959,-22.8063,-7.309226
19056,27-08-2026,12,SJN,-22.0,val,-16.583076,-23.69873,-8.086257
19056,27-08-2026,13,UBR,-22.0,val,-16.529184,-23.608685,-8.04117
19056,27-08-2026,15,GVD,-10.0,val,-9.183796,-16.462381,0.5175934
19056,27-08-2026,16,DRD,-21.0,val,-17.108044,-26.703732,-4.526615
19056,27-08-2026,17,VGN,-21.0,val,-17.182743,-25.42715,-7.0545025
19056,27-08-2026,18,BOR,-24.0,val,-18.516926,-25.663048,-9.964469
19056,27-08-2026,19,PLG,-24.0,val,-18.94656,-26.387344,-10.008965
19056,27-08-2026,20,KLV,-24.0,val,-18.833,-25.984444,-10.220758
19056,27-08-2026,21,SAH,-24.0,val,-18.957485,-26.079659,-10.384363
19056,27-08-2026,22,VTN,-24.0,val,-19.293879,-26.639534,-10.438661
19056,27-08-2026,23,VR,-28.0,val,-22.374557,-30.500103,-12.498129
19056,27-08-2026,24,BSR,-28.0,val,-22.735666,-31.404774,-12.211137
19056,27-08-2026,25,BVI,-37.0,val,-30.738533,-41.351635,-17.457552
19056,27-08-2026,26,ADH,-38.0,val,-28.220448,-37.482502,-16.689972
19330,24-08-2026,1,ASV,8.799999999999955,val,-24.10179,-35.910538,-0.7029362
19330,24-08-2026,2,SDGM,-2.1700000000000728,val,-6.2734184,-18.948084,19.702381
19330,24-08-2026,3,NRD,21.649999999999977,val,-7.198981,-23.075977,24.898085
19330,24-08-2026,4,NHM,-7.4799999999999045,val,-12.482774,-26.183279,14.526864
19330,24-08-2026,5,TOD,-16.539999999999964,val,-15.201869,-28.658928,10.946683
19330,24-08-2026,6,PRJ,-16.199999999999932,val,-21.72394,-36.417324,6.794264
19330,24-08-2026,7,HMT,-24.5,val,-17.024353,-30.265913,8.472179
19330,24-08-2026,8,SJS,1.8400000000000318,val,-15.758507,-29.027111,9.726999
19330,24-08-2026,9,BHWA,7.4500000000000455,val,-18.269821,-31.47921,6.441086
19330,24-08-2026,10,DNRP,-8.960000000000036,val,-21.170673,-34.1788,3.3276253
19330,24-08-2026,11,RDP,32.370000000000005,val,-13.435177,-27.212822,8.797977
19330,24-08-2026,12,SES,-6.339999999999975,val,-11.739586,-19.840279,-1.4456911
19330,24-08-2026,13,JYM,-38.31,val,-15.984379,-26.582355,-2.5308533
19330,24-08-2026,14,ZW,-4.75,val,-13.74058,-21.598255,-4.2215595
19330,24-08-2026,15,UMRA,-22.159999999999968,val,-5.6949534,-13.651395,5.4482656
19330,24-08-2026,16,UDZ,-11.090000000000003,val,-7.189671,-17.913568,8.292259
19330,24-08-2026,17,RPZ,-44.53,val,-10.581312,-18.798065,-0.27377415
19330,24-08-2026,18,MVJ,-40.86999999999999,val,-11.3563,-19.324,-1.6636496
19330,24-08-2026,19,FAN,-30.510000000000005,val,-13.678383,-24.105473,-0.5564766
19330,24-08-2026,20,KIN,-25.980000000000004,val,-4.854935,-14.232048,8.5539875
19330,24-08-2026,21,COR,-12.129999999999999,val,-8.935493,-18.733847,4.001853
19330,25-08-2026,1,ASV,-2.160000000000082,val,-5.2713604,-17.826807,21.049406
19330,25-08-2026,2,SDGM,21.649999999999977,val,-6.3348556,-22.186665,26.100348
19330,25-08-2026,3,NRD,-7.480000000000018,val,-11.7353735,-25.504654,15.757375
19330,25-08-2026,4,NHM,-16.529999999999973,val,-14.741024,-28.32851,11.679016
19330,25-08-2026,5,TOD,-16.210000000000036,val,-14.990567,-31.310467,17.604229
19330,25-08-2026,6,PRJ,-24.5,val,-12.123995,-26.717764,16.670403
19330,25-08-2026,7,HMT,1.8399999999999181,val,-5.0140786,-22.163607,29.942198
19330,25-08-2026,8,SJS,7.4500000000000455,val,-16.442852,-31.04264,11.6422615
19330,25-08-2026,9,BHWA,-8.959999999999923,val,-19.953215,-33.127563,4.5722065
19330,25-08-2026,10,DNRP,32.370000000000005,val,-22.788242,-38.78711,8.120895
19330,25-08-2026,11,RDP,-6.350000000000023,val,-9.73001,-20.565498,7.5957212
19330,25-08-2026,12,SES,-38.31,val,-14.942874,-25.534061,-1.0934219
19330,25-08-2026,13,JYM,-4.75,val,-12.773579,-21.13757,-2.3103447
19330,25-08-2026,14,ZW,-22.150000000000034,val,-5.2961235,-13.304903,6.083214
19330,25-08-2026,15,UMRA,-11.079999999999984,val,-8.538917,-17.796345,4.115013
19330,25-08-2026,16,UDZ,-44.53,val,-11.015256,-18.9357,-1.1936846
19330,25-08-2026,17,RPZ,-40.879999999999995,val,-11.19357,-19.016901,-1.5662823
19330,25-08-2026,18,MVJ,-30.50999999999999,val,-13.352689,-23.77734,-0.08344936
19330,25-08-2026,19,FAN,-25.97,val,-5.3773537,-14.36344,7.3413153
19330,25-08-2026,20,KIN,-12.130000000000003,val,-8.66576,-17.753353,3.3195133
19330,25-08-2026,21,COR,-13.0,val,-11.581643,-20.998743,0.19900227
19330,26-08-2026,1,ASV,21.660000000000082,val,-12.834318,-25.064259,12.273619
19330,26-08-2026,2,SDGM,-7.470000000000027,val,-12.559638,-25.051558,12.5272455
19330,26-08-2026,3,NRD,-16.529999999999973,val,-14.900967,-27.940157,10.692524
19330,26-08-2026,4,NHM,-16.209999999999923,val,-21.20601,-36.40888,8.661869
19330,26-08-2026,5,TOD,-24.5,val,-15.693434,-29.68922,11.7266445
19330,26-08-2026,6,PRJ,1.8400000000000318,val,-10.836888,-26.915264,21.214993
19330,26-08-2026,7,HMT,7.449999999999932,val,-17.212484,-31.762482,11.051781
19330,26-08-2026,8,SJS,-8.950000000000045,val,-20.976116,-33.90782,3.465723
19330,26-08-2026,9,BHWA,32.370000000000005,val,-21.971375,-37.25312,7.37714
19330,26-08-2026,10,DNRP,-6.340000000000032,val,-19.724167,-33.07552,5.665161
19330,26-08-2026,11,RDP,-38.31999999999999,val,-12.520186,-26.285114,9.87465
19330,26-08-2026,12,SES,-4.75,val,-12.91636,-21.09338,-2.6855955
19330,26-08-2026,13,JYM,-22.150000000000034,val,-4.9882393,-13.023921,6.5306673
19330,26-08-2026,14,ZW,-11.080000000000041,val,-6.4474263,-17.235743,9.507463
19330,26-08-2026,15,UMRA,-44.52999999999997,val,-10.343991,-18.47732,0.009641647
19330,26-08-2026,16,UDZ,-40.870000000000005,val,-11.066789,-18.902298,-1.3777542
19330,26-08-2026,17,RPZ,-30.52000000000001,val,-12.7929125,-23.19677,0.76153564
19330,26-08-2026,18,MVJ,-25.97,val,-5.6208153,-14.417516,6.849718
19330,26-08-2026,19,FAN,-12.13000000000001,val,-8.684022,-18.591583,4.685111
19330,26-08-2026,20,KIN,-17.690000000000005,val,-11.547189,-21.271986,0.82605076
19330,26-08-2026,21,COR,-13.0,val,-5.7490697,-15.021744,7.1669335
19330,27-08-2026,1,ASV,-7.470000000000027,val,-10.911361,-23.218262,14.496846
19330,27-08-2026,2,SDGM,-16.530000000000086,val,-12.731776,-26.219177,14.296752
19330,27-08-2026,3,NRD,-16.210000000000036,val,-15.271748,-31.141163,16.49649
19330,27-08-2026,4,NHM,-24.5,val,-14.236794,-28.686678,14.521739
19330,27-08-2026,5,TOD,1.8400000000000318,val,-15.527443,-29.272686,11.301331
19330,27-08-2026,6,PRJ,7.460000000000036,val,-15.639094,-29.944126,12.051621
19330,27-08-2026,7,HMT,-8.950000000000045,val,-17.927126,-32.83722,11.045334
19330,27-08-2026,8,SJS,32.379999999999995,val,-22.081778,-37.868126,8.550154
19330,27-08-2026,9,BHWA,-6.339999999999918,val,-18.745356,-32.02617,6.542927
19330,27-08-2026,10,DNRP,-38.32000000000005,val,-21.801107,-37.83925,9.325132
19330,27-08-2026,11,RDP,-4.759999999999991,val,-11.625929,-22.5903,5.5906105
19330,27-08-2026,12,SES,-22.149999999999977,val,-4.7047486,-12.703033,6.8290706
19330,27-08-2026,13,JYM,-11.080000000000041,val,-7.9188666,-17.206821,5.0405183
19330,27-08-2026,14,ZW,-44.53000000000003,val,-10.488019,-18.401566,-0.4347973
19330,27-08-2026,15,UMRA,-40.870000000000005,val,-10.82077,-18.644432,-1.0070724
19330,27-08-2026,16,UDZ,-30.50999999999999,val,-12.792654,-23.252314,0.91367817
19330,27-08-2026,17,RPZ,-25.97999999999999,val,-6.3350945,-14.70568,5.217802
19330,27-08-2026,18,MVJ,-12.129999999999995,val,-9.99462,-18.583422,0.8477745
19330,27-08-2026,19,FAN,-17.690000000000012,val,-13.114089,-21.424381,-3.2152147
19330,27-08-2026,20,KIN,-19.380000000000003,val,-7.0463567,-15.647131,4.53964
19330,27-08-2026,21,COR,-11.1,val,-7.6996474,-16.857935,4.56582
19412,24-08-2026,1,DLPC,-21.0,val,-14.038069,-23.69865,8.326487
19412,24-08-2026,2,AADR,-24.0,val,-17.735119,-27.818474,4.5807
19412,24-08-2026,3,UHL,-23.0,val,-16.773552,-27.124287,5.6477737
19412,24-08-2026,4,NLDM,-20.0,val,-13.876022,-24.44984,9.269989
19412,24-08-2026,5,ANSB,-25.0,val,-19.970032,-31.262028,4.3171425
19412,24-08-2026,6,RPAR,-37.0,val,-33.006237,-44.456444,-9.4170685
19412,24-08-2026,7,MRND,-35.0,val,-29.906687,-40.604443,-8.225023
19412,24-08-2026,8,SASN,-34.0,val,-28.223284,-38.343742,-8.232405
19412,24-08-2026,9,CDG,-28.0,val,-21.796143,-32.014072,-1.0578518
19412,24-08-2026,10,UMB,-20.0,val,-14.109818,-24.932072,8.599471
19412,24-08-2026,11,KKDE,-56.0,val,-53.118797,-63.95891,-32.576283
19412,24-08-2026,12,KLE,-52.0,val,-48.18483,-57.56453,-31.126896
19412,24-08-2026,13,NRW,-50.0,val,-45.91347,-55.162045,-29.522009
19412,24-08-2026,14,UCA,-49.0,val,-45.319668,-54.457985,-28.947931
19412,24-08-2026,15,JIND,-48.0,val,-44.69403,-54.18125,-27.764711
19412,24-08-2026,16,JNA,-65.0,val,-63.002796,-74.03545,-43.18978
19412,24-08-2026,17,ROK,-59.0,val,-56.35986,-65.94396,-39.89299
19412,24-08-2026,18,JHJ,-69.0,val,-64.17327,-74.8273,-45.969772
19412,24-08-2026,19,RE,-20.0,val,-15.479135,-25.490078,4.074895
19412,24-08-2026,20,KRH,-20.0,val,-15.35521,-25.302563,3.6419268
19412,24-08-2026,21,AWR,-24.0,val,-20.172052,-30.212326,-1.7522602
19412,24-08-2026,22,RHG,-21.0,val,-16.697348,-26.737457,1.6999874
19412,24-08-2026,23,BKI,-27.0,val,-22.490726,-32.638084,-4.6791267
19412,24-08-2026,24,DO,-32.0,val,-27.447119,-37.32462,-11.201958
19412,24-08-2026,25,GADJ,-35.0,val,-30.36295,-40.06319,-14.901597
19412,24-08-2026,26,JP,-21.0,val,-16.221561,-25.836067,0.24846649
19412,24-08-2026,27,FL,-25.0,val,-20.674026,-30.57006,-3.9550438
19412,24-08-2026,28,KSG,-22.0,val,-17.653996,-27.494469,-1.0387421
19412,24-08-2026,29,AII,-21.0,val,-17.25331,-27.325586,0.16833687
19412,24-08-2026,30,BER,-24.0,val,-20.626991,-30.627481,-3.5151749
19412,24-08-2026,31,SOD,-27.0,val,-23.462814,-33.40775,-7.1248016
19412,24-08-2026,32,MJ,-21.0,val,-18.429623,-28.149677,-1.6439991
19412,24-08-2026,33,RANI,-26.0,val,-22.373707,-31.71114,-7.2373104
19412,24-08-2026,34,FA,-23.0,val,-20.017094,-29.219528,-4.9343023
19412,24-08-2026,35,SJWB,-25.0,val,-21.98673,-31.083492,-7.295679
19412,24-08-2026,36,NANA,-23.0,val,-20.437996,-29.299759,-6.044032
19412,24-08-2026,37,PDWA,-25.0,val,-22.090874,-30.805016,-8.358634
19412,24-08-2026,38,SRPJ,-26.0,val,-22.805246,-31.33757,-9.653507
19412,24-08-2026,39,ABR,-21.0,val,-18.83041,-26.766445,-6.236167
19412,24-08-2026,40,PNU,-20.0,val,-17.90018,-24.43749,-7.682482
19412,24-08-2026,41,SID,-20.0,val,-16.86663,-22.455256,-8.790748
19412,24-08-2026,42,UJA,-20.0,val,-16.926075,-22.552418,-8.891188
19412,24-08-2026,43,MSH,-21.0,val,-17.95599,-23.51031,-10.038318
19412,24-08-2026,44,KLL,-20.0,val,-16.70171,-21.641422,-9.658608
19412,25-08-2026,1,DLPC,-20.0,val,-13.322132,-23.766571,10.191868
19412,25-08-2026,2,AADR,-22.0,val,-15.75297,-25.953993,6.893717
19412,25-08-2026,3,UHL,-22.0,val,-15.791695,-26.2187,6.8574944
19412,25-08-2026,4,NLDM,-20.0,val,-13.876022,-24.44984,9.269989
19412,25-08-2026,5,ANSB,-24.0,val,-17.817993,-28.164776,4.3192863
19412,25-08-2026,6,RPAR,-31.0,val,-25.782162,-36.971603,-2.8084774
19412,25-08-2026,7,MRND,-26.0,val,-20.03477,-30.823372,2.44285
19412,25-08-2026,8,SASN,-32.0,val,-26.304348,-37.20066,-4.5393524
19412,25-08-2026,9,CDG,-26.0,val,-19.805347,-30.244717,1.5413437
19412,25-08-2026,10,UMB,-24.0,val,-18.037611,-28.51571,3.5905914
19412,25-08-2026,11,KKDE,-48.0,val,-44.1472,-54.7564,-22.76159
19412,25-08-2026,12,KLE,-51.0,val,-46.825417,-56.197453,-30.04074
19412,25-08-2026,13,NRW,-40.0,val,-35.458363,-44.86841,-18.002403
19412,25-08-2026,14,UCA,-41.0,val,-37.143745,-46.427685,-19.835371
19412,25-08-2026,15,JIND,-49.0,val,-46.63064,-57.49054,-26.69323
19412,25-08-2026,16,JNA,-56.0,val,-53.759537,-63.217,-37.407673
19412,25-08-2026,17,ROK,-50.0,val,-47.72727,-57.32594,-30.469933
19412,25-08-2026,18,JHJ,-62.0,val,-59.685,-70.36416,-41.229156
19412,25-08-2026,19,RE,-20.0,val,-15.6573105,-25.814705,4.1575317
19412,25-08-2026,20,KRH,-28.0,val,-23.97134,-34.915806,-3.6510506
19412,25-08-2026,21,AWR,-33.0,val,-29.182709,-39.37447,-11.382372
19412,25-08-2026,22,RHG,-31.0,val,-26.938534,-36.404305,-10.604492
19412,25-08-2026,23,BKI,-30.0,val,-25.727604,-35.083393,-9.721954
19412,25-08-2026,24,DO,-35.0,val,-30.292414,-39.5561,-15.32486
19412,25-08-2026,25,GADJ,-43.0,val,-38.557747,-48.995987,-22.013407
19412,25-08-2026,26,JP,-32.0,val,-26.68028,-36.229797,-11.474573
19412,25-08-2026,27,FL,-35.0,val,-29.639748,-39.497528,-14.221662
19412,25-08-2026,28,KSG,-33.0,val,-27.914297,-37.791023,-12.247667
19412,25-08-2026,29,AII,-23.0,val,-19.023674,-29.017696,-1.8545303
19412,25-08-2026,30,BER,-20.0,val,-16.766363,-26.812595,0.8435173
19412,25-08-2026,31,SOD,-20.0,val,-16.898134,-26.625038,-0.11577988
19412,25-08-2026,32,MJ,-20.0,val,-17.370333,-27.102757,-0.41457176
19412,25-08-2026,33,RANI,-26.0,val,-22.410994,-31.787533,-7.1933365
19412,25-08-2026,34,FA,-23.0,val,-19.915764,-29.138947,-4.847082
19412,25-08-2026,35,SJWB,-25.0,val,-21.970354,-31.067139,-7.298066
19412,25-08-2026,36,NANA,-23.0,val,-20.426525,-29.291267,-6.041318
19412,25-08-2026,37,PDWA,-24.0,val,-21.187,-29.89382,-7.364438
19412,25-08-2026,38,SRPJ,-26.0,val,-23.05062,-31.788752,-9.49227
19412,25-08-2026,39,ABR,-20.0,val,-18.0808,-26.102348,-5.131359
19412,25-08-2026,40,PNU,-20.0,val,-17.842085,-24.447502,-7.5105143
19412,25-08-2026,41,SID,-20.0,val,-17.557241,-23.593067,-8.428441
19412,25-08-2026,42,UJA,-22.0,val,-19.265509,-25.43945,-10.210893
19412,25-08-2026,43,MSH,-22.0,val,-18.663467,-24.331532,-10.596507
19412,25-08-2026,44,KLL,-20.0,val,-16.70171,-21.641422,-9.658608
19412,26-08-2026,1,DLPC,-20.0,val,-13.322132,-23.766571,10.191868
19412,26-08-2026,2,AADR,-22.0,val,-15.75297,-25.953993,6.893717
19412,26-08-2026,3,UHL,-22.0,val,-15.791695,-26.2187,6.8574944
19412,26-08-2026,4,NLDM,-20.0,val,-13.876022,-24.44984,9.269989
19412,26-08-2026,5,ANSB,-27.0,val,-22.017874,-33.207153,1.8907719
19412,26-08-2026,6,RPAR,-38.0,val,-33.342033,-44.546127,-9.822567
19412,26-08-2026,7,MRND,-42.0,val,-38.095566,-48.859154,-16.68771
19412,26-08-2026,8,SASN,-36.0,val,-30.419668,-40.47612,-10.649845
19412,26-08-2026,9,CDG,-20.0,val,-13.959211,-24.70119,8.714598
19412,26-08-2026,10,UMB,-20.0,val,-14.1216545,-24.977463,8.604933
19412,26-08-2026,11,KKDE,-56.0,val,-53.118797,-63.95891,-32.576283
19412,26-08-2026,12,KLE,-66.0,val,-61.410778,-71.4771,-43.943245
19412,26-08-2026,13,NRW,-60.0,val,-55.648518,-65.018135,-39.510967
19412,26-08-2026,14,UCA,-60.0,val,-55.8912,-65.22652,-39.775208
19412,26-08-2026,15,JIND,-60.0,val,-56.09854,-65.49891,-39.924004
19412,26-08-2026,16,JNA,-65.0,val,-60.995632,-70.96934,-43.822056
19412,26-08-2026,17,ROK,-62.0,val,-57.56763,-67.256676,-41.003742
19412,26-08-2026,18,JHJ,-71.0,val,-66.23674,-77.19034,-47.443733
19412,26-08-2026,19,RE,-24.0,val,-19.763542,-29.713928,-0.68397903
19412,26-08-2026,20,KRH,-22.0,val,-17.510435,-27.536373,1.5094624
19412,26-08-2026,21,AWR,-27.0,val,-22.80285,-32.37817,-5.4533024
19412,26-08-2026,22,RHG,-25.0,val,-20.705685,-30.417995,-3.3003216
19412,26-08-2026,23,BKI,-25.0,val,-20.591633,-30.213379,-3.5685139
19412,26-08-2026,24,DO,-26.0,val,-21.776384,-31.34158,-5.1274796
19412,26-08-2026,25,GADJ,-29.0,val,-24.213854,-33.765057,-8.369493
19412,26-08-2026,26,JP,-21.0,val,-16.42154,-26.139229,0.35448837
19412,26-08-2026,27,FL,-23.0,val,-18.922,-28.883379,-1.8193054
19412,26-08-2026,28,KSG,-20.0,val,-15.968553,-25.93463,1.11415
19412,26-08-2026,29,AII,-22.0,val,-18.23484,-28.267687,-0.9720497
19412,26-08-2026,30,BER,-27.0,val,-23.92339,-34.23749,-6.445341
19412,26-08-2026,31,SOD,-30.0,val,-25.88723,-35.517715,-10.497334
19412,26-08-2026,32,MJ,-21.0,val,-18.415411,-28.130566,-1.6470165
19412,26-08-2026,33,RANI,-27.0,val,-24.073109,-33.809223,-8.261345
19412,26-08-2026,34,FA,-23.0,val,-20.204966,-29.483326,-4.881217
19412,26-08-2026,35,SJWB,-25.0,val,-22.030973,-31.142855,-7.2882137
19412,26-08-2026,36,NANA,-24.0,val,-21.297623,-30.154852,-7.0378847
19412,26-08-2026,37,PDWA,-26.0,val,-22.712282,-31.421795,-9.123887
19412,26-08-2026,38,SRPJ,-27.0,val,-23.634176,-32.17295,-10.591221
19412,26-08-2026,39,ABR,-27.0,val,-23.353094,-31.182377,-11.705649
19412,26-08-2026,40,PNU,-20.0,val,-17.439163,-23.586231,-8.035711
19412,26-08-2026,41,SID,-20.0,val,-17.022469,-22.717152,-8.680972
19412,26-08-2026,42,UJA,-20.0,val,-17.030544,-22.662415,-8.928734
19412,26-08-2026,43,MSH,-22.0,val,-18.51541,-24.121908,-10.555019
19412,26-08-2026,44,KLL,-20.0,val,-16.70171,-21.641422,-9.658608
19412,27-08-2026,1,DLPC,-15.0,val,-13.325564,-23.768778,10.18443
19412,27-08-2026,2,AADR,-20.0,val,-18.752584,-28.948425,3.5555248
19412,27-08-2026,3,UHL,-20.0,val,-18.802904,-29.093937,3.2900677
19412,27-08-2026,4,NLDM,-20.0,val,-18.866362,-29.261425,3.3829365
19412,27-08-2026,5,ANSB,-24.0,val,-22.861347,-33.027733,-1.5792351
19412,27-08-2026,6,RPAR,-34.0,val,-34.70674,-45.866486,-11.599676
19412,27-08-2026,7,MRND,-31.0,val,-31.19626,-41.80127,-9.63146
19412,27-08-2026,8,SASN,-30.0,val,-29.256104,-39.307373,-9.476704
19412,27-08-2026,9,CDG,-19.0,val,-17.75702,-28.166246,3.7940197
19412,27-08-2026,10,UMB,-15.0,val,-13.849457,-24.528831,8.493435
19412,27-08-2026,11,KKDE,-51.0,val,-52.7376,-63.40013,-32.600723
19412,27-08-2026,13,NRW,-51.0,val,-52.376606,-61.68263,-36.29997
19412,27-08-2026,14,UCA,-61.0,val,-63.50001,-74.41388,-44.15832
19412,27-08-2026,15,JIND,-63.0,val,-64.034355,-74.445435,-46.092552
19412,27-08-2026,16,JNA,-70.0,val,-69.23351,-80.52251,-49.86808
19412,27-08-2026,17,ROK,-63.0,val,-63.82787,-74.22395,-45.923454
19412,27-08-2026,18,JHJ,-68.0,val,-65.29612,-75.98799,-47.025154
19412,27-08-2026,19,RE,-25.0,val,-26.396284,-35.9397,-8.787325
19412,27-08-2026,20,KRH,-23.0,val,-23.816257,-33.263176,-6.661541
19412,27-08-2026,21,AWR,-29.0,val,-30.23947,-40.40925,-12.564653
19412,27-08-2026,22,RHG,-27.0,val,-27.797413,-37.17268,-11.753916
19412,27-08-2026,23,BKI,-26.0,val,-26.631237,-35.89923,-10.86444
19412,27-08-2026,24,DO,-29.0,val,-29.031769,-38.226463,-14.117648
19412,27-08-2026,25,GADJ,-30.0,val,-29.946505,-39.15792,-15.341672
19412,27-08-2026,26,JP,-17.0,val,-17.855299,-28.532084,0.57312965
19412,27-08-2026,27,FL,-19.0,val,-20.857956,-31.353363,-2.1294022
19412,27-08-2026,28,KSG,-22.0,val,-22.042286,-31.780148,-6.176758
19412,27-08-2026,29,AII,-19.0,val,-19.913202,-29.873848,-3.0900002
19412,27-08-2026,30,BER,-17.0,val,-18.881971,-28.899563,-1.4414959
19412,27-08-2026,31,SOD,-15.0,val,-16.952816,-26.690315,-0.12145424
19412,27-08-2026,32,MJ,-16.0,val,-18.42959,-28.15065,-1.6479683
19412,27-08-2026,33,RANI,-23.0,val,-24.942934,-34.670013,-9.278868
19412,27-08-2026,34,FA,-27.0,val,-27.841513,-37.03296,-13.718875
19412,27-08-2026,35,SJWB,-29.0,val,-30.057148,-39.243748,-16.197319
19412,27-08-2026,36,NANA,-26.0,val,-27.041832,-35.85404,-13.69894
19412,27-08-2026,37,PDWA,-27.0,val,-28.002888,-36.701305,-15.088548
19412,27-08-2026,38,SRPJ,-24.0,val,-25.32125,-33.840668,-12.496121
19412,27-08-2026,39,ABR,-23.0,val,-24.21209,-31.997604,-12.738616
19412,27-08-2026,40,PNU,-16.0,val,-19.315252,-26.38263,-8.249851
19412,27-08-2026,41,SID,-15.0,val,-18.784178,-25.990517,-7.3847923
19412,27-08-2026,42,UJA,-15.0,val,-19.283682,-26.953339,-6.9778605
19412,27-08-2026,43,MSH,-19.0,val,-20.41241,-26.23287,-12.00712
19412,27-08-2026,44,KLL,-15.0,val,-16.706734,-21.646732,-9.662771
19574,24-08-2026,1,JP,8.789999999999964,val,-11.52968,-25.79264,13.498617
19574,24-08-2026,2,FL,-2.1700000000000728,val,-20.617588,-36.17814,4.9241867
19574,24-08-2026,3,KSG,21.65000000000009,val,-7.347932,-20.715073,16.587708
19574,24-08-2026,4,AII,-7.470000000000027,val,-9.78387,-21.54171,10.519286
19574,24-08-2026,5,BER,-16.529999999999973,val,-12.454034,-24.156052,6.979144
19574,24-08-2026,6,SOD,-16.210000000000036,val,-7.439,-18.699036,12.057523
19574,24-08-2026,7,MJ,-24.5,val,-27.312336,-41.671036,-4.8389244
19574,24-08-2026,8,FA,1.830000000000041,val,0.8269001,-11.860339,24.204597
19574,24-08-2026,9,SJWB,7.460000000000036,val,-0.25189292,-11.287755,19.661034
19574,24-08-2026,10,ABR,-8.949999999999932,val,-4.277524,-18.39323,19.855762
19574,24-08-2026,11,PNU,32.370000000000005,val,-17.869219,-30.54451,0.6762676
19574,24-08-2026,12,SID,-6.339999999999918,val,-15.0875845,-25.956284,0.68467426
19574,24-08-2026,13,MSH,-38.32000000000005,val,-0.6828288,-11.299279,17.368954
19574,24-08-2026,14,VG,-4.75,val,-7.909342,-21.004665,12.520472
19574,24-08-2026,15,SUNR,-22.149999999999977,val,-17.875446,-29.719833,-2.4154453
19574,24-08-2026,16,RJT,-11.079999999999984,val,-16.15462,-25.907375,-3.854186
19574,24-08-2026,17,HAPA,-44.53,val,-12.06659,-21.876019,0.70819664
19574,24-08-2026,18,JAM,-40.879999999999995,val,-3.873618,-13.451254,10.312939
19574,24-08-2026,19,KMBL,-30.510000000000005,val,-9.581213,-18.9808,2.6931515
19574,24-08-2026,20,DWK,-25.97,val,-9.107071,-16.367184,-0.17211723
19574,24-08-2026,21,OKHA,-12.129999999999999,val,-20.416185,-30.242092,-9.181562
19574,25-08-2026,1,JP,-2.1700000000000728,val,-22.64595,-36.127007,-0.6997719
19574,25-08-2026,2,FL,21.649999999999864,val,-7.616148,-21.36264,16.749556
19574,25-08-2026,3,KSG,-7.479999999999791,val,-10.004842,-21.789463,10.454137
19574,25-08-2026,4,AII,-16.529999999999973,val,-12.487006,-24.6525,8.028754
19574,25-08-2026,5,BER,-16.200000000000045,val,-7.9343033,-19.545862,12.301949
19574,25-08-2026,6,SOD,-24.5,val,-26.5707,-39.84797,-6.1806355
19574,25-08-2026,7,MJ,1.8400000000000318,val,0.968886,-11.882278,24.995695
19574,25-08-2026,8,FA,7.4500000000000455,val,-0.269575,-11.595017,20.371624
19574,25-08-2026,9,SJWB,-8.950000000000045,val,-3.513347,-18.209492,22.268433
19574,25-08-2026,10,ABR,32.379999999999995,val,-15.160462,-29.388544,7.1758738
19574,25-08-2026,11,PNU,-6.340000000000032,val,-15.189824,-26.08445,0.72677326
19574,25-08-2026,12,SID,-38.319999999999936,val,-0.926757,-11.529881,17.25216
19574,25-08-2026,13,MSH,-4.759999999999991,val,-8.123242,-21.836624,13.85357
19574,25-08-2026,14,VG,-22.150000000000034,val,-20.447512,-31.487926,-6.002219
19574,25-08-2026,15,SUNR,-11.079999999999984,val,-16.387041,-26.40821,-3.457532
19574,25-08-2026,16,RJT,-44.53000000000003,val,-12.657829,-22.516138,0.32774925
19574,25-08-2026,17,HAPA,-40.870000000000005,val,-4.3297424,-14.133651,10.235969
19574,25-08-2026,18,JAM,-30.52000000000001,val,-7.4731026,-18.788345,8.63068
19574,25-08-2026,19,KMBL,-25.97,val,-8.715914,-16.589603,1.2673779
19574,25-08-2026,20,DWK,-12.130000000000003,val,-17.74366,-27.295158,-6.7936783
19574,25-08-2026,21,OKHA,-13.0,val,-6.7452483,-16.392385,6.540749
19574,26-08-2026,1,JP,21.65000000000009,val,-7.042179,-19.647163,15.723846
19574,26-08-2026,2,FL,-7.480000000000018,val,-8.353347,-21.806433,15.500546
19574,26-08-2026,3,KSG,-16.539999999999964,val,-12.671342,-24.89278,7.988242
19574,26-08-2026,4,AII,-16.200000000000045,val,-7.3538427,-19.169785,13.624539
19574,26-08-2026,5,BER,-24.5,val,-27.380014,-41.2999,-5.432642
19574,26-08-2026,6,SOD,1.8399999999999181,val,0.7077352,-11.9616,24.582935
19574,26-08-2026,7,MJ,7.4500000000000455,val,-0.8421267,-11.817239,19.328533
19574,26-08-2026,8,FA,-8.959999999999923,val,-2.973736,-18.024582,23.812782
19574,26-08-2026,9,SJWB,32.379999999999995,val,-14.997264,-29.57178,8.411674
19574,26-08-2026,10,ABR,-6.339999999999918,val,-14.889808,-26.10382,2.0191011
19574,26-08-2026,11,PNU,-38.32000000000005,val,-1.0820853,-11.809078,17.589249
19574,26-08-2026,12,SID,-4.759999999999991,val,-10.917441,-24.187603,10.033254
19574,26-08-2026,13,MSH,-22.159999999999968,val,-20.497942,-31.762104,-5.462878
19574,26-08-2026,14,VG,-11.079999999999984,val,-16.362728,-26.654285,-2.656355
19574,26-08-2026,15,SUNR,-44.53000000000003,val,-12.920512,-23.024204,0.8521185
19574,26-08-2026,16,RJT,-40.870000000000005,val,-4.861513,-14.66766,9.799927
19574,26-08-2026,17,HAPA,-30.50999999999999,val,-6.4241314,-18.245531,10.853239
19574,26-08-2026,18,JAM,-25.97999999999999,val,-8.414174,-17.904005,4.505224
19574,26-08-2026,19,KMBL,-12.129999999999995,val,-17.458765,-27.103174,-6.286457
19574,26-08-2026,20,DWK,-17.690000000000005,val,-7.709887,-15.878096,2.877461
19574,26-08-2026,21,OKHA,-13.0,val,-16.720772,-26.519768,-5.106264
19574,27-08-2026,1,JP,-7.480000000000018,val,-7.6416373,-19.770315,14.158009
19574,27-08-2026,2,FL,-16.539999999999964,val,-11.137192,-24.08183,11.403229
19574,27-08-2026,3,KSG,-16.20999999999981,val,-7.612191,-19.261396,13.110267
19574,27-08-2026,4,AII,-24.5,val,-28.30957,-42.56941,-5.339119
19574,27-08-2026,5,BER,1.8399999999999181,val,0.7226683,-12.965971,26.548294
19574,27-08-2026,6,SOD,7.4500000000000455,val,-1.1516961,-11.75744,18.378902
19574,27-08-2026,7,MJ,-8.960000000000036,val,-4.934072,-19.494337,20.718733
19574,27-08-2026,8,FA,32.370000000000005,val,-17.181156,-30.613972,3.9909592
19574,27-08-2026,9,SJWB,-6.340000000000032,val,-14.778483,-26.129435,2.830367
19574,27-08-2026,10,ABR,-38.309999999999945,val,-0.8396882,-11.869215,18.682331
19574,27-08-2026,11,PNU,-4.75,val,-7.9634156,-22.266504,15.644991
19574,27-08-2026,12,SID,-22.159999999999968,val,-18.676212,-31.190083,-0.9133301
19574,27-08-2026,13,MSH,-11.090000000000032,val,-16.041,-26.622921,-1.3787508
19574,27-08-2026,14,VG,-44.51999999999998,val,-12.66801,-22.978222,1.8467846
19574,27-08-2026,15,SUNR,-40.870000000000005,val,-4.979995,-15.09796,10.617415
19574,27-08-2026,16,RJT,-30.50999999999999,val,-10.243619,-21.203388,5.1940546
19574,27-08-2026,17,HAPA,-25.980000000000018,val,-8.918879,-18.717358,4.552313
19574,27-08-2026,18,JAM,-12.139999999999986,val,-17.72381,-28.327394,-4.9228897
19574,27-08-2026,19,KMBL,-17.689999999999998,val,-7.201956,-15.899408,4.492777
19574,27-08-2026,20,DWK,-19.380000000000003,val,-14.340213,-24.329378,-2.2973223
19574,27-08-2026,21,OKHA,-11.1,val,-11.941302,-21.069826,-0.72121906
19608,24-08-2026,1,MDJN,-9.0,val,-5.8602767,-20.019087,25.339201
19608,24-08-2026,2,AII,-23.0,val,-15.414439,-32.34975,18.749092
19608,24-08-2026,3,BHL,-43.0,val,-32.676178,-49.798676,0.08207703
19608,24-08-2026,4,CNA,-11.0,val,-7.7095656,-22.561213,23.011446
19608,24-08-2026,5,BUDI,-31.0,val,-19.92063,-36.247696,12.445791
19608,24-08-2026,6,SGAC,-24.0,val,-14.824821,-29.949503,14.680969
19608,24-08-2026,7,BAZ,-26.0,val,-17.314749,-32.801487,12.360687
19608,24-08-2026,8,GUNA,-10.0,val,-5.138829,-19.665928,23.906254
19608,24-08-2026,9,ASKN,-13.0,val,-6.7307944,-22.957022,25.187506
19608,24-08-2026,10,MNV,-20.0,val,-12.397904,-28.392159,18.315842
19608,24-08-2026,11,SGO,-35.0,val,-23.953577,-39.586746,4.418087
19608,24-08-2026,12,DMO,-48.0,val,-36.80189,-51.64344,-12.560844
19608,24-08-2026,13,KMZ,-71.0,val,-53.95789,-67.75235,-33.738277
19608,24-08-2026,14,BEHR,-61.0,val,-46.9975,-59.575935,-29.219751
19608,24-08-2026,15,BRGW,-17.0,val,-10.450006,-21.992592,9.268443
19608,24-08-2026,16,SGRL,-9.0,val,-4.673544,-14.514246,12.724852
19608,24-08-2026,17,CPU,-9.0,val,-5.027723,-14.254179,10.996834
19608,24-08-2026,18,RNQ,-17.0,val,-9.705946,-20.487762,8.327572
19608,24-08-2026,19,GHD,-9.0,val,-5.6891756,-14.898377,9.772922
19608,24-08-2026,20,DTO,-24.0,val,-14.287318,-25.184292,3.4874792
19608,24-08-2026,21,RRME,-91.0,val,-55.929073,-67.01022,-38.687218
19608,24-08-2026,22,BKRO,-100.0,val,-63.097515,-76.464134,-43.10128
19608,24-08-2026,23,PUS,-105.0,val,-64.49741,-77.5067,-44.73364
19608,24-08-2026,24,CRP,-97.0,val,-57.54063,-69.31388,-39.80129
19608,24-08-2026,25,KTH,-104.0,val,-61.708614,-73.93642,-43.062412
19608,24-08-2026,26,DHN,-64.0,val,-38.46024,-48.54625,-24.870113
19608,24-08-2026,27,ASN,-62.0,val,-37.690228,-47.836742,-24.168673
19608,24-08-2026,28,RNG,-65.0,val,-39.29661,-49.55273,-25.457012
19608,24-08-2026,29,DGR,-72.0,val,-44.849487,-56.326797,-29.15701
19608,24-08-2026,30,BWN,-45.0,val,-29.530594,-38.675987,-17.986565
19608,24-08-2026,31,BDC,-22.0,val,-17.87511,-26.186928,-8.179555
19608,24-08-2026,32,NH,-25.0,val,-19.07597,-27.112682,-9.73873
19609,24-08-2026,1,UDZ,51.0,val,23.016539,11.667926,48.91613
19609,24-08-2026,2,RPZ,47.0,val,23.695389,11.404001,51.491714
19609,24-08-2026,3,MVJ,51.0,val,25.982908,12.993191,55.333466
19609,24-08-2026,4,FAN,46.0,val,24.27737,11.308207,53.27847
19609,24-08-2026,5,BSJ,45.0,val,23.539463,11.205138,51.20341
19609,24-08-2026,6,KIN,45.0,val,23.427277,10.867947,51.498333
19609,24-08-2026,7,COR,47.0,val,23.33082,11.124824,50.774963
19609,24-08-2026,8,GGR,52.0,val,24.185661,12.363273,51.0353
19609,24-08-2026,9,HMG,49.0,val,24.738865,12.605955,52.42501
19609,24-08-2026,10,BHL,52.0,val,24.425331,12.52731,51.563023
19609,24-08-2026,11,MDL,50.0,val,22.536226,11.513714,47.620766
19609,24-08-2026,12,BJNR,29.0,val,11.594389,-0.41470528,37.098625
19609,24-08-2026,13,NSD,26.0,val,7.17985,-4.2986655,30.775164
19609,24-08-2026,14,AII,49.0,val,21.971455,11.135695,46.568607
19609,24-08-2026,15,KSG,48.0,val,21.681763,10.833172,46.248547
19609,24-08-2026,16,FL,43.0,val,19.152115,8.256055,43.12552
19609,24-08-2026,17,JOB,37.0,val,15.212211,5.0454855,37.074005
19609,24-08-2026,18,JP,44.0,val,19.054337,8.695974,41.950478
19609,24-08-2026,19,GADJ,46.0,val,19.760017,9.52814,42.592354
19609,24-08-2026,20,DO,39.0,val,15.602926,5.6282034,37.052155
19609,24-08-2026,21,BKI,33.0,val,10.866658,0.89026165,31.324715
19609,24-08-2026,22,RHG,32.0,val,9.934285,0.49441242,29.180038
19609,24-08-2026,23,AWR,38.0,val,13.833905,4.4999332,33.548042
19609,24-08-2026,24,RE,46.0,val,17.489586,7.9168663,38.23448
19609,24-08-2026,25,DEC,-22.0,val,-36.10897,-43.905067,-24.339188
19609,24-08-2026,26,DLI,-27.0,val,-39.285137,-48.144028,-26.546537
19609,24-08-2026,27,DSA,-37.0,val,-46.189777,-55.586544,-32.059185
19609,24-08-2026,28,BTU,-67.0,val,-65.56949,-76.87354,-46.961174
19609,24-08-2026,29,KQL,-91.0,val,-81.98704,-95.95203,-58.990105
19609,24-08-2026,30,SMQL,-88.0,val,-82.31497,-96.419235,-59.404808
19609,24-08-2026,31,RPMN,-99.0,val,-87.9071,-102.94111,-63.289238
19609,24-08-2026,32,TPZ,-75.0,val,-71.62237,-84.07124,-51.516342
19609,24-08-2026,33,RK,-59.0,val,-58.03827,-68.69756,-41.271812
19609,24-08-2026,34,HW,-45.0,val,-45.547108,-55.022625,-31.47698
19609,24-08-2026,35,MOTC,-31.0,val,-36.49954,-45.180397,-24.278805
19609,24-08-2026,36,RWL,-21.0,val,-30.602608,-38.842445,-19.546741
19609,24-08-2026,37,VRH,-18.0,val,-28.345516,-36.343704,-17.794224
19609,27-08-2026,1,UDZ,-4.0,val,19.731653,9.762929,42.596874
19609,27-08-2026,2,RPZ,-6.0,val,23.6707,11.772108,50.750164
19609,27-08-2026,3,MVJ,-3.0,val,25.374262,12.837905,53.891685
19609,27-08-2026,4,FAN,-6.0,val,25.021664,12.365473,53.624733
19609,27-08-2026,5,BSJ,-7.0,val,24.269176,12.137379,51.73193
19609,27-08-2026,6,KIN,-8.0,val,23.507812,11.405382,50.799114
19609,27-08-2026,7,COR,-13.0,val,20.794563,8.216758,48.446938
19609,27-08-2026,8,GGR,-12.0,val,19.108316,8.26292,43.333
19609,27-08-2026,9,HMG,-13.0,val,19.285007,7.8188267,44.64746
19609,27-08-2026,10,BHL,-13.0,val,18.54466,7.6855984,42.579407
19609,27-08-2026,11,MDL,-13.0,val,19.436293,8.106724,44.46668
19609,27-08-2026,12,BJNR,-23.0,val,13.041568,0.3018465,40.19691
19609,27-08-2026,13,NSD,-19.0,val,15.880093,4.6753273,40.17485
19609,27-08-2026,14,AII,-4.0,val,20.76283,10.55676,43.905083
19609,27-08-2026,15,KSG,-3.0,val,22.846842,11.404146,48.84011
19609,27-08-2026,16,FL,-11.0,val,19.94117,8.21821,45.818146
19609,27-08-2026,17,JOB,-13.0,val,17.892887,7.632305,40.415054
19609,27-08-2026,18,JP,-8.0,val,19.367216,9.320261,41.773804
19609,27-08-2026,19,GADJ,-6.0,val,20.751507,10.314612,44.163857
19609,27-08-2026,20,DO,-9.0,val,19.045847,8.845711,41.573814
19609,27-08-2026,21,BKI,-17.0,val,14.279504,4.3250303,35.413498
19609,27-08-2026,22,RHG,-17.0,val,13.680945,4.041074,34.03466
19609,27-08-2026,23,AWR,-9.0,val,17.923374,8.231021,39.159782
19609,27-08-2026,24,RE,-2.0,val,19.453932,9.6389,41.123943
19609,27-08-2026,26,DLI,-3.0,val,18.462399,7.889512,41.060905
19609,27-08-2026,27,DSA,-10.0,val,15.906717,5.6417437,37.33586
19609,27-08-2026,28,BTU,-5.0,val,16.441586,7.2351427,35.843285
19609,27-08-2026,29,KQL,-5.0,val,16.110302,6.9355154,35.381996
19609,27-08-2026,30,SMQL,-2.0,val,16.693058,7.4308634,36.239685
19609,27-08-2026,32,TPZ,-3.0,val,15.710842,6.523163,34.732292
19609,27-08-2026,33,RK,-2.0,val,15.377878,6.320298,34.004364
19609,27-08-2026,34,HW,-27.0,val,3.757202,-6.131727,21.25252
19609,27-08-2026,35,MOTC,-30.0,val,1.153468,-7.8569555,16.4915
19609,27-08-2026,36,RWL,-18.0,val,8.447523,-0.6274996,25.531324
19609,27-08-2026,37,VRH,-17.0,val,8.7055645,-0.1483221,25.38323
19611,27-08-2026,0,AII,17.0,val,-1.4354085,-15.075241,24.89631
19611,27-08-2026,1,KSG,17.0,val,-0.48659742,-14.688006,26.74
19611,27-08-2026,2,FL,18.0,val,-1.1711935,-14.464358,24.033245
19611,27-08-2026,3,JP,2.0,val,-14.064038,-29.538689,13.899894
19611,27-08-2026,4,GADJ,3.0,val,-13.592987,-27.787338,11.045856
19611,27-08-2026,5,GTJT,1.0,val,-14.964092,-28.703957,9.1857605
19611,27-08-2026,6,DO,-1.0,val,-17.080318,-30.357029,5.1180267
19611,27-08-2026,7,BKI,-16.0,val,-31.670334,-45.94871,-8.111618
19611,27-08-2026,8,BU,-16.0,val,-31.480131,-44.52382,-11.420935
19611,27-08-2026,9,RHG,-17.0,val,-32.098305,-45.15679,-12.630306
19611,27-08-2026,10,AWR,-16.0,val,-32.368572,-45.699974,-12.020435
19611,27-08-2026,11,KRH,-21.0,val,-37.81901,-51.31317,-17.106237
19611,27-08-2026,12,RE,3.0,val,-15.444429,-28.805338,7.699896
19611,27-08-2026,13,CKD,0.0,val,-18.356104,-31.28367,3.409563
19611,27-08-2026,14,BNW,-1.0,val,-19.360085,-31.92995,1.3746338
19611,27-08-2026,15,HSR,2.0,val,-16.434696,-28.331108,3.2079258
19611,27-08-2026,16,SSA,3.0,val,-13.407036,-22.843336,1.2211838
19611,27-08-2026,17,KNL,-7.0,val,-22.543259,-32.675938,-7.823101
19611,27-08-2026,18,BTI,18.0,val,-0.6361252,-8.104038,12.213026
19611,27-08-2026,19,GJUT,7.0,val,-10.3156,-20.362593,5.9515333
19611,27-08-2026,20,KKP,4.0,val,-13.49634,-23.118515,1.0619221
19611,27-08-2026,21,FDK,6.0,val,-11.30687,-19.698074,0.9779892
19611,27-08-2026,22,FZR,14.0,val,-5.8624253,-14.336235,7.150865
19611,27-08-2026,23,TWB,11.0,val,-7.9302025,-16.45302,4.8587027
19611,27-08-2026,24,MOGA,17.0,val,-3.5347798,-12.248515,10.565628
19611,27-08-2026,26,JGN,12.0,val,-7.6449857,-17.329481,7.220878
19611,27-08-2026,27,LDH,-28.0,val,-37.48901,-47.335003,-23.782982
19611,27-08-2026,28,PGW,-37.0,val,-44.199123,-55.167313,-28.697872
19611,27-08-2026,29,JUC,-31.0,val,-37.069687,-46.780525,-23.801928
19611,27-08-2026,30,BEAS,-26.0,val,-32.793674,-41.996544,-20.566559
19613,24-08-2026,1,AII,-2.0,val,-13.699497,-21.770813,1.1546211
19613,24-08-2026,3,FL,-2.0,val,-15.263085,-26.72414,4.3770685
19613,24-08-2026,4,JP,-1.0,val,-14.462451,-25.50393,5.275695
19613,24-08-2026,5,GADJ,-1.0,val,-14.244709,-24.74274,4.3954277
19613,24-08-2026,6,GTJT,-2.0,val,-15.99882,-26.20616,2.072463
19613,24-08-2026,7,DO,-5.0,val,-17.641436,-26.75074,-2.741068
19613,24-08-2026,8,BKI,-8.0,val,-20.150745,-29.37334,-5.662217
19613,24-08-2026,9,BU,-6.0,val,-19.03798,-27.946161,-4.5849714
19613,24-08-2026,10,RHG,-5.0,val,-18.404152,-27.620546,-3.2669659
19613,24-08-2026,11,AWR,-5.0,val,-17.97034,-26.979027,-3.661024
19613,24-08-2026,12,KRH,-14.0,val,-26.732037,-36.36777,-12.047955
19613,24-08-2026,13,RE,-4.0,val,-17.882208,-26.986862,-3.0704556
19613,24-08-2026,14,CKD,-5.0,val,-18.306566,-26.67944,-5.7727137
19613,24-08-2026,15,BNW,-1.0,val,-15.312452,-24.60617,-0.3768282
19613,24-08-2026,16,HSR,-11.0,val,-24.17276,-33.14372,-11.533952
19613,24-08-2026,17,JHL,-11.0,val,-24.024326,-32.942047,-12.099652
19613,24-08-2026,18,SAG,-28.0,val,-37.488922,-47.74464,-23.226368
19613,24-08-2026,19,DUI,-12.0,val,-24.819155,-33.792767,-12.928788
19613,24-08-2026,20,MET,-14.0,val,-25.646305,-34.234447,-14.680483
19613,24-08-2026,21,LDH,-27.0,val,-36.30138,-46.576992,-22.295856
19613,24-08-2026,22,PGW,-39.0,val,-41.970013,-52.44812,-27.100533
19613,24-08-2026,23,JUC,-22.0,val,-28.931526,-38.00965,-17.17582
19613,24-08-2026,24,BEAS,-20.0,val,-26.516727,-35.204273,-15.447834
19613,26-08-2026,1,AII,-23.0,val,-17.698465,-26.313614,-2.7236357
19613,26-08-2026,2,KSG,-23.0,val,-18.980324,-29.923569,-0.630455
19613,26-08-2026,3,FL,-21.0,val,-18.731544,-30.171902,0.59905815
19613,26-08-2026,4,JP,-23.0,val,-20.197392,-30.514177,-3.423645
19613,26-08-2026,5,GADJ,-22.0,val,-19.63141,-29.735731,-2.7343178
19613,26-08-2026,6,GTJT,-24.0,val,-22.610285,-32.60582,-5.753578
19613,26-08-2026,7,DO,-25.0,val,-22.406666,-31.997307,-7.133997
19613,26-08-2026,8,BKI,-32.0,val,-29.10257,-39.36891,-13.797131
19613,26-08-2026,9,BU,-30.0,val,-27.412922,-36.87509,-13.045787
19613,26-08-2026,10,RHG,-31.0,val,-28.35765,-37.658775,-14.445988
19613,26-08-2026,11,AWR,-30.0,val,-26.494968,-35.43752,-13.471809
19613,26-08-2026,12,KRH,-34.0,val,-29.904697,-38.675045,-17.63507
19613,26-08-2026,13,RE,-17.0,val,-16.035015,-25.10353,-1.4548674
19613,26-08-2026,14,CKD,-24.0,val,-22.286182,-31.514687,-8.738231
19613,26-08-2026,15,BNW,-19.0,val,-18.04348,-26.43585,-5.414892
19613,26-08-2026,16,HSR,-23.0,val,-21.777468,-30.636381,-9.23319
19613,26-08-2026,17,JHL,-21.0,val,-20.102459,-28.488361,-8.591031
19613,26-08-2026,18,SAG,-51.0,val,-41.24066,-51.437008,-26.426544
19613,26-08-2026,19,DUI,-37.0,val,-32.816196,-42.309784,-20.010628
19613,26-08-2026,20,MET,-50.0,val,-41.166645,-51.67652,-26.195467
19613,26-08-2026,21,LDH,-18.0,val,-17.84321,-26.274372,-7.038293
19613,26-08-2026,22,PGW,-32.0,val,-30.792099,-40.61773,-17.53804
19613,26-08-2026,23,JUC,-16.0,val,-16.726166,-25.219389,-5.7132196
19613,26-08-2026,24,BEAS,-18.0,val,-18.791748,-27.340168,-8.436532
19943,24-08-2026,1,UDZ,8.79000000000002,val,-22.225111,-30.89967,-11.351312
19943,24-08-2026,2,KRCD,-2.159999999999968,val,-9.518819,-17.60627,1.5004797
19943,24-08-2026,3,ZW,21.649999999999977,val,-13.1704035,-21.660826,-1.4394464
19943,24-08-2026,4,JYM,-7.469999999999999,val,-10.797825,-18.637905,0.14002132
19943,24-08-2026,5,DNRP,-16.539999999999992,val,-12.989472,-20.691189,-2.9002972
19943,24-08-2026,6,HMT,-16.210000000000008,val,-7.219878,-14.643257,3.347065
19943,24-08-2026,7,SDGM,-24.5,val,-10.986774,-18.536898,-1.1313448
19943,24-08-2026,8,ASV,1.8399999999999963,val,-28.636305,-38.220367,-15.795759
19943,24-08-2026,9,ADI,7.449999999999999,val,-17.710693,-27.006737,-4.683509
19943,25-08-2026,1,UDZ,-2.169999999999959,val,-10.089543,-18.702248,2.4562616
19943,25-08-2026,2,KRCD,21.660000000000025,val,-13.165783,-22.20581,-0.43248844
19943,25-08-2026,3,ZW,-7.480000000000018,val,-10.593705,-18.253477,-0.041109085
19943,25-08-2026,4,JYM,-16.53,val,-12.680502,-20.596458,-2.134756
19943,25-08-2026,5,DNRP,-16.20999999999998,val,-6.9974947,-14.449368,4.0589542
19943,25-08-2026,6,HMT,-24.500000000000014,val,-10.518234,-18.230034,-0.1770153
19943,25-08-2026,7,SDGM,1.8400000000000034,val,-27.302021,-36.27456,-15.344546
19943,25-08-2026,8,ASV,7.449999999999996,val,-17.662212,-26.408012,-5.8845987
19943,25-08-2026,9,ADI,-8.95,val,-24.717882,-33.85314,-13.04127
19943,26-08-2026,1,UDZ,21.650000000000034,val,-13.179973,-21.830667,-1.298482
19943,26-08-2026,2,KRCD,-7.46999999999997,val,-10.357615,-18.29298,0.22864628
19943,26-08-2026,3,ZW,-16.53000000000003,val,-12.544583,-20.612698,-1.6548119
19943,26-08-2026,4,JYM,-16.200000000000017,val,-6.6507,-14.317023,4.858025
19943,26-08-2026,5,DNRP,-24.50999999999999,val,-10.21165,-18.528263,1.7782431
19943,26-08-2026,6,HMT,1.8400000000000034,val,-27.26712,-36.38763,-15.1336355
19943,26-08-2026,7,SDGM,7.450000000000003,val,-17.030659,-25.14551,-6.5046024
19943,26-08-2026,8,ASV,-8.96,val,-25.645388,-35.22989,-13.357842
19943,26-08-2026,9,ADI,32.37,val,-12.858915,-21.505112,-1.0226307
19943,27-08-2026,1,UDZ,-7.46999999999997,val,-11.103827,-19.288475,0.6050482
19943,27-08-2026,2,KRCD,-16.529999999999973,val,-12.422175,-21.166029,-0.49762344
19943,27-08-2026,3,ZW,-16.210000000000036,val,-6.433973,-13.986761,4.842912
19943,27-08-2026,4,JYM,-24.5,val,-9.957941,-18.731815,3.0418892
19943,27-08-2026,5,DNRP,1.8400000000000034,val,-26.968449,-35.903526,-15.0137
19943,27-08-2026,6,HMT,7.449999999999989,val,-16.734138,-24.931725,-5.9556713
19943,27-08-2026,7,SDGM,-8.950000000000003,val,-25.04773,-34.060684,-13.420396
19943,27-08-2026,8,ASV,32.37,val,-12.71482,-20.472694,-2.611393
19943,27-08-2026,9,ADI,-6.34,val,-25.470203,-35.52873,-12.239158
20993,24-08-2026,1,JP,-23.0,val,-12.769481,-19.455772,-1.8363628
20993,24-08-2026,2,KKU,-28.0,val,-15.67965,-26.106306,0.3602724
20993,24-08-2026,3,FL,-31.0,val,-20.270355,-30.415913,-5.730135
20993,24-08-2026,4,KSG,-31.0,val,-20.010664,-29.188217,-7.4196367
20993,24-08-2026,5,AII,-22.0,val,-12.650668,-21.583527,0.858449
20993,24-08-2026,6,NSD,-23.0,val,-13.079586,-22.990168,2.9873161
20993,24-08-2026,7,BJNR,-36.0,val,-26.264347,-36.644295,-11.248573
20993,24-08-2026,8,BHL,-54.0,val,-39.595135,-49.7622,-25.209435
20993,24-08-2026,9,CNA,-29.0,val,-19.564098,-27.493847,-8.815698
20993,24-08-2026,10,KIN,-25.0,val,-16.080559,-23.407047,-6.124731
20993,24-08-2026,11,MVJ,-34.0,val,-25.088364,-34.36303,-11.897497
20993,24-08-2026,12,RPZ,-27.0,val,-18.193865,-26.227201,-7.3056583
20993,25-08-2026,1,JP,-23.0,val,-11.445701,-19.222578,1.1088076
20993,25-08-2026,2,KKU,-25.0,val,-12.759902,-22.572407,2.5228624
20993,25-08-2026,3,FL,-32.0,val,-20.261818,-30.433138,-5.5155697
20993,25-08-2026,4,KSG,-27.0,val,-16.701843,-25.581423,-3.9548798
20993,25-08-2026,5,AII,-25.0,val,-15.531982,-24.37617,-2.6435957
20993,25-08-2026,6,NSD,-24.0,val,-14.897789,-23.51025,-2.1539764
20993,25-08-2026,7,BJNR,-30.0,val,-19.719803,-28.099789,-8.210959
20993,25-08-2026,8,BHL,-38.0,val,-25.810698,-34.36837,-14.48611
20993,25-08-2026,9,CNA,-22.0,val,-13.799413,-21.33607,-2.8860817
20993,25-08-2026,10,KIN,-22.0,val,-14.000644,-21.295044,-3.4738016
20993,25-08-2026,11,MVJ,-30.0,val,-20.449982,-28.619179,-9.291881
20993,25-08-2026,12,RPZ,-29.0,val,-19.690975,-27.674395,-9.244138
20993,26-08-2026,1,JP,-29.0,val,-21.006601,-29.545357,-8.900966
20993,26-08-2026,2,KKU,-32.0,val,-23.096264,-32.75022,-9.5371475
20993,26-08-2026,3,FL,-39.0,val,-31.12386,-41.806313,-16.677277
20993,26-08-2026,4,KSG,-40.0,val,-29.73779,-38.46522,-18.003103
20993,26-08-2026,5,AII,-30.0,val,-22.45562,-31.01355,-11.022958
20993,26-08-2026,6,NSD,-30.0,val,-22.635588,-31.12883,-11.333551
20993,26-08-2026,7,BJNR,-46.0,val,-36.278065,-45.922012,-22.796837
20993,26-08-2026,8,BHL,-64.0,val,-47.340275,-57.7197,-31.624886
20993,26-08-2026,9,CNA,-39.0,val,-28.753296,-36.677113,-17.95206
20993,26-08-2026,10,KIN,-36.0,val,-26.166286,-33.61866,-16.141685
20993,26-08-2026,11,MVJ,-39.0,val,-28.251684,-36.110397,-17.600065
20993,26-08-2026,12,RPZ,-28.0,val,-21.801971,-29.704418,-11.572914
20993,27-08-2026,1,JP,-25.0,val,-12.643415,-19.280626,-1.7784405
20993,27-08-2026,2,KKU,-32.0,val,-17.965181,-27.228355,-4.378253
20993,27-08-2026,3,FL,-36.0,val,-23.25447,-32.99198,-9.505913
20993,27-08-2026,4,KSG,-37.0,val,-23.352043,-31.771336,-12.009703
20993,27-08-2026,5,AII,-29.0,val,-16.976038,-25.081154,-5.178585
20993,27-08-2026,6,NSD,-27.0,val,-15.603757,-24.322107,-2.8181095
20993,27-08-2026,7,BJNR,-32.0,val,-20.005436,-29.115723,-7.2750235
20993,27-08-2026,8,BHL,-44.0,val,-30.701965,-40.125126,-17.529701
20993,27-08-2026,9,CNA,-39.0,val,-24.579622,-32.145226,-14.536901
20993,27-08-2026,10,KIN,-33.0,val,-20.691944,-27.969831,-11.140718
20993,27-08-2026,11,MVJ,-41.0,val,-27.983152,-36.914783,-16.055374
20993,27-08-2026,12,RPZ,-29.0,val,-18.17772,-26.186575,-7.349538
22421,24-08-2026,1,DEE,2.0,val,3.3392642,-5.254157,19.580994
22421,24-08-2026,2,DEC,-2.0,val,-1.1800879,-12.044097,17.651814
22421,24-08-2026,3,GGN,-6.0,val,-4.6041403,-14.086312,11.244527
22421,24-08-2026,4,PTRD,-10.0,val,-7.7068796,-17.138357,7.5689173
22421,24-08-2026,5,RE,4.0,val,3.3846214,-5.4393606,19.641125
22421,24-08-2026,6,MHRG,-12.0,val,-9.996307,-21.59034,9.879074
22421,24-08-2026,7,STNL,-15.0,val,-13.040896,-24.295135,5.152686
22421,24-08-2026,8,LHU,-11.0,val,-9.2379675,-19.800411,7.8305006
22421,24-08-2026,9,RMB,-13.0,val,-11.594794,-20.99255,2.2156754
22421,24-08-2026,10,SDLP,-10.0,val,-9.842047,-18.970787,3.9719458
22421,24-08-2026,11,CUR,-1.0,val,-2.4641988,-11.785109,13.121483
22421,24-08-2026,12,RTGH,4.0,val,1.3175849,-7.6984787,16.932013
22421,24-08-2026,13,PIH,3.0,val,0.29961574,-8.524539,15.4274435
22421,24-08-2026,14,TLC,2.0,val,-0.3923508,-9.18426,14.483028
22421,24-08-2026,15,SUJH,-1.0,val,-2.9863882,-12.674835,12.9632635
22421,24-08-2026,16,LAU,-1.0,val,-3.3300939,-13.545599,13.665611
22421,24-08-2026,17,DIA,0.0,val,-2.2580376,-12.465936,14.862734
22421,24-08-2026,19,DNA,-7.0,val,-9.434938,-19.91623,6.6874104
22421,24-08-2026,20,MTD,-5.0,val,-8.276048,-17.12021,4.808525
22421,24-08-2026,21,GOTN,-6.0,val,-8.755427,-18.02697,5.2229156
22421,25-08-2026,1,DEE,8.0,val,4.0748115,-4.549957,20.507694
22421,25-08-2026,2,DEC,0.0,val,-3.75523,-15.405136,15.992878
22421,25-08-2026,3,GGN,-2.0,val,-5.3082747,-15.925007,12.276915
22421,25-08-2026,4,PTRD,-7.0,val,-9.632401,-18.997585,5.152423
22421,25-08-2026,5,RE,6.0,val,0.7590009,-8.557356,17.236294
22421,25-08-2026,6,MHRG,3.0,val,-1.4656619,-11.44846,15.813263
22421,25-08-2026,7,STNL,-16.0,val,-18.043602,-29.096539,0.0074691772
22421,25-08-2026,8,LHU,-8.0,val,-11.219665,-22.16826,6.7214823
22421,25-08-2026,9,RMB,-10.0,val,-13.118628,-22.937256,1.4291964
22421,25-08-2026,10,SDLP,-8.0,val,-12.3098,-21.508469,1.1471624
22421,25-08-2026,11,CUR,0.0,val,-5.8517632,-14.765909,8.323284
22421,25-08-2026,12,RTGH,9.0,val,1.2605597,-7.6876864,16.734362
22421,25-08-2026,13,PIH,-4.0,val,-8.126027,-18.974815,10.034072
22421,25-08-2026,14,TLC,-6.0,val,-10.2057295,-19.563202,4.156828
22421,25-08-2026,15,SUJH,-10.0,val,-14.446308,-24.643242,0.4641323
22421,25-08-2026,16,LAU,-8.0,val,-13.472975,-22.759418,0.10140133
22421,25-08-2026,17,DIA,-13.0,val,-18.188372,-28.591702,-3.5034847
22421,25-08-2026,19,DNA,-35.0,val,-37.463863,-47.796417,-23.416317
22421,25-08-2026,20,MTD,-30.0,val,-31.485786,-40.318977,-19.894112
22421,25-08-2026,21,GOTN,-38.0,val,-37.727203,-47.90874,-24.11565
22421,26-08-2026,1,DEE,-18.0,val,-55.714855,-65.275,-40.035927
22421,26-08-2026,2,DEC,-23.0,val,-59.47875,-69.721886,-42.750656
22421,26-08-2026,3,GGN,-25.0,val,-60.55601,-71.01524,-43.514385
22421,26-08-2026,4,PTRD,-33.0,val,-68.83827,-80.71267,-49.30351
22421,26-08-2026,5,RE,-41.0,val,-75.50337,-88.39209,-54.253426
22421,26-08-2026,6,MHRG,-42.0,val,-74.036835,-86.67331,-53.370712
22421,26-08-2026,7,STNL,-37.0,val,-71.259224,-83.473915,-51.33086
22421,26-08-2026,8,LHU,-28.0,val,-64.145386,-75.252556,-46.095753
22421,26-08-2026,9,RMB,-33.0,val,-68.40051,-80.46534,-48.857277
22421,26-08-2026,10,SDLP,-33.0,val,-66.39222,-77.85389,-47.74234
22421,26-08-2026,11,CUR,-23.0,val,-57.965687,-68.3601,-41.330154
22421,26-08-2026,12,RTGH,-20.0,val,-55.241276,-65.394165,-39.20537
22421,26-08-2026,13,PIH,-19.0,val,-54.636616,-64.750114,-38.718666
22421,26-08-2026,14,TLC,-17.0,val,-54.04569,-64.10934,-38.259937
22421,26-08-2026,15,SUJH,-22.0,val,-58.55101,-69.162994,-41.706467
22421,26-08-2026,16,LAU,-25.0,val,-61.500027,-72.42378,-44.016083
22421,26-08-2026,17,DIA,-24.0,val,-59.595715,-70.163795,-42.682713
22421,26-08-2026,19,DNA,-17.0,val,-53.87385,-64.04608,-38.07196
22421,26-08-2026,20,MTD,-13.0,val,-51.181416,-61.27629,-35.811314
22421,26-08-2026,21,GOTN,-12.0,val,-49.0482,-58.779175,-34.301052
22421,27-08-2026,1,DEE,8.0,val,4.0800667,-4.5293484,20.488354
22421,27-08-2026,2,DEC,3.0,val,-1.1681627,-12.101795,17.782276
22421,27-08-2026,3,GGN,1.0,val,-3.0215595,-12.368266,12.943593
22421,27-08-2026,4,PTRD,-3.0,val,-6.1809087,-14.964891,8.224176
22421,27-08-2026,5,RE,9.0,val,3.3926032,-5.449793,19.68844
22421,27-08-2026,6,MHRG,5.0,val,-0.029082177,-8.978482,15.717173
22421,27-08-2026,7,STNL,-11.0,val,-13.077607,-24.527296,6.088517
22421,27-08-2026,8,LHU,-9.0,val,-12.269511,-23.497307,5.6681623
22421,27-08-2026,9,RMB,-18.0,val,-20.8261,-30.493612,-7.9167128
22421,27-08-2026,10,SDLP,-20.0,val,-23.072296,-32.594692,-10.580752
22421,27-08-2026,11,CUR,-6.0,val,-10.550347,-20.096588,3.7062845
22421,27-08-2026,12,RTGH,-1.0,val,-6.640949,-15.440325,6.9202514
22421,27-08-2026,13,PIH,-8.0,val,-11.972256,-22.437477,4.0735874
22421,27-08-2026,14,TLC,-9.0,val,-13.527511,-22.405956,-0.8389816
22421,27-08-2026,15,SUJH,-11.0,val,-15.709885,-24.655468,-3.1910143
22421,27-08-2026,16,LAU,-9.0,val,-14.242662,-23.498388,-0.8863926
22421,27-08-2026,17,DIA,-8.0,val,-14.448588,-23.903389,-1.1340265
22421,27-08-2026,19,DNA,-18.0,val,-23.435171,-33.99805,-9.17195
22421,27-08-2026,20,MTD,-14.0,val,-20.204653,-28.79048,-9.378648
22421,27-08-2026,21,GOTN,-18.0,val,-23.020859,-31.44486,-12.577681
22473,24-08-2026,1,BKN,3.0,val,1.209006,-8.843742,22.041346
22473,24-08-2026,2,NOK,-7.0,val,-4.6890097,-18.074295,20.52649
22473,24-08-2026,3,NGO,-23.0,val,-16.954891,-30.549068,6.4735413
22473,24-08-2026,4,MTD,-12.0,val,-9.243407,-22.39109,14.396634
22473,24-08-2026,5,JU,3.0,val,2.1193202,-11.351519,28.210072
22473,24-08-2026,6,LUNI,-7.0,val,-5.7042437,-18.620422,17.674076
22473,24-08-2026,7,PMY,-19.0,val,-14.457942,-27.039627,6.755288
22473,24-08-2026,8,MJ,-1.0,val,-3.8237298,-13.517025,13.584401
22473,24-08-2026,9,SJWB,-14.0,val,-10.41841,-23.124374,11.584279
22473,24-08-2026,10,ABR,3.0,val,-0.56389606,-10.769082,17.74059
22473,24-08-2026,11,PNU,3.0,val,-0.7460803,-10.900798,17.255682
22473,24-08-2026,13,MSH,2.0,val,-1.8437554,-12.284941,16.117336
22473,24-08-2026,14,ADI,-13.0,val,-11.280177,-23.752966,8.841506
22473,24-08-2026,15,ND,-2.0,val,-5.221644,-15.400854,10.8542385
22473,24-08-2026,16,ANND,-7.0,val,-9.353942,-19.028273,4.7613
22473,24-08-2026,17,BRC,-18.0,val,-17.089138,-28.310108,-1.4376574
22473,24-08-2026,18,BH,-13.0,val,-14.552196,-24.404034,-1.4881277
22473,24-08-2026,19,ST,-6.0,val,-9.799555,-19.50179,4.005822
22473,24-08-2026,20,NVS,-10.0,val,-12.560332,-22.939651,2.179964
22473,24-08-2026,21,BL,-6.0,val,-9.576917,-19.759636,5.722558
22473,24-08-2026,22,BVI,-24.0,val,-21.06495,-30.388508,-9.843365
22475,26-08-2026,1,HSR,-40.0,val,-19.434145,-34.328407,16.95622
22475,26-08-2026,2,SDLP,-38.0,val,-17.96821,-32.814037,17.681013
22475,26-08-2026,3,CUR,-22.0,val,-4.137142,-19.972418,33.93701
22475,26-08-2026,4,RTGH,-19.0,val,-1.2523841,-17.733782,38.000866
22475,26-08-2026,5,SDGH,-29.0,val,-7.460766,-25.99821,35.12778
22475,26-08-2026,6,BKN,-17.0,val,-1.2781714,-17.964273,37.579838
22475,26-08-2026,7,NOK,-44.0,val,-20.548874,-38.366932,20.315285
22475,26-08-2026,8,NGO,-57.0,val,-35.693363,-52.921234,1.9676514
22475,26-08-2026,9,MTD,-61.0,val,-39.898396,-55.012714,-7.501484
22475,26-08-2026,10,JU,-99.0,val,-76.59254,-91.611786,-47.123528
22475,26-08-2026,11,LUNI,-86.0,val,-64.99705,-79.43476,-36.24147
22475,26-08-2026,12,PMY,-84.0,val,-62.3773,-75.9194,-36.748707
22475,26-08-2026,13,MJ,-58.0,val,-35.98457,-50.174896,-7.0220337
22475,26-08-2026,14,FA,-58.0,val,-34.250656,-48.605247,-5.4824905
22475,26-08-2026,15,ABR,-39.0,val,-16.580654,-31.400507,14.138689
22475,26-08-2026,16,PNU,-27.0,val,-5.607473,-20.71702,26.443186
22475,26-08-2026,17,MSH,-26.0,val,-4.50574,-19.59092,27.27985
22475,26-08-2026,18,ADI,-38.0,val,-11.153791,-27.867552,23.105707
22475,26-08-2026,20,BRC,-36.0,val,-9.402954,-24.42918,21.179276
22475,26-08-2026,21,AKV,-32.0,val,-6.1188316,-20.115417,21.795334
22475,26-08-2026,22,ST,-26.0,val,0.8270937,-12.970621,29.315037
22475,26-08-2026,23,VAPI,-41.0,val,-11.13464,-24.382164,14.31625
22475,26-08-2026,24,BSR,-26.0,val,0.6386324,-9.809314,21.763887
22475,26-08-2026,25,PNVL,-34.0,val,-4.4628363,-17.067808,19.662785
22475,26-08-2026,26,ROHA,-21.0,val,2.202307,-8.627366,23.743227
22475,26-08-2026,27,CHI,-106.0,val,-62.394478,-73.072914,-44.30898
22475,26-08-2026,28,RN,-100.0,val,-56.306538,-66.84864,-39.4877
22475,26-08-2026,30,THVM,-185.0,val,-115.20643,-134.26352,-83.239044
22475,26-08-2026,31,MAO,-125.0,val,-70.10795,-82.41172,-50.094933
22475,26-08-2026,32,KAWR,-133.0,val,-76.462166,-89.9686,-54.521896
22475,26-08-2026,33,KT,-135.0,val,-75.21433,-88.50102,-53.72454
22475,26-08-2026,34,BTJL,-129.0,val,-70.00941,-82.76326,-49.680008
22475,26-08-2026,35,UD,-94.0,val,-45.42526,-56.186234,-30.004248
22475,26-08-2026,36,MAJN,-52.0,val,-21.403624,-30.158337,-10.627898
22475,26-08-2026,37,CAN,-21.0,val,-1.9148896,-9.348581,9.61335
22475,26-08-2026,38,CLT,-17.0,val,-1.0740566,-7.053134,7.835388
22475,26-08-2026,40,SRR,-43.0,val,-16.050919,-24.317657,-5.41838
22475,26-08-2026,41,PGT,-44.0,val,-16.457275,-23.975092,-7.638748
22977,24-08-2026,0,JP,4.0,val,-11.919264,-17.473349,-1.0762424
22977,24-08-2026,1,KKU,3.0,val,-11.825453,-19.765385,2.3880491
22977,24-08-2026,2,FL,2.0,val,-13.751921,-21.974731,0.7136717
22977,24-08-2026,3,NAC,3.0,val,-12.809405,-20.057732,0.018842697
22977,24-08-2026,4,KMNC,4.0,val,-12.262168,-19.852392,1.5120106
22977,24-08-2026,6,GCH,4.0,val,-13.774953,-20.549473,-1.0279636
22977,24-08-2026,7,DNA,-7.0,val,-22.283226,-31.12698,-6.9636955
22977,24-08-2026,8,REN,-8.0,val,-22.271145,-29.659014,-9.877996
22977,24-08-2026,9,MTD,-10.0,val,-24.919346,-32.271233,-13.497323
22977,24-08-2026,11,RKB,-23.0,val,-35.485477,-44.474766,-22.036118
22977,25-08-2026,0,JP,3.0,val,-10.8726635,-17.323954,1.313508
22977,25-08-2026,1,KKU,0.0,val,-13.047114,-20.460424,0.009539604
22977,25-08-2026,2,FL,0.0,val,-13.576705,-21.913118,1.1537237
22977,25-08-2026,3,NAC,-4.0,val,-16.796087,-24.405556,-3.9941702
22977,25-08-2026,4,KMNC,-5.0,val,-17.545822,-24.378788,-6.3401394
22977,25-08-2026,5,MKN,-5.0,val,-17.781782,-24.65595,-6.2139473
22977,25-08-2026,6,GCH,-5.0,val,-17.642971,-23.93518,-7.156745
22977,25-08-2026,7,DNA,-7.0,val,-19.798338,-26.319227,-9.299444
22977,25-08-2026,8,REN,-9.0,val,-21.382301,-27.441975,-11.8143
22977,25-08-2026,9,MTD,-11.0,val,-23.468868,-29.680174,-13.651771
22977,25-08-2026,10,GOTN,-14.0,val,-27.432362,-34.365643,-16.289604
22977,25-08-2026,11,RKB,-33.0,val,-40.25618,-49.508,-26.227688
22977,26-08-2026,0,JP,-18.0,val,-13.367252,-18.913727,-2.764247
22977,26-08-2026,1,KKU,-19.0,val,-13.377224,-20.966358,-0.024072647
22977,26-08-2026,2,FL,-22.0,val,-16.652029,-25.00203,-2.4150553
22977,26-08-2026,3,NAC,-21.0,val,-15.997841,-23.288773,-3.5358334
22977,26-08-2026,4,KMNC,-22.0,val,-16.716612,-23.57716,-5.355736
22977,26-08-2026,5,MKN,-24.0,val,-18.606476,-25.538422,-6.7850685
22977,26-08-2026,6,GCH,-30.0,val,-23.425966,-31.126553,-10.668711
22977,26-08-2026,7,DNA,-32.0,val,-25.772692,-33.773163,-12.610569
22977,26-08-2026,8,REN,-32.0,val,-24.872814,-31.002462,-15.572896
22977,26-08-2026,9,MTD,-33.0,val,-25.358448,-31.421589,-16.14759
22977,26-08-2026,10,GOTN,-35.0,val,-26.677742,-32.90522,-17.275234
22977,26-08-2026,11,RKB,-35.0,val,-28.640717,-36.253624,-17.608768
22977,27-08-2026,0,JP,-16.0,val,-11.129509,-16.709522,-0.10475445
22977,27-08-2026,1,KKU,-19.0,val,-13.25312,-20.430298,-0.62822914
22977,27-08-2026,2,FL,-18.0,val,-12.55051,-20.579384,1.7196264
22977,27-08-2026,3,NAC,-16.0,val,-11.589887,-17.7645,-0.16612625
22977,27-08-2026,4,KMNC,-21.0,val,-15.258831,-21.231617,-4.8941393
22977,27-08-2026,5,MKN,-20.0,val,-14.90894,-20.673767,-4.4402685
22977,27-08-2026,6,GCH,-23.0,val,-17.107105,-23.942402,-5.023781
22977,27-08-2026,7,DNA,-26.0,val,-20.165678,-28.249855,-5.9211435
22977,27-08-2026,8,REN,-27.0,val,-20.516445,-27.380333,-8.880238
22977,27-08-2026,9,MTD,-29.0,val,-22.478449,-28.439342,-13.1342535
22977,27-08-2026,10,GOTN,-31.0,val,-25.401283,-31.958635,-14.758691
22977,27-08-2026,11,RKB,-38.0,val,-29.70883,-37.52006,-17.65613
22982,24-08-2026,1,SGNR,-8.0,val,-12.4790745,-23.087692,6.888647
22982,24-08-2026,2,SDS,-13.0,val,-17.972206,-31.244244,4.516733
22982,24-08-2026,3,HMH,-25.0,val,-30.6204,-43.40835,-10.753071
22982,24-08-2026,4,PGK,-23.0,val,-27.808964,-40.24816,-6.7436333
22982,24-08-2026,5,SOG,-27.0,val,-32.341106,-44.425537,-12.76939
22982,24-08-2026,6,MHJ,-27.0,val,-31.696758,-42.31433,-16.229412
22982,24-08-2026,7,LKS,-45.0,val,-48.15859,-59.819996,-30.780933
22982,24-08-2026,8,LGH,-49.0,val,-52.684017,-64.082825,-35.564167
22982,24-08-2026,9,BKN,-17.0,val,-21.993462,-33.51075,-3.218773
22982,24-08-2026,10,DSO,-14.0,val,-19.733852,-30.263596,-3.7159538
22982,24-08-2026,11,NOK,-15.0,val,-17.683084,-30.031116,3.6226654
22982,24-08-2026,13,DNA,-32.0,val,-37.487576,-48.358635,-22.151386
22982,24-08-2026,14,MKN,-32.0,val,-35.984657,-45.4537,-22.961613
22982,24-08-2026,15,NAC,-19.0,val,-24.796162,-34.28579,-11.842975
22982,24-08-2026,16,SBR,-7.0,val,-14.6445055,-24.47176,0.017090797
22982,24-08-2026,17,FL,-7.0,val,-13.804166,-23.816406,1.2096262
22982,24-08-2026,18,JOB,-10.0,val,-18.27837,-29.141167,-2.165083
22982,24-08-2026,19,JP,-23.0,val,-30.38264,-42.029846,-14.3092575
22982,24-08-2026,20,DPA,-25.0,val,-30.643402,-40.293556,-17.990257
22982,24-08-2026,21,BNLW,-29.0,val,-33.725597,-43.291943,-21.266306
22982,24-08-2026,22,ISA,-27.0,val,-31.50082,-40.454662,-19.932617
22982,24-08-2026,23,CKB,-30.0,val,-33.535824,-42.600742,-21.635548
22982,24-08-2026,24,SWM,-9.0,val,-15.949241,-27.508987,1.9458437
22982,24-08-2026,25,IDG,-15.0,val,-23.204077,-34.33309,-7.7370863
22982,24-08-2026,26,LKE,-19.0,val,-26.5217,-37.426525,-11.960124
22982,27-08-2026,1,SGNR,-16.0,val,-12.342035,-22.286098,5.7452335
22982,27-08-2026,3,HMH,-16.0,val,-13.920237,-26.554356,7.5112267
22982,27-08-2026,4,PGK,-15.0,val,-13.762256,-25.519587,6.1178026
22982,27-08-2026,5,SOG,-29.0,val,-26.14053,-39.289467,-4.128046
22982,27-08-2026,6,MHJ,-27.0,val,-24.119354,-35.17841,-7.2619724
22982,27-08-2026,7,LKS,-31.0,val,-27.686378,-38.76714,-11.406811
22982,27-08-2026,8,LGH,-37.0,val,-33.868526,-45.67021,-16.574474
22982,27-08-2026,9,BKN,-16.0,val,-14.255826,-25.447285,3.9834318
22982,27-08-2026,10,DSO,-20.0,val,-16.133156,-28.661114,5.879879
22982,27-08-2026,11,NOK,-21.0,val,-18.803194,-30.703197,1.2895794
22982,27-08-2026,12,NGO,-36.0,val,-33.18321,-45.155388,-15.262951
22982,27-08-2026,13,DNA,-52.0,val,-47.377834,-58.90049,-30.715473
22982,27-08-2026,14,MKN,-52.0,val,-44.489464,-54.018112,-30.682941
22982,27-08-2026,15,NAC,-40.0,val,-36.09872,-45.41246,-23.326454
22982,27-08-2026,16,SBR,-24.0,val,-22.94726,-33.604572,-8.206781
22982,27-08-2026,17,FL,-15.0,val,-13.515022,-24.363865,3.5679169
22982,27-08-2026,18,JOB,-16.0,val,-16.480646,-28.282537,2.4242535
22982,27-08-2026,19,JP,-26.0,val,-25.802586,-37.088783,-10.143839
22982,27-08-2026,20,DPA,-27.0,val,-26.286371,-35.632828,-14.113936
22982,27-08-2026,21,BNLW,-34.0,val,-31.858492,-41.885284,-18.921247
22982,27-08-2026,22,ISA,-32.0,val,-29.752821,-38.90026,-17.987162
22982,27-08-2026,23,CKB,-23.0,val,-22.9694,-32.220135,-11.070498
22982,27-08-2026,24,SWM,-16.0,val,-17.359562,-27.615784,-3.3655329
22982,27-08-2026,25,IDG,-17.0,val,-18.2283,-28.402893,-4.4271975
22982,27-08-2026,26,LKE,-19.0,val,-19.667068,-29.395493,-7.159319
12015,28-08-2026,1,NDLS,-22.0,test,-18.204546,-24.189053,-7.5437183
12015,28-08-2026,2,DEC,-24.0,test,-19.730251,-26.143745,-8.870825
12015,28-08-2026,3,GGN,-24.0,test,-21.976315,-30.029884,-7.6890306
12015,28-08-2026,4,RE,-22.0,test,-20.595642,-28.333286,-6.2930107
12015,28-08-2026,5,AWR,-29.0,test,-26.23972,-35.37212,-10.940777
12015,28-08-2026,6,BKI,-28.0,test,-23.79796,-31.58221,-11.467977
12015,28-08-2026,7,GADJ,-32.0,test,-26.926727,-34.329628,-15.817408
12015,28-08-2026,8,JP,-32.0,test,-27.215565,-34.81278,-15.90545
12015,28-08-2026,9,KSG,-28.0,test,-24.255558,-31.476078,-13.496551
12015,28-08-2026,10,AII,-23.0,test,-20.250229,-27.309093,-9.42735
12015,29-08-2026,1,NDLS,-21.0,test,-19.001316,-24.734707,-8.744216
12015,29-08-2026,2,DEC,-22.0,test,-19.492403,-27.27665,-6.496626
12015,29-08-2026,3,GGN,-22.0,test,-20.233818,-27.645473,-7.6910133
12015,29-08-2026,4,RE,-20.0,test,-19.956951,-27.765131,-6.227517
12015,29-08-2026,5,AWR,-28.0,test,-27.796358,-36.788944,-12.653814
12015,29-08-2026,6,BKI,-21.0,test,-20.742907,-28.853554,-7.1170797
12015,29-08-2026,7,GADJ,-23.0,test,-21.754211,-29.26092,-9.76691
12015,29-08-2026,8,JP,-24.0,test,-22.965965,-30.6559,-10.93099
12015,29-08-2026,9,KSG,-28.0,test,-25.058548,-32.2887,-14.479719
12015,29-08-2026,10,AII,-22.0,test,-20.952606,-27.915327,-10.346064
12015,30-08-2026,1,NDLS,-23.0,test,-19.002518,-24.737186,-8.740596
12015,30-08-2026,2,DEC,-29.0,test,-24.359383,-32.588634,-10.944756
12015,30-08-2026,3,GGN,-26.0,test,-21.713072,-28.754618,-10.065772
12015,30-08-2026,4,RE,-22.0,test,-19.561144,-27.482758,-5.948494
12015,30-08-2026,5,AWR,-29.0,test,-25.196507,-34.032326,-10.991608
12015,30-08-2026,6,BKI,-23.0,test,-20.43899,-28.444695,-7.134529
12015,30-08-2026,7,GADJ,-22.0,test,-19.422173,-26.93942,-6.904586
12015,30-08-2026,8,JP,-23.0,test,-20.143108,-27.86885,-7.584317
12015,30-08-2026,9,KSG,-22.0,test,-19.008892,-26.144142,-7.8071613
12015,30-08-2026,10,AII,-23.0,test,-20.226936,-27.180046,-9.5833235
12015,31-08-2026,1,NDLS,0.0,test,-19.080828,-24.59842,-9.158811
12015,31-08-2026,2,DEC,-7.0,test,-25.136631,-33.6389,-11.330417
12015,31-08-2026,3,GGN,-11.0,test,-27.69716,-35.250504,-15.828776
12015,31-08-2026,4,RE,-13.0,test,-29.979626,-38.018288,-17.40628
12015,31-08-2026,5,AWR,-20.0,test,-34.753567,-43.621094,-21.713306
12015,31-08-2026,6,BKI,-15.0,test,-30.693516,-38.577118,-19.092808
12015,31-08-2026,7,GADJ,-18.0,test,-34.007694,-42.071213,-21.53065
12015,31-08-2026,8,JP,-16.0,test,-31.185955,-39.12183,-19.410957
12015,31-08-2026,9,KSG,-30.0,test,-42.09101,-51.841866,-27.413822
12015,31-08-2026,10,AII,-19.0,test,-32.073734,-39.687992,-20.77082
12182,28-08-2026,1,AII,4.0,test,-8.028765,-19.546211,13.50897
12182,28-08-2026,2,KSG,4.0,test,-9.536471,-23.963572,16.658451
12182,28-08-2026,3,FL,0.0,test,-13.188891,-27.336027,11.655438
12182,28-08-2026,4,JP,-11.0,test,-23.744246,-38.19805,0.42323875
12182,28-08-2026,5,DPA,-9.0,test,-21.921038,-34.9227,-0.5284157
12182,28-08-2026,6,BNLW,-15.0,test,-27.447409,-40.18204,-7.090666
12182,28-08-2026,7,CKB,-8.0,test,-20.97343,-33.40187,-0.8109741
12182,28-08-2026,8,SWM,4.0,test,-11.020957,-23.648867,10.7282915
12182,28-08-2026,9,IDG,-6.0,test,-17.903446,-31.9446,6.0155067
12182,28-08-2026,10,LKE,-7.0,test,-19.174126,-31.23526,0.39996338
12182,28-08-2026,11,KOTA,4.0,test,-11.155194,-22.286781,7.528302
12182,28-08-2026,12,ATH,2.0,test,-12.817943,-23.981709,5.5319166
12182,28-08-2026,13,BAZ,3.0,test,-12.095118,-23.076796,6.00177
12182,28-08-2026,14,ATRU,1.0,test,-13.900035,-25.061466,4.07607
12182,28-08-2026,15,CAG,2.0,test,-13.175172,-24.343153,4.866866
12182,28-08-2026,16,RTA,4.0,test,-11.751668,-22.794544,6.1263323
12182,28-08-2026,17,GUNA,4.0,test,-11.718821,-22.823473,6.1890583
12182,28-08-2026,18,ASKN,-2.0,test,-17.633125,-28.461369,-1.354763
12182,28-08-2026,19,MNV,-16.0,test,-28.327068,-40.914417,-9.355171
12182,28-08-2026,20,MAKR,4.0,test,-11.780515,-22.920017,5.7218885
12182,28-08-2026,21,SGO,5.0,test,-11.906979,-22.346294,3.7012472
12182,28-08-2026,22,DMO,5.0,test,-12.313277,-22.60717,2.5637693
12182,28-08-2026,23,KMZ,-30.0,test,-38.365513,-49.756836,-23.646809
12182,28-08-2026,24,SHR,-29.0,test,-35.099075,-44.934326,-22.279892
12182,29-08-2026,1,AII,-9.0,test,-8.771676,-19.538296,11.490848
12182,29-08-2026,2,KSG,-8.0,test,-8.346866,-22.236925,16.93637
12182,29-08-2026,3,FL,-11.0,test,-11.60727,-25.205812,12.360341
12182,29-08-2026,4,JP,-17.0,test,-16.579386,-31.262205,9.686214
12182,29-08-2026,5,DPA,-16.0,test,-16.663214,-30.194134,7.6827774
12182,29-08-2026,6,BNLW,-27.0,test,-25.147057,-38.17679,-3.4456024
12182,29-08-2026,7,CKB,-19.0,test,-18.01184,-29.640785,1.3167114
12182,29-08-2026,8,SWM,-8.0,test,-9.6481285,-21.016506,10.311296
12182,29-08-2026,9,IDG,-22.0,test,-20.584282,-34.33407,2.6776314
12182,29-08-2026,10,LKE,-21.0,test,-19.98706,-32.155758,-0.15808105
12182,29-08-2026,11,KOTA,-12.0,test,-12.281955,-24.423695,8.232314
12182,29-08-2026,12,ATH,-15.0,test,-16.113867,-27.297623,1.7202187
12182,29-08-2026,13,BAZ,-16.0,test,-16.92059,-27.945389,0.37657738
12182,29-08-2026,14,ATRU,-16.0,test,-17.252342,-28.355612,0.031988144
12182,29-08-2026,15,CAG,-14.0,test,-15.7710905,-26.880024,1.7303972
12182,29-08-2026,16,RTA,-8.0,test,-10.886783,-21.949295,7.168742
12182,29-08-2026,17,GUNA,-8.0,test,-10.841973,-21.961359,7.234887
12182,29-08-2026,18,ASKN,-12.0,test,-14.864064,-26.204222,2.7509108
12182,29-08-2026,19,MNV,-17.0,test,-19.613985,-30.43427,-3.9005575
12182,29-08-2026,20,MAKR,-8.0,test,-11.741224,-22.323082,4.5261555
12182,29-08-2026,21,SGO,-13.0,test,-16.378494,-26.674395,-1.749424
12182,29-08-2026,22,DMO,-21.0,test,-22.018927,-33.657036,-6.1982613
12182,29-08-2026,23,KMZ,-28.0,test,-27.898716,-37.418156,-16.173191
12182,29-08-2026,24,SHR,-28.0,test,-27.680847,-37.48214,-15.745251
12182,30-08-2026,1,AII,-10.0,test,-7.731526,-19.510155,14.074104
12182,30-08-2026,2,KSG,-10.0,test,-8.612073,-22.393717,16.453587
12182,30-08-2026,3,FL,-15.0,test,-13.55993,-27.513872,10.741471
12182,30-08-2026,4,JP,-22.0,test,-20.363981,-34.520733,3.420021
12182,30-08-2026,5,DPA,-21.0,test,-19.20483,-32.02571,2.2669525
12182,30-08-2026,6,BNLW,-20.0,test,-17.662142,-29.175274,1.4404831
12182,30-08-2026,7,CKB,-19.0,test,-16.86193,-28.616035,2.480816
12182,30-08-2026,8,SWM,-14.0,test,-12.526791,-25.01499,8.912743
12182,30-08-2026,9,IDG,-24.0,test,-20.788631,-34.190086,1.2216396
12182,30-08-2026,10,LKE,-25.0,test,-22.135202,-33.64479,-4.223068
12182,30-08-2026,11,KOTA,-11.0,test,-10.226809,-21.983055,9.857681
12182,30-08-2026,12,ATH,-13.0,test,-12.792495,-23.985102,5.614623
12182,30-08-2026,13,BAZ,-14.0,test,-13.686237,-24.670006,4.1153793
12182,30-08-2026,14,ATRU,-13.0,test,-13.13154,-24.262314,4.9304676
12182,30-08-2026,15,CAG,-17.0,test,-16.63288,-28.27148,1.6222191
12182,30-08-2026,16,RTA,-11.0,test,-11.753803,-22.793476,6.118248
12182,30-08-2026,17,GUNA,-12.0,test,-12.589295,-23.669123,5.132804
12182,30-08-2026,18,ASKN,-17.0,test,-17.607744,-28.418812,-1.3586388
12182,30-08-2026,19,MNV,-23.0,test,-23.033428,-34.47569,-6.7467136
12182,30-08-2026,20,MAKR,-10.0,test,-11.732907,-22.319435,4.5468493
12182,30-08-2026,21,SGO,-15.0,test,-16.378494,-26.674395,-1.749424
12182,30-08-2026,22,DMO,-27.0,test,-24.398027,-36.32878,-7.3917446
12182,30-08-2026,23,KMZ,-22.0,test,-22.465992,-32.050854,-10.687401
12182,30-08-2026,24,SHR,-30.0,test,-27.516384,-37.91987,-14.767737
12182,31-08-2026,1,AII,14.0,test,-7.874385,-18.713993,12.642575
12182,31-08-2026,2,KSG,14.0,test,-8.333951,-22.64719,17.646751
12182,31-08-2026,3,FL,9.0,test,-13.287589,-27.063671,10.817029
12182,31-08-2026,4,JP,-3.0,test,-25.00209,-38.8237,-2.4399757
12182,31-08-2026,7,CKB,-9.0,test,-29.977947,-41.35621,-12.967699
12182,31-08-2026,8,SWM,4.0,test,-17.769302,-29.736034,1.6360931
12182,31-08-2026,9,IDG,-9.0,test,-29.701345,-43.190323,-8.271648
12182,31-08-2026,10,LKE,-12.0,test,-32.53729,-43.75203,-16.104568
12182,31-08-2026,11,KOTA,5.0,test,-16.73012,-28.525972,2.2896042
12182,31-08-2026,12,ATH,6.0,test,-16.916862,-28.041561,0.6607475
12182,31-08-2026,13,BAZ,3.0,test,-19.5301,-30.399971,-2.9614334
12182,31-08-2026,14,ATRU,5.0,test,-18.118275,-29.15814,-1.0977325
12182,31-08-2026,15,CAG,5.0,test,-18.385162,-29.422714,-1.424511
12182,31-08-2026,16,RTA,13.0,test,-11.763033,-22.801989,6.107691
12182,31-08-2026,17,GUNA,13.0,test,-11.729394,-22.834133,6.178527
12182,31-08-2026,18,ASKN,7.0,test,-17.644276,-28.47242,-1.3660984
12182,31-08-2026,19,MNV,3.0,test,-21.236372,-32.74323,-4.5503025
12182,31-08-2026,20,MAKR,13.0,test,-12.628871,-23.237165,3.5723982
12182,31-08-2026,21,SGO,-6.0,test,-27.938675,-39.705948,-11.355255
12182,31-08-2026,22,DMO,-11.0,test,-32.144608,-41.772068,-19.825775
12182,31-08-2026,23,KMZ,-43.0,test,-51.155796,-62.47406,-34.650856
12182,31-08-2026,24,SHR,-35.0,test,-44.807518,-55.517403,-29.940578
12316,31-08-2026,1,UDZ,2.0,test,2.280897,-11.8980465,34.814903
12316,31-08-2026,2,RPZ,-1.0,test,-1.3045596,-17.043985,33.319466
12316,31-08-2026,3,MVJ,0.0,test,-0.988407,-16.92679,33.975254
12316,31-08-2026,4,CNA,-2.0,test,-4.4091263,-19.21367,28.365913
12316,31-08-2026,5,BHL,2.0,test,0.4151088,-15.030583,34.573345
12316,31-08-2026,6,BJNR,-18.0,test,-19.089079,-34.379272,13.367643
12316,31-08-2026,7,NSD,-25.0,test,-26.665329,-41.416153,3.4944592
12316,31-08-2026,8,AII,-1.0,test,-2.907018,-16.845608,27.434788
12316,31-08-2026,9,JP,-5.0,test,-6.3117204,-20.087105,22.621588
12316,31-08-2026,10,SWM,2.0,test,0.4674126,-12.675665,28.102037
12316,31-08-2026,11,IDH,-11.0,test,-8.721269,-22.941236,19.202698
12316,31-08-2026,12,TDL,2.0,test,0.5867144,-11.828352,25.409914
12316,31-08-2026,14,PRYJ,-21.0,test,-12.969479,-23.494669,5.303713
12316,31-08-2026,15,DDU,-6.0,test,-2.4066494,-9.254778,9.361175
12316,31-08-2026,16,PNBE,-4.0,test,-3.2844,-10.712864,8.948256
12316,31-08-2026,17,JAJ,2.0,test,-0.8786839,-8.45831,11.925228
12316,31-08-2026,18,JSME,-2.0,test,-3.2263112,-11.731146,10.745979
12316,31-08-2026,19,MDP,-5.0,test,-5.862085,-13.720522,6.345739
12316,31-08-2026,20,ASN,-3.0,test,-5.2556357,-12.613792,6.082029
12316,31-08-2026,21,BWN,2.0,test,-3.6763494,-10.810738,7.2399893
12413,28-08-2026,1,AII,12.0,test,-9.807541,-19.501095,7.6664124
12413,28-08-2026,2,KSG,11.0,test,-11.742593,-24.442415,10.094504
12413,28-08-2026,3,FL,-2.0,test,-26.43681,-39.185436,-6.0151215
12413,28-08-2026,4,JP,-8.0,test,-30.458237,-41.933105,-12.698534
12413,28-08-2026,5,GADJ,-6.0,test,-30.744528,-42.17132,-12.497028
12413,28-08-2026,6,DO,-9.0,test,-31.895386,-42.54373,-16.288425
12413,28-08-2026,7,BKI,-15.0,test,-38.260677,-49.60785,-21.982014
12413,28-08-2026,8,RHG,-14.0,test,-37.237686,-47.763035,-22.08594
12413,28-08-2026,9,AWR,-5.0,test,-28.215734,-38.474934,-13.080271
12413,28-08-2026,10,KRH,-16.0,test,-37.79006,-48.620625,-22.472294
12413,28-08-2026,11,RE,4.0,test,-19.680258,-29.22142,-5.505439
12413,28-08-2026,12,GGN,0.0,test,-23.708754,-33.528484,-9.624894
12413,28-08-2026,13,DEC,-2.0,test,-26.017061,-35.83677,-12.047998
12413,28-08-2026,14,DLI,-3.0,test,-26.513054,-36.271233,-13.049272
12413,28-08-2026,15,KUN,-21.0,test,-41.05103,-51.93946,-25.659632
12413,28-08-2026,16,UMB,9.0,test,-17.203726,-26.15793,-4.80739
12413,28-08-2026,17,LDH,7.0,test,-19.198448,-28.18904,-7.5403547
12413,28-08-2026,18,JRC,-1.0,test,-25.472395,-35.57537,-12.575269
12413,28-08-2026,19,PTKC,-25.0,test,-38.243595,-48.83147,-23.8306
12413,28-08-2026,20,MSKT,-41.0,test,-47.948673,-59.119884,-31.682272
12413,29-08-2026,1,AII,18.0,test,-10.758233,-19.701515,5.488721
12413,29-08-2026,2,KSG,17.0,test,-11.32212,-23.847946,10.285096
12413,29-08-2026,3,FL,11.0,test,-19.23851,-31.820883,1.4757156
12413,29-08-2026,4,JP,10.0,test,-20.798738,-33.260612,0.67435455
12413,29-08-2026,5,GADJ,12.0,test,-17.859867,-29.886494,2.971325
12413,29-08-2026,6,DO,7.0,test,-22.000414,-33.191605,-4.5083866
12413,29-08-2026,7,BKI,3.0,test,-26.152678,-36.86973,-10.334398
12413,29-08-2026,8,RHG,2.0,test,-26.999847,-37.320908,-12.109119
12413,29-08-2026,9,AWR,11.0,test,-19.306278,-30.772179,-0.43365097
12413,29-08-2026,10,KRH,6.0,test,-23.724524,-34.763805,-6.105341
12413,29-08-2026,11,RE,14.0,test,-16.373262,-26.559164,-0.5410423
12413,29-08-2026,12,GGN,7.0,test,-23.080843,-33.800945,-7.0401554
12413,29-08-2026,13,DEC,0.0,test,-28.95433,-39.306347,-14.571313
12413,29-08-2026,14,DLI,-9.0,test,-37.365795,-48.163925,-22.412071
12413,29-08-2026,15,KUN,-23.0,test,-47.545517,-58.632637,-31.430805
12413,29-08-2026,16,UMB,14.0,test,-17.822708,-26.70176,-5.6646357
12413,29-08-2026,17,LDH,11.0,test,-20.394493,-29.188644,-9.16246
12413,29-08-2026,18,JRC,8.0,test,-22.537746,-31.2369,-11.748962
12413,29-08-2026,19,PTKC,3.0,test,-25.082008,-33.8086,-14.389112
12413,29-08-2026,20,MSKT,-11.0,test,-35.20363,-45.863914,-21.407661
12413,30-08-2026,1,AII,-12.0,test,-10.14262,-20.055565,7.404785
12413,30-08-2026,2,KSG,-15.0,test,-13.588675,-25.785852,7.062132
12413,30-08-2026,3,FL,-15.0,test,-14.980012,-27.69366,6.3234015
12413,30-08-2026,4,JP,-18.0,test,-18.522976,-31.003586,1.9364204
12413,30-08-2026,5,GADJ,-16.0,test,-15.875158,-27.372486,3.0410938
12413,30-08-2026,6,DO,-25.0,test,-24.09877,-35.110325,-6.9864044
12413,30-08-2026,7,BKI,-30.0,test,-29.408537,-40.443,-13.3406925
12413,30-08-2026,8,RHG,-30.0,test,-28.979502,-39.313114,-14.197531
12413,30-08-2026,9,AWR,-23.0,test,-22.527563,-32.520664,-7.649544
12413,30-08-2026,10,KRH,-35.0,test,-33.54185,-44.626904,-17.563238
12413,30-08-2026,11,RE,-19.0,test,-18.839798,-28.52914,-4.1730757
12413,30-08-2026,12,GGN,-26.0,test,-25.02541,-34.760376,-11.341563
12413,30-08-2026,13,DEC,-40.0,test,-38.585186,-49.75277,-22.818378
12413,30-08-2026,14,DLI,-29.0,test,-28.015646,-37.477997,-15.199494
12413,30-08-2026,15,KUN,-44.0,test,-40.299297,-50.48143,-25.99399
12413,30-08-2026,16,UMB,-12.0,test,-14.83071,-23.774717,-2.002884
12413,30-08-2026,17,LDH,-12.0,test,-15.523335,-24.314678,-3.6169662
12413,30-08-2026,18,JRC,-12.0,test,-15.834449,-24.578066,-4.367009
12413,30-08-2026,19,PTKC,-12.0,test,-16.149696,-24.726597,-5.437892
12413,30-08-2026,20,MSKT,-25.0,test,-25.17892,-35.12628,-12.724442
12413,31-08-2026,1,AII,14.0,test,-11.63049,-20.600622,4.533063
12413,31-08-2026,2,KSG,11.0,test,-13.887016,-26.687428,7.733097
12413,31-08-2026,3,FL,11.0,test,-15.818715,-28.566845,5.5394964
12413,31-08-2026,4,JP,6.0,test,-21.306652,-33.66243,-1.3947601
12413,31-08-2026,5,GADJ,8.0,test,-18.831255,-30.55098,0.30054474
12413,31-08-2026,6,DO,5.0,test,-20.99622,-31.903152,-4.16
12413,31-08-2026,7,BKI,-9.0,test,-35.65257,-47.58391,-18.03682
12413,31-08-2026,8,RHG,-9.0,test,-35.27886,-46.178005,-19.184526
12413,31-08-2026,9,AWR,1.0,test,-25.661068,-36.205467,-9.627113
12413,31-08-2026,10,KRH,-5.0,test,-30.97816,-41.76217,-15.185321
12413,31-08-2026,11,RE,6.0,test,-21.240826,-31.312546,-6.2653427
12413,31-08-2026,12,GGN,2.0,test,-24.39112,-34.03492,-10.813849
12413,31-08-2026,13,DEC,-2.0,test,-27.730316,-37.381386,-14.5275135
12413,31-08-2026,14,DLI,-15.0,test,-40.097103,-50.33836,-25.53521
12413,31-08-2026,15,KUN,-52.0,test,-66.01049,-77.94325,-46.760807
12413,31-08-2026,16,UMB,-43.0,test,-54.48248,-65.00733,-38.094284
12413,31-08-2026,17,LDH,-46.0,test,-54.3148,-65.22342,-37.66067
12413,31-08-2026,18,JRC,-56.0,test,-60.735947,-72.34484,-42.657997
12413,31-08-2026,19,PTKC,-39.0,test,-47.618935,-58.381195,-32.023808
12413,31-08-2026,20,MSKT,-48.0,test,-55.14537,-67.038734,-37.471024
12466,28-08-2026,1,BGKT,0.0,test,-16.214611,-27.637371,3.462841
12466,28-08-2026,2,JU,0.0,test,-17.073074,-29.871342,4.9260254
12466,28-08-2026,3,RKB,-1.0,test,-17.763441,-30.047035,2.9542274
12466,28-08-2026,4,GOTN,-3.0,test,-19.866516,-30.63041,-3.114849
12466,28-08-2026,5,MTD,-2.0,test,-18.70029,-29.112057,-2.127674
12466,28-08-2026,6,REN,-27.0,test,-41.010628,-54.103363,-22.167286
12466,28-08-2026,7,DNA,-15.0,test,-31.180634,-44.218643,-11.440773
12466,28-08-2026,8,MKN,-16.0,test,-31.886309,-44.347824,-13.127626
12466,28-08-2026,9,KMNC,-19.0,test,-34.99378,-47.32466,-16.87955
12466,28-08-2026,10,NAC,-16.0,test,-32.139904,-44.3003,-14.154671
12466,28-08-2026,11,SBR,-5.0,test,-22.126345,-33.27516,-5.24209
12466,28-08-2026,12,FL,-9.0,test,-25.446976,-37.116817,-8.641432
12466,28-08-2026,13,JP,-9.0,test,-25.775785,-37.141457,-9.699169
12466,28-08-2026,14,DPA,-15.0,test,-30.770145,-42.951317,-13.973282
12466,28-08-2026,15,BNLW,-10.0,test,-26.35489,-37.692307,-10.940777
12466,28-08-2026,16,ISA,-11.0,test,-27.123775,-38.16826,-12.434549
12466,28-08-2026,17,CKB,-10.0,test,-26.491943,-37.5549,-11.722853
12466,28-08-2026,18,SWM,-10.0,test,-26.560946,-37.34346,-12.369382
12466,28-08-2026,19,IDG,-14.0,test,-29.867874,-40.544945,-16.178825
12466,28-08-2026,20,LKE,-14.0,test,-30.041763,-40.459473,-16.777376
12466,28-08-2026,21,KPZ,-14.0,test,-30.128326,-40.465393,-17.037315
12466,28-08-2026,22,KOTA,-13.0,test,-29.49887,-39.865547,-16.459885
12466,28-08-2026,23,NKOT,-19.0,test,-34.792397,-46.604687,-19.769659
12466,28-08-2026,24,DARA,-35.0,test,-45.88315,-58.22537,-29.16109
12466,28-08-2026,25,RMA,-44.0,test,-50.538544,-62.910538,-33.29003
12466,28-08-2026,26,BWM,-53.0,test,-55.516605,-68.67785,-36.87348
12466,28-08-2026,27,GOH,-54.0,test,-53.03187,-65.23931,-35.632774
12466,28-08-2026,28,SGZ,-55.0,test,-53.505608,-65.724686,-36.03071
12466,28-08-2026,29,SVA,-57.0,test,-54.971,-67.26126,-37.233025
12466,28-08-2026,30,CMU,-57.0,test,-55.349293,-67.72066,-37.48604
12466,28-08-2026,31,VMA,-50.0,test,-50.993572,-63.11036,-33.990105
12466,28-08-2026,32,MEP,-44.0,test,-47.3465,-59.037277,-31.225496
12466,28-08-2026,33,NAD,-44.0,test,-46.694614,-58.32966,-30.715538
12466,28-08-2026,34,UJN,-37.0,test,-42.514133,-53.896828,-27.348164
12466,28-08-2026,35,DWX,-36.0,test,-42.45824,-53.963257,-27.200415
12466,29-08-2026,1,BGKT,-20.0,test,-16.282595,-26.408237,0.6861496
12466,29-08-2026,2,JU,-18.0,test,-14.139914,-25.427856,4.5644665
12466,29-08-2026,3,RKB,-20.0,test,-16.803673,-30.862026,6.9891014
12466,29-08-2026,4,GOTN,-24.0,test,-20.68894,-32.050034,-2.623743
12466,29-08-2026,5,MTD,-24.0,test,-21.091717,-31.725029,-4.332222
12466,29-08-2026,6,REN,-48.0,test,-42.26036,-54.76976,-23.967598
12466,29-08-2026,7,DNA,-35.0,test,-30.919788,-43.26172,-12.726496
12466,29-08-2026,8,MKN,-36.0,test,-31.017097,-41.68339,-16.45391
12466,29-08-2026,9,KMNC,-40.0,test,-34.787632,-45.758816,-19.951368
12466,29-08-2026,11,SBR,-27.0,test,-24.445164,-35.686825,-7.997507
12466,29-08-2026,12,FL,-31.0,test,-27.795845,-38.88086,-12.602894
12466,29-08-2026,13,JP,-38.0,test,-33.92926,-45.900204,-18.033691
12466,29-08-2026,14,DPA,-40.0,test,-34.99664,-46.237206,-20.2045
12466,29-08-2026,15,BNLW,-36.0,test,-31.599417,-42.62314,-17.268848
12466,29-08-2026,16,ISA,-39.0,test,-33.91005,-44.800697,-19.851433
12466,29-08-2026,17,CKB,-40.0,test,-34.562916,-45.309822,-20.681458
12466,29-08-2026,18,SWM,-18.0,test,-17.576426,-28.433727,-1.7745342
12466,29-08-2026,19,IDG,-23.0,test,-21.87105,-32.76654,-6.8558435
12466,29-08-2026,20,LKE,-23.0,test,-22.197285,-32.779827,-7.808625
12466,29-08-2026,21,KPZ,-23.0,test,-22.310242,-32.7925,-8.2279215
12466,29-08-2026,22,KOTA,-22.0,test,-21.690355,-32.220703,-7.598981
12466,29-08-2026,23,NKOT,-30.0,test,-28.752743,-40.629345,-13.223919
12466,29-08-2026,24,DARA,-29.0,test,-27.574112,-37.730793,-14.874881
12466,29-08-2026,25,RMA,-32.0,test,-29.709225,-39.82925,-17.083668
12466,29-08-2026,26,BWM,-35.0,test,-31.930136,-42.235004,-19.078373
12466,29-08-2026,27,GOH,-36.0,test,-31.912235,-42.003235,-19.29147
12466,29-08-2026,28,SGZ,-38.0,test,-33.099625,-43.298485,-20.221348
12466,29-08-2026,29,SVA,-40.0,test,-34.507828,-44.893883,-21.280766
12466,29-08-2026,30,CMU,-41.0,test,-35.274494,-45.74604,-21.869194
12466,29-08-2026,31,VMA,-34.0,test,-31.606064,-41.69777,-19.042175
12466,29-08-2026,32,MEP,-28.0,test,-28.053566,-37.80342,-16.134922
12466,29-08-2026,33,NAD,-21.0,test,-23.821613,-33.55605,-11.997152
12466,29-08-2026,34,UJN,-27.0,test,-28.079353,-38.415028,-15.708239
12466,29-08-2026,35,DWX,-31.0,test,-30.571947,-41.57387,-17.404736
12466,30-08-2026,1,BGKT,-31.0,test,-17.042274,-27.119167,-0.29683113
12466,30-08-2026,2,JU,-51.0,test,-34.55248,-47.444996,-15.141209
12466,30-08-2026,3,RKB,-62.0,test,-46.337097,-59.402008,-27.986666
12466,30-08-2026,4,GOTN,-67.0,test,-46.488194,-57.63676,-30.767246
12466,30-08-2026,5,MTD,-67.0,test,-46.391254,-57.284264,-30.90363
12466,30-08-2026,6,REN,-69.0,test,-48.448444,-59.563107,-32.496853
12466,30-08-2026,7,DNA,-54.0,test,-37.43432,-48.864563,-22.167395
12466,30-08-2026,8,MKN,-56.0,test,-37.895348,-47.952374,-24.262012
12466,30-08-2026,9,KMNC,-56.0,test,-39.26971,-49.998684,-24.684149
12466,30-08-2026,10,NAC,-52.0,test,-36.929516,-47.977306,-21.978127
12466,30-08-2026,11,SBR,-36.0,test,-23.578167,-34.940178,-6.621372
12466,30-08-2026,12,FL,-48.0,test,-33.89789,-46.62996,-15.9860115
12466,30-08-2026,13,JP,-46.0,test,-31.641895,-42.751965,-16.941628
12466,30-08-2026,14,DPA,-47.0,test,-32.748604,-43.86991,-18.031599
12466,30-08-2026,15,BNLW,-41.0,test,-27.769508,-39.066227,-12.630586
12466,30-08-2026,16,ISA,-44.0,test,-30.355118,-41.300262,-16.094818
12466,30-08-2026,17,CKB,-45.0,test,-31.295528,-42.12241,-17.296452
12466,30-08-2026,18,SWM,-28.0,test,-17.459002,-28.863724,-0.5273304
12466,30-08-2026,19,IDG,-34.0,test,-22.823797,-35.371124,-4.6250687
12466,30-08-2026,20,LKE,-33.0,test,-22.158447,-32.905415,-7.414957
12466,30-08-2026,21,KPZ,-39.0,test,-27.320618,-39.048187,-11.569517
12466,30-08-2026,22,KOTA,-36.0,test,-24.93982,-35.412514,-11.400508
12466,30-08-2026,23,NKOT,-38.0,test,-26.833534,-37.181877,-13.690315
12466,30-08-2026,24,DARA,-36.0,test,-25.248112,-35.41259,-12.366933
12466,30-08-2026,25,RMA,-39.0,test,-27.928127,-38.452477,-14.754738
12466,30-08-2026,26,BWM,-42.0,test,-29.761694,-39.83144,-17.267948
12466,30-08-2026,27,GOH,-45.0,test,-31.491705,-41.55213,-18.95558
12466,30-08-2026,28,SGZ,-47.0,test,-32.640884,-42.796535,-19.862492
12466,30-08-2026,29,SVA,-49.0,test,-33.95696,-44.282295,-20.858612
12466,30-08-2026,30,CMU,-51.0,test,-35.25846,-45.731552,-21.854275
12466,30-08-2026,31,VMA,-43.0,test,-30.869835,-40.86827,-18.488735
12466,30-08-2026,32,MEP,-37.0,test,-27.472185,-37.254166,-15.528886
12466,30-08-2026,33,NAD,-31.0,test,-23.809534,-33.540535,-11.991414
12466,30-08-2026,34,UJN,-31.0,test,-23.738968,-33.332893,-12.376909
12466,30-08-2026,35,DWX,-33.0,test,-24.392115,-33.65117,-13.536091
12466,31-08-2026,1,BGKT,-5.0,test,-15.547242,-25.51873,1.2905264
12466,31-08-2026,2,JU,-4.0,test,-15.445914,-25.719955,1.7220736
12466,31-08-2026,3,RKB,-7.0,test,-18.409134,-29.776764,0.15047264
12466,31-08-2026,4,GOTN,-9.0,test,-20.574266,-31.847404,-3.2232513
12466,31-08-2026,5,MTD,-8.0,test,-19.63581,-32.796917,1.808403
12466,31-08-2026,6,REN,-33.0,test,-41.10506,-53.91577,-22.43058
12466,31-08-2026,7,DNA,-20.0,test,-30.855053,-43.89711,-11.147198
12466,31-08-2026,8,MKN,-22.0,test,-31.39996,-42.477135,-16.069773
12466,31-08-2026,9,KMNC,-25.0,test,-33.96383,-44.66711,-19.50645
12466,31-08-2026,10,NAC,-23.0,test,-32.933037,-44.539978,-17.03027
12466,31-08-2026,11,SBR,-11.0,test,-22.558542,-34.003204,-5.221695
12466,31-08-2026,12,FL,-19.0,test,-29.56025,-42.115376,-11.395754
12466,31-08-2026,13,JP,-18.0,test,-28.913868,-40.141266,-13.715206
12466,31-08-2026,14,DPA,-20.0,test,-30.471144,-41.789886,-15.2512455
12466,31-08-2026,15,BNLW,-20.0,test,-30.168716,-41.298515,-15.547163
12466,31-08-2026,16,ISA,-21.0,test,-30.950481,-41.824474,-16.850067
12466,31-08-2026,17,CKB,-34.0,test,-42.27921,-54.875755,-25.518196
12466,31-08-2026,18,SWM,-13.0,test,-25.000937,-35.88381,-10.512557
12466,31-08-2026,19,IDG,-21.0,test,-32.197857,-44.682743,-15.589193
12466,31-08-2026,20,LKE,-21.0,test,-31.37165,-41.83522,-18.05468
12466,31-08-2026,21,KPZ,-23.0,test,-32.781372,-43.23647,-19.460669
12466,31-08-2026,22,KOTA,-17.0,test,-28.715439,-39.005005,-15.779897
12466,31-08-2026,23,NKOT,-20.0,test,-31.039764,-41.38768,-18.007063
12466,31-08-2026,24,DARA,-17.0,test,-28.90126,-39.031734,-16.267372
12466,31-08-2026,25,RMA,-21.0,test,-31.978664,-42.52568,-18.759157
12466,31-08-2026,26,BWM,-23.0,test,-32.804237,-43.02567,-19.945328
12466,31-08-2026,27,GOH,-25.0,test,-33.66569,-43.957394,-20.627295
12466,31-08-2026,28,SGZ,-26.0,test,-34.27355,-44.60647,-21.115139
12466,31-08-2026,29,SVA,-29.0,test,-36.366425,-47.072124,-22.610512
12466,31-08-2026,30,CMU,-30.0,test,-36.882664,-47.545555,-23.089973
12466,31-08-2026,31,VMA,-23.0,test,-33.191177,-43.4664,-20.250866
12466,31-08-2026,32,MEP,-17.0,test,-29.906399,-39.76074,-17.780823
12466,31-08-2026,33,NAD,-14.0,test,-28.045685,-37.743973,-16.307154
12466,31-08-2026,34,UJN,-22.0,test,-34.26579,-45.704292,-20.215979
12466,31-08-2026,35,DWX,-36.0,test,-43.08213,-55.413506,-27.031788
12468,28-08-2026,0,JP,7.0,test,-6.897483,-19.457401,14.818883
12468,28-08-2026,1,KKU,5.0,test,-8.869802,-20.731392,11.239782
12468,28-08-2026,2,JOB,2.0,test,-11.672352,-24.380936,9.411911
12468,28-08-2026,3,FL,7.0,test,-7.0255437,-19.492516,14.191891
12468,28-08-2026,4,SBR,7.0,test,-8.185881,-19.826797,11.290327
12468,28-08-2026,5,NAC,7.0,test,-8.384444,-20.29482,11.427304
12468,28-08-2026,6,KMNC,7.0,test,-8.38472,-20.131989,11.078409
12468,28-08-2026,7,MKN,7.0,test,-8.333443,-20.035667,11.031452
12468,28-08-2026,8,GCH,7.0,test,-8.335933,-20.003845,10.943646
12468,28-08-2026,9,DNA,6.0,test,-9.342659,-20.999012,9.652634
12468,28-08-2026,10,REN,7.0,test,-8.654983,-20.453976,10.461772
12468,28-08-2026,11,MTDB,7.0,test,-8.801919,-20.304844,9.425664
12468,28-08-2026,12,MDW,-3.0,test,-16.924217,-29.568851,2.9511395
12468,28-08-2026,13,NGO,7.0,test,-9.013149,-20.859947,10.438213
12468,28-08-2026,14,NOK,-18.0,test,-28.86443,-40.8041,-11.710596
12468,28-08-2026,15,DSO,-9.0,test,-24.218283,-35.92437,-7.1480236
12468,28-08-2026,16,BKN,-7.0,test,-22.796625,-34.13001,-6.7481804
12468,28-08-2026,17,LGH,-12.0,test,-27.46825,-39.213734,-11.02755
12468,28-08-2026,18,KLYT,-20.0,test,-33.49649,-45.000736,-18.571083
12468,28-08-2026,19,PLCJ,-7.0,test,-21.984709,-32.291042,-8.822038
12468,28-08-2026,20,RDRA,-14.0,test,-27.720165,-38.214073,-14.676836
12468,28-08-2026,21,POK,-24.0,test,-32.784176,-43.229637,-19.669071
12468,28-08-2026,22,SBLT,-19.0,test,-28.592197,-37.84366,-17.2113
12468,29-08-2026,0,JP,-20.0,test,-9.505688,-21.868511,11.512636
12468,29-08-2026,1,KKU,-24.0,test,-12.032084,-24.226692,8.2042265
12468,29-08-2026,2,JOB,-27.0,test,-15.555929,-28.007841,4.7278976
12468,29-08-2026,3,FL,-23.0,test,-11.620656,-24.51842,9.939689
12468,29-08-2026,4,SBR,-20.0,test,-9.511647,-21.64563,10.841804
12468,29-08-2026,5,NAC,-18.0,test,-8.289619,-20.164078,11.4893
12468,29-08-2026,6,KMNC,-18.0,test,-8.389119,-20.14041,11.061721
12468,29-08-2026,7,MKN,-18.0,test,-8.375413,-19.993954,10.778846
12468,29-08-2026,8,GCH,-19.0,test,-9.280621,-20.911945,9.64086
12468,29-08-2026,9,DNA,-19.0,test,-9.385481,-21.03064,9.554972
12468,29-08-2026,10,REN,-18.0,test,-8.688799,-20.476059,10.381605
12468,29-08-2026,11,MTDB,-18.0,test,-8.830566,-20.323488,9.352684
12468,29-08-2026,12,MDW,-24.0,test,-14.398431,-26.143196,3.5486383
12468,29-08-2026,13,NGO,-18.0,test,-9.082236,-20.626278,9.464377
12468,29-08-2026,14,NOK,-45.0,test,-30.7891,-42.6432,-14.030098
12468,29-08-2026,15,DSO,-24.0,test,-15.127075,-27.170113,3.8347244
12468,29-08-2026,16,BKN,-19.0,test,-11.03457,-22.646427,7.063945
12468,29-08-2026,17,LGH,-27.0,test,-17.731098,-29.878456,0.74020004
12468,29-08-2026,18,KLYT,-34.0,test,-24.036304,-35.753456,-7.7764893
12468,29-08-2026,19,PLCJ,-18.0,test,-10.59211,-21.334408,5.335308
12468,29-08-2026,20,RDRA,-18.0,test,-10.977359,-21.398596,4.341283
12468,29-08-2026,22,SBLT,-19.0,test,-11.830747,-20.70191,-0.16810226
12468,30-08-2026,0,JP,-15.0,test,-10.778047,-23.332815,10.461936
12468,30-08-2026,1,KKU,-19.0,test,-12.821446,-25.642282,8.677173
12468,30-08-2026,2,JOB,-22.0,test,-16.393286,-29.464857,5.51523
12468,30-08-2026,3,FL,-17.0,test,-11.364796,-23.902822,9.532677
12468,30-08-2026,4,SBR,-17.0,test,-11.998094,-23.792194,7.3604765
12468,30-08-2026,5,NAC,-19.0,test,-14.302871,-25.949049,4.1943254
12468,30-08-2026,6,KMNC,-19.0,test,-14.495956,-26.076412,3.7790432
12468,30-08-2026,7,MKN,-19.0,test,-14.572919,-26.119894,3.6189528
12468,30-08-2026,8,GCH,-16.0,test,-11.871009,-23.458412,6.6246653
12468,30-08-2026,9,DNA,-22.0,test,-17.480644,-29.655151,1.4264221
12468,30-08-2026,10,REN,-21.0,test,-16.68972,-28.121334,0.6062107
12468,30-08-2026,11,MTDB,-18.0,test,-14.030954,-25.474567,3.3588467
12468,30-08-2026,12,MDW,-47.0,test,-38.462322,-50.37569,-21.678371
12468,30-08-2026,13,NGO,-57.0,test,-49.566227,-60.90468,-33.50332
12468,30-08-2026,14,NOK,-63.0,test,-52.831745,-64.47986,-36.226097
12468,30-08-2026,15,DSO,-45.0,test,-38.17381,-48.583107,-24.345493
12468,30-08-2026,16,BKN,-26.0,test,-22.786808,-34.06446,-6.909667
12468,30-08-2026,17,LGH,-32.0,test,-28.365988,-40.091003,-12.075563
12468,30-08-2026,18,KLYT,-41.0,test,-35.24516,-46.238647,-20.893347
12468,30-08-2026,19,PLCJ,-21.0,test,-17.72413,-28.19857,-3.6352978
12468,30-08-2026,20,RDRA,-18.0,test,-15.327008,-25.573376,-1.2315369
12468,30-08-2026,21,POK,-20.0,test,-16.935871,-26.461151,-4.940707
12468,30-08-2026,22,SBLT,-18.0,test,-15.400528,-24.221375,-4.4962225
12468,31-08-2026,0,JP,-11.0,test,-9.223722,-21.884386,12.432215
12468,31-08-2026,1,KKU,-14.0,test,-9.817885,-22.331112,11.6536875
12468,31-08-2026,2,JOB,-17.0,test,-13.300072,-26.899094,10.026922
12468,31-08-2026,3,FL,-14.0,test,-11.215884,-24.189453,10.364757
12468,31-08-2026,4,SBR,-13.0,test,-10.819337,-22.518814,8.394801
12468,31-08-2026,5,NAC,-12.0,test,-10.003162,-21.734383,9.241837
12468,31-08-2026,6,KMNC,-10.0,test,-8.383367,-20.1277,11.074824
12468,31-08-2026,7,MKN,-10.0,test,-8.338378,-20.037046,11.017507
12468,31-08-2026,8,GCH,-10.0,test,-8.310001,-19.982304,10.972483
12468,31-08-2026,9,DNA,-10.0,test,-8.529044,-20.223925,10.614247
12468,31-08-2026,10,REN,-12.0,test,-10.344564,-22.099777,8.436209
12468,31-08-2026,12,MDW,-13.0,test,-11.6120825,-23.039162,6.16294
12468,31-08-2026,13,NGO,-25.0,test,-22.633574,-34.783424,-4.309782
12468,31-08-2026,14,NOK,-29.0,test,-26.781473,-38.940567,-9.421854
12468,31-08-2026,15,DSO,-16.0,test,-15.0398,-26.154194,1.0803232
12468,31-08-2026,16,BKN,-13.0,test,-12.801261,-24.369957,4.9854345
12468,31-08-2026,17,LGH,-17.0,test,-16.774551,-28.401155,0.9866867
12468,31-08-2026,18,KLYT,-25.0,test,-22.392567,-34.251762,-5.671118
12468,31-08-2026,19,PLCJ,-10.0,test,-10.530305,-21.291359,5.453292
12468,31-08-2026,20,RDRA,-25.0,test,-21.472878,-32.117043,-7.624921
12468,31-08-2026,21,POK,-15.0,test,-14.477824,-24.466698,-0.71263313
12468,31-08-2026,22,SBLT,-18.0,test,-16.721325,-24.978802,-6.7809
12481,28-08-2026,0,DLI,-10.0,test,-9.198835,-17.122728,6.8663654
12481,28-08-2026,1,SSB,-20.0,test,-19.826494,-29.615618,-0.88993835
12481,28-08-2026,2,BGZ,-27.0,test,-27.551212,-36.41714,-11.383289
12481,28-08-2026,3,SPZ,-28.0,test,-28.53851,-35.51316,-16.402376
12481,28-08-2026,4,ROK,-26.0,test,-26.530834,-33.427742,-14.609286
12481,28-08-2026,5,JIND,-34.0,test,-33.737003,-42.039547,-19.884422
12481,28-08-2026,6,NRW,-34.0,test,-33.366665,-40.147415,-22.710709
12481,28-08-2026,7,TUN,-37.0,test,-35.50224,-42.38166,-24.643797
12481,28-08-2026,8,JHL,-38.0,test,-36.05008,-42.94896,-25.133053
12481,28-08-2026,9,BLZ,-38.0,test,-35.67619,-42.570427,-24.838806
12481,28-08-2026,10,MSZ,-38.0,test,-35.514828,-42.417915,-24.694798
12481,28-08-2026,11,MAUR,-40.0,test,-36.681267,-43.759636,-25.554316
12481,28-08-2026,12,BTI,-9.0,test,-11.382928,-18.534685,1.3611622
12481,28-08-2026,13,GDB,-16.0,test,-17.934277,-25.677856,-5.2027397
12481,28-08-2026,14,MOT,-18.0,test,-19.633902,-26.542639,-8.89661
12481,28-08-2026,15,ABS,-18.0,test,-19.4031,-26.154476,-9.032803
12481,29-08-2026,0,DLI,-19.0,test,-23.166218,-29.979702,-11.199239
12481,29-08-2026,12,BTI,-4.0,test,-12.278579,-19.468918,0.45219994
12481,29-08-2026,13,GDB,-11.0,test,-18.756489,-25.780138,-7.6008387
12481,29-08-2026,14,MOT,-11.0,test,-18.923748,-25.91233,-7.9202604
12481,29-08-2026,15,ABS,-11.0,test,-18.640366,-25.401276,-8.131486
12481,30-08-2026,0,DLI,-1.0,test,-9.200918,-17.60686,7.62311
12481,30-08-2026,1,SSB,-1.0,test,-10.609923,-18.501362,5.4319735
12481,30-08-2026,2,BGZ,-12.0,test,-21.089718,-30.78086,-2.150959
12481,30-08-2026,3,SPZ,-14.0,test,-23.418785,-30.888277,-9.57268
12481,30-08-2026,4,ROK,-15.0,test,-24.353611,-31.942966,-10.766496
12481,30-08-2026,5,JIND,-26.0,test,-34.486637,-42.823467,-20.84927
12481,30-08-2026,6,NRW,-29.0,test,-36.33961,-43.289948,-25.303335
12481,30-08-2026,7,TUN,-39.0,test,-44.84737,-53.62951,-30.916306
12481,30-08-2026,8,JHL,-41.0,test,-43.808575,-51.46173,-31.218586
12481,30-08-2026,10,MSZ,-44.0,test,-45.108047,-52.909355,-32.25609
12481,30-08-2026,11,MAUR,-46.0,test,-46.172447,-54.12254,-33.053185
12481,30-08-2026,12,BTI,-6.0,test,-16.789288,-23.6962,-5.300744
12481,30-08-2026,13,GDB,-11.0,test,-21.296917,-28.690329,-9.923969
12481,30-08-2026,14,MOT,-15.0,test,-24.829243,-31.88031,-14.590603
12481,30-08-2026,15,ABS,-15.0,test,-24.638134,-31.877655,-14.015038
12481,31-08-2026,0,DLI,-7.0,test,-20.842072,-27.969913,-7.8845367
12481,31-08-2026,1,SSB,-16.0,test,-30.909521,-39.83635,-15.023804
12481,31-08-2026,2,BGZ,-18.0,test,-33.055702,-40.13934,-20.995153
12481,31-08-2026,3,SPZ,-18.0,test,-33.070766,-39.8927,-21.724146
12481,31-08-2026,4,ROK,-17.0,test,-32.01807,-38.711792,-21.010029
12481,31-08-2026,5,JIND,-26.0,test,-38.490067,-45.50228,-27.131012
12481,31-08-2026,6,NRW,-26.0,test,-38.47484,-45.560867,-27.080488
12481,31-08-2026,7,TUN,-38.0,test,-48.5872,-57.646088,-33.921635
12481,31-08-2026,8,JHL,-39.0,test,-46.197765,-53.99874,-33.19757
12481,31-08-2026,9,BLZ,-39.0,test,-46.235672,-54.229984,-33.069958
12481,31-08-2026,10,MSZ,-40.0,test,-46.481052,-54.505997,-33.25473
12481,31-08-2026,11,MAUR,-41.0,test,-47.037228,-55.11938,-33.682106
12481,31-08-2026,12,BTI,0.0,test,-16.7689,-23.676159,-5.2744627
12481,31-08-2026,13,GDB,-6.0,test,-22.1531,-29.530996,-10.925274
12481,31-08-2026,14,MOT,-7.0,test,-23.073755,-29.94402,-12.879289
12481,31-08-2026,15,ABS,-17.0,test,-31.184284,-39.299034,-19.397505
12964,28-08-2026,1,UDZ,-1.0,test,2.6867003,-5.261278,19.034023
12964,28-08-2026,2,RPZ,-3.0,test,-0.18082607,-9.935207,18.327593
12964,28-08-2026,3,MVJ,-2.0,test,0.4616934,-9.500034,19.12579
12964,28-08-2026,4,KIN,-4.0,test,-1.1519319,-10.321996,16.195528
12964,28-08-2026,5,COR,-3.0,test,-0.5002073,-10.488105,18.640604
12964,28-08-2026,6,MLGH,-5.0,test,-2.6922507,-12.191429,14.838568
12964,28-08-2026,7,BUDI,-9.0,test,-6.6650047,-15.587826,8.829605
12964,28-08-2026,8,KOTA,-11.0,test,-9.164617,-17.242113,4.613205
12964,28-08-2026,9,SWM,-9.0,test,-6.978176,-14.608663,5.877836
12964,28-08-2026,10,GGC,-13.0,test,-11.181451,-19.240875,1.6439228
12964,28-08-2026,11,SMVJ,-15.0,test,-13.457103,-21.039883,-1.8386927
12964,28-08-2026,12,HAN,-14.0,test,-12.459376,-19.82711,-1.0366516
12964,28-08-2026,13,BXN,-13.0,test,-11.843206,-19.274227,-0.3016491
12964,28-08-2026,14,BTE,-12.0,test,-11.218078,-18.625275,0.22014618
12964,28-08-2026,15,MTJ,-3.0,test,-3.563427,-11.377832,9.642124
12964,28-08-2026,16,KSV,-11.0,test,-10.656996,-20.052818,4.76132
12964,28-08-2026,17,BVH,-1.0,test,-2.543804,-9.918704,9.514793
12964,29-08-2026,1,UDZ,-1.0,test,2.542717,-6.4296474,20.286345
12964,29-08-2026,2,RPZ,-4.0,test,-0.9713973,-11.428984,18.516945
12964,29-08-2026,3,MVJ,-2.0,test,0.18754733,-10.28069,19.783525
12964,29-08-2026,4,KIN,-3.0,test,-0.2978257,-9.414034,16.693523
12964,29-08-2026,6,MLGH,-1.0,test,0.9912549,-8.114445,18.303244
12964,29-08-2026,7,BUDI,-1.0,test,0.7022916,-8.289208,17.594042
12964,29-08-2026,8,KOTA,-14.0,test,-11.38273,-21.113148,5.733714
12964,29-08-2026,9,SWM,-10.0,test,-7.8918037,-15.494671,4.798627
12964,29-08-2026,10,GGC,-16.0,test,-14.135461,-21.539576,-2.847413
12964,29-08-2026,11,SMVJ,-17.0,test,-15.384219,-22.6079,-4.6224737
12964,29-08-2026,12,HAN,-16.0,test,-14.641446,-21.928535,-3.650484
12964,29-08-2026,13,BXN,-14.0,test,-12.853604,-20.230211,-1.5500851
12964,29-08-2026,14,BTE,-12.0,test,-11.265801,-18.670408,0.16819954
12964,29-08-2026,15,MTJ,-11.0,test,-10.91232,-18.312231,0.35160255
12964,29-08-2026,16,KSV,-16.0,test,-15.816332,-24.801388,-2.3920155
12964,29-08-2026,17,BVH,-1.0,test,-2.5098891,-9.91494,9.626455
12964,30-08-2026,1,UDZ,17.0,test,1.8748511,-6.0433183,18.045437
12964,30-08-2026,2,RPZ,13.0,test,-2.6597438,-12.625671,15.818554
12964,30-08-2026,3,MVJ,15.0,test,-0.7930578,-11.073616,18.224262
12964,30-08-2026,4,KIN,14.0,test,-1.9811069,-11.900764,16.234991
12964,30-08-2026,5,COR,15.0,test,-1.531506,-10.993133,15.973015
12964,30-08-2026,6,MLGH,18.0,test,1.1676172,-8.306435,19.274872
12964,30-08-2026,7,BUDI,17.0,test,-0.39448726,-9.430401,16.343891
12964,30-08-2026,8,KOTA,4.0,test,-12.509284,-21.84391,3.4319754
12964,30-08-2026,9,SWM,3.0,test,-13.624415,-21.05916,-2.0479918
12964,30-08-2026,10,GGC,-3.0,test,-19.88152,-28.63326,-6.5848618
12964,30-08-2026,11,SMVJ,-6.0,test,-22.799934,-30.49636,-12.1082
12964,30-08-2026,12,HAN,-7.0,test,-23.59485,-30.634016,-13.937954
12964,30-08-2026,13,BXN,-8.0,test,-24.621445,-31.6566,-14.9735775
12964,30-08-2026,14,BTE,-6.0,test,-22.96214,-29.966543,-13.494479
12964,30-08-2026,15,MTJ,3.0,test,-15.558705,-22.768744,-5.3256836
12964,30-08-2026,16,KSV,-10.0,test,-25.755804,-34.878014,-12.695485
12964,30-08-2026,17,BVH,2.0,test,-16.110004,-23.04752,-7.1138134
12964,31-08-2026,1,UDZ,5.0,test,2.5722146,-6.4070163,20.335941
12964,31-08-2026,2,RPZ,3.0,test,-0.009551404,-10.548853,19.801908
12964,31-08-2026,3,MVJ,3.0,test,-0.27357805,-11.069363,19.81564
12964,31-08-2026,4,KIN,2.0,test,-1.3747462,-11.591426,17.515493
12964,31-08-2026,5,COR,4.0,test,0.14414752,-9.541844,18.344162
12964,31-08-2026,6,MLGH,5.0,test,0.8696569,-8.488806,18.61942
12964,31-08-2026,7,BUDI,5.0,test,0.67395437,-8.375968,17.595137
12964,31-08-2026,8,KOTA,-8.0,test,-11.613904,-21.237713,5.1089544
12964,31-08-2026,9,SWM,-8.0,test,-11.601647,-19.06039,0.29384804
12964,31-08-2026,10,GGC,-15.0,test,-19.164865,-26.43574,-8.735139
12964,31-08-2026,11,SMVJ,-17.0,test,-20.791021,-27.88156,-10.909904
12964,31-08-2026,12,HAN,-18.0,test,-21.773636,-28.857296,-11.972607
12964,31-08-2026,13,BXN,-23.0,test,-26.51196,-34.07886,-16.157558
12964,31-08-2026,14,BTE,-26.0,test,-28.458763,-35.959877,-18.120155
12964,31-08-2026,15,MTJ,-11.0,test,-16.29047,-23.524479,-6.119095
12964,31-08-2026,16,KSV,-18.0,test,-23.048656,-31.396431,-11.854345
12964,31-08-2026,17,BVH,4.0,test,-3.319596,-10.671329,8.550184
12974,28-08-2026,1,JP,3.0,test,-4.202443,-12.156185,10.724955
12974,28-08-2026,2,DPA,-3.0,test,-10.3582945,-18.892372,4.7938185
12974,28-08-2026,3,SWM,9.0,test,0.7004787,-7.322831,16.152891
12974,28-08-2026,4,KOTA,2.0,test,-5.756855,-14.133446,9.390356
12974,28-08-2026,5,RMA,-8.0,test,-14.852277,-23.098598,-0.9753895
12974,28-08-2026,6,NAD,8.0,test,-2.233469,-9.209259,10.242411
12974,28-08-2026,7,UJN,4.0,test,-6.3831954,-13.0514555,4.953851
12974,28-08-2026,8,DWX,0.0,test,-10.339397,-17.77288,1.4899797
12974,30-08-2026,1,JP,-9.0,test,-5.3917265,-12.663662,8.43964
12974,30-08-2026,2,DPA,-13.0,test,-8.641627,-15.335861,3.4880314
12974,30-08-2026,3,SWM,-6.0,test,-2.5744336,-9.576817,10.664409
12974,30-08-2026,4,KOTA,-15.0,test,-10.999606,-18.65065,2.633213
12974,30-08-2026,5,RMA,-21.0,test,-16.00835,-22.887213,-5.097328
12974,30-08-2026,6,NAD,-13.0,test,-10.257059,-16.516672,-0.22472382
12974,30-08-2026,7,UJN,-17.0,test,-14.836064,-21.08477,-5.436346
12974,30-08-2026,8,DWX,-21.0,test,-18.338345,-25.468033,-8.253049
12980,28-08-2026,1,JP,8.0,test,0.33478272,-10.376675,20.727983
12980,28-08-2026,2,DPA,-6.0,test,-9.499225,-22.747799,13.681085
12980,28-08-2026,3,SWM,1.0,test,-6.1709814,-16.927174,12.674146
12980,28-08-2026,4,KOTA,5.0,test,-3.1218455,-13.767798,15.879425
12980,28-08-2026,5,NAD,8.0,test,-1.875266,-11.401156,14.7725
12980,28-08-2026,6,RTM,7.0,test,-2.725633,-12.078956,13.347348
12980,28-08-2026,7,MGN,5.0,test,-4.096046,-14.059586,12.588509
12980,28-08-2026,8,DHD,6.0,test,-3.484914,-12.977046,12.435226
12980,28-08-2026,9,GDA,8.0,test,-2.1054041,-11.554897,13.804691
12980,28-08-2026,10,BRC,-19.0,test,-16.935392,-28.796696,0.46108818
12980,28-08-2026,11,ST,-5.0,test,-12.148957,-21.375729,0.1500969
12980,28-08-2026,12,NVS,-12.0,test,-17.160246,-26.2536,-5.925354
12980,28-08-2026,13,BL,-40.0,test,-33.55171,-44.724407,-19.414623
12980,28-08-2026,14,VAPI,-35.0,test,-32.00735,-42.474823,-18.93674
12980,28-08-2026,15,PLG,-31.0,test,-28.18211,-37.83571,-16.36912
12980,28-08-2026,16,BVI,-22.0,test,-22.786125,-32.40336,-11.547491
12980,28-08-2026,17,ADH,-21.0,test,-22.257603,-31.40931,-11.59231
12980,31-08-2026,1,JP,-26.0,test,-5.3836293,-16.331348,14.205576
12980,31-08-2026,2,DPA,-33.0,test,-11.075845,-23.039902,9.442782
12980,31-08-2026,3,SWM,-22.0,test,-4.21043,-14.682255,14.493301
12980,31-08-2026,4,KOTA,-25.0,test,-5.5228233,-15.28917,11.552813
12980,31-08-2026,5,NAD,-18.0,test,-2.098577,-11.322214,14.008699
12980,31-08-2026,6,RTM,-18.0,test,-1.6944715,-11.295877,15.047688
12980,31-08-2026,7,MGN,-21.0,test,-3.9818044,-14.296093,13.308849
12980,31-08-2026,8,DHD,-20.0,test,-3.483442,-12.97963,12.44413
12980,31-08-2026,9,GDA,-18.0,test,-2.1054041,-11.554897,13.804691
12980,31-08-2026,10,BRC,-26.0,test,-6.130424,-17.411383,11.608974
12980,31-08-2026,11,ST,-19.0,test,-3.6893394,-12.921017,10.578833
12980,31-08-2026,12,NVS,-25.0,test,-7.305971,-17.662403,7.791065
12980,31-08-2026,13,BL,-27.0,test,-9.597252,-18.883127,3.0954676
12980,31-08-2026,14,VAPI,-27.0,test,-10.011008,-19.171562,2.2036934
12980,31-08-2026,15,PLG,-26.0,test,-9.692801,-18.828907,2.3188334
12980,31-08-2026,16,BVI,-19.0,test,-4.731468,-14.365909,9.033883
12980,31-08-2026,17,ADH,-18.0,test,-3.6965835,-13.299592,10.310402
12985,28-08-2026,1,JP,15.0,test,6.808873,-2.0590553,22.287563
12985,28-08-2026,2,GADJ,8.0,test,2.9127533,-7.0599966,18.96354
12985,28-08-2026,3,DO,5.0,test,0.8288764,-8.9129505,15.998491
12985,28-08-2026,4,AWR,-5.0,test,-6.275845,-17.493484,10.453629
12985,28-08-2026,5,GGN,9.0,test,3.5638778,-6.0210667,19.074102
12985,29-08-2026,1,JP,21.0,test,6.404163,-1.3695307,19.943377
12985,29-08-2026,2,GADJ,13.0,test,1.4712774,-9.137823,18.281166
12985,29-08-2026,3,DO,15.0,test,2.0695517,-7.4383373,17.038261
12985,29-08-2026,4,AWR,15.0,test,2.3854945,-7.7092066,18.652142
12985,29-08-2026,5,GGN,16.0,test,1.5839946,-6.7872906,14.530711
12985,30-08-2026,1,JP,0.0,test,6.607603,-1.5814333,20.897118
12985,30-08-2026,3,DO,-8.0,test,2.0066912,-8.868692,19.425962
12985,30-08-2026,4,AWR,-8.0,test,0.45052755,-8.651713,14.300012
12985,30-08-2026,5,GGN,-3.0,test,3.0546916,-5.1824284,16.077377
12985,31-08-2026,1,JP,-9.0,test,7.801922,-0.036481857,21.848433
12985,31-08-2026,2,GADJ,-16.0,test,3.298151,-6.594945,19.294128
12985,31-08-2026,3,DO,-16.0,test,2.8464704,-6.6668296,17.91541
12985,31-08-2026,4,AWR,-16.0,test,2.7552955,-6.843834,18.109648
12985,31-08-2026,5,GGN,-9.0,test,5.630553,-2.8963695,19.852558
12991,28-08-2026,0,UDZ,0.0,test,-3.6514094,-10.372711,9.226027
12991,28-08-2026,1,RPZ,-3.0,test,-5.996838,-14.731123,9.3971405
12991,28-08-2026,2,MVJ,-2.0,test,-4.574577,-13.690195,11.396303
12991,28-08-2026,3,FAN,-7.0,test,-9.65612,-18.807875,5.990101
12991,28-08-2026,4,KIN,-8.0,test,-10.618701,-19.156536,3.5894537
12991,28-08-2026,5,COR,-17.0,test,-19.407728,-28.120213,-5.70613
12991,28-08-2026,6,BHL,-13.0,test,-16.249882,-25.05179,-1.2583256
12991,28-08-2026,7,MDL,-12.0,test,-14.483599,-22.557213,-1.3071632
12991,28-08-2026,9,BJNR,-12.0,test,-15.239718,-22.921339,-3.4574842
12991,28-08-2026,10,NSD,-15.0,test,-17.542004,-25.25039,-6.113921
12991,28-08-2026,11,AII,-2.0,test,-7.532727,-15.069927,5.077022
12991,28-08-2026,12,KSG,-2.0,test,-8.069044,-15.653618,4.566697
12991,28-08-2026,13,FL,-1.0,test,-7.2343087,-14.375013,4.673596
12991,28-08-2026,14,JOB,-3.0,test,-8.938114,-16.651869,3.9614096
12991,29-08-2026,0,UDZ,-7.0,test,-2.521699,-10.566724,12.489591
12991,29-08-2026,1,RPZ,-9.0,test,-4.188545,-13.854196,13.0512085
12991,29-08-2026,2,MVJ,-22.0,test,-14.23482,-24.545845,2.3012934
12991,29-08-2026,3,FAN,-26.0,test,-18.550339,-27.21262,-5.4328384
12991,29-08-2026,4,KIN,-25.0,test,-17.73599,-26.896854,-3.7699432
12991,29-08-2026,5,COR,-31.0,test,-23.572598,-32.356598,-10.972328
12991,29-08-2026,6,BHL,-29.0,test,-21.688942,-30.396236,-8.987697
12991,29-08-2026,7,MDL,-28.0,test,-20.861162,-28.651968,-9.909554
12991,29-08-2026,9,BJNR,-23.0,test,-18.10832,-27.19776,-4.2058268
12991,29-08-2026,10,NSD,-26.0,test,-20.586773,-29.112442,-8.244475
12991,29-08-2026,12,KSG,-15.0,test,-11.932844,-19.27829,-0.4641466
12991,29-08-2026,13,FL,-11.0,test,-9.173921,-16.617243,2.961236
12991,29-08-2026,14,JOB,-24.0,test,-20.735521,-30.221626,-5.513891
12991,30-08-2026,0,UDZ,-15.0,test,-2.8989246,-9.663513,10.171678
12991,30-08-2026,1,RPZ,-20.0,test,-6.60296,-15.650639,9.192692
12991,30-08-2026,2,MVJ,-22.0,test,-8.179801,-17.523094,7.6477757
12991,30-08-2026,3,FAN,-26.0,test,-11.332465,-20.529842,3.790698
12991,30-08-2026,4,KIN,-26.0,test,-11.757602,-20.574955,2.627802
12991,30-08-2026,5,COR,-30.0,test,-15.889133,-23.85981,-3.5551481
12991,30-08-2026,6,BHL,-23.0,test,-10.7185755,-19.016926,3.041109
12991,30-08-2026,7,MDL,-25.0,test,-12.383374,-20.598698,0.92444515
12991,30-08-2026,9,BJNR,-21.0,test,-9.146384,-17.120214,4.2356806
12991,30-08-2026,10,NSD,-28.0,test,-14.807853,-22.45241,-3.2321959
12991,30-08-2026,11,AII,-15.0,test,-5.986951,-14.873467,10.348962
12991,30-08-2026,12,KSG,-16.0,test,-6.545547,-14.147703,6.334105
12991,30-08-2026,13,FL,-18.0,test,-8.165791,-15.820393,4.5735292
12991,30-08-2026,14,JOB,-21.0,test,-10.595078,-18.034328,1.4402342
12991,31-08-2026,0,UDZ,-3.0,test,-3.1414278,-11.172193,11.72761
12991,31-08-2026,1,RPZ,-5.0,test,-4.8925376,-14.490761,12.116905
12991,31-08-2026,2,MVJ,-4.0,test,-4.115453,-14.252019,13.888261
12991,31-08-2026,3,FAN,-9.0,test,-8.414565,-18.34462,8.627706
12991,31-08-2026,4,KIN,-9.0,test,-8.704149,-18.076214,7.1880474
12991,31-08-2026,5,COR,-12.0,test,-11.659925,-20.54096,2.9797535
12991,31-08-2026,6,BHL,-9.0,test,-9.251871,-18.143341,5.767658
12991,31-08-2026,7,MDL,-8.0,test,-8.401295,-17.309238,6.8176804
12991,31-08-2026,9,BJNR,-10.0,test,-13.201769,-23.533035,4.9316196
12991,31-08-2026,10,NSD,-19.0,test,-19.221478,-28.367416,-4.872239
12991,31-08-2026,11,AII,-2.0,test,-5.559607,-13.617502,8.60474
12991,31-08-2026,12,KSG,-6.0,test,-8.775148,-16.152178,3.275076
12991,31-08-2026,13,FL,-4.0,test,-7.5415854,-15.962694,6.356832
12991,31-08-2026,14,JOB,-15.0,test,-17.284992,-26.603035,-2.300766
14602,28-08-2026,1,HMH,-5.0,test,-4.8149405,-12.592163,6.307395
14602,28-08-2026,2,SDS,-13.0,test,-12.883647,-23.016804,0.5232229
14602,28-08-2026,3,SGNR,-6.0,test,-7.7560077,-16.296505,3.7435184
14602,28-08-2026,4,ABS,-4.0,test,-5.7105217,-12.904345,4.1185627
14602,28-08-2026,5,CWDA,-4.0,test,-5.6278467,-13.298197,4.983698
14602,28-08-2026,6,KUKA,-4.0,test,-5.9487257,-13.57769,4.467598
14602,28-08-2026,7,FKA,-12.0,test,-11.760969,-21.720287,2.114357
14602,28-08-2026,8,LDK,-11.0,test,-10.715125,-19.516087,0.9802418
14602,28-08-2026,9,JBD,-17.0,test,-16.2468,-25.77116,-4.0176992
14602,28-08-2026,10,GHS,-12.0,test,-11.878996,-20.688026,-0.33421135
14602,28-08-2026,11,FZP,-9.0,test,-11.663405,-19.921806,-1.1767044
14602,29-08-2026,1,HMH,5.0,test,-4.117768,-12.289684,7.8189206
14602,29-08-2026,2,SDS,5.0,test,-5.496135,-15.065168,8.1054
14602,29-08-2026,3,SGNR,1.0,test,-8.20806,-16.859304,3.4749737
14602,29-08-2026,4,ABS,6.0,test,-4.237136,-11.367759,5.819948
14602,29-08-2026,5,CWDA,5.0,test,-5.0149107,-12.292131,5.0726194
14602,29-08-2026,7,FKA,3.0,test,-7.1356115,-14.445007,2.6675634
14602,29-08-2026,8,LDK,3.0,test,-7.1136513,-14.507088,2.7852316
14602,29-08-2026,10,GHS,3.0,test,-8.078734,-16.151302,2.7484808
14602,29-08-2026,11,FZP,-10.0,test,-17.208717,-27.1504,-4.286319
14602,30-08-2026,1,HMH,-4.0,test,-3.517886,-12.070395,9.145013
14602,30-08-2026,2,SDS,-14.0,test,-12.37662,-22.717474,1.4039688
14602,30-08-2026,3,SGNR,-8.0,test,-8.746531,-17.41973,2.8092136
14602,30-08-2026,4,ABS,-4.0,test,-4.946223,-12.272648,5.295504
14602,30-08-2026,5,CWDA,-5.0,test,-5.6278467,-13.298197,4.983698
14602,30-08-2026,6,KUKA,-6.0,test,-6.693097,-14.494873,3.837945
14602,30-08-2026,7,FKA,-9.0,test,-9.0061035,-16.995502,1.6052189
14602,30-08-2026,8,LDK,-10.0,test,-9.868882,-17.504807,0.04354191
14602,30-08-2026,9,JBD,-10.0,test,-10.359283,-17.907078,-0.7223425
14602,30-08-2026,10,GHS,-8.0,test,-9.181908,-17.006296,1.126975
14602,30-08-2026,11,FZP,-5.0,test,-8.094295,-16.53236,3.109231
14602,31-08-2026,1,HMH,-2.0,test,-3.218768,-10.745551,7.9025297
14602,31-08-2026,2,SDS,-15.0,test,-14.758146,-25.33909,-0.7954531
14602,31-08-2026,3,SGNR,-5.0,test,-7.7479677,-16.178444,3.5734482
14602,31-08-2026,4,ABS,-2.0,test,-5.182113,-12.315271,4.63429
14602,31-08-2026,5,CWDA,-2.0,test,-4.8761706,-12.177472,5.296001
14602,31-08-2026,7,FKA,-9.0,test,-9.757277,-18.819225,2.4164762
14602,31-08-2026,8,LDK,-9.0,test,-10.588147,-18.623852,-0.12496185
14602,31-08-2026,9,JBD,-10.0,test,-11.831582,-19.759613,-1.7876072
14602,31-08-2026,10,GHS,-11.0,test,-13.02735,-20.710085,-3.4236355
14602,31-08-2026,11,FZP,-9.0,test,-12.542658,-20.685173,-2.3405457
14662,28-08-2026,1,JAT,-1.0,test,2.4838078,-9.122988,28.999647
14662,28-08-2026,2,SMBX,-3.0,test,-0.05801952,-11.678543,25.446314
14662,28-08-2026,3,MSKT,-5.0,test,-1.479277,-12.574572,23.026186
14662,28-08-2026,6,DZA,-7.0,test,-3.4690526,-15.191941,21.271122
14662,28-08-2026,7,JRC,-1.0,test,1.6917225,-10.420335,27.555878
14662,28-08-2026,8,PGW,-4.0,test,-0.85284126,-13.145518,24.953135
14662,28-08-2026,9,LDH,-4.0,test,-1.3166875,-13.102656,22.986885
14662,28-08-2026,10,KNN,-1.0,test,0.84931386,-11.153945,25.941557
14662,28-08-2026,11,SIR,-8.0,test,-6.338915,-19.274065,20.345415
14662,28-08-2026,12,RPJ,-4.0,test,-1.7146367,-13.993757,23.728521
14662,28-08-2026,13,UBC,-3.0,test,-0.9591726,-12.994929,23.754446
14662,28-08-2026,14,UMB,-13.0,test,-10.206571,-23.50972,16.817497
14662,28-08-2026,15,JUDW,-18.0,test,-16.358826,-27.624142,5.0256405
14662,28-08-2026,16,YJUD,-19.0,test,-17.13638,-27.828344,2.9355412
14662,28-08-2026,17,SRE,-1.0,test,0.3436333,-11.178816,23.892797
14662,28-08-2026,18,DBD,-3.0,test,-1.7386421,-13.106363,21.065943
14662,28-08-2026,19,MOZ,-4.0,test,-2.7792857,-14.044208,19.617828
14662,28-08-2026,20,KAT,-5.0,test,-4.0962777,-15.33728,18.026611
14662,28-08-2026,21,SKF,-10.0,test,-9.137166,-21.256748,13.945266
14662,28-08-2026,22,MUT,-11.0,test,-10.238456,-21.092567,10.245534
14662,28-08-2026,23,MTC,-9.0,test,-8.220701,-19.186714,12.764399
14662,28-08-2026,24,MDNR,-13.0,test,-12.703126,-23.879137,7.8008375
14662,28-08-2026,25,MUD,-16.0,test,-15.826007,-26.887627,4.0981607
14662,28-08-2026,27,GZB,-26.0,test,-25.81863,-37.21987,-5.763195
14662,28-08-2026,28,DLI,-27.0,test,-27.178308,-37.127045,-10.972988
14662,28-08-2026,29,DEE,-28.0,test,-28.685404,-38.67494,-12.39625
14662,28-08-2026,30,DEC,-28.0,test,-28.73391,-38.999577,-12.156849
14662,28-08-2026,31,PM,-29.0,test,-30.104992,-40.573254,-12.7772045
14662,28-08-2026,32,GGN,-28.0,test,-29.475441,-40.622387,-9.972128
14662,28-08-2026,33,GHH,-31.0,test,-33.169884,-43.78929,-14.894758
14662,28-08-2026,34,PTRD,-23.0,test,-24.657032,-35.644913,-4.913601
14662,28-08-2026,35,KIP,-26.0,test,-28.116713,-38.865753,-9.469225
14662,28-08-2026,36,RE,-5.0,test,-6.640272,-17.321054,12.837009
14662,28-08-2026,37,BWL,-4.0,test,-5.397925,-16.516808,15.277742
14662,28-08-2026,39,KRH,-9.0,test,-10.773343,-21.53765,8.0383215
14662,28-08-2026,40,AWR,-11.0,test,-12.306744,-23.281326,6.9731407
14662,28-08-2026,41,MKH,-9.0,test,-10.871467,-22.46671,10.889829
14662,28-08-2026,42,RHG,-10.0,test,-12.0181875,-23.122427,8.239554
14662,28-08-2026,43,BU,-9.0,test,-11.258051,-22.120419,8.430878
14662,28-08-2026,44,BKI,-10.0,test,-12.10141,-22.803589,6.9984417
14662,28-08-2026,45,DO,-11.0,test,-12.336741,-22.992641,6.060849
14662,28-08-2026,46,GTJT,-16.0,test,-18.411955,-28.870405,-1.0543766
14662,28-08-2026,47,GADJ,-16.0,test,-18.850313,-28.932425,-1.9673653
14662,28-08-2026,48,JP,-6.0,test,-9.972689,-20.304806,9.048346
14662,28-08-2026,49,JOB,-4.0,test,-8.369406,-18.43842,10.281336
14662,28-08-2026,50,FL,-1.0,test,-5.6668763,-15.371841,12.637447
14662,28-08-2026,51,KMNC,-1.0,test,-5.0447645,-13.540913,10.761578
14662,28-08-2026,52,MKN,-1.0,test,-4.6836724,-12.474559,9.656122
14662,28-08-2026,53,DNA,-1.0,test,-4.1088376,-10.22149,7.091599
14662,28-08-2026,54,MTD,-1.0,test,-4.1567,-9.512386,5.531809
14662,28-08-2026,55,RKB,-15.0,test,-18.074175,-25.976501,-6.078457
14662,28-08-2026,56,JU,-6.0,test,-9.388662,-15.736977,0.79356384
14662,28-08-2026,57,BANE,-8.0,test,-10.878026,-16.030794,-2.9830422
14662,28-08-2026,58,LUNI,-2.0,test,-6.6192703,-11.796793,1.9447918
14662,28-08-2026,59,DOR,-20.0,test,-22.740557,-29.958513,-11.775547
14662,28-08-2026,60,SMR,-16.0,test,-19.303782,-26.116175,-9.502075
14662,28-08-2026,61,BLT,-12.0,test,-15.475495,-21.331318,-7.856845
14662,28-08-2026,62,BUT,-16.0,test,-19.904682,-26.834017,-10.915082
14662,28-08-2026,63,UTL,-23.0,test,-25.978153,-34.109856,-15.308026
14662,29-08-2026,1,JAT,-3.0,test,2.47635,-9.175852,29.083353
14662,29-08-2026,2,SMBX,-8.0,test,-2.9369004,-16.32558,25.9487
14662,29-08-2026,3,MSKT,-10.0,test,-4.412933,-16.174936,21.299915
14662,29-08-2026,4,PTKC,-12.0,test,-6.533469,-18.46883,18.868618
14662,29-08-2026,5,MEX,-12.0,test,-6.3593197,-18.146057,18.458403
14662,29-08-2026,6,DZA,-12.0,test,-6.0756474,-17.690113,18.332148
14662,29-08-2026,7,JRC,-5.0,test,-0.09209287,-12.002196,25.151815
14662,29-08-2026,8,PGW,-7.0,test,-1.5994986,-13.298696,23.107176
14662,29-08-2026,9,LDH,-10.0,test,-4.4416056,-16.382275,19.721458
14662,29-08-2026,10,KNN,-10.0,test,-4.9029083,-16.925886,19.527393
14662,29-08-2026,11,SIR,-18.0,test,-14.161208,-27.297699,12.420735
14662,29-08-2026,12,RPJ,-19.0,test,-14.611323,-25.959986,7.4677553
14662,29-08-2026,13,UBC,-15.0,test,-9.946344,-21.202982,12.07424
14662,29-08-2026,14,UMB,-3.0,test,1.2146426,-10.4506855,25.309984
14662,29-08-2026,15,JUDW,-6.0,test,-1.8858212,-13.432461,21.527525
14662,29-08-2026,16,YJUD,-7.0,test,-2.8702142,-14.162948,19.783438
14662,29-08-2026,17,SRE,-3.0,test,0.29668725,-11.219503,23.82203
14662,29-08-2026,18,DBD,-6.0,test,-2.7033722,-14.02658,19.905476
14662,29-08-2026,19,MOZ,-5.0,test,-1.7988509,-13.10877,20.80135
14662,29-08-2026,20,KAT,-6.0,test,-3.1165302,-14.402832,19.217718
14662,29-08-2026,21,SKF,-11.0,test,-7.9331245,-20.512653,16.4525
14662,29-08-2026,22,MUT,-13.0,test,-10.321187,-21.451815,10.639852
14662,29-08-2026,23,MTC,-14.0,test,-11.459186,-22.248306,8.773641
14662,29-08-2026,24,MDNR,-13.0,test,-10.55251,-21.170517,9.29214
14662,29-08-2026,25,MUD,-18.0,test,-15.745523,-27.472431,5.776594
14662,29-08-2026,27,GZB,-15.0,test,-13.088808,-23.452587,5.8512325
14662,29-08-2026,28,DLI,-59.0,test,-56.14699,-66.68794,-38.55628
14662,29-08-2026,29,DEE,-59.0,test,-56.35095,-66.472755,-39.842945
14662,29-08-2026,30,DEC,-62.0,test,-58.300922,-68.514885,-41.54895
14662,29-08-2026,31,PM,-64.0,test,-58.44679,-68.552475,-41.849094
14662,29-08-2026,32,GGN,-63.0,test,-57.269047,-67.205666,-40.983803
14662,29-08-2026,33,GHH,-66.0,test,-59.29369,-69.49504,-42.52878
14662,29-08-2026,34,PTRD,-64.0,test,-56.975468,-67.00732,-40.68251
14662,29-08-2026,35,KIP,-65.0,test,-58.223545,-68.349815,-41.672894
14662,29-08-2026,36,RE,-41.0,test,-39.21187,-48.62774,-25.446114
14662,29-08-2026,37,BWL,-41.0,test,-40.312664,-50.302254,-25.475155
14662,29-08-2026,38,HSI,-55.0,test,-53.84019,-64.80739,-36.902916
14662,29-08-2026,39,KRH,-58.0,test,-54.859997,-65.29301,-38.480415
14662,29-08-2026,40,AWR,-65.0,test,-59.838696,-70.78594,-42.31902
14662,29-08-2026,41,MKH,-67.0,test,-60.753376,-71.542755,-43.281174
14662,29-08-2026,42,RHG,-69.0,test,-61.29549,-72.15573,-43.693813
14662,29-08-2026,43,BU,-69.0,test,-62.043888,-72.98192,-44.24974
14662,29-08-2026,44,BKI,-68.0,test,-61.498894,-72.39468,-43.823006
14662,29-08-2026,45,DO,-70.0,test,-63.3546,-74.423096,-45.27124
14662,29-08-2026,46,GTJT,-73.0,test,-64.35885,-75.64439,-45.946117
14662,29-08-2026,47,GADJ,-74.0,test,-64.82323,-76.006424,-46.4405
14662,29-08-2026,48,JP,-57.0,test,-52.433155,-62.559666,-36.580177
14662,29-08-2026,49,JOB,-56.0,test,-50.52537,-60.359898,-35.189537
14662,29-08-2026,50,FL,-41.0,test,-38.311092,-47.306015,-25.336271
14662,29-08-2026,51,KMNC,-30.0,test,-27.270897,-34.639572,-16.870083
14662,29-08-2026,52,MKN,-30.0,test,-26.412714,-33.206387,-16.890675
14662,29-08-2026,53,DNA,-48.0,test,-39.861046,-48.402023,-26.89664
14662,29-08-2026,54,MTD,-52.0,test,-38.24416,-45.36705,-26.909111
14662,29-08-2026,55,RKB,-54.0,test,-45.55183,-55.049877,-31.107788
14662,29-08-2026,56,JU,-53.0,test,-41.448067,-49.742607,-28.65543
14662,29-08-2026,57,BANE,-57.0,test,-42.155315,-49.93165,-29.744013
14662,29-08-2026,58,LUNI,-57.0,test,-42.689613,-51.083694,-29.680191
14662,29-08-2026,59,DOR,-39.0,test,-30.293766,-37.356632,-20.130157
14662,29-08-2026,60,SMR,-36.0,test,-28.820934,-35.51959,-19.16618
14662,29-08-2026,61,BLT,-20.0,test,-19.264572,-25.362137,-11.406296
14662,29-08-2026,62,BUT,-20.0,test,-20.214909,-26.897253,-11.657743
14662,29-08-2026,63,UTL,-27.0,test,-27.24588,-35.201122,-16.51074
14662,30-08-2026,1,JAT,23.0,test,-9.244144,-19.971146,14.560337
14662,30-08-2026,2,SMBX,14.0,test,-19.903463,-32.850456,6.789179
14662,30-08-2026,3,MSKT,13.0,test,-21.103672,-32.354507,2.1332016
14662,30-08-2026,4,PTKC,9.0,test,-25.420803,-36.063675,-4.113968
14662,30-08-2026,5,MEX,6.0,test,-28.235687,-39.38006,-6.809326
14662,30-08-2026,6,DZA,-10.0,test,-46.54726,-58.23424,-24.652176
14662,30-08-2026,7,JRC,-2.0,test,-37.405872,-48.182262,-17.788925
14662,30-08-2026,8,PGW,-4.0,test,-39.078426,-49.416363,-20.541468
14662,30-08-2026,9,LDH,9.0,test,-25.44569,-36.33328,-5.2614746
14662,30-08-2026,10,KNN,16.0,test,-18.841963,-31.869349,7.18087
14662,30-08-2026,11,SIR,16.0,test,-19.619593,-31.349922,3.5452976
14662,30-08-2026,12,RPJ,17.0,test,-17.681149,-28.747097,3.6324196
14662,30-08-2026,13,UBC,23.0,test,-10.855574,-22.179401,11.140165
14662,30-08-2026,14,UMB,35.0,test,0.24746573,-11.122674,23.59283
14662,30-08-2026,15,JUDW,31.0,test,-3.811931,-15.881547,20.196198
14662,30-08-2026,16,YJUD,30.0,test,-4.856661,-16.113781,17.511301
14662,30-08-2026,17,SRE,36.0,test,0.31131184,-11.207379,23.844778
14662,30-08-2026,18,DBD,35.0,test,-0.77354753,-12.183754,22.22517
14662,30-08-2026,19,MOZ,34.0,test,-1.7988547,-13.108772,20.801342
14662,30-08-2026,20,KAT,30.0,test,-6.0487785,-17.196972,15.64912
14662,30-08-2026,21,SKF,26.0,test,-10.175372,-21.33557,10.938573
14662,30-08-2026,22,MUT,25.0,test,-11.2390175,-22.028978,9.00201
14662,30-08-2026,23,MTC,26.0,test,-10.269146,-21.123041,10.225098
14662,30-08-2026,24,MDNR,22.0,test,-14.594362,-25.129425,4.613167
14662,30-08-2026,25,MUD,19.0,test,-17.701672,-28.12753,0.94018364
14662,30-08-2026,27,GZB,12.0,test,-25.047588,-36.3701,-5.309822
14662,30-08-2026,28,DLI,-5.0,test,-42.23136,-53.55632,-22.832321
14662,30-08-2026,29,DEE,-33.0,test,-67.67589,-79.248436,-48.492897
14662,30-08-2026,30,DEC,-35.0,test,-69.13068,-80.64567,-49.84146
14662,30-08-2026,31,PM,-43.0,test,-75.246735,-87.73223,-54.216576
14662,30-08-2026,32,GGN,-43.0,test,-74.49822,-86.864876,-53.809162
14662,30-08-2026,33,GHH,-47.0,test,-76.927315,-89.769646,-55.52157
14662,30-08-2026,34,PTRD,-45.0,test,-71.72353,-83.781715,-51.776115
14662,30-08-2026,35,KIP,-47.0,test,-75.058235,-87.64532,-54.18602
14662,30-08-2026,36,RE,-23.0,test,-56.602722,-66.981834,-40.031487
14662,30-08-2026,37,BWL,-23.0,test,-57.34697,-67.69269,-40.697773
14662,30-08-2026,38,HSI,-35.0,test,-67.047264,-78.811066,-47.727333
14662,30-08-2026,39,KRH,-40.0,test,-71.46189,-83.523926,-51.38875
14662,30-08-2026,40,AWR,-49.0,test,-77.76682,-90.82701,-55.97381
14662,30-08-2026,41,MKH,-47.0,test,-75.23075,-87.93047,-54.195057
14662,30-08-2026,42,RHG,-49.0,test,-75.96281,-88.79495,-54.73536
14662,30-08-2026,43,BU,-49.0,test,-75.63822,-88.420006,-54.505722
14662,30-08-2026,44,BKI,-57.0,test,-82.08873,-95.91799,-59.16397
14662,30-08-2026,45,DO,-60.0,test,-83.931854,-98.08097,-60.514374
14662,30-08-2026,46,GTJT,-86.0,test,-98.882675,-115.399994,-71.28521
14662,30-08-2026,47,GADJ,-90.0,test,-103.16732,-120.43273,-74.610954
14662,30-08-2026,48,JP,-76.0,test,-91.63299,-107.04518,-66.143585
14662,30-08-2026,49,JOB,-74.0,test,-85.65387,-100.080666,-61.823742
14662,30-08-2026,50,FL,-56.0,test,-70.783806,-82.790215,-50.942528
14662,30-08-2026,51,KMNC,-45.0,test,-60.91755,-71.353355,-43.727413
14662,30-08-2026,52,MKN,-45.0,test,-60.19711,-70.49825,-43.208755
14662,30-08-2026,53,DNA,-37.0,test,-53.56525,-62.807144,-38.358986
14662,30-08-2026,54,MTD,-35.0,test,-52.227085,-61.261642,-37.370438
14662,30-08-2026,55,RKB,-46.0,test,-62.95174,-73.95185,-44.827164
14662,30-08-2026,56,JU,-45.0,test,-60.78098,-71.36726,-43.366608
14662,30-08-2026,57,BANE,-46.0,test,-61.252655,-71.938995,-43.709007
14662,30-08-2026,58,LUNI,-41.0,test,-58.032917,-68.22071,-41.40705
14662,30-08-2026,59,DOR,-32.0,test,-50.842834,-60.012554,-36.088837
14662,30-08-2026,60,SMR,-26.0,test,-46.664658,-55.19966,-33.026054
14662,30-08-2026,61,BLT,-8.0,test,-35.781452,-43.3069,-24.477764
14662,30-08-2026,62,BUT,-31.0,test,-54.34516,-64.70802,-38.034744
14662,30-08-2026,63,UTL,-25.0,test,-49.206875,-58.514694,-34.52101
14662,31-08-2026,1,JAT,-2.0,test,1.8939677,-9.2666855,27.625937
14662,31-08-2026,2,SMBX,-6.0,test,-2.7689807,-15.838656,25.42453
14662,31-08-2026,3,MSKT,-9.0,test,-5.3362985,-16.932571,19.897642
14662,31-08-2026,4,PTKC,-10.0,test,-6.410199,-17.911818,18.164646
14662,31-08-2026,5,MEX,-12.0,test,-8.318457,-19.944918,15.953352
14662,31-08-2026,6,DZA,-13.0,test,-9.111892,-20.602472,14.657121
14662,31-08-2026,7,JRC,-1.0,test,1.7331544,-10.243073,27.319908
14662,31-08-2026,8,PGW,-3.0,test,0.011113288,-12.122024,25.638288
14662,31-08-2026,9,LDH,-2.0,test,0.5467464,-11.203391,25.087011
14662,31-08-2026,10,KNN,-2.0,test,-0.2791046,-12.606962,25.411028
14662,31-08-2026,11,SIR,-8.0,test,-5.961631,-18.211777,19.132538
14662,31-08-2026,12,RPJ,-5.0,test,-2.9968398,-15.548002,23.324993
14662,31-08-2026,13,UBC,-3.0,test,-0.63408554,-12.194894,23.084892
14662,31-08-2026,14,UMB,-2.0,test,0.10003722,-11.24867,23.392214
14662,31-08-2026,15,JUDW,-10.0,test,-7.473046,-20.543808,18.790401
14662,31-08-2026,16,YJUD,-12.0,test,-9.8163395,-21.473282,12.88147
14662,31-08-2026,17,SRE,-3.0,test,-1.5519379,-13.020003,21.621212
14662,31-08-2026,18,DBD,-3.0,test,-1.754424,-13.107957,21.00724
14662,31-08-2026,19,MOZ,-4.0,test,-2.7986085,-14.057411,19.576132
14662,31-08-2026,20,KAT,-5.0,test,-4.122802,-15.352764,17.965374
14662,31-08-2026,21,SKF,-9.0,test,-8.183357,-20.338566,15.077328
14662,31-08-2026,22,MUT,-11.0,test,-10.246428,-21.349957,10.658968
14662,31-08-2026,23,MTC,-11.0,test,-9.983368,-20.889553,10.69224
14662,31-08-2026,24,MDNR,-21.0,test,-20.64413,-31.40462,-1.181982
14662,31-08-2026,25,MUD,-25.0,test,-25.166117,-35.216675,-7.8941746
14662,31-08-2026,27,GZB,-39.0,test,-39.40539,-50.54273,-20.042707
14662,31-08-2026,28,DLI,-42.0,test,-42.893143,-53.66868,-24.833931
14662,31-08-2026,29,DEE,-48.0,test,-48.169796,-57.341915,-32.546642
14662,31-08-2026,30,DEC,-50.0,test,-49.161587,-57.618214,-34.340126
14662,31-08-2026,31,PM,-52.0,test,-51.526134,-61.702072,-35.228817
14662,31-08-2026,32,GGN,-52.0,test,-53.405178,-63.814827,-36.87448
14662,31-08-2026,33,GHH,-56.0,test,-56.9037,-67.16826,-40.273598
14662,31-08-2026,34,PTRD,-49.0,test,-48.467304,-58.078773,-33.627125
14662,31-08-2026,35,KIP,-49.0,test,-48.67079,-58.50389,-33.607037
14662,31-08-2026,36,RE,-26.0,test,-26.731737,-36.446655,-11.750713
14662,31-08-2026,37,BWL,-26.0,test,-27.21554,-37.082443,-11.790163
14662,31-08-2026,38,HSI,-26.0,test,-26.912271,-36.77294,-12.100461
14662,31-08-2026,39,KRH,-30.0,test,-30.756767,-40.52214,-16.40982
14662,31-08-2026,40,AWR,-33.0,test,-35.186054,-45.4681,-18.658188
14662,31-08-2026,41,MKH,-32.0,test,-34.18568,-44.604073,-17.43534
14662,31-08-2026,42,RHG,-33.0,test,-35.49433,-45.810944,-19.141853
14662,31-08-2026,44,BKI,-43.0,test,-45.54076,-56.049385,-29.604166
14662,31-08-2026,45,DO,-45.0,test,-46.882366,-56.989613,-31.73622
14662,31-08-2026,46,GTJT,-53.0,test,-49.15147,-59.38562,-33.67958
14662,31-08-2026,47,GADJ,-54.0,test,-51.615765,-61.73066,-35.92964
14662,31-08-2026,48,JP,-37.0,test,-39.15123,-48.76072,-24.917934
14662,31-08-2026,49,JOB,-38.0,test,-39.015877,-48.42435,-25.350014
14662,31-08-2026,50,FL,-17.0,test,-19.981613,-29.082714,-4.9607124
14662,31-08-2026,51,KMNC,-7.0,test,-10.012344,-18.109686,4.165841
14662,31-08-2026,52,MKN,-6.0,test,-8.813797,-16.196968,4.0371685
14662,31-08-2026,53,DNA,-5.0,test,-7.329668,-13.183367,2.8226995
14662,31-08-2026,54,MTD,-2.0,test,-4.9645987,-10.267195,4.480051
14662,31-08-2026,55,RKB,-2.0,test,-5.511865,-10.378279,2.6506686
14662,31-08-2026,56,JU,-3.0,test,-6.6232285,-11.45472,1.3556919
14662,31-08-2026,57,BANE,-4.0,test,-7.771485,-12.695936,0.30457258
14662,31-08-2026,59,DOR,-15.0,test,-19.033577,-26.310862,-7.593642
14662,31-08-2026,60,SMR,-16.0,test,-19.034475,-25.615353,-9.9027605
14662,31-08-2026,61,BLT,-11.0,test,-14.688415,-20.548822,-6.9226894
14662,31-08-2026,62,BUT,-12.0,test,-16.27695,-22.642029,-7.8058805
14662,31-08-2026,63,UTL,-24.0,test,-26.094086,-33.807674,-15.592027
14701,28-08-2026,1,SGNR,-20.0,test,-4.520287,-15.176867,22.804565
14701,28-08-2026,2,SDS,-25.0,test,-9.835937,-22.98632,21.179676
14701,28-08-2026,3,HMH,-28.0,test,-13.010017,-25.57894,16.519615
14701,28-08-2026,4,HMO,-28.0,test,-13.24585,-25.119719,14.751471
14701,28-08-2026,5,ENB,-23.0,test,-8.463136,-20.182426,19.54266
14701,28-08-2026,6,NHR,-20.0,test,-5.1636295,-16.788933,22.855959
14701,28-08-2026,7,GAMI,-21.0,test,-6.022479,-17.349918,21.327423
14701,28-08-2026,8,TSD,-24.0,test,-8.166612,-19.679811,18.895409
14701,28-08-2026,9,SDLP,-31.0,test,-14.647805,-25.96762,10.89144
14701,28-08-2026,10,CUR,-29.0,test,-14.072607,-25.110828,11.432238
14701,28-08-2026,11,BUB,-33.0,test,-18.247427,-28.252958,4.7356625
14701,28-08-2026,12,RSWT,-31.0,test,-16.161676,-26.077063,6.5830517
14701,28-08-2026,13,FPS,-38.0,test,-22.964096,-33.835373,1.1124077
14701,28-08-2026,14,LNH,-38.0,test,-23.378275,-33.049953,-1.6207695
14701,28-08-2026,15,SIKR,-30.0,test,-16.399446,-26.289371,6.33243
14701,28-08-2026,16,PLSN,-30.0,test,-16.20813,-25.881046,5.8078117
14701,28-08-2026,17,RGS,-30.0,test,-16.420668,-26.134274,5.642481
14701,28-08-2026,18,GND,-33.0,test,-20.123175,-30.058815,1.9627476
14701,28-08-2026,19,COM,-32.0,test,-19.088732,-28.73751,2.515257
14701,28-08-2026,20,DKBJ,-29.0,test,-16.27626,-25.829287,5.4159317
14701,28-08-2026,21,JP,-20.0,test,-7.6346164,-18.18131,16.36687
14701,28-08-2026,22,JOB,-21.0,test,-8.642498,-18.476812,13.881685
14701,28-08-2026,23,FL,-26.0,test,-13.494145,-23.492355,8.580964
14701,28-08-2026,24,NRI,-27.0,test,-14.428418,-23.837986,6.413085
14701,28-08-2026,25,KSG,-27.0,test,-14.089438,-23.636402,6.65586
14701,28-08-2026,26,AII,-22.0,test,-8.923876,-18.694351,12.275667
14701,28-08-2026,27,BER,-21.0,test,-7.8208714,-17.677725,13.47574
14701,28-08-2026,28,SOD,-21.0,test,-6.868239,-16.708092,13.993782
14701,28-08-2026,29,MJ,-21.0,test,-6.628854,-16.610306,14.296029
14701,28-08-2026,30,SOS,-23.0,test,-8.854375,-18.914097,12.1515665
14701,28-08-2026,31,JAL,-22.0,test,-7.8768077,-17.75348,12.641209
14701,28-08-2026,32,RANI,-23.0,test,-8.44383,-18.26076,11.628976
14701,28-08-2026,33,FA,-22.0,test,-7.3187714,-17.569935,14.1511345
14701,28-08-2026,34,SJWB,-24.0,test,-9.515855,-20.142578,12.982596
14701,28-08-2026,35,MOI,-24.0,test,-9.410798,-19.5634,11.707664
14701,28-08-2026,36,NANA,-23.0,test,-8.338654,-18.660069,13.073948
14701,28-08-2026,37,PDWA,-23.0,test,-8.322111,-18.724285,13.39229
14701,28-08-2026,38,SRPJ,-24.0,test,-9.418599,-19.695719,11.870816
14701,28-08-2026,39,ABR,-21.0,test,-6.2750583,-16.6367,15.200277
14701,28-08-2026,40,PNU,-20.0,test,-4.8094034,-14.9725065,16.332737
14701,28-08-2026,41,CHP,-20.0,test,-5.089264,-15.002628,15.340622
14701,28-08-2026,42,SID,-20.0,test,-4.991602,-14.797538,15.1828785
14701,28-08-2026,43,UJA,-20.0,test,-5.072917,-14.734097,14.881871
14701,28-08-2026,44,MSH,-20.0,test,-4.8943386,-14.244836,14.394749
14701,28-08-2026,45,KLL,-20.0,test,-4.9166803,-13.42038,12.502227
14701,28-08-2026,46,SBIB,-36.0,test,-18.991547,-27.225834,-3.8023682
14701,28-08-2026,47,ADI,-39.0,test,-20.20858,-25.32618,-11.653002
14701,28-08-2026,48,ND,-24.0,test,-8.778359,-13.867137,1.2064648
14701,28-08-2026,50,BRC,-28.0,test,-12.664599,-17.647547,-3.09511
14701,28-08-2026,52,ST,-20.0,test,-7.455231,-13.155006,3.7772279
14701,28-08-2026,53,NVS,-28.0,test,-14.094519,-21.014946,-1.1276455
14701,28-08-2026,55,DRD,-26.0,test,-12.652458,-18.812786,-1.7810879
14701,28-08-2026,56,BVI,-32.0,test,-18.98489,-26.36729,-6.639001
14701,28-08-2026,57,ADH,-26.0,test,-13.815342,-20.063883,-2.9892645
14701,29-08-2026,1,SGNR,-4.0,test,-3.4755104,-14.247073,23.99554
14701,29-08-2026,2,SDS,-17.0,test,-19.435144,-32.856228,11.406473
14701,29-08-2026,3,HMH,-17.0,test,-19.172356,-30.63359,7.5124016
14701,29-08-2026,4,HMO,-16.0,test,-17.641178,-29.036552,9.197954
14701,29-08-2026,5,ENB,-10.0,test,-11.956881,-23.216007,15.171141
14701,29-08-2026,6,NHR,-6.0,test,-7.7657566,-19.108908,19.605167
14701,29-08-2026,7,GAMI,-34.0,test,-34.82562,-46.476006,-8.440954
14701,29-08-2026,8,TSD,-36.0,test,-36.698246,-47.288628,-12.913422
14701,29-08-2026,9,SDLP,-26.0,test,-27.472038,-38.016754,-4.314728
14701,29-08-2026,10,CUR,-13.0,test,-15.516153,-25.938007,8.614767
14701,29-08-2026,11,BUB,-17.0,test,-18.967697,-29.021511,4.0522995
14701,29-08-2026,12,RSWT,-18.0,test,-19.927782,-29.79097,2.464653
14701,29-08-2026,13,FPS,-26.0,test,-27.982508,-38.859184,-4.1140537
14701,29-08-2026,14,LNH,-28.0,test,-30.703638,-40.106007,-9.961592
14701,29-08-2026,15,SIKR,-21.0,test,-24.631659,-34.24774,-3.052145
14701,29-08-2026,16,PLSN,-20.0,test,-23.605373,-33.04729,-2.4956818
14701,29-08-2026,17,RGS,-21.0,test,-24.519592,-34.7359,-2.1322403
14701,29-08-2026,18,GND,-24.0,test,-27.38129,-37.312454,-5.713356
14701,29-08-2026,19,COM,-24.0,test,-27.526272,-37.49164,-5.959484
14701,29-08-2026,20,DKBJ,-21.0,test,-24.664555,-34.689194,-2.7896194
14701,29-08-2026,21,JP,-13.0,test,-17.24851,-27.483068,5.3857937
14701,29-08-2026,22,JOB,-14.0,test,-18.440308,-28.561491,3.6554832
14701,29-08-2026,23,FL,-23.0,test,-27.475393,-38.009846,-5.3759365
14701,29-08-2026,24,NRI,-24.0,test,-28.11059,-36.86631,-9.709248
14701,29-08-2026,25,KSG,-24.0,test,-28.074783,-37.036873,-9.623554
14701,29-08-2026,26,AII,-6.0,test,-9.746924,-19.378372,11.03003
14701,29-08-2026,27,BER,-4.0,test,-7.8044105,-17.6418,13.440191
14701,29-08-2026,28,SOD,-6.0,test,-8.755123,-18.459873,11.685688
14701,29-08-2026,29,MJ,-3.0,test,-5.5370274,-15.480176,15.437504
14701,29-08-2026,30,SOS,-3.0,test,-5.915682,-16.181267,15.835884
14701,29-08-2026,31,JAL,-5.0,test,-7.911334,-17.73599,12.454339
14701,29-08-2026,32,RANI,-6.0,test,-8.453945,-18.229681,11.498264
14701,29-08-2026,33,FA,-4.0,test,-6.553376,-16.866945,15.062816
14701,29-08-2026,34,SJWB,-5.0,test,-7.593412,-18.333397,15.310785
14701,29-08-2026,35,MOI,-5.0,test,-7.618488,-18.040625,14.370878
14701,29-08-2026,36,NANA,-6.0,test,-8.328737,-18.65347,13.094427
14701,29-08-2026,37,PDWA,-6.0,test,-8.31175,-18.71701,13.412998
14701,29-08-2026,38,SRPJ,-6.0,test,-8.4590025,-18.796318,13.046941
14701,29-08-2026,39,ABR,-3.0,test,-5.223214,-15.618662,16.46096
14701,29-08-2026,40,PNU,-3.0,test,-4.797393,-14.961329,16.347946
14701,29-08-2026,41,CHP,-3.0,test,-5.0745287,-14.990507,15.36399
14701,29-08-2026,42,SID,-4.0,test,-5.6779184,-15.413585,14.2791815
14701,29-08-2026,43,UJA,-3.0,test,-5.0498996,-14.708109,14.896559
14701,29-08-2026,44,MSH,-4.0,test,-5.8412066,-15.11224,13.162328
14701,29-08-2026,45,KLL,-3.0,test,-4.76797,-13.207453,12.499372
14701,29-08-2026,46,SBIB,-7.0,test,-8.283336,-16.363613,7.5510473
14701,29-08-2026,47,ADI,-11.0,test,-11.611116,-17.25951,-0.6899309
14701,29-08-2026,48,ND,-3.0,test,-5.7726417,-11.3230915,5.5261474
14701,29-08-2026,49,ANND,-13.0,test,-13.971898,-20.999914,-0.67622375
14701,29-08-2026,50,BRC,-4.0,test,-7.372563,-13.323614,5.047731
14701,29-08-2026,51,BH,-3.0,test,-6.6946335,-12.229433,4.342126
14701,29-08-2026,52,ST,-4.0,test,-8.194291,-14.059531,3.330821
14701,29-08-2026,53,NVS,-12.0,test,-14.882281,-21.82605,-2.0201912
14701,29-08-2026,54,VAPI,-19.0,test,-21.004076,-28.007465,-9.203974
14701,29-08-2026,55,DRD,-22.0,test,-23.427944,-29.724182,-13.762408
14701,29-08-2026,56,BVI,-34.0,test,-33.917774,-42.24583,-21.313545
14701,29-08-2026,57,ADH,-28.0,test,-27.738771,-34.402164,-17.604969
14701,30-08-2026,1,SGNR,1.0,test,-2.998957,-14.393455,25.44264
14701,30-08-2026,2,SDS,-3.0,test,-9.857133,-22.2501,19.58823
14701,30-08-2026,3,HMH,-16.0,test,-21.418346,-35.385403,10.748558
14701,30-08-2026,4,HMO,-15.0,test,-20.8281,-33.541824,9.445049
14701,30-08-2026,5,ENB,-9.0,test,-14.902336,-27.267117,14.976379
14701,30-08-2026,6,NHR,-5.0,test,-10.973841,-22.389174,16.13309
14701,30-08-2026,7,GAMI,-6.0,test,-11.832479,-22.95063,14.646863
14701,30-08-2026,8,TSD,-10.0,test,-15.056139,-25.909134,10.173519
14701,30-08-2026,9,SDLP,-14.0,test,-19.386913,-29.851316,4.4621887
14701,30-08-2026,10,CUR,-10.0,test,-16.451418,-26.809898,7.432726
14701,30-08-2026,11,BUB,-13.0,test,-18.895977,-28.931238,4.0851517
14701,30-08-2026,12,RSWT,-12.0,test,-18.564787,-28.698599,4.704092
14701,30-08-2026,13,FPS,-20.0,test,-27.008734,-38.443428,-1.3642197
14701,30-08-2026,14,LNH,-21.0,test,-28.486662,-38.361633,-6.2620106
14701,30-08-2026,15,SIKR,-13.0,test,-20.870853,-30.539158,1.1678982
14701,30-08-2026,16,PLSN,-14.0,test,-21.111921,-31.557068,2.0994549
14701,30-08-2026,17,RGS,-15.0,test,-22.139297,-32.55616,1.5105362
14701,30-08-2026,18,GND,-19.0,test,-26.724178,-36.138916,-6.1841125
14701,30-08-2026,19,COM,-20.0,test,-27.894598,-36.86054,-8.266462
14701,30-08-2026,20,DKBJ,-18.0,test,-26.013706,-34.901264,-6.5237217
14701,30-08-2026,21,JP,-11.0,test,-19.053068,-29.153017,3.0606632
14701,30-08-2026,22,JOB,-13.0,test,-20.742537,-31.43692,2.7211895
14701,30-08-2026,23,FL,-15.0,test,-23.332966,-33.195274,-2.3234215
14701,30-08-2026,24,NRI,-15.0,test,-22.976307,-32.10836,-3.325142
14701,30-08-2026,26,AII,0.0,test,-7.887517,-18.619219,15.294417
14701,30-08-2026,27,BER,-3.0,test,-10.725787,-20.683172,10.472943
14701,30-08-2026,28,SOD,1.0,test,-5.9192524,-15.816212,15.152201
14701,30-08-2026,29,MJ,1.0,test,-5.556341,-15.495201,15.404266
14701,30-08-2026,30,SOS,0.0,test,-6.847341,-16.883226,14.207022
14701,30-08-2026,31,JAL,-18.0,test,-22.67821,-33.144657,-1.498869
14701,30-08-2026,32,RANI,-19.0,test,-24.630693,-34.557796,-4.9383183
14701,30-08-2026,33,FA,-19.0,test,-25.009274,-34.85854,-5.483387
14701,30-08-2026,35,MOI,-20.0,test,-25.713806,-35.218697,-7.402817
14701,30-08-2026,36,NANA,-21.0,test,-26.797575,-36.193813,-8.851488
14701,30-08-2026,37,PDWA,-21.0,test,-26.992363,-36.486404,-8.731884
14701,30-08-2026,38,SRPJ,-21.0,test,-26.40644,-35.715336,-8.831789
14701,30-08-2026,39,ABR,-10.0,test,-15.760377,-25.536259,3.61901
14701,30-08-2026,40,PNU,1.0,test,-4.822573,-14.97884,16.301168
14701,30-08-2026,41,CHP,1.0,test,-5.099211,-15.010414,15.325226
14701,30-08-2026,42,SID,0.0,test,-5.7031918,-15.434214,14.239975
14701,30-08-2026,43,UJA,1.0,test,-5.0758743,-14.727238,14.850895
14701,30-08-2026,44,MSH,1.0,test,-4.907626,-14.252617,14.36696
14701,30-08-2026,45,KLL,1.0,test,-4.8345304,-13.27269,12.443195
14701,30-08-2026,46,SBIB,-6.0,test,-10.806215,-18.846367,4.578005
14701,30-08-2026,47,ADI,-18.0,test,-21.726164,-29.123981,-8.737218
14701,30-08-2026,48,ND,-10.0,test,-14.147077,-19.214317,-4.82084
14701,30-08-2026,50,BRC,1.0,test,-6.844434,-12.3476,4.6246185
14701,30-08-2026,51,BH,0.0,test,-7.4581556,-12.730082,2.9283504
14701,30-08-2026,53,NVS,-14.0,test,-19.391628,-26.637178,-6.505437
14701,30-08-2026,54,VAPI,-34.0,test,-34.04854,-42.10649,-21.999207
14701,30-08-2026,55,DRD,-36.0,test,-34.431057,-42.237865,-22.775715
14701,30-08-2026,56,BVI,-18.0,test,-23.636143,-29.801533,-14.476448
14701,30-08-2026,57,ADH,-20.0,test,-24.99368,-31.465626,-15.626171
14701,31-08-2026,1,SGNR,-15.0,test,-5.1990905,-15.579657,21.728724
14701,31-08-2026,2,SDS,-19.0,test,-9.678998,-22.795002,21.33937
14701,31-08-2026,3,HMH,-20.0,test,-10.575025,-23.321243,19.56004
14701,31-08-2026,4,HMO,-20.0,test,-10.808138,-23.494183,19.063417
14701,31-08-2026,5,ENB,-17.0,test,-8.065744,-20.075096,20.374653
14701,31-08-2026,6,NHR,-30.0,test,-20.724604,-33.556793,9.233671
14701,31-08-2026,7,GAMI,-40.0,test,-30.548584,-41.85253,-4.5860443
14701,31-08-2026,8,TSD,-40.0,test,-29.939238,-40.40023,-6.1709614
14701,31-08-2026,9,SDLP,-24.0,test,-14.501275,-25.240757,10.304809
14701,31-08-2026,10,CUR,-23.0,test,-14.5274935,-24.90197,9.508206
14701,31-08-2026,11,BUB,-25.0,test,-16.024006,-26.17381,7.3570766
14701,31-08-2026,12,RSWT,-24.0,test,-14.974722,-25.051285,8.184462
14701,31-08-2026,13,FPS,-32.0,test,-22.78166,-33.86147,1.8916035
14701,31-08-2026,14,LNH,-34.0,test,-25.65841,-35.326126,-3.9786682
14701,31-08-2026,15,SIKR,-26.0,test,-18.716208,-28.567009,3.7936897
14701,31-08-2026,16,PLSN,-25.0,test,-17.739115,-27.415129,4.2969227
14701,31-08-2026,17,RGS,-31.0,test,-23.686983,-33.84928,-1.622963
14701,31-08-2026,18,GND,-33.0,test,-25.82683,-34.990112,-5.57782
14701,31-08-2026,19,COM,-35.0,test,-27.874767,-36.75376,-8.435371
14701,31-08-2026,20,DKBJ,-33.0,test,-25.79861,-34.750427,-6.120987
14701,31-08-2026,21,JP,-20.0,test,-13.84288,-24.869625,10.313345
14701,31-08-2026,22,JOB,-18.0,test,-11.400098,-22.557915,13.915286
14701,31-08-2026,23,FL,-26.0,test,-19.562374,-29.882677,2.4900627
14701,31-08-2026,24,NRI,-25.0,test,-18.26054,-27.477901,1.8922043
14701,31-08-2026,25,KSG,-23.0,test,-16.047989,-25.478748,4.315014
14701,31-08-2026,26,AII,-19.0,test,-11.837089,-21.415325,8.748492
14701,31-08-2026,27,BER,-28.0,test,-19.896326,-30.80655,2.621542
14701,31-08-2026,28,SOD,-23.0,test,-14.5663395,-24.089878,4.9998455
14701,31-08-2026,29,MJ,-26.0,test,-17.252323,-26.997667,2.2065277
14701,31-08-2026,30,SOS,-26.0,test,-17.54374,-27.234161,1.9848213
14701,31-08-2026,31,JAL,-29.0,test,-19.96826,-29.172491,-2.1488094
14701,31-08-2026,32,RANI,-30.0,test,-20.996502,-30.146057,-3.4393635
14701,31-08-2026,33,FA,-28.0,test,-19.108751,-28.840862,0.2602253
14701,31-08-2026,34,SJWB,-31.0,test,-22.335094,-32.591217,-1.8194199
14701,31-08-2026,35,MOI,-31.0,test,-21.75542,-31.543835,-2.4257755
14701,31-08-2026,36,NANA,-32.0,test,-22.862686,-32.49161,-4.079384
14701,31-08-2026,37,PDWA,-33.0,test,-24.037285,-33.656685,-5.291664
14701,31-08-2026,38,SRPJ,-34.0,test,-24.888073,-34.294773,-6.7782154
14701,31-08-2026,39,ABR,-25.0,test,-15.742337,-25.53515,3.6909857
14701,31-08-2026,40,PNU,-14.0,test,-4.797393,-14.961329,16.347946
14701,31-08-2026,41,CHP,-16.0,test,-6.7355742,-16.510904,13.176565
14701,31-08-2026,42,SID,-16.0,test,-6.7350116,-16.401842,12.936075
14701,31-08-2026,43,UJA,-15.0,test,-5.900055,-15.505645,13.821688
14701,31-08-2026,44,MSH,-15.0,test,-5.839461,-15.113913,13.179934
14701,31-08-2026,45,KLL,-14.0,test,-4.785303,-13.241968,12.527462
14701,31-08-2026,46,SBIB,-38.0,test,-25.098763,-32.81363,-11.695425
14701,31-08-2026,47,ADI,-28.0,test,-16.252007,-22.644009,-4.4588585
14701,31-08-2026,48,ND,-19.0,test,-9.330847,-14.637201,0.97057056
14701,31-08-2026,49,ANND,-25.0,test,-15.505141,-22.229778,-3.0694008
14701,31-08-2026,50,BRC,-14.0,test,-7.008458,-12.414991,4.2633686
14701,31-08-2026,51,BH,-14.0,test,-6.931053,-12.266384,3.6919184
14701,31-08-2026,52,ST,-15.0,test,-7.917765,-13.2626,2.494062
14701,31-08-2026,53,NVS,-32.0,test,-23.250984,-30.667294,-10.206836
14701,31-08-2026,54,VAPI,-23.0,test,-14.7617445,-20.91284,-3.5166883
14701,31-08-2026,55,DRD,-26.0,test,-17.52502,-23.12448,-8.210176
14701,31-08-2026,56,BVI,-33.0,test,-24.334389,-31.28244,-13.734836
14701,31-08-2026,57,ADH,-28.0,test,-19.997326,-25.989508,-10.660424
14707,28-08-2026,0,HMH,-5.0,test,0.114367604,-11.315697,25.551563
14707,28-08-2026,1,PGK,-8.0,test,-3.1259325,-14.915617,22.096102
14707,28-08-2026,2,SOG,-5.0,test,-1.3292388,-12.774876,23.157553
14707,28-08-2026,3,LKS,-16.0,test,-7.7619753,-21.58263,19.980427
14707,28-08-2026,4,LGH,-14.0,test,-8.829347,-20.687958,14.377578
14707,28-08-2026,5,BKN,-5.0,test,-0.27292573,-12.544991,24.921354
14707,28-08-2026,6,DSO,0.0,test,2.894634,-9.349499,28.226227
14707,28-08-2026,7,NOK,-11.0,test,-3.746895,-18.32322,25.474533
14707,28-08-2026,8,NGO,-39.0,test,-31.952703,-45.08251,-6.888109
14707,28-08-2026,9,MDW,-39.0,test,-34.421238,-46.80026,-11.590935
14707,28-08-2026,10,MTD,-32.0,test,-26.92761,-38.669456,-5.7520275
14707,28-08-2026,11,GOTN,-29.0,test,-24.383968,-35.954193,-3.4763947
14707,28-08-2026,12,RKB,-38.0,test,-32.018406,-44.675312,-9.735165
14707,28-08-2026,13,JU,-34.0,test,-28.984842,-39.851288,-10.429985
14707,28-08-2026,14,LUNI,-22.0,test,-17.065815,-28.418758,3.3622417
14707,28-08-2026,15,PMY,-14.0,test,-9.217446,-20.694218,12.001262
14707,28-08-2026,16,MJ,-5.0,test,-1.5297312,-13.044522,20.417076
14707,28-08-2026,17,SOS,-6.0,test,-2.248689,-14.152916,20.264772
14707,28-08-2026,18,RANI,-9.0,test,-4.6854095,-16.938667,18.039
14707,28-08-2026,19,FA,-7.0,test,-0.8611425,-13.56101,23.95178
14707,28-08-2026,20,SJWB,-7.0,test,-0.9169172,-13.581526,23.9338
14707,28-08-2026,21,PDWA,-12.0,test,-7.8524227,-18.685999,11.392963
14707,28-08-2026,22,ABR,0.0,test,2.6171403,-8.722595,23.997389
14707,28-08-2026,23,PNU,1.0,test,3.585389,-7.5571976,24.348732
14707,28-08-2026,25,MSH,1.0,test,3.470186,-7.6059866,23.762661
14707,28-08-2026,26,KLL,0.0,test,2.420704,-8.475639,22.126894
14707,28-08-2026,27,SBIB,-8.0,test,-3.3047729,-15.383953,17.784014
14707,28-08-2026,28,ADI,-11.0,test,-6.5491514,-18.445438,14.245721
14707,28-08-2026,29,ND,-13.0,test,-8.333969,-19.682074,10.946651
14707,28-08-2026,30,ANND,-20.0,test,-14.679806,-25.817616,3.2633476
14707,28-08-2026,31,BRC,-11.0,test,-6.722843,-17.933933,12.49424
14707,28-08-2026,32,BH,1.0,test,3.0754035,-7.8470354,23.159588
14707,28-08-2026,33,ST,1.0,test,2.5470555,-7.7292624,21.205622
14707,28-08-2026,34,NVS,-10.0,test,-5.990532,-16.534496,11.489967
14707,28-08-2026,35,BL,-11.0,test,-6.247495,-14.453075,6.6220975
14707,28-08-2026,36,VAPI,-3.0,test,-0.5213214,-7.664732,11.400761
14707,28-08-2026,37,PLG,-9.0,test,-5.000465,-10.911604,3.6159863
14707,28-08-2026,38,BVI,-29.0,test,-21.586271,-30.356365,-10.480951
14707,29-08-2026,0,HMH,-47.0,test,-25.25324,-35.64277,-4.276613
14707,29-08-2026,1,PGK,-51.0,test,-30.34357,-41.714954,-9.201586
14707,29-08-2026,2,SOG,-50.0,test,-29.16424,-39.78022,-9.191755
14707,29-08-2026,3,LKS,-52.0,test,-30.467505,-41.247948,-10.824163
14707,29-08-2026,4,LGH,-26.0,test,-5.573616,-17.381462,18.072498
14707,29-08-2026,5,BKN,-17.0,test,2.5647452,-9.710044,28.294348
14707,29-08-2026,6,DSO,-14.0,test,3.6211948,-8.643877,29.092798
14707,29-08-2026,7,NOK,-21.0,test,-0.4225,-14.208271,27.277761
14707,29-08-2026,8,NGO,-37.0,test,-14.459832,-28.850048,14.037593
14707,29-08-2026,9,MDW,-36.0,test,-15.671979,-28.956642,10.601775
14707,29-08-2026,10,MTD,-45.0,test,-24.062939,-37.779205,1.2772865
14707,29-08-2026,11,GOTN,-41.0,test,-21.244265,-33.185085,0.79815483
14707,29-08-2026,12,RKB,-42.0,test,-21.76108,-33.174736,-1.3655605
14707,29-08-2026,13,JU,-38.0,test,-17.760065,-29.173574,2.8832378
14707,29-08-2026,14,LUNI,-29.0,test,-9.32917,-20.929468,12.369856
14707,29-08-2026,15,PMY,-21.0,test,-2.5089357,-14.454393,20.357294
14707,29-08-2026,16,MJ,-14.0,test,3.6886477,-8.036751,26.819818
14707,29-08-2026,17,SOS,-16.0,test,2.217376,-9.546561,25.066835
14707,29-08-2026,18,RANI,-19.0,test,-0.7647437,-12.718949,21.837423
14707,29-08-2026,19,FA,-18.0,test,-0.16889131,-11.577061,21.445236
14707,29-08-2026,20,SJWB,-19.0,test,-0.67496955,-12.040239,20.748062
14707,29-08-2026,21,PDWA,-19.0,test,-0.7798537,-11.94258,19.96869
14707,29-08-2026,22,ABR,-14.0,test,3.4611218,-7.868517,24.952433
14707,29-08-2026,23,PNU,-14.0,test,3.5683968,-7.5683956,24.314672
14707,29-08-2026,25,MSH,-15.0,test,2.6075876,-8.519708,22.866869
14707,29-08-2026,26,KLL,-16.0,test,1.5711871,-9.3998,21.289251
14707,29-08-2026,27,SBIB,-16.0,test,1.5356454,-9.414659,21.205372
14707,29-08-2026,28,ADI,-19.0,test,-0.09581888,-11.610744,20.594881
14707,29-08-2026,29,ND,-25.0,test,-5.490923,-16.956383,14.414936
14707,29-08-2026,30,ANND,-35.0,test,-14.477131,-25.852175,3.9517994
14707,29-08-2026,31,BRC,-32.0,test,-11.905497,-22.923416,6.0512238
14707,29-08-2026,32,BH,-35.0,test,-14.434405,-25.148659,2.2027826
14707,29-08-2026,33,ST,-20.0,test,-1.8224086,-11.85087,15.526575
14707,29-08-2026,34,NVS,-24.0,test,-4.785961,-14.03503,10.4344425
14707,29-08-2026,35,BL,-20.0,test,-1.7344564,-9.661437,11.419822
14707,29-08-2026,36,VAPI,-14.0,test,2.087502,-5.1857324,14.762987
14707,29-08-2026,37,PLG,-19.0,test,-1.6528468,-7.53784,7.5524297
14707,29-08-2026,38,BVI,-34.0,test,-13.508452,-21.898693,-1.6907206
14707,30-08-2026,0,HMH,-7.0,test,4.194126,-7.3436804,30.102392
14707,30-08-2026,1,PGK,-9.0,test,1.8556081,-10.033321,27.675016
14707,30-08-2026,2,SOG,-8.0,test,1.7362505,-9.8028555,26.545057
14707,30-08-2026,3,LKS,-22.0,test,-6.4261703,-20.40256,21.96273
14707,30-08-2026,4,LGH,-20.0,test,-7.8933005,-19.649464,15.089182
14707,30-08-2026,5,BKN,-16.0,test,-3.678892,-16.102587,21.488157
14707,30-08-2026,6,DSO,-25.0,test,-10.909212,-25.064518,17.078543
14707,30-08-2026,7,NOK,-29.0,test,-16.088455,-28.776478,8.420637
14707,30-08-2026,8,NGO,-46.0,test,-33.20834,-46.70981,-7.994814
14707,30-08-2026,9,MDW,-42.0,test,-30.230305,-42.59044,-7.2769775
14707,30-08-2026,10,MTD,-42.0,test,-30.613106,-42.159405,-10.350342
14707,30-08-2026,11,GOTN,-38.0,test,-26.741756,-38.438732,-5.933502
14707,30-08-2026,12,RKB,-38.0,test,-26.081646,-37.189762,-6.8099823
14707,30-08-2026,13,JU,-31.0,test,-18.940784,-30.84888,2.2351036
14707,30-08-2026,14,LUNI,-22.0,test,-10.035275,-21.710732,11.725883
14707,30-08-2026,15,PMY,-16.0,test,-4.9635954,-16.519413,16.81046
14707,30-08-2026,16,MJ,-17.0,test,-5.7940445,-17.105808,15.136951
14707,30-08-2026,17,SOS,-18.0,test,-6.5402193,-17.792786,14.146438
14707,30-08-2026,18,RANI,-20.0,test,-8.989692,-20.112484,11.041795
14707,30-08-2026,19,FA,-20.0,test,-9.02683,-20.007256,10.601264
14707,30-08-2026,20,SJWB,-22.0,test,-10.824288,-21.645515,8.222365
14707,30-08-2026,21,PDWA,-21.0,test,-10.209355,-20.984966,8.577025
14707,30-08-2026,22,ABR,-8.0,test,1.4619724,-9.719308,22.288366
14707,30-08-2026,23,PNU,-6.0,test,3.1219015,-7.860218,23.35477
14707,30-08-2026,24,UJA,-6.0,test,4.765234,-7.9715843,28.579355
14707,30-08-2026,25,MSH,-12.0,test,-0.10394323,-13.182461,23.804062
14707,30-08-2026,26,KLL,-11.0,test,-0.9649681,-11.860609,18.155535
14707,30-08-2026,27,SBIB,-24.0,test,-8.9680395,-21.475365,12.497979
14707,30-08-2026,28,ADI,-12.0,test,-1.3175639,-13.26698,20.391674
14707,30-08-2026,29,ND,-19.0,test,-6.8698444,-19.01883,13.99449
14707,30-08-2026,30,ANND,-26.0,test,-13.999772,-25.561405,4.7171717
14707,30-08-2026,31,BRC,-33.0,test,-19.892128,-31.058859,-3.0104427
14707,30-08-2026,32,BH,-21.0,test,-9.421094,-19.916922,7.5966043
14707,30-08-2026,33,ST,-7.0,test,1.6016263,-8.520799,19.729507
14707,30-08-2026,34,NVS,-6.0,test,2.2375116,-7.488392,19.661911
14707,30-08-2026,35,BL,-14.0,test,-4.0010076,-13.361052,11.308235
14707,30-08-2026,36,VAPI,-10.0,test,-0.8686365,-8.447736,11.766315
14707,30-08-2026,37,PLG,-23.0,test,-11.623856,-20.8029,2.0681257
14707,31-08-2026,0,HMH,4.0,test,0.6660639,-10.951822,26.472097
14707,31-08-2026,1,PGK,-1.0,test,-3.5138543,-15.792673,22.505825
14707,31-08-2026,2,SOG,1.0,test,-2.8800023,-14.518957,21.87953
14707,31-08-2026,3,LKS,-17.0,test,-17.648216,-31.73254,11.070034
14707,31-08-2026,4,LGH,-13.0,test,-14.975942,-26.522446,6.965911
14707,31-08-2026,5,BKN,-1.0,test,-3.2701719,-15.626168,21.906178
14707,31-08-2026,6,DSO,5.0,test,0.55304253,-12.0002165,26.361595
14707,31-08-2026,7,NOK,-8.0,test,-8.382241,-22.87384,20.49311
14707,31-08-2026,8,NGO,-30.0,test,-31.16997,-44.515747,-5.7648735
14707,31-08-2026,9,MDW,-31.0,test,-34.389065,-46.69372,-11.747776
14707,31-08-2026,10,MTD,-38.0,test,-41.494812,-53.535744,-21.290747
14707,31-08-2026,11,GOTN,-35.0,test,-39.14153,-50.33407,-20.233961
14707,31-08-2026,12,RKB,-38.0,test,-41.424793,-51.90103,-24.57833
14707,31-08-2026,13,JU,-36.0,test,-39.34274,-49.715244,-22.60275
14707,31-08-2026,14,LUNI,-26.0,test,-29.10683,-39.743546,-11.184574
14707,31-08-2026,15,PMY,-17.0,test,-20.070467,-31.072632,-0.95656395
14707,31-08-2026,16,MJ,-1.0,test,-4.713658,-16.070248,16.527359
14707,31-08-2026,17,SOS,-6.0,test,-9.487365,-21.244926,11.849614
14707,31-08-2026,18,RANI,-8.0,test,-11.701958,-22.763752,7.9617443
14707,31-08-2026,19,FA,-7.0,test,-10.7355585,-21.695889,8.740985
14707,31-08-2026,20,SJWB,-7.0,test,-10.669429,-21.540699,8.593425
14707,31-08-2026,21,PDWA,-6.0,test,-10.060089,-20.897545,8.969227
14707,31-08-2026,22,ABR,7.0,test,1.9420213,-9.42833,23.324083
14707,31-08-2026,23,PNU,8.0,test,2.6343727,-8.559185,23.293142
14707,31-08-2026,24,UJA,7.0,test,1.7304379,-9.30322,21.80221
14707,31-08-2026,25,MSH,9.0,test,3.268883,-7.689785,23.261297
14707,31-08-2026,26,KLL,8.0,test,2.2075946,-8.701818,21.80777
14707,31-08-2026,27,SBIB,8.0,test,2.5488448,-8.670271,22.874222
14707,31-08-2026,28,ADI,-3.0,test,-4.421925,-17.251703,18.280432
14707,31-08-2026,29,ND,-5.0,test,-8.267879,-19.744175,11.455901
14707,31-08-2026,30,ANND,-14.0,test,-15.139069,-26.95184,3.8358803
14707,31-08-2026,31,BRC,-5.0,test,-8.483689,-19.665928,10.42624
14707,31-08-2026,32,BH,8.0,test,2.2306871,-8.681726,22.142464
14707,31-08-2026,33,ST,7.0,test,1.101472,-9.056218,19.258814
14707,31-08-2026,34,NVS,4.0,test,-0.9830557,-10.509103,15.498105
14707,31-08-2026,35,BL,-3.0,test,-6.4144564,-15.546968,8.079081
14707,31-08-2026,36,VAPI,-4.0,test,-7.104575,-14.099197,3.260458
14707,31-08-2026,37,PLG,-13.0,test,-14.374261,-22.139687,-4.1625624
14707,31-08-2026,38,BVI,-29.0,test,-27.073997,-36.124775,-15.626147
14709,28-08-2026,1,HMH,1.0,test,-11.739059,-19.571953,1.3939075
14709,28-08-2026,2,HMO,0.0,test,-12.928769,-22.015144,1.7356863
14709,28-08-2026,4,ENB,-6.0,test,-18.802296,-27.96545,-5.448162
14709,28-08-2026,5,NHR,-8.0,test,-20.429255,-29.033924,-8.03397
14709,28-08-2026,6,DPLN,-5.0,test,-18.108608,-25.765512,-6.599596
14709,28-08-2026,7,GAMI,-5.0,test,-18.446835,-26.018282,-6.976269
14709,28-08-2026,8,TSD,-3.0,test,-16.779951,-24.169565,-5.345463
14709,28-08-2026,9,AUS,-3.0,test,-16.828457,-24.360731,-5.4796104
14709,28-08-2026,10,SDMK,-3.0,test,-17.017538,-24.362587,-5.947817
14709,28-08-2026,11,SDLP,2.0,test,-13.302391,-22.06538,0.33545685
14709,28-08-2026,12,RMB,-2.0,test,-16.290577,-25.21574,-3.0903683
14709,28-08-2026,13,LHU,1.0,test,-13.943923,-21.550465,-2.7806778
14709,28-08-2026,14,SRGH,2.0,test,-13.158132,-20.713467,-1.6774874
14709,28-08-2026,15,CRWA,2.0,test,-13.37998,-20.864098,-1.9859867
14709,28-08-2026,16,RSH,2.0,test,-13.624499,-21.044939,-2.4678936
14709,28-08-2026,17,JJN,-16.0,test,-30.349474,-39.413933,-16.71274
14709,28-08-2026,18,NUA,-14.0,test,-29.30315,-38.11676,-16.790085
14709,28-08-2026,19,DOB,-14.0,test,-27.550482,-35.686108,-16.534752
14709,28-08-2026,20,NWH,-11.0,test,-25.29808,-33.234356,-14.696239
14709,28-08-2026,21,SIKR,-8.0,test,-23.413242,-31.468767,-12.720694
14709,28-08-2026,22,PLSN,-2.0,test,-18.887093,-26.776052,-8.009403
14709,28-08-2026,23,RGS,0.0,test,-17.67953,-25.62204,-6.523326
14709,28-08-2026,24,GND,-17.0,test,-33.724304,-43.840683,-19.500465
14709,28-08-2026,25,COM,-16.0,test,-28.430931,-36.624043,-17.350868
14709,28-08-2026,26,DKBJ,-19.0,test,-30.540833,-39.612003,-18.37269
14709,29-08-2026,1,HMH,-20.0,test,-10.120359,-18.627266,4.2266283
14709,29-08-2026,2,HMO,-22.0,test,-12.685372,-21.309351,1.1381683
14709,29-08-2026,4,ENB,-20.0,test,-11.472997,-20.145077,2.1594715
14709,29-08-2026,5,NHR,-20.0,test,-11.298154,-19.186636,1.4450865
14709,29-08-2026,6,DPLN,-20.0,test,-11.767755,-19.484535,0.817667
14709,29-08-2026,7,GAMI,-20.0,test,-11.995284,-19.677954,0.38179684
14709,29-08-2026,8,TSD,-21.0,test,-13.015111,-20.647558,-0.66218185
14709,29-08-2026,9,AUS,-21.0,test,-13.291124,-20.884527,-1.2116594
14709,29-08-2026,10,SDMK,-20.0,test,-12.725409,-20.365108,-0.3862543
14709,29-08-2026,11,SDLP,-21.0,test,-14.502695,-23.360252,-0.915473
14709,29-08-2026,12,RMB,-28.0,test,-19.75822,-28.333181,-7.993946
14709,29-08-2026,13,LHU,-22.0,test,-14.698675,-22.260359,-3.7450285
14709,29-08-2026,14,SRGH,-23.0,test,-15.688138,-23.260818,-4.6340523
14709,29-08-2026,15,CRWA,-24.0,test,-16.673592,-24.212095,-5.817547
14709,29-08-2026,16,RSH,-34.0,test,-27.266006,-36.489483,-13.345481
14709,29-08-2026,17,JJN,-36.0,test,-27.352156,-35.565964,-16.193745
14709,29-08-2026,18,NUA,-34.0,test,-25.56007,-33.53134,-14.877317
14709,29-08-2026,19,DOB,-35.0,test,-26.44117,-34.347237,-15.809626
14709,29-08-2026,20,NWH,-35.0,test,-26.834324,-34.901863,-15.998918
14709,29-08-2026,21,SIKR,-32.0,test,-25.1148,-33.233112,-14.33848
14709,29-08-2026,22,PLSN,-25.0,test,-19.936272,-27.966068,-8.969994
14709,29-08-2026,23,RGS,-25.0,test,-20.407988,-29.20677,-7.7867575
14709,29-08-2026,24,GND,-27.0,test,-21.635937,-30.41619,-9.270039
14709,29-08-2026,25,COM,-27.0,test,-21.728624,-30.518955,-9.435552
14709,29-08-2026,26,DKBJ,-31.0,test,-24.982882,-34.361732,-12.182708
14709,30-08-2026,1,HMH,-5.0,test,-11.763429,-20.269855,2.3195982
14709,30-08-2026,2,HMO,-6.0,test,-12.777125,-21.527283,1.2650576
14709,30-08-2026,4,ENB,-4.0,test,-11.528252,-20.294384,2.2237482
14709,30-08-2026,5,NHR,-23.0,test,-31.051723,-41.381348,-14.829857
14709,30-08-2026,6,DPLN,-19.0,test,-27.342073,-37.04986,-12.335519
14709,30-08-2026,7,GAMI,-19.0,test,-27.006594,-35.872074,-13.593727
14709,30-08-2026,8,TSD,-19.0,test,-26.638895,-35.087936,-14.144363
14709,30-08-2026,9,AUS,-19.0,test,-25.60785,-33.271187,-14.958703
14709,30-08-2026,10,SDMK,-19.0,test,-26.357712,-34.086037,-15.524741
14709,30-08-2026,11,SDLP,-5.0,test,-14.559686,-23.330767,-1.1961012
14709,30-08-2026,12,RMB,-12.0,test,-19.75734,-28.312054,-8.051038
14709,30-08-2026,13,LHU,-5.0,test,-13.863215,-21.44562,-2.7171078
14709,30-08-2026,14,SRGH,-5.0,test,-14.112363,-21.893496,-2.3939056
14709,30-08-2026,15,CRWA,-8.0,test,-17.056276,-25.433868,-4.7194357
14709,30-08-2026,16,RSH,-12.0,test,-20.257034,-28.085709,-9.560467
14709,30-08-2026,17,JJN,-6.0,test,-15.554988,-23.128538,-4.6840773
14709,30-08-2026,18,NUA,-6.0,test,-16.117275,-23.986725,-4.5224133
14709,30-08-2026,19,DOB,-8.0,test,-18.563496,-27.051783,-6.3443766
14709,30-08-2026,20,NWH,-8.0,test,-18.54668,-26.703701,-6.9706287
14709,30-08-2026,21,SIKR,-5.0,test,-16.483767,-25.23568,-3.4763985
14709,30-08-2026,22,PLSN,-22.0,test,-32.3537,-41.988403,-18.319286
14709,30-08-2026,23,RGS,-25.0,test,-32.28887,-41.235916,-20.010464
14709,30-08-2026,24,GND,-24.0,test,-29.260933,-37.438053,-18.073858
14709,30-08-2026,25,COM,-27.0,test,-30.93238,-39.20555,-19.416908
14709,30-08-2026,26,DKBJ,-31.0,test,-33.99943,-43.46952,-21.003672
14709,31-08-2026,1,HMH,-13.0,test,-17.160736,-25.61318,-4.024168
14709,31-08-2026,2,HMO,-16.0,test,-20.364187,-29.565552,-6.7955847
14709,31-08-2026,4,ENB,-28.0,test,-32.111523,-42.22283,-17.943352
14709,31-08-2026,5,NHR,-33.0,test,-36.112007,-45.59751,-22.654152
14709,31-08-2026,6,DPLN,-33.0,test,-34.805958,-43.14571,-22.56164
14709,31-08-2026,7,GAMI,-30.0,test,-32.49788,-40.58184,-20.804737
14709,31-08-2026,8,TSD,-30.0,test,-32.18968,-40.185005,-20.621063
14709,31-08-2026,9,AUS,-30.0,test,-31.8459,-39.877888,-20.310793
14709,31-08-2026,10,SDMK,-30.0,test,-33.659077,-41.8694,-21.70528
14709,31-08-2026,11,SDLP,-7.0,test,-14.728153,-23.452251,-1.509675
14709,31-08-2026,12,RMB,-12.0,test,-18.324104,-26.825567,-6.5111904
14709,31-08-2026,13,LHU,-11.0,test,-17.34216,-25.01057,-6.6809654
14709,31-08-2026,14,SRGH,-12.0,test,-18.376612,-26.148941,-7.4907656
14709,31-08-2026,15,CRWA,-16.0,test,-22.118938,-30.520264,-10.652299
14709,31-08-2026,16,RSH,-19.0,test,-24.11956,-31.84214,-13.832611
14709,31-08-2026,17,JJN,-26.0,test,-29.903114,-38.465183,-18.25558
14709,31-08-2026,18,NUA,-28.0,test,-30.736916,-39.00279,-19.228102
14709,31-08-2026,19,DOB,-28.0,test,-30.951939,-39.214634,-19.419268
14709,31-08-2026,20,NWH,-29.0,test,-31.884838,-40.290993,-20.105898
14709,31-08-2026,21,SIKR,-32.0,test,-33.974895,-42.852196,-21.51629
14709,31-08-2026,22,PLSN,-26.0,test,-29.804369,-38.06573,-18.455223
14709,31-08-2026,23,RGS,-27.0,test,-30.57162,-38.99056,-18.992655
14709,31-08-2026,24,GND,-26.0,test,-29.07363,-37.17915,-17.972387
14709,31-08-2026,25,COM,-25.0,test,-28.503649,-36.524223,-17.553867
14715,28-08-2026,0,HSR,-8.0,test,-19.52506,-31.835968,-2.0243073
14715,28-08-2026,1,STD,-9.0,test,-20.458797,-32.840405,-2.980095
14715,28-08-2026,2,HNS,-11.0,test,-22.32208,-34.504036,-5.3951473
14715,28-08-2026,4,JKZ,-13.0,test,-24.234537,-36.209133,-7.8113747
14715,28-08-2026,5,BWK,-14.0,test,-25.319578,-37.209473,-9.132214
14715,28-08-2026,6,BNW,-8.0,test,-20.487984,-32.49689,-3.88237
14715,28-08-2026,7,MHU,-9.0,test,-21.676796,-33.677654,-5.205988
14715,28-08-2026,8,CKD,-9.0,test,-21.856934,-33.732376,-5.68388
14715,28-08-2026,9,JRL,-9.0,test,-21.952953,-33.815575,-5.8516445
14715,28-08-2026,10,SDRA,-8.0,test,-21.350874,-33.195717,-5.2909355
14715,28-08-2026,11,KSI,-8.0,test,-21.51142,-33.33957,-5.4770412
14715,28-08-2026,13,JTS,-5.0,test,-19.756342,-31.575787,-3.7117481
14715,28-08-2026,14,KGBS,-5.0,test,-20.076302,-31.929848,-3.9661808
14715,28-08-2026,15,RE,-6.0,test,-21.221903,-32.94196,-5.590332
14715,28-08-2026,16,BWL,-47.0,test,-54.58612,-67.65349,-36.387257
14715,28-08-2026,18,AIA,-49.0,test,-56.87501,-69.56495,-38.68651
14715,28-08-2026,20,HSI,-60.0,test,-64.56135,-78.17377,-44.413635
14715,28-08-2026,21,KRH,-45.0,test,-52.446217,-64.63596,-35.30169
14715,28-08-2026,23,PSL,-49.0,test,-54.463673,-66.70907,-37.004147
14715,28-08-2026,24,AWR,-53.0,test,-57.324207,-69.82523,-39.262207
14715,28-08-2026,25,MWW,-53.0,test,-57.1005,-69.380394,-39.251144
14715,28-08-2026,26,MKH,-52.0,test,-56.3465,-68.520996,-38.670647
14715,28-08-2026,27,DGW,-59.0,test,-64.057495,-77.66742,-44.043106
14715,28-08-2026,28,RHG,-77.0,test,-75.838066,-90.040726,-53.827225
14715,28-08-2026,30,BU,-78.0,test,-76.41147,-90.53431,-54.41417
14715,28-08-2026,32,BKI,-76.0,test,-74.7325,-88.57747,-53.211956
14715,28-08-2026,33,ARNA,-75.0,test,-75.12968,-89.043846,-53.48149
14715,28-08-2026,35,DO,-81.0,test,-75.954704,-90.0757,-54.002037
14715,28-08-2026,37,BAI,-70.0,test,-67.78632,-80.92915,-47.81041
14715,28-08-2026,38,KWP,-67.0,test,-66.12462,-79.10785,-46.489822
14715,28-08-2026,39,GTJT,-45.0,test,-53.084755,-65.27792,-35.81012
14715,28-08-2026,40,GADJ,-35.0,test,-44.839672,-56.60257,-29.035122
14715,29-08-2026,0,HSR,-47.0,test,-124.361855,-145.3696,-90.24817
14715,29-08-2026,1,STD,-49.0,test,-124.84575,-145.98508,-90.61304
14715,29-08-2026,2,HNS,-51.0,test,-125.629555,-146.91183,-91.191635
14715,29-08-2026,4,JKZ,-51.0,test,-125.78399,-147.08972,-91.31423
14715,29-08-2026,5,BWK,-52.0,test,-126.856636,-148.33449,-92.09726
14715,29-08-2026,6,BNW,-59.0,test,-133.57315,-156.17636,-96.85183
14715,29-08-2026,7,MHU,-62.0,test,-134.06319,-156.72299,-97.36618
14715,29-08-2026,8,CKD,-64.0,test,-135.08102,-157.9144,-98.12011
14715,29-08-2026,9,JRL,-64.0,test,-135.03542,-157.90831,-98.05014
14715,29-08-2026,10,SDRA,-63.0,test,-134.0283,-156.73824,-97.32933
14715,29-08-2026,11,KSI,-63.0,test,-136.05614,-159.10321,-98.75901
14715,29-08-2026,13,JTS,-63.0,test,-134.76456,-157.6187,-97.84898
14715,29-08-2026,14,KGBS,-63.0,test,-134.59346,-157.44601,-97.708855
14715,29-08-2026,15,RE,-79.0,test,-149.63403,-174.8799,-108.50966
14715,29-08-2026,16,BWL,-79.0,test,-144.36032,-168.87753,-104.73239
14715,29-08-2026,18,AIA,-81.0,test,-148.6042,-173.81213,-107.831764
14715,29-08-2026,20,HSI,-83.0,test,-150.9748,-176.52171,-109.60287
14715,29-08-2026,21,KRH,-64.0,test,-135.29366,-158.36269,-98.106995
14715,29-08-2026,23,PSL,-67.0,test,-137.26288,-160.67114,-99.564095
14715,29-08-2026,24,AWR,-70.0,test,-140.61554,-164.54025,-102.021095
14715,29-08-2026,25,MWW,-71.0,test,-139.64198,-163.42273,-101.34458
14715,29-08-2026,26,MKH,-69.0,test,-138.31584,-161.90038,-100.340775
14715,29-08-2026,27,DGW,-69.0,test,-138.4679,-162.0817,-100.445206
14715,29-08-2026,28,RHG,-70.0,test,-138.38277,-161.9987,-100.39187
14715,29-08-2026,30,BU,-69.0,test,-138.50839,-162.1261,-100.49808
14715,29-08-2026,32,BKI,-66.0,test,-139.00671,-162.65851,-100.846344
14715,29-08-2026,33,ARNA,-79.0,test,-149.17702,-174.45078,-108.08668
14715,29-08-2026,37,BAI,-69.0,test,-140.41188,-164.33356,-101.81432
14715,29-08-2026,38,KWP,-64.0,test,-136.21387,-159.47025,-98.75651
14715,29-08-2026,40,GADJ,-15.0,test,-101.48008,-119.142235,-73.26387
14715,30-08-2026,0,HSR,1.0,test,-21.099428,-33.535263,-3.575346
14715,30-08-2026,1,STD,-3.0,test,-24.624813,-37.50479,-6.721201
14715,30-08-2026,2,HNS,-4.0,test,-25.616184,-37.649727,-9.15797
14715,30-08-2026,4,JKZ,-3.0,test,-25.172127,-37.11644,-8.859722
14715,30-08-2026,5,BWK,-15.0,test,-36.114254,-49.873184,-17.08889
14715,30-08-2026,6,BNW,-9.0,test,-31.172295,-42.962555,-15.490641
14715,30-08-2026,7,MHU,-11.0,test,-33.01604,-44.411747,-18.167887
14715,30-08-2026,8,CKD,-10.0,test,-32.281975,-43.642677,-17.527395
14715,30-08-2026,9,JRL,-12.0,test,-34.10987,-45.404705,-19.521324
14715,30-08-2026,10,SDRA,-11.0,test,-33.507786,-44.7013,-19.141327
14715,30-08-2026,11,KSI,-9.0,test,-32.25993,-43.693268,-17.474834
14715,30-08-2026,13,JTS,-13.0,test,-35.87235,-47.004852,-21.479023
14715,30-08-2026,15,RE,-15.0,test,-37.670254,-48.80961,-23.273361
14715,30-08-2026,16,BWL,-48.0,test,-61.122704,-74.17343,-41.800068
14715,30-08-2026,18,AIA,-48.0,test,-63.667355,-76.78474,-44.180046
14715,30-08-2026,20,HSI,-49.0,test,-64.64637,-77.652954,-45.122795
14715,30-08-2026,21,KRH,-29.0,test,-51.203716,-63.461716,-34.163292
14715,30-08-2026,23,PSL,-36.0,test,-55.078594,-68.209885,-36.75305
14715,30-08-2026,24,AWR,-44.0,test,-59.96653,-73.00425,-41.098152
14715,30-08-2026,25,MWW,-49.0,test,-61.81907,-74.58647,-42.91351
14715,30-08-2026,26,MKH,-48.0,test,-61.216602,-73.69212,-42.629402
14715,30-08-2026,27,DGW,-50.0,test,-64.439186,-77.36578,-45.02686
14715,30-08-2026,28,RHG,-67.0,test,-75.73314,-89.88897,-53.583385
14715,30-08-2026,30,BU,-75.0,test,-82.29593,-96.9832,-59.044796
14715,30-08-2026,32,BKI,-77.0,test,-83.995125,-98.76498,-60.456684
14715,30-08-2026,33,ARNA,-77.0,test,-84.21183,-98.99119,-60.639977
14715,30-08-2026,35,DO,-78.0,test,-84.366234,-99.21104,-60.723347
14715,30-08-2026,37,BAI,-67.0,test,-76.618645,-90.66035,-54.67373
14715,30-08-2026,38,KWP,-63.0,test,-74.020706,-87.84369,-52.597687
14715,30-08-2026,39,GTJT,-38.0,test,-56.299076,-68.683105,-38.42383
14715,30-08-2026,40,GADJ,-28.0,test,-50.179554,-62.290253,-33.359787
14715,31-08-2026,0,HSR,-1.0,test,-18.632158,-31.254074,-0.67783546
14715,31-08-2026,1,STD,-2.0,test,-19.684744,-31.81791,-2.653532
14715,31-08-2026,2,HNS,-5.0,test,-22.462946,-34.83274,-5.3018436
14715,31-08-2026,4,JKZ,-6.0,test,-23.487495,-35.447395,-7.062866
14715,31-08-2026,5,BWK,-15.0,test,-31.310959,-44.8928,-12.720173
14715,31-08-2026,6,BNW,-10.0,test,-27.189707,-38.79998,-11.733407
14715,31-08-2026,7,MHU,-11.0,test,-28.255983,-39.835815,-12.900243
14715,31-08-2026,8,CKD,-11.0,test,-28.60323,-40.132145,-13.422267
14715,31-08-2026,9,JRL,-12.0,test,-29.759178,-41.24723,-14.72826
14715,31-08-2026,10,SDRA,-11.0,test,-29.009758,-40.42095,-14.119801
14715,31-08-2026,11,KSI,-11.0,test,-29.5069,-40.955826,-14.603546
14715,31-08-2026,13,JTS,-7.0,test,-26.389982,-37.812645,-11.431438
14715,31-08-2026,14,KGBS,-7.0,test,-26.604456,-38.011948,-11.6620655
14715,31-08-2026,15,RE,-15.0,test,-32.350662,-45.980698,-13.176796
14715,31-08-2026,16,BWL,-40.0,test,-52.075626,-63.139633,-35.588333
14715,31-08-2026,18,AIA,-39.0,test,-54.069073,-66.63698,-36.360687
14715,31-08-2026,20,HSI,-40.0,test,-55.20806,-67.7366,-37.387516
14715,31-08-2026,21,KRH,-20.0,test,-41.111423,-53.21396,-25.062738
14715,31-08-2026,23,PSL,-24.0,test,-41.887955,-53.282578,-26.835045
14715,31-08-2026,24,AWR,-29.0,test,-44.428146,-56.170418,-28.738134
14715,31-08-2026,25,MWW,-29.0,test,-44.643764,-56.119556,-29.155848
14715,31-08-2026,26,MKH,-27.0,test,-43.450687,-54.783245,-28.236364
14715,31-08-2026,27,DGW,-30.0,test,-46.301144,-57.903282,-30.471493
14715,31-08-2026,28,RHG,-32.0,test,-48.06277,-59.891838,-31.787113
14715,31-08-2026,30,BU,-60.0,test,-68.76892,-82.45813,-48.118668
14715,31-08-2026,32,BKI,-59.0,test,-68.80788,-82.27793,-48.34553
14715,31-08-2026,33,ARNA,-75.0,test,-79.18751,-93.703735,-56.48254
14715,31-08-2026,35,DO,-85.0,test,-86.94813,-102.2942,-62.42204
14715,31-08-2026,37,BAI,-74.0,test,-76.9503,-91.02973,-54.94463
14715,31-08-2026,38,KWP,-68.0,test,-72.20353,-85.77131,-51.2627
14715,31-08-2026,39,GTJT,-45.0,test,-54.965412,-67.23426,-37.374557
14715,31-08-2026,40,GADJ,-35.0,test,-47.356815,-59.227226,-31.1379
14734,28-08-2026,0,JP,-39.0,test,-20.092049,-28.973446,-5.6021843
14734,28-08-2026,1,GADJ,-43.0,test,-24.698372,-33.37674,-11.200348
14734,28-08-2026,2,GTJT,-45.0,test,-26.75925,-35.369587,-13.718396
14734,28-08-2026,3,KWP,-46.0,test,-28.099964,-36.70935,-15.355517
14734,28-08-2026,4,BAI,-49.0,test,-31.071339,-39.542435,-19.012085
14734,28-08-2026,6,DO,-50.0,test,-32.709908,-43.118484,-18.066092
14734,28-08-2026,8,ARNA,-51.0,test,-33.59436,-42.9926,-20.599125
14734,28-08-2026,9,BKI,-66.0,test,-49.666656,-60.59761,-33.46038
14734,28-08-2026,11,BU,-66.0,test,-48.691998,-58.815212,-33.575985
14734,28-08-2026,13,RHG,-66.0,test,-48.20412,-58.22043,-33.315586
14734,28-08-2026,14,DGW,-79.0,test,-61.09762,-72.35211,-43.40105
14734,28-08-2026,15,MKH,-82.0,test,-64.468,-75.93392,-46.134926
14734,28-08-2026,16,MWW,-83.0,test,-63.478123,-74.49472,-45.670586
14734,28-08-2026,17,AWR,-63.0,test,-47.98251,-58.178448,-32.91744
14734,28-08-2026,18,PSL,-65.0,test,-46.35348,-55.897408,-32.183655
14734,28-08-2026,20,KRH,-66.0,test,-47.968815,-57.780018,-33.3359
14734,28-08-2026,21,HSI,-85.0,test,-67.44417,-78.81455,-48.506386
14734,28-08-2026,23,AIA,-85.0,test,-67.35642,-78.77746,-48.661514
14734,28-08-2026,25,BWL,-86.0,test,-67.09412,-78.48463,-48.470924
14734,28-08-2026,26,RE,-47.0,test,-33.73974,-43.203888,-20.779234
14734,28-08-2026,27,KGBS,-49.0,test,-35.064358,-43.99143,-22.709366
14734,28-08-2026,28,JTS,-49.0,test,-34.39567,-43.209534,-22.314053
14734,28-08-2026,30,KSI,-49.0,test,-34.807526,-43.61342,-22.723764
14734,28-08-2026,31,SDRA,-51.0,test,-36.547573,-45.220375,-24.408442
14734,28-08-2026,32,JRL,-54.0,test,-39.34201,-48.04697,-26.88427
14734,28-08-2026,33,CKD,-55.0,test,-39.553173,-48.40172,-26.953402
14734,28-08-2026,34,MHU,-57.0,test,-41.547024,-50.5482,-28.53718
14734,28-08-2026,35,BNW,-55.0,test,-40.12508,-49.03015,-27.412382
14734,28-08-2026,36,BWK,-57.0,test,-42.8533,-51.9305,-29.632618
14734,28-08-2026,37,JKZ,-59.0,test,-44.603138,-53.78173,-31.0671
14734,28-08-2026,39,HNS,-61.0,test,-45.997696,-55.319153,-32.14875
14734,28-08-2026,40,STD,-63.0,test,-47.09841,-56.23555,-33.25556
14734,28-08-2026,41,HSR,-66.0,test,-50.49323,-59.928467,-35.937504
14734,28-08-2026,42,ADR,-66.0,test,-50.30425,-59.670197,-35.861076
14734,28-08-2026,43,BHT,-70.0,test,-54.043804,-64.25268,-38.351757
14734,28-08-2026,44,DING,-70.0,test,-52.848373,-62.30182,-37.97045
14734,28-08-2026,45,SSA,-51.0,test,-39.19221,-48.088314,-26.719574
14734,28-08-2026,46,KNL,-52.0,test,-39.618496,-48.556023,-27.051174
14734,28-08-2026,47,RMN,-60.0,test,-47.256165,-57.605583,-32.27588
14734,29-08-2026,0,JP,-5.0,test,-18.203407,-27.144218,-3.366352
14734,29-08-2026,1,GADJ,-9.0,test,-22.919466,-32.321896,-7.956444
14734,29-08-2026,2,GTJT,-10.0,test,-24.044239,-32.88117,-10.219697
14734,29-08-2026,3,KWP,-12.0,test,-26.257195,-34.97662,-13.056216
14734,29-08-2026,4,BAI,-16.0,test,-30.313267,-39.184185,-17.469463
14734,29-08-2026,6,DO,-17.0,test,-31.584686,-41.561764,-17.430756
14734,29-08-2026,8,ARNA,-18.0,test,-32.66206,-41.89701,-19.873562
14734,29-08-2026,9,BKI,-29.0,test,-44.37821,-55.143967,-28.861292
14734,29-08-2026,11,BU,-31.0,test,-45.15373,-54.684387,-31.033138
14734,29-08-2026,13,RHG,-46.0,test,-61.147316,-72.60061,-43.086082
14734,29-08-2026,14,DGW,-60.0,test,-71.6081,-83.738335,-51.51439
14734,29-08-2026,15,MKH,-61.0,test,-70.88528,-82.95417,-51.1298
14734,29-08-2026,16,MWW,-60.0,test,-68.840294,-80.61891,-49.687744
14734,29-08-2026,17,AWR,-41.0,test,-53.94041,-64.149864,-38.129417
14734,29-08-2026,18,PSL,-44.0,test,-54.842747,-64.99871,-38.93168
14734,29-08-2026,20,KRH,-47.0,test,-56.390644,-66.37423,-40.401955
14734,29-08-2026,21,HSI,-81.0,test,-85.524605,-99.774,-61.766525
14734,29-08-2026,23,AIA,-82.0,test,-88.096405,-102.87048,-63.848278
14734,29-08-2026,25,BWL,-89.0,test,-94.06838,-109.80151,-68.16058
14734,29-08-2026,26,RE,-59.0,test,-67.48579,-79.013306,-48.721058
14734,29-08-2026,27,KGBS,-61.0,test,-68.63906,-80.31804,-49.67324
14734,29-08-2026,28,JTS,-61.0,test,-67.489365,-78.98501,-48.836765
14734,29-08-2026,30,KSI,-60.0,test,-67.121574,-78.55454,-48.580486
14734,29-08-2026,31,SDRA,-61.0,test,-67.62416,-79.12944,-48.953808
14734,29-08-2026,32,JRL,-61.0,test,-67.32595,-78.73317,-48.786255
14734,29-08-2026,33,CKD,-63.0,test,-69.32115,-81.1055,-50.211365
14734,29-08-2026,34,MHU,-63.0,test,-69.244995,-80.989174,-50.18537
14734,29-08-2026,35,BNW,-59.0,test,-67.571266,-79.08743,-48.929405
14734,29-08-2026,36,BWK,-67.0,test,-74.910995,-87.59865,-54.335278
14734,29-08-2026,37,JKZ,-69.0,test,-75.985725,-88.86275,-55.12727
14734,29-08-2026,39,HNS,-71.0,test,-76.557976,-89.51112,-55.573387
14734,29-08-2026,40,STD,-71.0,test,-76.39463,-89.32364,-55.451004
14734,29-08-2026,41,HSR,-60.0,test,-69.40476,-81.218094,-50.3313
14734,29-08-2026,42,ADR,-58.0,test,-67.424934,-78.934685,-48.884018
14734,29-08-2026,43,BHT,-60.0,test,-68.751526,-80.487274,-49.850197
14734,29-08-2026,44,DING,-59.0,test,-67.995865,-79.61983,-49.30828
14734,29-08-2026,45,SSA,-47.0,test,-58.962925,-69.15689,-42.667664
14734,29-08-2026,46,KNL,-47.0,test,-58.499187,-68.66416,-42.31665
14734,29-08-2026,47,RMN,-50.0,test,-59.940083,-70.341675,-43.37847
14734,30-08-2026,0,JP,-39.0,test,-19.14377,-28.060812,-4.473094
14734,30-08-2026,1,GADJ,-47.0,test,-28.223255,-38.616386,-12.090372
14734,30-08-2026,2,GTJT,-49.0,test,-30.222166,-39.44532,-16.27761
14734,30-08-2026,3,KWP,-50.0,test,-31.315495,-40.20152,-18.246494
14734,30-08-2026,4,BAI,-55.0,test,-35.741154,-44.535942,-23.055763
14734,30-08-2026,6,DO,-54.0,test,-35.355843,-45.045784,-21.819344
14734,30-08-2026,8,ARNA,-54.0,test,-34.907993,-44.07221,-22.134338
14734,30-08-2026,9,BKI,-64.0,test,-45.02776,-54.96476,-30.499186
14734,30-08-2026,11,BU,-65.0,test,-44.808437,-53.960472,-31.146713
14734,30-08-2026,13,RHG,-67.0,test,-46.97213,-56.670708,-32.57809
14734,30-08-2026,14,DGW,-81.0,test,-62.060825,-73.43484,-43.91933
14734,30-08-2026,15,MKH,-81.0,test,-63.13182,-74.57361,-44.989506
14734,30-08-2026,16,MWW,-80.0,test,-59.68152,-70.46615,-42.563118
14734,30-08-2026,17,AWR,-60.0,test,-43.176216,-53.087708,-29.00748
14734,30-08-2026,18,PSL,-62.0,test,-43.6693,-53.23879,-29.8064
14734,30-08-2026,20,KRH,-66.0,test,-46.066135,-55.570892,-31.935432
14734,30-08-2026,21,HSI,-66.0,test,-47.641193,-56.69844,-33.668495
14734,30-08-2026,23,AIA,-76.0,test,-58.286724,-69.13489,-41.19011
14734,30-08-2026,25,BWL,-78.0,test,-57.956554,-68.05821,-41.651268
14734,30-08-2026,26,RE,-42.0,test,-28.402313,-38.230637,-14.178728
14734,30-08-2026,27,KGBS,-48.0,test,-34.673805,-44.945644,-20.25391
14734,30-08-2026,28,JTS,-49.0,test,-34.18404,-43.253914,-21.7481
14734,30-08-2026,30,KSI,-49.0,test,-34.13054,-42.92907,-22.087955
14734,30-08-2026,31,SDRA,-51.0,test,-35.3986,-43.960644,-23.498451
14734,30-08-2026,32,JRL,-55.0,test,-39.346294,-48.04486,-26.895231
14734,30-08-2026,33,CKD,-56.0,test,-39.47833,-48.31769,-26.895527
14734,30-08-2026,34,MHU,-58.0,test,-41.457623,-50.448246,-28.467783
14734,30-08-2026,35,BNW,-56.0,test,-40.137375,-49.043175,-27.422009
14734,30-08-2026,36,BWK,-65.0,test,-50.061558,-59.84588,-35.230812
14734,30-08-2026,37,JKZ,-67.0,test,-50.7429,-60.4806,-35.884964
14734,30-08-2026,39,HNS,-70.0,test,-52.11066,-61.51816,-37.341476
14734,30-08-2026,40,STD,-75.0,test,-55.828297,-65.705635,-40.13273
14734,30-08-2026,41,HSR,-63.0,test,-47.353382,-56.64983,-33.350357
14734,30-08-2026,42,ADR,-63.0,test,-47.41595,-56.65871,-33.47876
14734,30-08-2026,43,BHT,-75.0,test,-57.64339,-67.74542,-41.52223
14734,30-08-2026,44,DING,-75.0,test,-56.490124,-66.24804,-40.836323
14734,30-08-2026,45,SSA,-68.0,test,-50.435577,-59.84195,-35.95619
14734,30-08-2026,46,KNL,-65.0,test,-48.019444,-57.3342,-33.961994
14734,30-08-2026,47,RMN,-65.0,test,-47.156357,-56.322224,-33.36147
14734,31-08-2026,0,JP,-13.0,test,-17.485071,-26.5239,-2.3493004
14734,31-08-2026,1,GADJ,-17.0,test,-21.985764,-31.728163,-6.317377
14734,31-08-2026,2,GTJT,-17.0,test,-22.048685,-31.083992,-7.6248665
14734,31-08-2026,3,KWP,-17.0,test,-22.28889,-31.159645,-8.3633995
14734,31-08-2026,4,BAI,-19.0,test,-24.34799,-32.956623,-11.355985
14734,31-08-2026,6,DO,-20.0,test,-25.604948,-35.91233,-10.465974
14734,31-08-2026,8,ARNA,-19.0,test,-25.124146,-34.619347,-11.353788
14734,31-08-2026,9,BKI,-37.0,test,-44.5045,-55.57389,-28.145136
14734,31-08-2026,11,BU,-53.0,test,-57.62457,-68.64847,-40.578323
14734,31-08-2026,13,RHG,-67.0,test,-70.27709,-82.2185,-50.519283
14734,31-08-2026,14,DGW,-67.0,test,-69.82862,-81.72707,-50.38965
14734,31-08-2026,15,MKH,-68.0,test,-69.52342,-81.406364,-50.158325
14734,31-08-2026,16,MWW,-67.0,test,-67.21349,-78.72347,-48.524033
14734,31-08-2026,17,AWR,-47.0,test,-51.809032,-61.917576,-36.39805
14734,31-08-2026,18,PSL,-52.0,test,-53.323433,-63.125206,-37.946648
14734,31-08-2026,20,KRH,-63.0,test,-64.34923,-75.61372,-46.05044
14734,31-08-2026,21,HSI,-63.0,test,-64.82024,-75.79365,-46.868828
14734,31-08-2026,23,AIA,-76.0,test,-76.25683,-89.12684,-54.961296
14734,31-08-2026,25,BWL,-86.0,test,-83.48661,-97.52185,-60.474693
14734,31-08-2026,26,RE,-65.0,test,-65.82657,-77.08818,-47.542107
14734,31-08-2026,27,KGBS,-64.0,test,-63.728657,-74.62323,-46.07733
14734,31-08-2026,28,JTS,-64.0,test,-62.52268,-73.22571,-45.19953
14734,31-08-2026,30,KSI,-63.0,test,-63.666378,-74.545204,-46.048367
14734,31-08-2026,31,SDRA,-63.0,test,-63.245205,-74.05481,-45.74846
14734,31-08-2026,32,JRL,-65.0,test,-65.05998,-76.14857,-47.03562
14734,31-08-2026,33,CKD,-64.0,test,-65.569405,-76.73968,-47.39544
14734,31-08-2026,34,MHU,-65.0,test,-65.78773,-77.00397,-47.545677
14734,31-08-2026,35,BNW,-63.0,test,-65.39192,-76.54413,-47.25817
14734,31-08-2026,36,BWK,-64.0,test,-66.119225,-77.39628,-47.87203
14734,31-08-2026,37,JKZ,-65.0,test,-66.44659,-77.77183,-48.14746
14734,31-08-2026,39,HNS,-71.0,test,-71.19315,-83.316055,-51.592438
14734,31-08-2026,40,STD,-72.0,test,-70.890724,-82.93881,-51.42135
14734,31-08-2026,41,HSR,-61.0,test,-63.9196,-74.85385,-46.296288
14734,31-08-2026,42,ADR,-59.0,test,-61.503357,-72.06556,-44.53951
14734,31-08-2026,43,BHT,-63.0,test,-64.82658,-75.96483,-46.920162
14734,31-08-2026,44,DING,-61.0,test,-62.88313,-73.68324,-45.558365
14734,31-08-2026,45,SSA,-67.0,test,-67.17043,-78.71357,-48.642204
14734,31-08-2026,46,KNL,-71.0,test,-71.12452,-83.36719,-51.465973
14734,31-08-2026,47,RMN,-70.0,test,-68.91034,-80.75643,-49.93872
14801,28-08-2026,0,JU,-13.0,test,-14.241655,-23.346386,3.7569313
14801,28-08-2026,1,BGKT,-15.0,test,-17.380888,-27.421202,1.9200306
14801,28-08-2026,2,BANE,-15.0,test,-17.028614,-26.750225,1.290514
14801,28-08-2026,3,LUNI,-13.0,test,-14.545155,-23.899517,2.8633232
14801,28-08-2026,4,PMY,-20.0,test,-22.218987,-31.248713,-5.671068
14801,28-08-2026,5,MJ,-21.0,test,-23.540565,-32.537212,-7.7132015
14801,28-08-2026,6,SOD,-22.0,test,-25.1875,-34.028687,-9.725826
14801,28-08-2026,7,HP,-21.0,test,-25.235542,-34.060112,-9.736412
14801,28-08-2026,8,SEU,-18.0,test,-22.22336,-31.15858,-6.3658895
14801,28-08-2026,9,BER,-17.0,test,-20.539944,-29.18118,-5.4677734
14801,28-08-2026,10,AII,-10.0,test,-12.664462,-21.451576,3.1290026
14801,28-08-2026,11,NSD,-12.0,test,-15.480454,-24.379787,0.46077824
14801,28-08-2026,12,BJNR,-17.0,test,-21.068222,-29.42408,-6.845792
14801,28-08-2026,13,RLR,-18.0,test,-21.895714,-30.016811,-8.444836
14801,28-08-2026,14,BHL,-13.0,test,-17.240017,-25.657297,-2.8979683
14801,28-08-2026,15,GGR,-10.0,test,-14.148904,-22.663975,0.55633736
14801,28-08-2026,16,CNA,-12.0,test,-16.361952,-24.709208,-2.392087
14801,28-08-2026,17,COR,-19.0,test,-23.236912,-32.590443,-8.046841
14801,28-08-2026,18,SMP,-16.0,test,-20.49168,-28.542702,-7.7730894
14801,28-08-2026,19,NBH,-26.0,test,-30.45803,-39.86265,-15.041475
14801,28-08-2026,20,JWO,-27.0,test,-31.474283,-39.556385,-19.414095
14801,28-08-2026,21,NMH,-21.0,test,-25.52399,-33.362038,-14.050944
14801,28-08-2026,22,MLG,-10.0,test,-15.307702,-23.414845,-2.3618011
14801,28-08-2026,23,PIP,-17.0,test,-21.861431,-30.957897,-7.6777143
14801,28-08-2026,24,MDS,-16.0,test,-20.80576,-28.750551,-8.874488
14801,28-08-2026,25,DLD,-15.0,test,-19.978533,-27.905867,-8.218248
14801,28-08-2026,26,DOD,-22.0,test,-26.879166,-35.68409,-14.169383
14801,28-08-2026,27,JAO,-17.0,test,-22.062317,-30.05719,-10.5786295
14801,28-08-2026,28,NLI,-25.0,test,-29.926285,-38.964325,-17.067429
14801,28-08-2026,29,RTM,-19.0,test,-23.616272,-31.464714,-12.751335
14801,28-08-2026,30,RNJ,-15.0,test,-20.116919,-28.081352,-9.011805
14801,28-08-2026,31,BNG,-28.0,test,-32.985306,-41.683174,-20.695963
14801,28-08-2026,32,GPX,-18.0,test,-23.559326,-32.153145,-11.092803
14801,28-08-2026,33,FTD,-21.0,test,-25.684292,-33.733112,-14.923785
14801,28-08-2026,34,LMNR,-19.0,test,-23.444828,-31.013773,-13.607279
14801,29-08-2026,0,JU,-16.0,test,-11.475072,-20.81892,7.5718775
14801,29-08-2026,1,BGKT,-17.0,test,-13.0002575,-22.60161,6.009859
14801,29-08-2026,2,BANE,-19.0,test,-16.13747,-27.051716,5.4712105
14801,29-08-2026,3,LUNI,-20.0,test,-16.972713,-27.438257,3.6687355
14801,29-08-2026,4,PMY,-23.0,test,-19.264929,-28.767025,-1.283987
14801,29-08-2026,5,MJ,-23.0,test,-19.35115,-28.536488,-2.7655487
14801,29-08-2026,6,SOD,-26.0,test,-23.300148,-32.942806,-6.2054024
14801,29-08-2026,7,HP,-27.0,test,-24.680399,-33.956993,-7.990099
14801,29-08-2026,8,SEU,-26.0,test,-23.638092,-33.038216,-6.44471
14801,29-08-2026,9,BER,-27.0,test,-25.041481,-33.973183,-9.305379
14801,29-08-2026,10,AII,-17.0,test,-14.302709,-23.125751,1.4683561
14801,29-08-2026,11,NSD,-16.0,test,-13.537661,-22.350113,2.3252182
14801,29-08-2026,12,BJNR,-20.0,test,-18.143705,-27.166939,-2.4776297
14801,29-08-2026,13,RLR,-25.0,test,-22.813896,-31.868675,-7.829646
14801,29-08-2026,14,BHL,-19.0,test,-17.240406,-25.614601,-2.994378
14801,29-08-2026,15,GGR,-15.0,test,-13.140781,-21.716583,1.7893143
14801,29-08-2026,16,CNA,-17.0,test,-15.290642,-23.6694,-1.1246576
14801,29-08-2026,17,COR,-15.0,test,-13.527432,-21.966068,0.8880396
14801,29-08-2026,18,SMP,-15.0,test,-13.681444,-22.00713,0.38956356
14801,29-08-2026,19,NBH,-24.0,test,-22.098848,-31.436617,-6.8899937
14801,29-08-2026,20,JWO,-26.0,test,-24.56991,-32.583275,-12.445944
14801,29-08-2026,21,NMH,-19.0,test,-17.956268,-25.929401,-5.3610725
14801,29-08-2026,22,MLG,-15.0,test,-14.371053,-22.444029,-1.3760767
14801,29-08-2026,23,PIP,-23.0,test,-21.902084,-31.12574,-7.280612
14801,29-08-2026,24,MDS,-22.0,test,-20.806599,-28.778358,-8.806162
14801,29-08-2026,25,DLD,-21.0,test,-20.015177,-27.94557,-8.260664
14801,29-08-2026,26,DOD,-27.0,test,-25.963465,-34.79555,-13.188791
14801,29-08-2026,27,JAO,-23.0,test,-22.140968,-30.119177,-10.729342
14801,29-08-2026,28,NLI,-27.0,test,-25.305698,-33.124943,-14.500651
14801,29-08-2026,29,RTM,-22.0,test,-21.134647,-29.092918,-9.970346
14801,29-08-2026,30,RNJ,-18.0,test,-17.559116,-25.605423,-5.9025717
14801,29-08-2026,31,BNG,-17.0,test,-16.743422,-24.96626,-4.511533
14801,29-08-2026,32,GPX,-15.0,test,-15.038286,-23.339214,-2.619794
14801,29-08-2026,33,FTD,-18.0,test,-18.184877,-26.105911,-7.4768114
14801,29-08-2026,34,LMNR,-19.0,test,-18.950388,-26.65701,-8.755275
14801,30-08-2026,0,JU,1.0,test,-10.082469,-19.538492,8.652186
14801,30-08-2026,1,BGKT,-7.0,test,-20.255928,-31.192787,0.8764591
14801,30-08-2026,2,BANE,-7.0,test,-19.563038,-29.498432,-0.88594437
14801,30-08-2026,3,LUNI,-6.0,test,-17.860327,-27.378666,-0.3325634
14801,30-08-2026,4,PMY,-7.0,test,-18.613768,-27.419115,-2.544199
14801,30-08-2026,5,MJ,-8.0,test,-20.511593,-29.696407,-4.0173397
14801,30-08-2026,7,HP,-9.0,test,-23.23306,-33.05899,-5.5225677
14801,30-08-2026,8,SEU,-11.0,test,-24.897528,-34.34441,-7.792202
14801,30-08-2026,9,BER,-11.0,test,-24.294353,-33.27385,-8.218405
14801,30-08-2026,10,AII,0.0,test,-12.764366,-21.568031,3.0699368
14801,30-08-2026,11,NSD,1.0,test,-12.25375,-21.231266,4.0713215
14801,30-08-2026,12,BJNR,-3.0,test,-16.974176,-26.551392,-0.11394882
14801,30-08-2026,13,RLR,-5.0,test,-18.925594,-27.225903,-4.8234644
14801,30-08-2026,14,BHL,0.0,test,-13.903134,-22.458916,0.9791603
14801,30-08-2026,16,CNA,1.0,test,-13.315553,-21.891079,1.5066605
14801,30-08-2026,17,COR,-3.0,test,-17.52236,-26.506533,-2.6467
14801,30-08-2026,18,SMP,-2.0,test,-16.609089,-24.794239,-3.185604
14801,30-08-2026,19,NBH,-13.0,test,-27.261059,-36.61391,-12.004701
14801,30-08-2026,20,JWO,-14.0,test,-28.39927,-36.480278,-16.339725
14801,30-08-2026,21,NMH,-7.0,test,-21.71693,-29.645664,-9.765617
14801,30-08-2026,22,MLG,1.0,test,-14.352857,-22.432941,-1.33323
14801,30-08-2026,23,PIP,-7.0,test,-21.928862,-31.15984,-7.257044
14801,30-08-2026,24,MDS,-7.0,test,-21.715256,-29.688244,-9.811322
14801,30-08-2026,25,DLD,-7.0,test,-21.75844,-29.717567,-10.15694
14801,30-08-2026,26,DOD,-13.0,test,-27.338951,-35.012573,-16.623812
14801,30-08-2026,27,JAO,-10.0,test,-24.762869,-32.620567,-13.7034025
14801,30-08-2026,28,NLI,-14.0,test,-28.259022,-36.46403,-16.963642
14801,30-08-2026,29,RTM,-10.0,test,-24.604774,-32.44104,-13.810592
14801,30-08-2026,30,RNJ,-26.0,test,-39.315533,-48.232456,-26.07116
14801,30-08-2026,31,BNG,-26.0,test,-40.341152,-48.95314,-27.566738
14801,30-08-2026,32,GPX,-16.0,test,-31.533321,-40.03638,-19.60131
14801,30-08-2026,33,FTD,-20.0,test,-34.540783,-43.186607,-22.449606
14801,30-08-2026,34,LMNR,-19.0,test,-30.578484,-38.279774,-20.085136
14801,31-08-2026,0,JU,-5.0,test,-9.043429,-19.069519,10.981713
14801,31-08-2026,1,BGKT,-7.0,test,-11.43645,-21.304245,7.8788385
14801,31-08-2026,2,BANE,-7.0,test,-12.533773,-23.094118,7.8909206
14801,31-08-2026,3,LUNI,-6.0,test,-12.182428,-22.60865,7.7408276
14801,31-08-2026,4,PMY,-6.0,test,-11.489355,-20.917545,6.2302685
14801,31-08-2026,5,MJ,-12.0,test,-17.992275,-27.926792,-0.03579521
14801,31-08-2026,6,SOD,-13.0,test,-19.862808,-29.117952,-3.0013084
14801,31-08-2026,7,HP,-12.0,test,-19.235628,-28.512436,-2.203907
14801,31-08-2026,8,SEU,-9.0,test,-16.13712,-25.517403,1.116888
14801,31-08-2026,9,BER,-8.0,test,-15.727762,-24.80946,0.91368294
14801,31-08-2026,10,AII,-8.0,test,-15.353611,-24.201302,0.5075283
14801,31-08-2026,11,NSD,-12.0,test,-19.793684,-28.225185,-5.30445
14801,31-08-2026,12,BJNR,-23.0,test,-31.60009,-40.31652,-17.057814
14801,31-08-2026,13,RLR,-25.0,test,-32.764454,-40.65531,-20.464634
14801,31-08-2026,14,BHL,-22.0,test,-30.123413,-38.09167,-17.80107
14801,31-08-2026,15,GGR,-18.0,test,-26.26816,-34.33401,-13.657218
14801,31-08-2026,16,CNA,-9.0,test,-17.25001,-25.521606,-3.5313816
14801,31-08-2026,17,COR,-8.0,test,-16.352554,-24.61607,-2.6266031
14801,31-08-2026,19,NBH,-17.0,test,-25.506592,-34.98638,-9.877863
14801,31-08-2026,20,JWO,-19.0,test,-27.420746,-35.37481,-15.611313
14801,31-08-2026,21,NMH,-12.0,test,-20.947927,-28.860855,-8.926815
14801,31-08-2026,22,MLG,-5.0,test,-14.369051,-22.448662,-1.3568211
14801,31-08-2026,23,PIP,-10.0,test,-19.099846,-26.993683,-7.023571
14801,31-08-2026,24,MDS,-15.0,test,-23.586044,-31.429642,-12.336811
14801,31-08-2026,25,DLD,-16.0,test,-24.467476,-32.249496,-13.410654
14801,31-08-2026,26,DOD,-22.0,test,-30.559155,-39.151783,-18.421825
14801,31-08-2026,27,JAO,-18.0,test,-26.531351,-34.323883,-15.650319
14801,31-08-2026,28,NLI,-26.0,test,-34.34915,-43.20348,-21.72548
14801,31-08-2026,29,RTM,-18.0,test,-26.334892,-34.105804,-15.690096
14801,31-08-2026,30,RNJ,-16.0,test,-24.494545,-32.321648,-13.885383
14801,31-08-2026,31,BNG,-25.0,test,-34.423454,-43.369812,-21.449562
14801,31-08-2026,32,GPX,-16.0,test,-25.682028,-34.32528,-13.126998
14801,31-08-2026,33,FTD,-19.0,test,-27.057348,-35.041107,-16.324265
14801,31-08-2026,34,LMNR,-18.0,test,-25.689754,-33.200737,-15.8197775
14813,28-08-2026,0,JU,9.0,test,11.39397,-2.0285444,40.23158
14813,28-08-2026,1,RKB,10.0,test,11.681799,-1.205411,39.417847
14813,28-08-2026,3,BNO,8.0,test,7.617403,-3.8200474,31.587358
14813,28-08-2026,4,JWL,8.0,test,6.140174,-4.319148,28.20044
14813,28-08-2026,5,AAS,3.0,test,2.1913874,-9.151356,25.3937
14813,28-08-2026,6,PPR,1.0,test,-0.19543111,-11.752816,23.14399
14813,28-08-2026,7,UMED,-1.0,test,-1.1664022,-12.618126,21.972008
14813,28-08-2026,8,KXG,-1.0,test,0.42097723,-11.79805,25.303766
14813,28-08-2026,9,GOTN,-2.0,test,-2.5491564,-13.5783205,19.339695
14813,28-08-2026,10,JOM,-3.0,test,-3.578063,-14.431548,17.943165
14813,28-08-2026,11,MTD,-6.0,test,-2.9427097,-15.417188,21.954435
14813,28-08-2026,12,REN,-5.0,test,-4.356612,-15.379476,17.236233
14813,28-08-2026,13,JAC,-7.0,test,-6.710276,-16.934322,12.843744
14813,28-08-2026,14,DNA,-9.0,test,-9.147255,-18.831932,8.870836
14813,28-08-2026,15,GCH,-5.0,test,-5.257761,-15.830276,15.209921
14813,28-08-2026,16,BSRL,-6.0,test,-6.6567645,-17.298807,13.7605095
14813,28-08-2026,17,BOW,-10.0,test,-10.083928,-20.302673,8.932742
14813,28-08-2026,18,MKN,-14.0,test,-14.18553,-24.52473,4.490017
14813,28-08-2026,19,KMNC,-13.0,test,-12.91923,-23.363968,6.187253
14813,28-08-2026,20,NYK,-12.0,test,-12.243532,-22.70814,7.021227
14813,28-08-2026,21,NAC,-13.0,test,-13.64445,-23.983566,5.1395617
14813,28-08-2026,22,GA,-6.0,test,-8.141535,-18.50589,11.403196
14813,28-08-2026,23,SBR,-5.0,test,-7.449096,-17.89095,12.311028
14813,28-08-2026,24,FL,12.0,test,5.590212,-4.8874435,27.06635
14813,28-08-2026,25,HDA,11.0,test,5.129134,-5.6299686,27.09555
14813,28-08-2026,27,JOB,7.0,test,1.2184402,-9.283422,22.062012
14813,28-08-2026,28,BOBS,5.0,test,0.51858914,-9.787202,20.932346
14813,28-08-2026,30,DNK,-1.0,test,-3.1174982,-14.541191,18.558832
14813,28-08-2026,31,KKU,-15.0,test,-15.339606,-25.913128,3.2887163
14813,28-08-2026,32,JP,1.0,test,-2.282542,-13.568746,19.189531
14813,28-08-2026,33,DPA,0.0,test,-4.0272884,-14.803564,16.29865
14813,28-08-2026,34,SNGN,-3.0,test,-6.915766,-17.549728,12.657654
14813,28-08-2026,35,SAS,-3.0,test,-5.3255525,-16.055069,14.61536
14813,28-08-2026,36,CKS,-2.0,test,-5.60515,-15.92464,13.512987
14813,28-08-2026,37,CHNN,-3.0,test,-7.282242,-17.214285,10.729372
14813,28-08-2026,38,BNLW,-1.0,test,-5.5794587,-15.50186,12.531519
14813,28-08-2026,39,SRAS,-7.0,test,-10.635189,-20.330193,6.2747993
14813,28-08-2026,40,ISA,-4.0,test,-8.31597,-18.159813,9.14951
14813,28-08-2026,42,CKB,-4.0,test,-6.852846,-17.181839,11.490883
14813,28-08-2026,43,DPZ,-9.0,test,-11.25993,-21.857462,6.981102
14813,28-08-2026,44,SWM,11.0,test,4.8168936,-5.869443,25.387112
14813,28-08-2026,45,RWJ,9.0,test,2.4639542,-7.7505484,21.745535
14813,28-08-2026,46,AMLI,6.0,test,-0.15773284,-10.371146,18.61635
14813,28-08-2026,47,IDG,4.0,test,-1.1948975,-11.635593,17.90871
14813,28-08-2026,48,LKE,4.0,test,0.018029334,-10.77945,19.886698
14813,28-08-2026,49,KPZ,8.0,test,3.5961459,-7.3870153,24.282028
14813,28-08-2026,50,KPTN,6.0,test,2.4596798,-8.594934,23.083506
14813,28-08-2026,51,KOTA,13.0,test,9.501121,-2.4649038,33.139744
14813,28-08-2026,52,ATH,14.0,test,10.384527,-1.2591772,33.40017
14813,28-08-2026,53,BAZ,1.0,test,-0.2586497,-11.661212,20.699524
14813,28-08-2026,54,ATRU,4.0,test,1.5344609,-9.46627,21.79318
14813,28-08-2026,55,SYL,4.0,test,1.277028,-9.535767,21.107822
14813,28-08-2026,56,CAG,14.0,test,9.365674,-1.6084747,30.726444
14813,28-08-2026,57,RTA,-1.0,test,-2.7013607,-12.941417,15.151085
14813,28-08-2026,58,GUNA,4.0,test,1.731691,-7.4448647,18.302393
14813,28-08-2026,59,PGA,0.0,test,-2.4062629,-10.196245,10.863813
14813,28-08-2026,60,SHDR,-1.0,test,-3.2742379,-10.560006,8.7448015
14813,28-08-2026,61,ASKN,-3.0,test,-5.1080427,-11.5539,5.14312
14813,28-08-2026,62,PIA,-12.0,test,-13.122339,-21.36726,-0.8422651
14813,28-08-2026,63,MNV,-18.0,test,-18.44714,-26.127914,-8.116726
14813,28-08-2026,64,BINA,-31.0,test,-27.517859,-35.12726,-17.639845
14813,28-08-2026,65,MABA,-35.0,test,-28.381475,-35.051712,-19.160671
14813,28-08-2026,66,KAH,-38.0,test,-29.838274,-36.481876,-20.437675
14813,28-08-2026,67,BET,-47.0,test,-35.733246,-43.397938,-24.687305
14813,28-08-2026,68,BAQ,-48.0,test,-35.388725,-42.36536,-24.972378
14813,28-08-2026,69,GLG,-52.0,test,-37.7438,-44.849434,-26.921932
14813,28-08-2026,70,BHS,-44.0,test,-34.024193,-41.04894,-23.744339
14813,28-08-2026,71,SCI,-43.0,test,-33.996956,-41.227524,-23.55105
14813,28-08-2026,72,SMT,-45.0,test,-36.140057,-43.875362,-24.99147
14813,29-08-2026,0,JU,41.0,test,11.798843,-0.1730671,37.934948
14813,29-08-2026,1,RKB,41.0,test,10.240528,-0.96922207,34.324142
14813,29-08-2026,3,BNO,39.0,test,9.57015,-1.6166744,33.422012
14813,29-08-2026,4,JWL,38.0,test,7.737035,-3.0115461,30.587742
14813,29-08-2026,5,AAS,33.0,test,6.303895,-6.1604853,32.163532
14813,29-08-2026,6,PPR,30.0,test,1.3776299,-10.008395,24.64839
14813,29-08-2026,7,UMED,31.0,test,2.0568316,-8.761308,24.170643
14813,29-08-2026,8,KXG,31.0,test,2.3978302,-8.838166,25.46146
14813,29-08-2026,9,GOTN,31.0,test,1.8557931,-9.063973,24.086876
14813,29-08-2026,10,JOM,32.0,test,2.2749057,-8.380306,24.134012
14813,29-08-2026,11,MTD,26.0,test,-1.0474342,-13.635185,23.82332
14813,29-08-2026,12,REN,30.0,test,0.2275883,-10.382816,21.485023
14813,29-08-2026,13,JAC,28.0,test,-1.1856698,-11.648607,19.559185
14813,29-08-2026,14,DNA,25.0,test,-4.293621,-14.207105,14.801851
14813,29-08-2026,15,GCH,30.0,test,0.34941924,-10.483838,22.080107
14813,29-08-2026,16,BSRL,30.0,test,-0.22536886,-11.030854,21.405003
14813,29-08-2026,17,BOW,30.0,test,-0.35476243,-10.929425,20.69176
14813,29-08-2026,18,MKN,25.0,test,-5.0676556,-16.282837,16.40766
14813,29-08-2026,19,KMNC,26.0,test,-4.2571707,-14.934403,16.482376
14813,29-08-2026,20,NYK,27.0,test,-3.3267643,-14.12742,17.846313
14813,29-08-2026,21,NAC,27.0,test,-4.048595,-14.701252,16.651854
14813,29-08-2026,22,GA,34.0,test,1.7996556,-8.822197,23.11814
14813,29-08-2026,23,SBR,35.0,test,2.1764162,-8.411612,23.52085
14813,29-08-2026,24,FL,42.0,test,7.7408834,-3.0647855,30.187212
14813,29-08-2026,25,HDA,40.0,test,6.0655756,-4.6758175,28.164753
14813,29-08-2026,27,JOB,36.0,test,2.1565802,-8.798627,23.9671
14813,29-08-2026,28,BOBS,30.0,test,-2.1406572,-13.499332,19.726501
14813,29-08-2026,30,DNK,30.0,test,-1.7463697,-12.062223,18.240942
14813,29-08-2026,31,KKU,18.0,test,-11.108083,-22.135036,8.864158
14813,29-08-2026,32,JP,37.0,test,3.7938428,-7.1917377,25.696781
14813,29-08-2026,33,DPA,39.0,test,4.4546423,-6.1546106,25.789246
14813,29-08-2026,34,SNGN,36.0,test,1.9376348,-8.482692,22.504904
14813,29-08-2026,35,SAS,36.0,test,1.7284411,-8.661989,22.107027
14813,29-08-2026,36,CKS,36.0,test,1.7121528,-8.617025,21.892847
14813,29-08-2026,37,CHNN,26.0,test,-4.8872194,-15.959145,15.75225
14813,29-08-2026,38,BNLW,28.0,test,-4.8967533,-15.051587,13.769739
14813,29-08-2026,39,SRAS,25.0,test,-6.7408576,-17.61334,12.9558735
14813,29-08-2026,40,ISA,24.0,test,-8.217296,-18.216097,9.59842
14813,29-08-2026,42,CKB,18.0,test,-12.247728,-23.64006,7.4661083
14813,29-08-2026,43,DPZ,17.0,test,-13.580708,-23.727613,3.7430878
14813,29-08-2026,44,SWM,38.0,test,3.6639194,-6.8153124,23.714996
14813,29-08-2026,45,RWJ,35.0,test,2.3366745,-8.50906,22.881414
14813,29-08-2026,46,AMLI,33.0,test,1.221274,-9.773245,21.83504
14813,29-08-2026,47,IDG,32.0,test,0.5794393,-10.5701,21.460575
14813,29-08-2026,48,LKE,32.0,test,1.4926649,-9.977553,23.183218
14813,29-08-2026,49,KPZ,35.0,test,3.2463474,-7.927621,24.277033
14813,29-08-2026,50,KPTN,33.0,test,1.6825155,-9.679416,22.76343
14813,29-08-2026,51,KOTA,41.0,test,9.502009,-2.465743,33.145805
14813,29-08-2026,52,ATH,38.0,test,6.9509425,-4.5532393,29.155453
14813,29-08-2026,53,BAZ,37.0,test,5.937456,-5.3848467,27.535442
14813,29-08-2026,54,ATRU,39.0,test,7.289963,-3.9128685,28.861357
14813,29-08-2026,55,SYL,39.0,test,7.2382383,-3.8506117,28.577065
14813,29-08-2026,56,CAG,42.0,test,9.214746,-1.6339245,30.242958
14813,29-08-2026,57,RTA,28.0,test,-1.6567878,-12.066972,16.84119
14813,29-08-2026,58,GUNA,35.0,test,4.07453,-5.2343726,21.336649
14813,29-08-2026,59,PGA,30.0,test,-0.9396211,-10.131288,15.244354
14813,29-08-2026,60,SHDR,29.0,test,-1.5048963,-9.675203,12.551784
14813,29-08-2026,61,ASKN,27.0,test,-3.233751,-10.267595,8.4596815
14813,29-08-2026,62,PIA,22.0,test,-8.104931,-15.799142,3.9611893
14813,29-08-2026,63,MNV,20.0,test,-9.987063,-16.40994,-0.46792507
14813,29-08-2026,64,BINA,22.0,test,-8.491406,-13.790819,-0.9312048
14813,29-08-2026,65,MABA,11.0,test,-17.974934,-25.973347,-6.8310633
14813,29-08-2026,66,KAH,10.0,test,-19.323612,-26.403646,-10.318317
14813,29-08-2026,67,BET,10.0,test,-19.157833,-25.351906,-11.408775
14813,29-08-2026,68,BAQ,-14.0,test,-34.35509,-42.482803,-22.96323
14813,29-08-2026,69,GLG,-14.0,test,-36.255264,-44.717728,-24.486752
14813,29-08-2026,70,BHS,-8.0,test,-32.03169,-39.84558,-21.383284
14813,29-08-2026,71,SCI,-8.0,test,-30.675922,-37.81854,-20.758453
14813,29-08-2026,72,SMT,-8.0,test,-30.167896,-37.146477,-20.456732
14813,30-08-2026,0,JU,3.0,test,0.48657382,-11.141589,24.214453
14813,30-08-2026,1,RKB,5.0,test,1.3619281,-9.758473,23.961657
14813,30-08-2026,3,BNO,2.0,test,-0.8673457,-11.710914,20.62928
14813,30-08-2026,4,JWL,3.0,test,-0.20995176,-10.574651,20.751856
14813,30-08-2026,5,AAS,-1.0,test,-3.1269047,-14.454435,19.353079
14813,30-08-2026,6,PPR,-2.0,test,-5.0881977,-15.953839,16.239809
14813,30-08-2026,7,UMED,-3.0,test,-6.11191,-16.897202,14.89007
14813,30-08-2026,8,KXG,-1.0,test,-4.0158496,-14.980066,17.752895
14813,30-08-2026,9,GOTN,-2.0,test,-3.705036,-15.773749,20.29933
14813,30-08-2026,10,JOM,-2.0,test,-5.3696456,-16.00345,15.459591
14813,30-08-2026,11,MTD,-12.0,test,-12.55611,-24.360851,9.527256
14813,30-08-2026,12,REN,-13.0,test,-15.458287,-25.58939,2.7552004
14813,30-08-2026,13,JAC,-16.0,test,-17.975658,-28.081612,-0.1509037
14813,30-08-2026,14,DNA,-23.0,test,-23.47838,-34.00927,-6.0606594
14813,30-08-2026,15,GCH,-19.0,test,-20.219036,-30.40523,-2.570444
14813,30-08-2026,16,BSRL,-20.0,test,-21.956434,-32.14312,-4.42383
14813,30-08-2026,17,BOW,-19.0,test,-21.054893,-30.986034,-3.984003
14813,30-08-2026,18,MKN,-23.0,test,-24.914991,-35.43685,-7.505171
14813,30-08-2026,19,KMNC,-23.0,test,-24.803545,-34.862698,-8.102541
14813,30-08-2026,20,NYK,-21.0,test,-23.060303,-33.212902,-5.903425
14813,30-08-2026,21,NAC,-20.0,test,-23.244865,-33.285854,-6.327236
14813,30-08-2026,22,GA,-11.0,test,-15.451247,-25.603226,2.6859941
14813,30-08-2026,23,SBR,-11.0,test,-15.54946,-25.712383,2.5681925
14813,30-08-2026,24,FL,11.0,test,2.035209,-8.344062,22.813139
14813,30-08-2026,25,HDA,10.0,test,1.2362558,-9.425452,22.527203
14813,30-08-2026,27,JOB,-7.0,test,-7.2111664,-20.968117,18.997124
14813,30-08-2026,28,BOBS,-18.0,test,-17.79496,-30.715998,5.3037834
14813,30-08-2026,30,DNK,-20.0,test,-21.731094,-32.50527,-3.4510536
14813,30-08-2026,31,KKU,-23.0,test,-25.858923,-35.986908,-9.523394
14813,30-08-2026,32,JP,-2.0,test,-7.490137,-19.20095,14.0773735
14813,30-08-2026,33,DPA,3.0,test,-3.4905307,-14.549202,17.399818
14813,30-08-2026,34,SNGN,3.0,test,-3.8215451,-14.805222,16.897364
14813,30-08-2026,35,SAS,-2.0,test,-8.546747,-18.902613,10.314537
14813,30-08-2026,36,CKS,-2.0,test,-9.32138,-19.32677,8.644284
14813,30-08-2026,37,CHNN,-3.0,test,-10.774214,-20.828466,6.9165497
14813,30-08-2026,38,BNLW,-4.0,test,-8.261395,-19.759964,12.680194
14813,30-08-2026,39,SRAS,-5.0,test,-11.46775,-21.75455,6.5199327
14813,30-08-2026,40,ISA,-6.0,test,-12.368211,-22.454235,5.1063604
14813,30-08-2026,42,CKB,-15.0,test,-20.818977,-30.735992,-4.9140625
14813,30-08-2026,44,SWM,6.0,test,-2.887958,-13.114307,15.587059
14813,30-08-2026,45,RWJ,-1.0,test,-6.2886715,-18.175121,14.909708
14813,30-08-2026,46,AMLI,-3.0,test,-9.739717,-20.605461,9.066928
14813,30-08-2026,47,IDG,-4.0,test,-9.8448105,-20.69167,9.041286
14813,30-08-2026,48,LKE,-3.0,test,-9.1412115,-20.205872,10.458842
14813,30-08-2026,49,KPZ,-10.0,test,-15.970676,-27.251595,3.1690407
14813,30-08-2026,50,KPTN,-12.0,test,-18.045433,-28.408726,-1.1957092
14813,30-08-2026,51,KOTA,-16.0,test,-22.298956,-32.678238,-5.5784283
14813,30-08-2026,52,ATH,-20.0,test,-25.92526,-35.95976,-10.724543
14813,30-08-2026,53,BAZ,-22.0,test,-27.424173,-37.10806,-13.413749
14813,30-08-2026,54,ATRU,-19.0,test,-24.680275,-34.298782,-10.595355
14813,30-08-2026,55,SYL,-20.0,test,-25.746052,-35.241467,-12.058953
14813,30-08-2026,56,CAG,-11.0,test,-16.979029,-26.606703,-2.2157154
14813,30-08-2026,57,RTA,18.0,test,9.136104,-1.009079,28.75858
14813,30-08-2026,58,GUNA,-17.0,test,-20.118979,-29.869974,-6.278244
14813,30-08-2026,59,PGA,-22.0,test,-25.256302,-33.596645,-14.548642
14813,30-08-2026,60,SHDR,-23.0,test,-25.030558,-32.506607,-15.467864
14813,30-08-2026,61,ASKN,-25.0,test,-23.84253,-29.856777,-15.789393
14813,30-08-2026,62,PIA,-26.0,test,-23.980024,-29.764116,-16.087353
14813,30-08-2026,63,MNV,-33.0,test,-28.376223,-34.724876,-19.420689
14813,30-08-2026,64,BINA,-27.0,test,-24.415737,-30.154713,-16.495468
14813,30-08-2026,65,MABA,-33.0,test,-30.509407,-37.89086,-20.374512
14813,30-08-2026,66,KAH,-36.0,test,-32.27815,-39.842903,-21.768957
14813,30-08-2026,67,BET,-37.0,test,-31.836437,-38.835224,-21.867508
14813,30-08-2026,68,BAQ,-40.0,test,-32.52527,-38.898144,-22.997543
14813,30-08-2026,69,GLG,-43.0,test,-34.973217,-41.74279,-24.792393
14813,30-08-2026,70,BHS,-36.0,test,-31.791243,-38.610336,-21.985775
14813,30-08-2026,71,SCI,-36.0,test,-32.395916,-39.56849,-22.214622
14813,30-08-2026,72,SMT,-37.0,test,-32.93432,-40.15495,-22.646133
14813,31-08-2026,0,JU,9.0,test,12.236942,-0.7747183,40.11931
14813,31-08-2026,1,RKB,10.0,test,11.934301,0.1845274,37.297913
14813,31-08-2026,3,BNO,7.0,test,7.854661,-3.119851,31.048775
14813,31-08-2026,4,JWL,6.0,test,7.7820687,-3.155476,30.99853
14813,31-08-2026,5,AAS,6.0,test,7.318702,-3.6011462,30.518856
14813,31-08-2026,6,PPR,-5.0,test,4.3246393,-9.520691,32.621105
14813,31-08-2026,7,UMED,-6.0,test,-0.15105426,-11.795817,23.377378
14813,31-08-2026,8,KXG,-7.0,test,-1.8811101,-13.002838,20.415308
14813,31-08-2026,9,GOTN,-8.0,test,-3.7596884,-15.023291,18.668652
14813,31-08-2026,10,JOM,-8.0,test,-4.055169,-14.80417,17.204151
14813,31-08-2026,11,MTD,-7.0,test,-0.7823633,-12.922593,23.718609
14813,31-08-2026,12,REN,-11.0,test,-6.4547734,-17.993057,15.619396
14813,31-08-2026,13,JAC,-13.0,test,-8.93776,-19.388718,10.793075
14813,31-08-2026,14,DNA,-16.0,test,-11.89839,-21.582657,5.6687565
14813,31-08-2026,15,GCH,-12.0,test,-7.926658,-18.472456,12.118179
14813,31-08-2026,16,BSRL,-12.0,test,-8.352112,-18.916424,11.70479
14813,31-08-2026,17,BOW,-15.0,test,-11.311271,-21.584248,7.7709017
14813,31-08-2026,18,MKN,-19.0,test,-15.09935,-25.12024,2.8811722
14813,31-08-2026,19,KMNC,-18.0,test,-14.02017,-24.410503,4.850256
14813,31-08-2026,20,NYK,-18.0,test,-14.047049,-24.50579,4.9732723
14813,31-08-2026,21,NAC,-18.0,test,-14.636502,-24.909182,3.8775015
14813,31-08-2026,22,GA,-13.0,test,-10.693948,-20.961475,8.316497
14813,31-08-2026,23,SBR,-13.0,test,-10.799051,-21.034575,8.112921
14813,31-08-2026,24,FL,7.0,test,4.839754,-5.5924635,26.106993
14813,31-08-2026,25,HDA,5.0,test,3.3927846,-7.206781,24.858963
14813,31-08-2026,27,JOB,-18.0,test,-9.613232,-23.25563,16.110699
14813,31-08-2026,28,BOBS,-20.0,test,-12.720814,-24.456982,8.953903
14813,31-08-2026,30,DNK,-25.0,test,-18.718178,-30.51254,1.933075
14813,31-08-2026,31,KKU,-30.0,test,-25.797798,-36.39057,-8.73959
14813,31-08-2026,32,JP,-8.0,test,-6.852466,-17.351429,12.599474
14813,31-08-2026,33,DPA,-3.0,test,-3.1319687,-13.820097,17.071428
14813,31-08-2026,34,SNGN,-5.0,test,-4.9740806,-15.289551,14.363842
14813,31-08-2026,35,SAS,-7.0,test,-7.087926,-17.110819,11.284484
14813,31-08-2026,36,CKS,-7.0,test,-5.3262815,-15.985989,14.3699045
14813,31-08-2026,37,CHNN,-9.0,test,-6.991482,-17.728245,12.580605
14813,31-08-2026,38,BNLW,-9.0,test,-8.6078005,-18.675007,9.377803
14813,31-08-2026,39,SRAS,-11.0,test,-10.675887,-20.341618,6.170575
14813,31-08-2026,40,ISA,-13.0,test,-12.549552,-22.166496,3.8605928
14813,31-08-2026,42,CKB,-18.0,test,-16.881336,-26.444763,-1.3962498
14813,31-08-2026,43,DPZ,-19.0,test,-17.568974,-28.024279,-0.590456
14813,31-08-2026,44,SWM,-6.0,test,-6.0324974,-16.202492,11.838339
14813,31-08-2026,45,RWJ,-12.0,test,-11.315389,-21.986725,6.7742605
14813,31-08-2026,46,AMLI,-14.0,test,-13.195867,-23.211596,3.4004965
14813,31-08-2026,47,IDG,-16.0,test,-14.085672,-24.596153,3.5291271
14813,31-08-2026,48,LKE,-16.0,test,-14.077631,-24.889015,4.5038586
14813,31-08-2026,49,KPZ,-12.0,test,-10.350485,-21.057304,8.156303
14813,31-08-2026,50,KPTN,-19.0,test,-15.951745,-27.347332,3.232297
14813,31-08-2026,51,KOTA,-17.0,test,-15.390939,-26.11693,2.8481932
14813,31-08-2026,52,ATH,-19.0,test,-16.986217,-27.320227,-0.10848045
14813,31-08-2026,53,BAZ,-21.0,test,-19.092615,-29.345325,-2.8270779
14813,31-08-2026,54,ATRU,-18.0,test,-15.879358,-25.926662,0.11805153
14813,31-08-2026,55,SYL,-18.0,test,-15.9624405,-25.940702,-0.11380386
14813,31-08-2026,56,CAG,-9.0,test,-7.2819357,-17.4276,9.772489
14813,31-08-2026,57,RTA,10.0,test,9.159316,-0.9945278,28.82233
14813,31-08-2026,58,GUNA,4.0,test,3.8983893,-6.4046407,23.096533
14813,31-08-2026,59,PGA,-1.0,test,-0.28725183,-10.169143,17.294725
14813,31-08-2026,60,SHDR,-2.0,test,-0.64158165,-9.207168,14.35879
14813,31-08-2026,61,ASKN,-5.0,test,-3.1529393,-10.440565,9.033142
14813,31-08-2026,62,PIA,-7.0,test,-5.476329,-11.553543,4.069746
14813,31-08-2026,63,MNV,-10.0,test,-8.043501,-13.570113,0.13055801
14813,31-08-2026,64,BINA,-26.0,test,-21.218887,-29.23148,-10.429726
14813,31-08-2026,65,MABA,-29.0,test,-23.831884,-30.868988,-14.86889
14813,31-08-2026,66,KAH,-29.0,test,-23.350939,-29.909891,-14.899111
14813,31-08-2026,67,BET,-30.0,test,-22.743774,-28.420559,-15.110891
14813,31-08-2026,68,BAQ,-31.0,test,-23.032825,-28.482204,-15.54789
14813,31-08-2026,69,GLG,-31.0,test,-23.617428,-29.358906,-15.815128
14813,31-08-2026,70,BHS,-17.0,test,-16.47614,-22.016005,-9.593415
14813,31-08-2026,71,SCI,-19.0,test,-18.730503,-25.238014,-10.614182
14813,31-08-2026,72,SMT,-20.0,test,-19.21621,-25.529503,-11.365957
15013,28-08-2026,1,JSM,-8.0,test,1.4180981,-8.5289,23.486366
15013,28-08-2026,2,POK,-23.0,test,-11.404851,-23.442816,12.746512
15013,28-08-2026,3,RDRA,-19.0,test,-8.434721,-19.874142,14.953131
15013,28-08-2026,4,PLCJ,-19.0,test,-8.735775,-19.157267,12.239222
15013,28-08-2026,5,MWT,-51.0,test,-36.685314,-48.13481,-16.271692
15013,28-08-2026,6,RKB,-26.0,test,-14.21605,-24.702225,5.849492
15013,28-08-2026,7,JU,-23.0,test,-11.715963,-21.608181,6.861847
15013,28-08-2026,8,BGKT,-24.0,test,-13.046639,-22.84222,5.664357
15013,28-08-2026,9,LUNI,-21.0,test,-11.100509,-21.468346,8.625535
15013,28-08-2026,10,PMY,-34.0,test,-22.888348,-34.841995,-1.1408081
15013,28-08-2026,11,MJ,-18.0,test,-9.467894,-19.725567,9.922205
15013,28-08-2026,12,BER,-14.0,test,-6.4130163,-16.420729,12.567239
15013,28-08-2026,13,AII,-8.0,test,-1.6821312,-11.527989,17.454735
15013,28-08-2026,14,KSG,-8.0,test,-1.9251715,-11.9255905,17.238728
15013,28-08-2026,15,JP,-15.0,test,-8.159582,-18.964077,11.090784
15013,28-08-2026,16,GADJ,-17.0,test,-9.510101,-18.978004,6.5620575
15013,28-08-2026,17,DO,-28.0,test,-19.330296,-30.456297,-1.1084671
15013,28-08-2026,18,BKI,-34.0,test,-23.223236,-33.139248,-8.6954775
15013,28-08-2026,19,RHG,-35.0,test,-23.865578,-33.192905,-10.650313
15013,28-08-2026,20,AWR,-30.0,test,-20.390984,-29.28711,-8.060495
15013,28-08-2026,21,KRH,-35.0,test,-24.541449,-33.859024,-12.0744915
15013,28-08-2026,22,BWL,-29.0,test,-20.267185,-29.480976,-7.2139874
15013,28-08-2026,23,RE,-18.0,test,-12.336329,-22.366226,4.372491
15013,28-08-2026,24,PTRD,-23.0,test,-17.069979,-27.395706,-0.4304638
15013,28-08-2026,25,GGN,-32.0,test,-24.729525,-34.9433,-9.4802
15013,28-08-2026,26,DEE,-37.0,test,-27.477621,-37.126553,-14.112572
15013,28-08-2026,27,DLI,-18.0,test,-13.757458,-23.1334,1.4030914
15013,28-08-2026,28,SBB,-30.0,test,-24.205286,-33.7686,-10.415896
15013,28-08-2026,29,GZB,-36.0,test,-26.61726,-35.37298,-15.060316
15013,28-08-2026,30,HPU,-32.0,test,-22.920082,-30.608683,-12.911119
15013,28-08-2026,31,MB,-10.0,test,-8.3896,-13.290764,-1.5342593
15013,28-08-2026,32,RMU,-8.0,test,-7.223544,-12.298487,-0.09087467
15013,28-08-2026,33,BLQR,-15.0,test,-12.436056,-18.518717,-4.2650385
15013,28-08-2026,34,RUPC,-16.0,test,-13.026126,-18.437159,-6.2994485
15013,28-08-2026,35,LKU,-17.0,test,-14.108481,-20.163893,-6.5427227
15013,28-08-2026,36,HDW,-8.0,test,-8.120369,-14.651787,1.3309879
15013,29-08-2026,1,JSM,-5.0,test,0.59446585,-8.797052,21.730165
15013,29-08-2026,2,POK,-44.0,test,-33.773468,-45.49116,-12.486202
15013,29-08-2026,3,RDRA,-40.0,test,-31.020027,-42.03258,-10.688421
15013,29-08-2026,4,PLCJ,-71.0,test,-59.03977,-70.68266,-40.37923
15013,29-08-2026,5,MWT,-80.0,test,-64.69891,-77.14194,-44.585346
15013,29-08-2026,6,RKB,-64.0,test,-48.343075,-58.035305,-33.004063
15013,29-08-2026,7,JU,-50.0,test,-38.82227,-47.76794,-25.263218
15013,29-08-2026,8,BGKT,-49.0,test,-39.321064,-48.332733,-25.073174
15013,29-08-2026,9,LUNI,-42.0,test,-34.034832,-43.481277,-18.603909
15013,29-08-2026,10,PMY,-40.0,test,-31.928864,-41.20993,-16.99502
15013,29-08-2026,11,MJ,-26.0,test,-19.096203,-28.794804,-2.2169495
15013,29-08-2026,12,BER,-21.0,test,-14.805213,-24.386639,2.0516787
15013,29-08-2026,13,AII,-11.0,test,-6.6183243,-16.38689,11.444391
15013,29-08-2026,14,KSG,-11.0,test,-7.30459,-17.038902,10.459871
15013,29-08-2026,15,JP,-15.0,test,-10.989743,-20.767416,5.4187117
15013,29-08-2026,16,GADJ,-16.0,test,-12.169147,-21.69117,3.5779943
15013,29-08-2026,17,DO,-21.0,test,-16.080933,-25.293968,-1.7380695
15013,29-08-2026,18,BKI,-29.0,test,-22.875668,-33.17384,-7.664153
15013,29-08-2026,19,RHG,-27.0,test,-21.133892,-30.436743,-7.482313
15013,29-08-2026,20,AWR,-21.0,test,-16.597631,-25.657902,-3.2702522
15013,29-08-2026,21,KRH,-28.0,test,-22.096327,-31.67596,-8.798635
15013,29-08-2026,22,BWL,-31.0,test,-24.807953,-34.653984,-11.2001505
15013,29-08-2026,23,RE,-11.0,test,-10.1141615,-20.533741,7.840127
15013,29-08-2026,24,PTRD,-22.0,test,-18.532309,-28.545708,-2.9417887
15013,29-08-2026,25,GGN,-27.0,test,-22.083954,-31.174246,-9.629746
15013,29-08-2026,26,DEE,-45.0,test,-35.123665,-45.355183,-21.046997
15013,29-08-2026,27,DLI,-20.0,test,-18.142818,-27.377617,-4.062505
15013,29-08-2026,28,SBB,-33.0,test,-27.640087,-36.980003,-15.10589
15013,29-08-2026,29,GZB,-25.0,test,-21.857927,-30.577675,-9.580693
15013,29-08-2026,30,HPU,-26.0,test,-21.879019,-29.511543,-12.084216
15013,29-08-2026,31,MB,-14.0,test,-13.34727,-18.793089,-6.6144648
15013,29-08-2026,32,RMU,-11.0,test,-11.929972,-17.03229,-5.5972214
15013,29-08-2026,33,BLQR,-18.0,test,-18.64197,-25.612123,-9.640442
15013,29-08-2026,34,RUPC,-23.0,test,-18.943855,-25.479143,-10.451949
15013,29-08-2026,35,LKU,-25.0,test,-19.684135,-26.438288,-10.927663
15013,29-08-2026,36,HDW,-5.0,test,-8.7734,-15.610689,0.8035526
15013,30-08-2026,1,JSM,54.0,test,0.54915106,-8.884506,21.773321
15013,30-08-2026,3,RDRA,53.0,test,-1.3512357,-12.035428,21.087118
15013,30-08-2026,4,PLCJ,54.0,test,-0.46415985,-11.0909605,21.744196
15013,30-08-2026,5,MWT,46.0,test,-8.590964,-21.239857,16.96008
15013,30-08-2026,6,RKB,30.0,test,-20.6496,-32.19203,0.7891865
15013,30-08-2026,7,JU,42.0,test,-10.224326,-20.796215,10.540235
15013,30-08-2026,8,BGKT,43.0,test,-10.09243,-19.86319,9.157764
15013,30-08-2026,9,LUNI,51.0,test,-4.1639447,-14.783337,17.070385
15013,30-08-2026,10,PMY,46.0,test,-8.458312,-19.853855,13.360766
15013,30-08-2026,11,MJ,54.0,test,-2.6011283,-13.858382,19.59602
15013,30-08-2026,12,BER,55.0,test,-1.8374811,-12.038739,18.334805
15013,30-08-2026,13,AII,55.0,test,-1.2558976,-11.195882,18.028154
15013,30-08-2026,14,KSG,55.0,test,-1.5772012,-11.543373,17.62097
15013,30-08-2026,15,JP,39.0,test,-15.798894,-27.462482,4.458682
15013,30-08-2026,16,GADJ,38.0,test,-16.059032,-25.451385,-1.1915169
15013,30-08-2026,17,DO,31.0,test,-21.87129,-32.358753,-6.0778503
15013,30-08-2026,18,BKI,26.0,test,-25.66307,-35.863506,-10.84837
15013,30-08-2026,19,RHG,23.0,test,-27.6423,-37.256718,-14.281342
15013,30-08-2026,20,AWR,28.0,test,-23.72023,-33.105667,-10.999237
15013,30-08-2026,21,KRH,17.0,test,-33.272236,-44.050404,-18.647465
15013,30-08-2026,22,BWL,24.0,test,-27.631592,-37.291996,-14.541555
15013,30-08-2026,23,RE,50.0,test,-8.450511,-18.247234,8.091832
15013,30-08-2026,24,PTRD,25.0,test,-28.779552,-38.554222,-14.579272
15013,30-08-2026,25,GGN,22.0,test,-29.996117,-39.76181,-16.662329
15013,30-08-2026,26,DEE,-27.0,test,-55.21153,-67.172966,-36.838936
15013,30-08-2026,27,DLI,14.0,test,-33.272476,-42.883232,-20.101896
15013,30-08-2026,28,SBB,4.0,test,-39.246693,-49.93,-24.23378
15013,30-08-2026,29,GZB,-8.0,test,-42.619343,-53.53268,-27.038946
15013,30-08-2026,30,HPU,-11.0,test,-40.59399,-50.5103,-26.170795
15013,30-08-2026,31,MB,1.0,test,-31.892197,-39.55711,-20.614279
15013,30-08-2026,32,RMU,-1.0,test,-33.17758,-41.260742,-21.385948
15013,30-08-2026,33,BLQR,-8.0,test,-40.702595,-50.760468,-26.026844
15013,30-08-2026,34,RUPC,-4.0,test,-36.9408,-46.192326,-23.589283
15013,30-08-2026,35,LKU,-9.0,test,-40.67298,-50.828598,-26.03276
15013,30-08-2026,36,HDW,-6.0,test,-38.134487,-47.683228,-24.411211
15013,31-08-2026,1,JSM,-11.0,test,-0.16437232,-9.5148735,20.7882
15013,31-08-2026,2,POK,-30.0,test,-17.212255,-29.072937,6.628702
15013,31-08-2026,3,RDRA,-29.0,test,-16.301687,-28.080961,7.179781
15013,31-08-2026,4,PLCJ,-31.0,test,-18.438011,-29.203964,1.8102798
15013,31-08-2026,5,MWT,-48.0,test,-33.64498,-45.655495,-11.787228
15013,31-08-2026,7,JU,-21.0,test,-9.751025,-21.180365,13.223218
15013,31-08-2026,8,BGKT,-22.0,test,-10.735244,-21.426394,10.008302
15013,31-08-2026,9,LUNI,-14.0,test,-4.781813,-15.119347,15.698296
15013,31-08-2026,10,PMY,-17.0,test,-7.305288,-18.039452,13.325174
15013,31-08-2026,11,MJ,-9.0,test,-1.5475997,-12.241635,19.959538
15013,31-08-2026,12,BER,-9.0,test,-1.7797605,-11.921374,18.226467
15013,31-08-2026,13,AII,-10.0,test,-2.0766032,-11.984905,16.985182
15013,31-08-2026,14,KSG,-14.0,test,-5.8433156,-15.639755,12.309326
15013,31-08-2026,15,JP,-16.0,test,-7.892075,-17.351103,8.617636
15013,31-08-2026,16,GADJ,-17.0,test,-9.055224,-18.653126,7.3422136
15013,31-08-2026,17,DO,-26.0,test,-16.513023,-26.724977,0.3418846
15013,31-08-2026,18,BKI,-33.0,test,-22.172443,-32.792374,-5.578022
15013,31-08-2026,19,RHG,-30.0,test,-19.422337,-29.22401,-3.9320145
15013,31-08-2026,20,AWR,-23.0,test,-14.60539,-23.891674,-0.51914597
15013,31-08-2026,21,KRH,-26.0,test,-16.829832,-25.892563,-3.5405025
15013,31-08-2026,22,BWL,-27.0,test,-18.116331,-27.200645,-4.926466
15013,31-08-2026,23,RE,-12.0,test,-6.9678755,-16.794638,9.809518
15013,31-08-2026,24,PTRD,-11.0,test,-6.923087,-17.289347,11.720069
15013,31-08-2026,25,GGN,-17.0,test,-11.668255,-21.70885,5.3172092
15013,31-08-2026,27,DLI,-10.0,test,-7.3025603,-17.01595,9.676592
15013,31-08-2026,28,SBB,-21.0,test,-17.182335,-26.86174,-1.9235907
15013,31-08-2026,29,GZB,-11.0,test,-8.385127,-17.658407,7.418148
15013,31-08-2026,30,HPU,-23.0,test,-18.550549,-27.305235,-5.407339
15013,31-08-2026,31,MB,-9.0,test,-6.9139004,-11.90695,0.39874792
15013,31-08-2026,32,RMU,-9.0,test,-7.234132,-12.319193,-0.106151104
15013,31-08-2026,33,BLQR,-14.0,test,-11.34729,-17.417088,-2.9692354
15013,31-08-2026,34,RUPC,-16.0,test,-12.484733,-17.87898,-5.737527
15013,31-08-2026,35,LKU,-19.0,test,-14.724362,-20.786942,-7.1872964
15013,31-08-2026,36,HDW,-9.0,test,-8.139636,-14.671206,1.313406
19056,28-08-2026,1,UDN,-19.0,test,-3.6726685,-10.587187,6.702533
19056,28-08-2026,2,NVS,-29.0,test,-11.196591,-20.99965,2.7280579
19056,28-08-2026,3,VDH,-29.0,test,-11.864294,-20.474392,-0.36892796
19056,28-08-2026,4,BIM,-32.0,test,-14.305198,-22.452736,-4.1146793
19056,28-08-2026,5,BL,-22.0,test,-6.9918604,-14.14629,3.0711098
19056,28-08-2026,6,ATUL,-26.0,test,-10.104896,-17.200687,-0.8932247
19056,28-08-2026,7,PAD,-26.0,test,-10.460891,-17.66055,-1.2153034
19056,28-08-2026,8,UVD,-26.0,test,-10.576676,-17.539103,-1.7257261
19056,28-08-2026,9,VAPI,-27.0,test,-11.223607,-18.0649,-2.642437
19056,28-08-2026,11,BLD,-27.0,test,-11.804534,-18.719967,-3.2332191
19056,28-08-2026,12,SJN,-29.0,test,-13.438494,-20.536749,-4.744051
19056,28-08-2026,13,UBR,-29.0,test,-13.391182,-20.444109,-4.7060432
19056,28-08-2026,15,GVD,-17.0,test,-5.7453,-12.977649,4.710382
19056,28-08-2026,16,DRD,-17.0,test,-5.9107914,-13.151102,4.5846453
19056,28-08-2026,17,VGN,-29.0,test,-13.876527,-23.59409,-0.2676239
19056,28-08-2026,18,BOR,-31.0,test,-15.808705,-24.46603,-4.763138
19056,28-08-2026,19,PLG,-30.0,test,-15.38775,-23.145687,-5.8748655
19056,28-08-2026,20,KLV,-29.0,test,-14.734518,-21.78212,-6.278058
19056,28-08-2026,21,SAH,-29.0,test,-15.012374,-22.09541,-6.4729986
19056,28-08-2026,22,VTN,-29.0,test,-15.211768,-22.510092,-6.325634
19056,28-08-2026,23,VR,-28.0,test,-14.675676,-22.0732,-5.592658
19056,28-08-2026,24,BSR,-27.0,test,-14.189133,-21.896055,-4.6317253
19056,28-08-2026,25,BVI,-37.0,test,-22.465275,-32.511436,-10.058398
19056,28-08-2026,26,ADH,-37.0,test,-20.96175,-29.619263,-10.650096
19056,29-08-2026,1,UDN,5.0,test,-2.9392092,-10.337988,8.400789
19056,29-08-2026,2,NVS,-6.0,test,-10.853976,-19.65169,1.2787323
19056,29-08-2026,3,VDH,-7.0,test,-11.908891,-20.25239,-0.9863186
19056,29-08-2026,4,BIM,-9.0,test,-13.547229,-21.96463,-2.8736706
19056,29-08-2026,5,BL,3.0,test,-5.0280266,-13.766577,8.440151
19056,29-08-2026,7,PAD,-2.0,test,-8.923337,-16.830297,2.06532
19056,29-08-2026,8,UVD,-5.0,test,-11.226522,-18.408426,-2.0858383
19056,29-08-2026,9,VAPI,-4.0,test,-10.655964,-17.630587,-1.7589998
19056,29-08-2026,11,BLD,-8.0,test,-13.952851,-21.667725,-4.292774
19056,29-08-2026,12,SJN,-9.0,test,-14.700591,-21.924042,-5.92947
19056,29-08-2026,13,UBR,-13.0,test,-17.234474,-24.481945,-8.5643835
19056,29-08-2026,15,GVD,-31.0,test,-28.871382,-38.567192,-16.61893
19056,29-08-2026,16,DRD,-19.0,test,-22.326635,-31.26912,-11.396659
19056,29-08-2026,17,VGN,-23.0,test,-22.961426,-30.808796,-13.28499
19056,29-08-2026,18,BOR,-25.0,test,-23.746475,-31.61012,-13.953639
19056,29-08-2026,19,PLG,-24.0,test,-23.67723,-31.429325,-13.983148
19056,29-08-2026,20,KLV,-24.0,test,-23.431082,-31.082432,-13.855748
19056,29-08-2026,21,SAH,-23.0,test,-23.158377,-30.80326,-13.628742
19056,29-08-2026,22,VTN,-22.0,test,-23.21222,-30.979307,-13.5812845
19056,29-08-2026,23,VR,-25.0,test,-24.90786,-33.1257,-14.672713
19056,29-08-2026,26,ADH,-24.0,test,-25.241726,-34.024902,-14.517547
19056,30-08-2026,1,UDN,-8.0,test,-3.6844492,-10.604576,6.697283
19056,30-08-2026,2,NVS,-20.0,test,-12.698808,-22.690361,1.287097
19056,30-08-2026,3,VDH,-19.0,test,-12.405434,-21.354656,-0.39325905
19056,30-08-2026,4,BIM,-22.0,test,-14.920886,-23.210957,-4.5786343
19056,30-08-2026,5,BL,-11.0,test,-7.158103,-15.030067,4.222821
19056,30-08-2026,6,ATUL,-16.0,test,-10.8698635,-18.128796,-1.5988617
19056,30-08-2026,7,PAD,-16.0,test,-11.221079,-18.39259,-2.146618
19056,30-08-2026,8,UVD,-20.0,test,-14.097725,-21.811481,-4.5186615
19056,30-08-2026,9,VAPI,-17.0,test,-11.883244,-18.889858,-3.1277838
19056,30-08-2026,11,BLD,-23.0,test,-16.742392,-25.443743,-5.882427
19056,30-08-2026,12,SJN,-24.0,test,-17.466892,-25.298626,-8.016342
19056,30-08-2026,13,UBR,-24.0,test,-17.16562,-24.415192,-8.477566
19056,30-08-2026,15,GVD,-35.0,test,-25.24849,-35.057373,-13.065703
19056,30-08-2026,16,DRD,-23.0,test,-17.69866,-26.38712,-6.869441
19056,30-08-2026,17,VGN,-21.0,test,-16.286545,-23.507372,-7.655918
19056,30-08-2026,18,BOR,-24.0,test,-17.905804,-24.944078,-9.497372
19056,30-08-2026,19,PLG,-24.0,test,-18.317026,-25.81526,-9.3297415
19056,30-08-2026,20,KLV,-24.0,test,-18.255915,-25.450596,-9.628963
19056,30-08-2026,21,SAH,-25.0,test,-18.962902,-26.047306,-10.4555855
19056,30-08-2026,22,VTN,-25.0,test,-19.104553,-26.20857,-10.553475
19056,30-08-2026,23,VR,-24.0,test,-18.813295,-26.119549,-10.011978
19056,30-08-2026,26,ADH,-25.0,test,-20.318533,-28.779955,-10.303777
19056,31-08-2026,1,UDN,5.0,test,-2.8942983,-10.325026,8.530441
19056,31-08-2026,2,NVS,-7.0,test,-11.162669,-21.552238,3.9013672
19056,31-08-2026,3,VDH,-10.0,test,-14.000094,-23.018038,-2.2158613
19056,31-08-2026,4,BIM,-12.0,test,-15.653226,-23.825022,-5.5742607
19056,31-08-2026,5,BL,-4.0,test,-9.933963,-16.952057,-0.755456
19056,31-08-2026,6,ATUL,-10.0,test,-14.232862,-21.566132,-5.2671404
19056,31-08-2026,7,PAD,-9.0,test,-13.807109,-21.013266,-4.999811
19056,31-08-2026,8,UVD,-9.0,test,-13.883619,-20.77175,-5.575835
19056,31-08-2026,9,VAPI,-9.0,test,-13.869164,-20.65197,-5.718623
19056,31-08-2026,11,BLD,-13.0,test,-17.191956,-24.83106,-7.9978476
19056,31-08-2026,12,SJN,-20.0,test,-21.674189,-29.951675,-11.656478
19056,31-08-2026,13,UBR,-21.0,test,-21.57478,-29.154194,-12.321005
19056,31-08-2026,15,GVD,-35.0,test,-31.401577,-41.37283,-18.609383
19056,31-08-2026,16,DRD,-22.0,test,-24.036354,-32.984932,-13.064019
19056,31-08-2026,17,VGN,-22.0,test,-22.472569,-30.173998,-12.990101
19056,31-08-2026,18,BOR,-22.0,test,-22.081974,-29.544558,-12.84959
19056,31-08-2026,19,PLG,-21.0,test,-22.380064,-30.011705,-12.966727
19056,31-08-2026,20,KLV,-21.0,test,-22.066914,-29.516184,-12.851624
19056,31-08-2026,21,SAH,-19.0,test,-21.149553,-28.422022,-12.208083
19056,31-08-2026,22,VTN,-18.0,test,-20.936005,-28.216885,-12.021882
19056,31-08-2026,23,VR,-13.0,test,-18.68142,-25.87015,-10.009515
19056,31-08-2026,26,ADH,-9.0,test,-17.428907,-26.031193,-7.0609694
19330,28-08-2026,1,ASV,-16.529999999999973,test,-12.812042,-25.042873,12.299374
19330,28-08-2026,2,SDGM,-16.200000000000045,test,-21.009035,-36.047165,8.841944
19330,28-08-2026,3,NRD,-24.5,test,-14.993736,-28.786228,12.423363
19330,28-08-2026,4,NHM,1.8400000000000318,test,-15.156028,-28.354012,10.494889
19330,28-08-2026,5,TOD,7.449999999999932,test,-17.721012,-31.790974,9.375439
19330,28-08-2026,6,PRJ,-8.949999999999932,test,-20.958372,-34.5848,5.19985
19330,28-08-2026,7,HMT,32.379999999999995,test,-26.879976,-41.69487,1.5691776
19330,28-08-2026,8,SJS,-6.340000000000032,test,-19.421549,-32.82651,6.257248
19330,28-08-2026,9,BHWA,-38.319999999999936,test,-21.030798,-36.328083,8.466558
19330,28-08-2026,10,DNRP,-4.75,test,-21.917965,-35.222473,3.2754097
19330,28-08-2026,11,RDP,-22.159999999999968,test,1.252704,-9.37987,20.285606
19330,28-08-2026,12,SES,-11.079999999999984,test,-5.7318883,-16.459719,10.382282
19330,28-08-2026,13,JYM,-44.52000000000004,test,-9.417076,-17.675983,1.4915676
19330,28-08-2026,14,ZW,-40.870000000000005,test,-10.487237,-18.344557,-0.5149765
19330,28-08-2026,15,UMRA,-30.50999999999999,test,-12.183544,-22.628763,1.783783
19330,28-08-2026,16,UDZ,-25.97999999999999,test,-6.1238437,-14.54809,5.6025777
19330,28-08-2026,17,RPZ,-12.140000000000015,test,-8.992609,-18.666847,4.015669
19330,28-08-2026,18,MVJ,-17.689999999999998,test,-12.373566,-21.790829,-0.68153095
19330,28-08-2026,19,FAN,-19.370000000000005,test,-7.4712534,-15.738071,3.4811125
19330,28-08-2026,20,KIN,-11.100000000000001,test,-7.8142114,-17.209763,4.884835
19330,28-08-2026,21,COR,-13.0,test,-13.542905,-23.368572,-1.6115131
19330,29-08-2026,1,ASV,-16.200000000000045,test,-22.76012,-34.58464,0.79273987
19330,29-08-2026,2,SDGM,-24.5,test,-15.731812,-28.096462,8.892839
19330,29-08-2026,3,NRD,1.8400000000000318,test,-14.870089,-27.88895,10.692677
19330,29-08-2026,4,NHM,7.4500000000000455,test,-15.857541,-30.427444,12.543654
19330,29-08-2026,5,TOD,-8.960000000000036,test,-19.394571,-33.6621,8.07538
19330,29-08-2026,6,PRJ,32.379999999999995,test,-21.802443,-37.65078,9.137569
19330,29-08-2026,7,HMT,-6.340000000000032,test,-15.866887,-31.172161,14.601371
19330,29-08-2026,8,SJS,-38.31000000000006,test,-21.136436,-36.94327,9.657997
19330,29-08-2026,9,BHWA,-4.75,test,-20.702667,-33.872505,4.1917953
19330,29-08-2026,10,DNRP,-22.160000000000082,test,-6.579239,-19.980963,19.742226
19330,29-08-2026,11,RDP,-11.090000000000032,test,-3.3559573,-15.892473,18.355793
19330,29-08-2026,12,SES,-44.51999999999998,test,-9.780768,-17.724207,0.5633297
19330,29-08-2026,13,JYM,-40.870000000000005,test,-10.206777,-18.059637,-0.14883804
19330,29-08-2026,14,ZW,-30.510000000000048,test,-12.329295,-22.785519,1.6292334
19330,29-08-2026,15,UMRA,-25.97999999999996,test,-6.388467,-14.557077,4.960864
19330,29-08-2026,16,UDZ,-12.129999999999995,test,-6.8632216,-17.444525,8.310627
19330,29-08-2026,17,RPZ,-17.69999999999999,test,-13.554748,-21.313353,-4.3461046
19330,29-08-2026,18,MVJ,-19.370000000000005,test,-8.204897,-16.190039,2.1989336
19330,29-08-2026,19,FAN,-11.100000000000009,test,-9.829789,-17.878502,0.19449425
19330,29-08-2026,20,KIN,-40.34,test,-12.836557,-22.932575,-0.18410015
19330,29-08-2026,21,COR,-13.0,test,-17.739597,-27.322714,-6.719533
19330,30-08-2026,1,ASV,-24.5,test,-14.264854,-26.429974,10.608566
19330,30-08-2026,2,SDGM,1.8399999999999181,test,-14.499981,-26.944927,10.33144
19330,30-08-2026,3,NRD,7.4500000000000455,test,-16.992315,-30.889896,10.279432
19330,30-08-2026,4,NHM,-8.959999999999923,test,-20.498676,-33.51349,4.3774834
19330,30-08-2026,5,TOD,32.370000000000005,test,-26.681362,-41.865517,2.8397179
19330,30-08-2026,6,PRJ,-6.340000000000032,test,-16.412811,-31.879116,14.245977
19330,30-08-2026,7,HMT,-38.31000000000006,test,-22.160652,-38.374306,9.3877945
19330,30-08-2026,8,SJS,-4.75,test,-21.777637,-34.942055,3.2048855
19330,30-08-2026,9,BHWA,-22.159999999999968,test,-6.810197,-19.789375,18.708324
19330,30-08-2026,10,DNRP,-11.090000000000032,test,-7.165748,-23.917538,26.371376
19330,30-08-2026,11,RDP,-44.52999999999997,test,-6.066747,-16.867937,11.902098
19330,30-08-2026,12,SES,-40.870000000000005,test,-9.939588,-17.766073,0.17148972
19330,30-08-2026,13,JYM,-30.50999999999999,test,-11.529294,-22.157936,3.0049782
19330,30-08-2026,14,ZW,-25.980000000000018,test,-5.8032494,-14.104151,5.969452
19330,30-08-2026,15,UMRA,-12.129999999999995,test,-8.52534,-18.189999,4.713729
19330,30-08-2026,16,UDZ,-17.69999999999999,test,-12.000846,-21.474361,0.024996758
19330,30-08-2026,17,RPZ,-19.379999999999995,test,-7.8613033,-15.780963,2.5330343
19330,30-08-2026,18,MVJ,-11.099999999999994,test,-8.986289,-17.91568,2.6330433
19330,30-08-2026,19,FAN,-40.34,test,-12.580745,-22.990171,0.6963949
19330,30-08-2026,20,KIN,-34.160000000000004,test,-17.389576,-26.700459,-6.691574
19330,30-08-2026,21,COR,-13.0,test,-3.06962,-12.643763,10.97579
19330,31-08-2026,1,ASV,1.8399999999999181,test,-12.919337,-25.178083,12.225665
19330,31-08-2026,2,SDGM,7.449999999999932,test,-13.915344,-28.359917,14.934668
19330,31-08-2026,3,NRD,-8.960000000000036,test,-18.499279,-32.481747,8.854383
19330,31-08-2026,4,NHM,32.370000000000005,test,-21.297838,-37.07516,9.79707
19330,31-08-2026,5,TOD,-6.350000000000023,test,-17.898392,-32.433273,10.709063
19330,31-08-2026,6,PRJ,-38.309999999999945,test,-21.135082,-37.101246,10.005222
19330,31-08-2026,7,HMT,-4.75,test,-22.530685,-35.678253,2.3915634
19330,31-08-2026,8,SJS,-22.149999999999977,test,-6.7179174,-20.066696,19.685734
19330,31-08-2026,9,BHWA,-11.079999999999927,test,-12.19495,-27.041965,16.969063
19330,31-08-2026,10,DNRP,-44.52999999999997,test,-15.972502,-29.30002,9.601517
19330,31-08-2026,11,RDP,-40.879999999999995,test,-6.4607205,-17.00608,10.943377
19330,31-08-2026,12,SES,-30.50999999999999,test,-11.637284,-22.22049,2.828123
19330,31-08-2026,13,JYM,-25.970000000000027,test,-5.5213704,-13.831011,6.351834
19330,31-08-2026,14,ZW,-12.130000000000052,test,-6.1298275,-16.816008,9.60387
19330,31-08-2026,15,UMRA,-17.689999999999998,test,-13.212663,-20.943321,-3.8837585
19330,31-08-2026,16,UDZ,-19.379999999999995,test,-7.8970494,-15.793385,2.4976764
19330,31-08-2026,17,RPZ,-11.110000000000014,test,-9.803243,-17.650856,0.029673576
19330,31-08-2026,18,MVJ,-40.33999999999999,test,-11.907724,-22.529133,2.1247797
19330,31-08-2026,19,FAN,-34.150000000000006,test,-17.744541,-27.59009,-6.32438
19330,31-08-2026,20,KIN,-25.370000000000005,test,-3.3833387,-12.492365,9.893074
19330,31-08-2026,21,COR,-13.0,test,-16.05782,-25.258135,-5.373255
19412,28-08-2026,1,DLPC,-19.0,test,-13.322132,-23.766571,10.191868
19412,28-08-2026,2,AADR,-22.0,test,-16.755552,-26.91166,5.7070637
19412,28-08-2026,3,UHL,-22.0,test,-16.794277,-27.176365,5.670845
19412,28-08-2026,4,NLDM,-19.0,test,-13.876022,-24.44984,9.269989
19412,28-08-2026,5,ANSB,-26.0,test,-22.017874,-33.207153,1.8907719
19412,28-08-2026,6,RPAR,-30.0,test,-25.168276,-35.74315,-3.5289745
19412,28-08-2026,7,MRND,-27.0,test,-21.815195,-32.21224,-0.4182968
19412,28-08-2026,8,SASN,-29.0,test,-24.01169,-34.351295,-3.2055798
19412,28-08-2026,9,CDG,-19.0,test,-13.950412,-24.739914,8.737105
19412,28-08-2026,10,UMB,-19.0,test,-14.001795,-24.864256,8.614822
19412,28-08-2026,11,KKDE,-45.0,test,-43.127743,-54.077354,-21.618383
19412,28-08-2026,12,KLE,-86.0,test,-79.15329,-91.8381,-56.977417
19412,28-08-2026,13,NRW,-90.0,test,-81.57937,-94.80005,-58.901817
19412,28-08-2026,14,UCA,-90.0,test,-79.176506,-92.00725,-57.264137
19412,28-08-2026,15,JIND,-89.0,test,-78.20576,-90.89432,-56.54715
19412,28-08-2026,16,JNA,-103.0,test,-92.67492,-107.69154,-66.86969
19412,28-08-2026,17,ROK,-96.0,test,-83.49467,-97.056564,-60.402153
19412,28-08-2026,18,JHJ,-100.0,test,-85.64693,-99.63603,-61.928894
19412,28-08-2026,19,RE,-46.0,test,-43.359776,-52.617172,-27.767265
19412,28-08-2026,20,KRH,-44.0,test,-41.00307,-50.28556,-25.580847
19412,28-08-2026,21,AWR,-50.0,test,-46.700924,-56.442177,-31.341127
19412,28-08-2026,22,RHG,-48.0,test,-44.584362,-53.810314,-30.017979
19412,28-08-2026,23,BKI,-48.0,test,-43.89529,-52.905746,-29.709679
19412,28-08-2026,24,DO,-51.0,test,-46.45181,-55.715412,-31.885403
19412,28-08-2026,25,GADJ,-52.0,test,-47.935505,-57.852806,-32.474983
19412,28-08-2026,26,JP,-51.0,test,-45.225636,-54.471256,-30.929008
19412,28-08-2026,27,FL,-56.0,test,-51.62705,-62.142868,-35.26277
19412,28-08-2026,28,KSG,-49.0,test,-43.9542,-53.779793,-29.219946
19412,28-08-2026,29,AII,-46.0,test,-42.135273,-52.066322,-27.12887
19412,28-08-2026,30,BER,-40.0,test,-36.647068,-46.433712,-21.60505
19412,28-08-2026,31,SOD,-40.0,test,-35.74831,-45.320694,-21.644234
19412,28-08-2026,32,MJ,-29.0,test,-26.172377,-35.741802,-10.782126
19412,28-08-2026,33,RANI,-38.0,test,-34.809166,-44.47341,-20.40468
19412,28-08-2026,34,FA,-34.0,test,-30.760437,-39.98129,-16.925385
19412,28-08-2026,35,SJWB,-38.0,test,-34.66462,-44.03042,-20.957539
19412,28-08-2026,36,NANA,-36.0,test,-32.355236,-41.211845,-19.498116
19412,28-08-2026,37,PDWA,-38.0,test,-33.633522,-42.47753,-20.951767
19412,28-08-2026,38,SRPJ,-39.0,test,-33.8486,-42.558643,-21.499418
19412,28-08-2026,39,ABR,-31.0,test,-27.323212,-35.08337,-16.223087
19412,28-08-2026,40,PNU,-19.0,test,-18.560377,-25.591839,-7.436433
19412,28-08-2026,41,SID,-19.0,test,-18.069754,-24.426182,-8.243831
19412,28-08-2026,42,UJA,-20.0,test,-19.451965,-26.333412,-8.808194
19412,28-08-2026,43,MSH,-21.0,test,-18.958292,-24.801817,-10.625162
19412,28-08-2026,44,KLL,-19.0,test,-16.744623,-21.739925,-9.640812
19412,29-08-2026,1,DLPC,-21.0,test,-14.038069,-23.69865,8.326487
19412,29-08-2026,2,AADR,-24.0,test,-17.735119,-27.818474,4.5807
19412,29-08-2026,3,UHL,-24.0,test,-17.776136,-28.081955,4.4611225
19412,29-08-2026,4,NLDM,-21.0,test,-14.841083,-25.259977,7.840417
19412,29-08-2026,5,ANSB,-23.0,test,-16.8426,-26.931614,5.0847607
19412,29-08-2026,6,RPAR,-33.0,test,-28.338646,-39.78872,-3.9738903
19412,29-08-2026,7,MRND,-32.0,test,-27.051868,-37.923973,-4.5234985
19412,29-08-2026,8,SASN,-33.0,test,-27.19131,-37.44374,-6.825268
19412,29-08-2026,9,CDG,-28.0,test,-21.792707,-32.02823,-1.0632763
19412,29-08-2026,10,UMB,-20.0,test,-14.111703,-24.961842,8.632066
19412,29-08-2026,11,KKDE,-46.0,test,-43.140465,-54.09634,-21.615692
19412,29-08-2026,12,KLE,-53.0,test,-49.273586,-59.652145,-30.558208
19412,29-08-2026,13,NRW,-39.0,test,-34.36233,-43.89455,-16.494421
19412,29-08-2026,14,UCA,-39.0,test,-34.69509,-43.90594,-17.417171
19412,29-08-2026,15,JIND,-37.0,test,-32.827213,-42.36811,-14.970329
19412,29-08-2026,16,JNA,-52.0,test,-49.613953,-60.711853,-28.498856
19412,29-08-2026,17,ROK,-49.0,test,-47.109684,-56.83563,-29.380707
19412,29-08-2026,18,JHJ,-58.0,test,-55.670788,-66.07794,-37.92428
19412,29-08-2026,19,RE,-21.0,test,-16.736633,-26.639294,2.4264545
19412,29-08-2026,20,KRH,-22.0,test,-17.283878,-27.037647,1.0650616
19412,29-08-2026,21,AWR,-27.0,test,-23.205582,-32.84198,-5.665571
19412,29-08-2026,22,RHG,-25.0,test,-20.703314,-30.34214,-3.5082207
19412,29-08-2026,23,BKI,-25.0,test,-20.567993,-30.092281,-3.7524834
19412,29-08-2026,24,DO,-28.0,test,-23.80406,-33.270893,-7.6502914
19412,29-08-2026,25,GADJ,-28.0,test,-23.01609,-32.43305,-7.2055902
19412,29-08-2026,26,JP,-23.0,test,-18.400745,-28.001427,-2.2341785
19412,29-08-2026,27,FL,-26.0,test,-22.097576,-32.45372,-4.545555
19412,29-08-2026,28,KSG,-21.0,test,-16.852144,-26.779545,0.032245636
19412,29-08-2026,29,AII,-22.0,test,-18.20554,-28.234875,-0.96367073
19412,29-08-2026,30,BER,-20.0,test,-16.810919,-26.833126,0.8263817
19412,29-08-2026,31,SOD,-20.0,test,-16.898623,-26.627129,-0.11404228
19412,29-08-2026,32,MJ,-22.0,test,-19.288918,-28.995827,-2.6561127
19412,29-08-2026,33,RANI,-32.0,test,-28.598171,-38.232838,-13.320921
19412,29-08-2026,34,FA,-29.0,test,-25.477774,-34.771313,-10.813753
19412,29-08-2026,35,SJWB,-30.0,test,-26.384525,-35.476547,-12.240458
19412,29-08-2026,36,NANA,-28.0,test,-24.648136,-33.46976,-10.942134
19412,29-08-2026,37,PDWA,-29.0,test,-25.423037,-34.127975,-12.167118
19412,29-08-2026,38,SRPJ,-29.0,test,-25.469086,-34.036118,-12.584762
19412,29-08-2026,39,ABR,-23.0,test,-20.415487,-28.342064,-8.065236
19412,29-08-2026,40,PNU,-20.0,test,-17.462057,-23.64496,-7.9960165
19412,29-08-2026,41,SID,-20.0,test,-17.022469,-22.717152,-8.680972
19412,29-08-2026,42,UJA,-20.0,test,-17.102547,-22.947626,-8.621436
19412,29-08-2026,43,MSH,-21.0,test,-18.090813,-23.71995,-10.043617
19412,29-08-2026,44,KLL,-20.0,test,-16.70171,-21.641422,-9.658608
19412,30-08-2026,1,DLPC,-21.0,test,-14.038069,-23.69865,8.326487
19412,30-08-2026,2,AADR,-24.0,test,-17.735119,-27.818474,4.580702
19412,30-08-2026,3,UHL,-23.0,test,-16.773552,-27.124287,5.6477737
19412,30-08-2026,4,NLDM,-21.0,test,-14.841083,-25.259977,7.840417
19412,30-08-2026,5,ANSB,-25.0,test,-19.750196,-30.793083,4.0217056
19412,30-08-2026,6,RPAR,-36.0,test,-31.826626,-43.063522,-8.350458
19412,30-08-2026,7,MRND,-32.0,test,-26.803314,-37.570488,-4.62459
19412,30-08-2026,8,SASN,-31.0,test,-25.031643,-35.302444,-4.4359894
19412,30-08-2026,9,CDG,-27.0,test,-20.750702,-31.041996,0.1791153
19412,30-08-2026,10,UMB,-20.0,test,-14.062751,-24.89534,8.627599
19412,30-08-2026,11,KKDE,-51.0,test,-48.05383,-58.94491,-27.035675
19412,30-08-2026,12,KLE,-52.0,test,-47.718006,-56.902073,-31.395744
19412,30-08-2026,13,NRW,-46.0,test,-41.626728,-50.91119,-24.858444
19412,30-08-2026,14,UCA,-47.0,test,-43.14532,-52.316795,-26.591412
19412,30-08-2026,15,JIND,-49.0,test,-45.65453,-55.195553,-28.816225
19412,30-08-2026,16,JNA,-57.0,test,-55.570637,-66.581474,-35.858604
19412,30-08-2026,17,ROK,-61.0,test,-57.80833,-67.60697,-41.03935
19412,30-08-2026,18,JHJ,-66.0,test,-60.843464,-71.000854,-43.563232
19412,30-08-2026,19,RE,-20.0,test,-15.526443,-25.659729,4.3002176
19412,30-08-2026,20,KRH,-21.0,test,-16.47146,-26.509453,2.6727753
19412,30-08-2026,21,AWR,-25.0,test,-20.748909,-30.5205,-2.8976421
19412,30-08-2026,22,RHG,-23.0,test,-18.388739,-28.108582,-0.73332787
19412,30-08-2026,23,BKI,-22.0,test,-17.234081,-26.914036,0.2899208
19412,30-08-2026,24,DO,-25.0,test,-20.388168,-30.366959,-2.9358501
19412,30-08-2026,25,GADJ,-26.0,test,-21.159977,-30.767561,-4.5829563
19412,30-08-2026,26,JP,-28.0,test,-22.95076,-32.433807,-7.649393
19412,30-08-2026,27,FL,-32.0,test,-27.668158,-38.0539,-10.812952
19412,30-08-2026,28,KSG,-27.0,test,-22.107262,-31.89769,-6.0839825
19412,30-08-2026,29,AII,-31.0,test,-27.491772,-37.874252,-10.094429
19412,30-08-2026,30,BER,-31.0,test,-27.176823,-37.086105,-11.00897
19412,30-08-2026,31,SOD,-29.0,test,-24.873589,-34.487965,-9.467491
19412,30-08-2026,32,MJ,-21.0,test,-18.414223,-28.129951,-1.6438103
19412,30-08-2026,33,RANI,-26.0,test,-22.373543,-31.711285,-7.237303
19412,30-08-2026,34,FA,-24.0,test,-20.847546,-30.043865,-5.9049625
19412,30-08-2026,35,SJWB,-26.0,test,-22.841331,-31.932192,-8.293609
19412,30-08-2026,36,NANA,-24.0,test,-21.289085,-30.144905,-7.038316
19412,30-08-2026,37,PDWA,-25.0,test,-22.07803,-30.79368,-8.347175
19412,30-08-2026,38,SRPJ,-26.0,test,-22.969131,-31.543863,-9.7464905
19412,30-08-2026,39,ABR,-21.0,test,-18.887884,-26.84328,-6.2371607
19412,30-08-2026,40,PNU,-20.0,test,-17.462057,-23.64496,-7.9960165
19412,30-08-2026,41,SID,-20.0,test,-17.022469,-22.717152,-8.680972
19412,30-08-2026,42,UJA,-23.0,test,-19.051641,-24.88378,-10.808638
19412,30-08-2026,43,MSH,-28.0,test,-25.460758,-32.655617,-14.942818
19412,30-08-2026,44,KLL,-20.0,test,-17.590162,-22.788668,-10.002574
19412,31-08-2026,1,DLPC,-17.0,test,-13.335966,-23.77547,10.161894
19412,31-08-2026,2,AADR,-20.0,test,-16.769491,-26.920666,5.6769524
19412,31-08-2026,3,UHL,-20.0,test,-16.808216,-27.185371,5.640726
19412,31-08-2026,4,NLDM,-17.0,test,-13.889959,-24.458847,9.239878
19412,31-08-2026,5,ANSB,-21.0,test,-17.831928,-28.173777,4.289177
19412,31-08-2026,6,RPAR,-28.0,test,-25.795902,-36.98045,-2.8383427
19412,31-08-2026,7,MRND,-23.0,test,-20.04667,-30.829447,2.413208
19412,31-08-2026,8,SASN,-29.0,test,-26.319706,-37.211655,-4.5694275
19412,31-08-2026,9,CDG,-28.0,test,-24.9977,-35.1531,-4.730648
19412,31-08-2026,10,UMB,-17.0,test,-14.129554,-24.96865,8.615911
19412,31-08-2026,11,KKDE,-57.0,test,-56.496685,-66.55247,-37.010315
19412,31-08-2026,12,KLE,-61.0,test,-58.738354,-68.374214,-42.039528
19412,31-08-2026,13,NRW,-69.0,test,-67.26291,-78.2302,-48.317123
19412,31-08-2026,14,UCA,-71.0,test,-66.54446,-77.35642,-47.95529
19412,31-08-2026,15,JIND,-77.0,test,-73.21842,-85.14652,-52.758144
19412,31-08-2026,16,JNA,-82.0,test,-74.703255,-86.85227,-53.951984
19412,31-08-2026,18,JHJ,-84.0,test,-74.813126,-87.00951,-54.048843
19412,31-08-2026,19,RE,-26.0,test,-25.054554,-34.60958,-7.3890533
19412,31-08-2026,20,KRH,-24.0,test,-22.569715,-32.218834,-4.9238605
19412,31-08-2026,21,AWR,-31.0,test,-30.36002,-40.788948,-12.080791
19412,31-08-2026,22,RHG,-30.0,test,-28.990744,-38.406155,-12.957279
19412,31-08-2026,23,BKI,-29.0,test,-27.638075,-36.92717,-11.912432
19412,31-08-2026,24,DO,-32.0,test,-30.099072,-39.35694,-15.135413
19412,31-08-2026,25,GADJ,-38.0,test,-36.980724,-47.56872,-19.703655
19412,31-08-2026,26,JP,-26.0,test,-23.672047,-33.11527,-8.398008
19412,31-08-2026,27,FL,-29.0,test,-27.332193,-37.507324,-11.016626
19412,31-08-2026,28,KSG,-27.0,test,-24.963303,-34.79863,-9.326441
19412,31-08-2026,29,AII,-18.0,test,-17.17205,-27.211231,0.12391281
19412,31-08-2026,30,BER,-23.0,test,-23.139145,-33.562805,-5.357313
19412,31-08-2026,31,SOD,-22.0,test,-21.48213,-31.192287,-5.300106
19412,31-08-2026,32,MJ,-23.0,test,-22.828218,-32.470276,-6.8115063
19412,31-08-2026,33,RANI,-30.0,test,-29.414164,-39.09992,-14.381714
19412,31-08-2026,34,FA,-27.0,test,-26.280483,-35.512577,-11.890657
19412,31-08-2026,35,SJWB,-29.0,test,-28.144367,-37.216507,-14.277791
19412,31-08-2026,36,NANA,-27.0,test,-26.357233,-35.188103,-12.872972
19412,31-08-2026,37,PDWA,-30.0,test,-29.099232,-37.973568,-16.001602
19412,31-08-2026,38,SRPJ,-32.0,test,-30.395275,-38.95442,-18.12555
19412,31-08-2026,39,ABR,-23.0,test,-22.667898,-30.52819,-10.8014555
19412,31-08-2026,40,PNU,-17.0,test,-18.600132,-25.672054,-7.403845
19412,31-08-2026,41,SID,-24.0,test,-24.197584,-31.64033,-13.153297
19412,31-08-2026,42,UJA,-25.0,test,-25.46018,-32.929256,-14.378702
19412,31-08-2026,43,MSH,-26.0,test,-23.151773,-29.279509,-14.501618
19412,31-08-2026,44,KLL,-18.0,test,-17.176165,-22.422712,-9.865034
19574,28-08-2026,1,JP,-16.529999999999973,test,-8.867102,-23.607407,17.209646
19574,28-08-2026,2,FL,-16.210000000000036,test,-5.525533,-19.39988,19.714563
19574,28-08-2026,3,KSG,-24.50999999999999,test,-27.145924,-40.908325,-5.3519325
19574,28-08-2026,4,AII,1.8400000000001455,test,0.47365868,-12.718383,25.622936
19574,28-08-2026,5,BER,7.4500000000000455,test,-0.75883806,-12.269526,20.705858
19574,28-08-2026,6,SOD,-8.960000000000036,test,-3.8586123,-18.146183,21.790205
19574,28-08-2026,7,MJ,32.370000000000005,test,-16.035063,-30.697382,7.7415733
19574,28-08-2026,8,FA,-6.349999999999909,test,-14.780127,-26.307384,3.3400135
19574,28-08-2026,9,SJWB,-38.31000000000006,test,-0.98028123,-12.156527,19.066517
19574,28-08-2026,10,ABR,-4.75,test,-7.7838655,-22.176132,16.327795
19574,28-08-2026,11,PNU,-22.159999999999968,test,-20.482899,-31.67869,-5.0771656
19574,28-08-2026,12,SID,-11.089999999999918,test,-15.709912,-26.400703,-0.53356457
19574,28-08-2026,13,MSH,-44.52999999999997,test,-12.086671,-22.740242,3.4749556
19574,28-08-2026,14,VG,-40.870000000000005,test,-4.691258,-15.036673,11.703823
19574,28-08-2026,15,SUNR,-30.50999999999999,test,-6.4237084,-19.019993,12.866261
19574,28-08-2026,16,RJT,-25.980000000000018,test,-9.571529,-19.409168,4.072587
19574,28-08-2026,17,HAPA,-12.129999999999995,test,-17.865417,-29.07824,-3.965868
19574,28-08-2026,18,JAM,-17.69999999999999,test,-7.3323636,-17.347898,6.7879243
19574,28-08-2026,19,KMBL,-19.370000000000005,test,-13.796237,-23.731216,-1.7710552
19574,28-08-2026,20,DWK,-11.100000000000001,test,-13.186596,-20.225388,-5.2037535
19574,28-08-2026,21,OKHA,-13.0,test,-15.526753,-25.587662,-3.6790972
19574,29-08-2026,1,JP,-16.210000000000036,test,-3.3809073,-16.35216,20.584139
19574,29-08-2026,2,FL,-24.5,test,-27.786434,-42.629444,-3.9429111
19574,29-08-2026,3,KSG,1.8300000000001546,test,0.463019,-12.875224,25.956947
19574,29-08-2026,4,AII,7.4500000000000455,test,-1.0131797,-12.301134,20.241844
19574,29-08-2026,5,BER,-8.950000000000045,test,-4.546635,-19.738735,22.743385
19574,29-08-2026,6,SOD,32.36999999999989,test,-15.2504225,-29.420082,8.054973
19574,29-08-2026,7,MJ,-6.340000000000032,test,-15.2322,-26.463223,2.5087252
19574,29-08-2026,8,FA,-38.319999999999936,test,-1.0572203,-12.398897,19.465681
19574,29-08-2026,9,SJWB,-4.75,test,-10.812024,-24.613438,12.09875
19574,29-08-2026,10,ABR,-22.149999999999977,test,-19.763556,-31.708694,-2.5731163
19574,29-08-2026,11,PNU,-11.080000000000041,test,-15.563575,-26.422428,0.19635963
19574,29-08-2026,12,SID,-44.52999999999997,test,-12.013303,-22.67115,3.8787365
19574,29-08-2026,13,MSH,-40.879999999999995,test,-4.2340775,-14.7613125,12.835608
19574,29-08-2026,14,VG,-30.50999999999999,test,-7.159464,-19.997196,12.788122
19574,29-08-2026,15,SUNR,-25.980000000000018,test,-9.633288,-19.728119,4.8592224
19574,29-08-2026,16,RJT,-12.129999999999995,test,-17.702284,-29.50743,-2.374776
19574,29-08-2026,17,HAPA,-17.69999999999999,test,-6.8261824,-17.660458,8.982303
19574,29-08-2026,18,JAM,-19.379999999999995,test,-16.977898,-27.878672,-3.4367228
19574,29-08-2026,19,KMBL,-11.099999999999994,test,-12.743934,-20.321602,-3.8130913
19574,29-08-2026,20,DWK,-40.34,test,-16.148647,-24.380295,-6.821206
19574,29-08-2026,21,OKHA,-13.0,test,-12.710559,-20.432041,-3.6925087
19574,30-08-2026,1,JP,-24.5,test,-31.86676,-45.139565,-11.630127
19574,30-08-2026,2,FL,1.8399999999999181,test,-1.1946033,-14.844178,24.29829
19574,30-08-2026,3,KSG,7.4500000000000455,test,-0.73958385,-12.475252,21.453455
19574,30-08-2026,4,AII,-8.950000000000045,test,-6.7949457,-20.86099,18.337673
19574,30-08-2026,5,BER,32.36999999999989,test,-15.761955,-30.966564,9.50317
19574,30-08-2026,6,SOD,-6.3400000000001455,test,-15.321654,-26.36074,2.2227564
19574,30-08-2026,7,MJ,-38.32000000000005,test,-1.5284532,-12.553226,18.567352
19574,30-08-2026,8,FA,-4.759999999999991,test,-8.379618,-23.258503,17.17063
19574,30-08-2026,9,SJWB,-22.149999999999977,test,-18.204813,-31.40799,1.924284
19574,30-08-2026,10,ABR,-11.079999999999927,test,-15.227109,-26.433144,1.6062727
19574,30-08-2026,11,PNU,-44.52999999999997,test,-11.919706,-22.779459,4.6074104
19574,30-08-2026,12,SID,-40.86999999999989,test,-4.310153,-14.946976,13.194848
19574,30-08-2026,13,MSH,-30.519999999999982,test,-6.543398,-19.880821,14.841043
19574,30-08-2026,14,VG,-25.970000000000027,test,-9.501348,-19.863466,5.838398
19574,30-08-2026,15,SUNR,-12.129999999999995,test,-17.323986,-29.638756,-0.5417843
19574,30-08-2026,16,RJT,-17.689999999999998,test,-7.192496,-18.184294,9.057047
19574,30-08-2026,17,HAPA,-19.379999999999995,test,-13.794966,-25.32486,1.3965836
19574,30-08-2026,18,JAM,-11.109999999999985,test,-12.917286,-22.276722,-1.1244516
19574,30-08-2026,19,KMBL,-40.34,test,-16.070011,-24.622059,-6.212512
19574,30-08-2026,20,DWK,-34.160000000000004,test,-12.682651,-19.74432,-4.5901833
19574,30-08-2026,21,OKHA,-13.0,test,-10.075696,-18.164824,-0.121780396
19574,31-08-2026,1,JP,1.8399999999999181,test,0.011064174,-10.805231,21.3532
19574,31-08-2026,2,FL,7.4500000000000455,test,3.0650346,-10.813504,29.74221
19574,31-08-2026,3,KSG,-8.959999999999809,test,-4.858256,-19.891735,22.314268
19574,31-08-2026,4,AII,32.38000000000011,test,-16.510954,-31.36338,8.147039
19574,31-08-2026,5,BER,-6.339999999999918,test,-15.042094,-26.732708,3.8824797
19574,31-08-2026,6,SOD,-38.320000000000164,test,-1.8720056,-12.546288,17.639034
19574,31-08-2026,7,MJ,-4.759999999999991,test,-9.044773,-24.240269,17.094383
19574,31-08-2026,8,FA,-22.159999999999968,test,-19.999517,-31.154736,-3.5832767
19574,31-08-2026,9,SJWB,-11.080000000000041,test,-15.147136,-26.31654,2.0356512
19574,31-08-2026,10,ABR,-44.52999999999997,test,-11.722745,-22.819733,5.579211
19574,31-08-2026,11,PNU,-40.870000000000005,test,-4.587223,-15.237022,13.06097
19574,31-08-2026,12,SID,-30.50999999999999,test,-9.407159,-22.030945,10.494573
19574,31-08-2026,13,MSH,-25.980000000000018,test,-9.20607,-19.717356,6.7773666
19574,31-08-2026,14,VG,-12.129999999999995,test,-17.736908,-30.735552,0.588871
19574,31-08-2026,15,SUNR,-17.689999999999998,test,-9.233484,-19.513088,5.703335
19574,31-08-2026,16,RJT,-19.379999999999995,test,-13.50511,-25.585613,3.0064068
19574,31-08-2026,17,HAPA,-11.110000000000014,test,-13.375117,-23.146137,-0.8777933
19574,31-08-2026,18,JAM,-40.349999999999994,test,-15.298727,-26.102589,-1.7393894
19574,31-08-2026,19,KMBL,-34.150000000000006,test,-12.237076,-19.838913,-3.1926842
19574,31-08-2026,20,DWK,-25.370000000000005,test,-9.113567,-16.37337,-0.18006992
19574,31-08-2026,21,OKHA,-13.0,test,-14.632472,-23.81705,-3.770317
19601,29-08-2026,1,UDZ,45.0,test,-5.3524375,-21.613043,30.350191
19601,29-08-2026,2,RPZ,41.0,test,-9.08528,-26.938168,28.610565
19601,29-08-2026,3,MVJ,42.0,test,-8.158748,-26.566612,30.7645
19601,29-08-2026,4,KIN,42.0,test,-10.614993,-27.991508,26.08543
19601,29-08-2026,5,CNA,43.0,test,-10.052707,-26.977123,26.061981
19601,29-08-2026,6,BHL,46.0,test,-6.8817983,-24.456924,30.334538
19601,29-08-2026,7,BJNR,35.0,test,-15.262637,-33.52182,21.802711
19601,29-08-2026,8,NSD,22.0,test,-26.377842,-44.128235,8.299076
19601,29-08-2026,9,AII,44.0,test,-8.852517,-25.08239,24.944366
19601,29-08-2026,10,JP,40.0,test,-10.719457,-27.773949,23.800564
19601,29-08-2026,11,AWR,36.0,test,-12.919837,-28.171547,17.159286
19601,29-08-2026,12,RE,39.0,test,-10.797877,-25.797928,18.549995
19601,29-08-2026,13,GGN,20.0,test,-24.79101,-41.751705,7.529909
19601,29-08-2026,14,DLI,7.0,test,-38.648113,-54.28854,-11.1996
19601,29-08-2026,15,MB,-8.0,test,-51.939686,-66.00075,-29.711124
19601,29-08-2026,16,BE,-6.0,test,-50.657856,-63.783325,-31.089968
19601,29-08-2026,17,LKO,-41.0,test,-65.944565,-78.36809,-46.02475
19601,29-08-2026,18,BBK,-28.0,test,-57.028355,-68.82422,-39.11986
19601,29-08-2026,19,GKP,-5.0,test,-38.22532,-48.035645,-24.615765
19601,29-08-2026,20,DEOS,-31.0,test,-56.897648,-69.33915,-38.45217
19601,29-08-2026,21,SV,-39.0,test,-58.53391,-70.31395,-40.474846
19601,29-08-2026,22,CPR,-30.0,test,-52.23163,-63.5524,-35.459866
19601,29-08-2026,23,HJP,-23.0,test,-47.634483,-58.69206,-31.74123
19601,29-08-2026,24,MFP,-37.0,test,-59.16544,-72.07439,-39.929283
19601,29-08-2026,25,SPJ,-41.0,test,-57.83138,-69.73535,-39.85351
19601,29-08-2026,26,SLNA,-53.0,test,-67.988594,-81.56703,-47.020092
19601,29-08-2026,27,KGG,-28.0,test,-49.82932,-61.499016,-33.166386
19601,29-08-2026,28,KIR,-21.0,test,-43.945168,-55.04792,-28.571806
19601,29-08-2026,29,KNE,-48.0,test,-58.614162,-71.54608,-39.409042
19609,29-08-2026,1,UDZ,-21.0,test,22.892681,11.589429,48.68653
19609,29-08-2026,2,RPZ,-24.0,test,23.686562,11.361875,51.542175
19609,29-08-2026,3,MVJ,-21.0,test,25.799564,12.848934,55.097866
19609,29-08-2026,4,FAN,-22.0,test,25.35485,12.662636,54.04314
19609,29-08-2026,5,BSJ,-26.0,test,22.214924,10.546399,48.3901
19609,29-08-2026,6,KIN,-27.0,test,22.627686,10.232536,50.240417
19609,29-08-2026,7,COR,-30.0,test,20.759604,8.2633,48.220383
19609,29-08-2026,8,GGR,-22.0,test,24.121538,12.258598,51.044785
19609,29-08-2026,9,HMG,-22.0,test,24.15939,12.225198,51.30131
19609,29-08-2026,10,BHL,-22.0,test,23.224445,11.648626,49.58092
19609,29-08-2026,11,MDL,-21.0,test,21.76192,10.989401,46.227116
19609,29-08-2026,12,BJNR,-38.0,test,13.641356,0.9050617,41.182972
19609,29-08-2026,13,NSD,-43.0,test,8.969814,-1.9726353,31.522251
19609,29-08-2026,14,AII,-21.0,test,21.603447,10.992727,45.695564
19609,29-08-2026,15,KSG,-19.0,test,22.958473,11.535626,48.91159
19609,29-08-2026,16,FL,-29.0,test,19.601072,6.7239256,48.02043
19609,29-08-2026,17,JOB,-33.0,test,17.072098,5.971593,41.455856
19609,29-08-2026,18,JP,-26.0,test,19.751776,8.78041,44.059044
19609,29-08-2026,19,GADJ,-25.0,test,20.082993,9.662275,43.32863
19609,29-08-2026,20,DO,-26.0,test,18.874483,8.8251915,41.09271
19609,29-08-2026,21,BKI,-36.0,test,13.118892,1.6488314,37.232388
19609,29-08-2026,22,RHG,-35.0,test,13.017135,3.530326,32.94253
19609,29-08-2026,23,AWR,-27.0,test,17.663258,7.8634396,39.071125
19609,29-08-2026,24,RE,-25.0,test,17.6986,7.991951,38.7653
19609,29-08-2026,25,DEC,-44.0,test,6.0700274,-5.3392096,28.223492
19609,29-08-2026,26,DLI,-40.0,test,8.9264965,-1.6953583,30.15131
19609,29-08-2026,27,DSA,-41.0,test,8.283053,-2.0544634,28.608028
19609,29-08-2026,28,BTU,-42.0,test,5.4695673,-3.254303,21.376213
19609,29-08-2026,29,KQL,-40.0,test,6.394371,-2.3047476,22.398811
19609,29-08-2026,30,SMQL,-34.0,test,9.904966,1.1199007,26.945498
19609,29-08-2026,31,RPMN,-19.0,test,16.394928,7.179076,35.734985
19609,29-08-2026,32,TPZ,-19.0,test,15.847953,6.7325153,34.775864
19609,29-08-2026,33,RK,-19.0,test,15.374642,6.3187475,33.996696
19609,29-08-2026,34,HW,-28.0,test,11.648057,1.6547365,31.163319
19609,29-08-2026,35,MOTC,-29.0,test,11.412427,2.1706858,29.52296
19609,29-08-2026,36,RWL,-25.0,test,12.939968,3.6719294,31.415728
19609,29-08-2026,37,VRH,-21.0,test,14.272487,4.9518976,33.04047
19609,31-08-2026,1,UDZ,30.0,test,23.016539,11.667926,48.91613
19609,31-08-2026,2,RPZ,26.0,test,23.695389,11.404001,51.491714
19609,31-08-2026,3,MVJ,29.0,test,25.5686,12.845183,54.316353
19609,31-08-2026,4,FAN,25.0,test,24.31403,11.419328,53.186657
19609,31-08-2026,5,BSJ,25.0,test,24.24575,11.748689,52.360996
19609,31-08-2026,6,KIN,23.0,test,22.94485,10.438735,50.822712
19609,31-08-2026,7,COR,17.0,test,18.20539,6.1817684,44.306953
19609,31-08-2026,8,GGR,21.0,test,20.659199,9.474833,45.740376
19609,31-08-2026,9,HMG,22.0,test,21.24708,10.001599,46.482277
19609,31-08-2026,10,BHL,24.0,test,21.534927,10.365013,46.738693
19609,31-08-2026,11,MDL,24.0,test,20.617258,9.886583,44.80516
19609,31-08-2026,12,BJNR,4.0,test,7.75106,-4.8352094,34.208824
19609,31-08-2026,13,NSD,3.0,test,5.670093,-5.3032928,27.892729
19609,31-08-2026,14,AII,29.0,test,21.90842,11.151014,46.35396
19609,31-08-2026,15,KSG,22.0,test,19.385563,6.4549055,48.01211
19609,31-08-2026,16,FL,26.0,test,21.854555,10.698787,46.909252
19609,31-08-2026,17,JOB,21.0,test,19.433558,8.518353,43.572327
19609,31-08-2026,18,JP,21.0,test,18.270096,7.849867,41.1242
19609,31-08-2026,19,GADJ,22.0,test,18.466526,8.267708,40.953125
19609,31-08-2026,20,DO,21.0,test,17.470364,7.4716177,39.31398
19609,31-08-2026,21,BKI,13.0,test,12.260901,1.2168188,35.184036
19609,31-08-2026,22,RHG,12.0,test,10.555936,0.95154476,30.20784
19609,31-08-2026,23,AWR,5.0,test,5.5606666,-3.464748,23.197636
19609,31-08-2026,24,RE,23.0,test,16.619614,7.1486425,37.001125
19609,31-08-2026,25,DEC,-63.0,test,-49.524292,-58.506973,-35.013397
19609,31-08-2026,26,DLI,-76.0,test,-60.491703,-71.58618,-42.835377
19609,31-08-2026,27,DSA,-83.0,test,-64.948265,-76.13637,-46.78228
19609,31-08-2026,28,BTU,-94.0,test,-71.7163,-84.04306,-51.518135
19609,31-08-2026,29,KQL,-109.0,test,-81.33395,-95.23129,-58.512733
19609,31-08-2026,30,SMQL,-105.0,test,-79.67714,-93.35403,-57.473625
19609,31-08-2026,31,RPMN,-98.0,test,-71.90994,-84.413635,-51.755974
19609,31-08-2026,32,TPZ,-74.0,test,-53.70935,-63.92542,-37.930122
19609,31-08-2026,33,RK,-54.0,test,-39.740795,-48.854828,-26.729109
19609,31-08-2026,34,HW,-42.0,test,-29.771185,-38.086834,-18.806728
19609,31-08-2026,35,MOTC,-29.0,test,-22.563822,-30.489056,-12.885231
19609,31-08-2026,36,RWL,-21.0,test,-17.19679,-25.224007,-7.3022957
19609,31-08-2026,37,VRH,-18.0,test,-14.203544,-22.226837,-4.1191072
19611,29-08-2026,0,AII,13.0,test,-1.2949198,-14.775519,24.86355
19611,29-08-2026,1,KSG,14.0,test,-0.7111896,-14.451154,25.786943
19611,29-08-2026,2,FL,2.0,test,-9.509567,-24.622307,18.377651
19611,29-08-2026,3,JP,-1.0,test,-13.426708,-26.727701,9.416542
19611,29-08-2026,4,GADJ,0.0,test,-13.006713,-27.013636,11.218099
19611,29-08-2026,5,GTJT,0.0,test,-13.046596,-26.256557,9.827535
19611,29-08-2026,6,DO,-2.0,test,-14.758782,-27.90282,7.3818007
19611,29-08-2026,7,BKI,-14.0,test,-25.781013,-40.224945,-1.1998863
19611,29-08-2026,8,BU,-13.0,test,-25.353027,-38.864258,-3.0480633
19611,29-08-2026,9,RHG,-13.0,test,-24.286469,-37.565628,-2.571846
19611,29-08-2026,10,AWR,-12.0,test,-24.870308,-38.238308,-2.7638817
19611,29-08-2026,11,KRH,-16.0,test,-28.300411,-41.05236,-8.85273
19611,29-08-2026,12,RE,10.0,test,-5.758828,-19.341469,19.188103
19611,29-08-2026,13,CKD,0.0,test,-14.89655,-28.309553,8.3538885
19611,29-08-2026,14,BNW,-3.0,test,-17.626963,-30.376347,3.7109127
19611,29-08-2026,15,HSR,-10.0,test,-23.739029,-35.78159,-4.962801
19611,29-08-2026,16,SSA,4.0,test,-9.421247,-19.152164,6.429529
19611,29-08-2026,17,KNL,2.0,test,-10.821812,-19.439484,2.4486542
19611,29-08-2026,18,BTI,14.0,test,-0.7150036,-8.226887,12.178593
19611,29-08-2026,19,GJUT,9.0,test,-5.580294,-14.882593,9.780056
19611,29-08-2026,20,KKP,5.0,test,-9.31884,-18.947845,5.956274
19611,29-08-2026,21,FDK,1.0,test,-12.769315,-22.221636,1.6148014
19611,29-08-2026,22,FZR,13.0,test,-3.637213,-12.125166,9.887864
19611,29-08-2026,23,TWB,9.0,test,-6.297317,-15.980694,9.256779
19611,29-08-2026,24,MOGA,14.0,test,-2.502627,-11.493732,12.378208
19611,29-08-2026,25,JGN,10.0,test,-5.9544435,-15.7098465,9.709375
19611,29-08-2026,26,LDH,-25.0,test,-33.027805,-42.682648,-20.07137
19611,29-08-2026,27,PGW,-45.0,test,-46.092533,-57.084663,-30.394512
19611,29-08-2026,28,JUC,-45.0,test,-44.211624,-54.683346,-29.256842
19611,29-08-2026,29,BEAS,-41.0,test,-38.881668,-48.61022,-25.357208
19613,31-08-2026,1,AII,12.0,test,-13.6596155,-21.721764,1.181634
19613,31-08-2026,2,KSG,13.0,test,-11.894127,-23.84571,8.979107
19613,31-08-2026,3,FL,12.0,test,-14.695361,-26.456749,5.7395124
19613,31-08-2026,4,JP,13.0,test,-14.157611,-25.942684,6.3651648
19613,31-08-2026,5,GADJ,10.0,test,-17.145903,-27.948484,1.1227379
19613,31-08-2026,6,GTJT,9.0,test,-17.969528,-28.240635,-0.7313099
19613,31-08-2026,7,DO,6.0,test,-20.35447,-30.228638,-4.7645416
19613,31-08-2026,8,BKI,-12.0,test,-39.041447,-50.525906,-20.936378
19613,31-08-2026,9,BU,-17.0,test,-42.19339,-52.557816,-26.90006
19613,31-08-2026,10,RHG,-17.0,test,-41.4521,-51.233086,-27.10662
19613,31-08-2026,11,AWR,-17.0,test,-39.385372,-48.924007,-25.547405
19613,31-08-2026,12,KRH,-18.0,test,-38.7183,-47.947487,-25.202389
19613,31-08-2026,13,RE,3.0,test,-23.602034,-32.36274,-10.75513
19613,31-08-2026,14,CKD,-2.0,test,-27.125437,-36.294292,-14.1623535
19613,31-08-2026,15,BNW,-2.0,test,-27.833694,-37.074867,-14.7155075
19613,31-08-2026,16,HSR,3.0,test,-24.173645,-32.780712,-12.286143
19613,31-08-2026,17,JHL,8.0,test,-19.938133,-28.35038,-8.367856
19613,31-08-2026,18,SAG,-11.0,test,-34.979805,-44.79713,-21.585434
19613,31-08-2026,19,DUI,9.0,test,-19.603716,-28.45757,-6.9286222
19613,31-08-2026,20,MET,7.0,test,-20.843672,-29.20305,-10.121303
19613,31-08-2026,21,LDH,12.0,test,-17.122044,-25.45238,-6.467847
19613,31-08-2026,22,PGW,3.0,test,-24.940475,-34.449753,-12.870729
19613,31-08-2026,23,JUC,13.0,test,-16.613693,-24.840122,-6.527734
19613,31-08-2026,24,BEAS,11.0,test,-18.791748,-27.340168,-8.436532
19943,28-08-2026,1,UDZ,-16.529999999999973,test,-12.3046,-21.497116,0.61780643
19943,28-08-2026,2,KRCD,-16.19999999999999,test,-6.21363,-14.309763,5.604956
19943,28-08-2026,3,ZW,-24.5,test,-9.970552,-18.639431,2.8302546
19943,28-08-2026,4,JYM,1.8400000000000034,test,-26.339622,-35.838936,-13.943094
19943,28-08-2026,5,DNRP,7.450000000000017,test,-16.51661,-24.834047,-5.4191647
19943,28-08-2026,6,HMT,-8.960000000000008,test,-24.124462,-32.932602,-12.875858
19943,28-08-2026,7,SDGM,32.379999999999995,test,-12.372674,-19.790194,-2.7940292
19943,28-08-2026,8,ASV,-6.350000000000001,test,-26.135841,-36.080605,-12.727013
19943,28-08-2026,9,ADI,-13.0,test,-26.877758,-36.30671,-14.865051
19943,29-08-2026,1,UDZ,-16.19999999999999,test,-6.8918953,-14.821652,5.3808384
19943,29-08-2026,2,KRCD,-24.5,test,-10.071408,-19.334808,3.4634886
19943,29-08-2026,3,ZW,1.839999999999975,test,-25.93145,-35.36705,-13.650563
19943,29-08-2026,4,JYM,7.449999999999989,test,-16.297209,-24.894476,-4.629277
19943,29-08-2026,5,DNRP,-8.95999999999998,test,-25.35318,-34.606144,-13.247593
19943,29-08-2026,6,HMT,32.370000000000005,test,-11.954047,-19.569126,-1.8944693
19943,29-08-2026,7,SDGM,-6.340000000000003,test,-24.8781,-34.110367,-12.763422
19943,29-08-2026,8,ASV,-38.32,test,-25.294754,-33.42516,-15.053136
19943,29-08-2026,9,ADI,-4.75,test,-21.821003,-30.026512,-11.627831
19943,30-08-2026,1,UDZ,-24.5,test,-10.084308,-18.241707,1.7818394
19943,30-08-2026,2,KRCD,1.8400000000000318,test,-26.00911,-35.202873,-13.8341055
19943,30-08-2026,3,ZW,7.449999999999989,test,-16.012453,-24.457127,-4.6636124
19943,30-08-2026,4,JYM,-8.950000000000017,test,-25.26765,-34.715637,-12.936328
19943,30-08-2026,5,DNRP,32.370000000000005,test,-11.789264,-19.93171,-0.34851265
19943,30-08-2026,6,HMT,-6.340000000000003,test,-24.798409,-34.127544,-12.564974
19943,30-08-2026,7,SDGM,-38.31,test,-24.773441,-32.90165,-14.563962
19943,30-08-2026,8,ASV,-4.760000000000005,test,-21.072784,-28.616213,-11.764823
19943,30-08-2026,9,ADI,-13.0,test,-17.416145,-25.638493,-7.1661024
19943,31-08-2026,1,UDZ,1.8400000000000318,test,-24.03158,-32.64589,-13.189749
19943,31-08-2026,2,KRCD,7.460000000000036,test,-14.827384,-22.570377,-5.058937
19943,31-08-2026,3,ZW,-8.960000000000036,test,-25.015959,-34.379593,-12.678052
19943,31-08-2026,4,JYM,32.379999999999995,test,-11.570089,-20.161594,0.8882828
19943,31-08-2026,5,DNRP,-6.349999999999994,test,-24.897568,-34.347797,-12.25501
19943,31-08-2026,6,HMT,-38.32000000000001,test,-23.845673,-31.63974,-14.0786915
19943,31-08-2026,7,SDGM,-4.75,test,-20.349722,-27.47889,-11.586369
19943,31-08-2026,8,ASV,-22.160000000000004,test,-16.816484,-24.212543,-7.7768803
19943,31-08-2026,9,ADI,-11.08,test,-28.884338,-38.378872,-16.544014
20993,28-08-2026,1,JP,-31.0,test,-14.16565,-22.040356,-1.9039078
20993,28-08-2026,2,KKU,-36.0,test,-16.973978,-27.37052,-1.3767176
20993,28-08-2026,3,FL,-38.0,test,-19.591614,-29.840141,-4.706749
20993,28-08-2026,4,KSG,-39.0,test,-21.807585,-30.823215,-9.466747
20993,28-08-2026,5,AII,-41.0,test,-23.332876,-31.89919,-11.977611
20993,28-08-2026,6,NSD,-42.0,test,-26.034197,-35.91629,-11.532353
20993,28-08-2026,7,BJNR,-46.0,test,-27.495235,-36.17856,-15.817092
20993,28-08-2026,8,BHL,-61.0,test,-37.428318,-46.724083,-24.199776
20993,28-08-2026,9,CNA,-36.0,test,-19.905182,-27.65906,-9.44903
20993,28-08-2026,10,KIN,-30.0,test,-15.5219755,-23.062696,-4.8478518
20993,28-08-2026,11,MVJ,-36.0,test,-20.119358,-27.989594,-9.715849
20993,28-08-2026,12,RPZ,-29.0,test,-15.207123,-22.968603,-4.117792
20993,29-08-2026,1,JP,-32.0,test,-14.12906,-22.216341,-1.7447481
20993,29-08-2026,2,KKU,-36.0,test,-17.799547,-28.067791,-2.5392323
20993,29-08-2026,3,FL,-40.0,test,-22.324694,-32.598984,-7.7538557
20993,29-08-2026,4,KSG,-40.0,test,-24.536247,-34.885376,-9.181278
20993,29-08-2026,5,AII,-39.0,test,-22.94063,-32.46101,-8.75225
20993,29-08-2026,6,NSD,-40.0,test,-22.38028,-31.384632,-10.297313
20993,29-08-2026,7,BJNR,-43.0,test,-25.001759,-33.83954,-13.410042
20993,29-08-2026,8,BHL,-52.0,test,-31.31118,-40.064827,-19.44957
20993,29-08-2026,9,CNA,-38.0,test,-21.908499,-29.414373,-12.039179
20993,29-08-2026,10,KIN,-33.0,test,-18.582584,-25.839607,-8.859391
20993,29-08-2026,11,MVJ,-37.0,test,-22.386595,-30.659584,-11.518659
20993,29-08-2026,12,RPZ,-28.0,test,-15.214735,-22.98136,-4.085702
20993,30-08-2026,1,JP,-32.0,test,-14.355282,-21.672123,-2.726941
20993,30-08-2026,2,KKU,-36.0,test,-17.393944,-27.641632,-2.0435848
20993,30-08-2026,3,FL,-39.0,test,-21.79919,-32.12584,-7.0048885
20993,30-08-2026,4,KSG,-39.0,test,-21.258518,-30.118582,-9.395165
20993,30-08-2026,5,AII,-36.0,test,-19.500584,-28.260845,-7.3938265
20993,30-08-2026,6,NSD,-35.0,test,-18.636698,-27.318312,-6.655965
20993,30-08-2026,7,BJNR,-41.0,test,-23.455635,-31.894459,-12.38554
20993,30-08-2026,8,BHL,-55.0,test,-34.97317,-44.423046,-21.889774
20993,30-08-2026,9,CNA,-31.0,test,-16.019049,-23.683628,-5.1680107
20993,30-08-2026,10,KIN,-29.0,test,-14.778037,-22.071854,-4.3976746
20993,30-08-2026,11,MVJ,-32.0,test,-17.798634,-26.007668,-6.279022
20993,30-08-2026,12,RPZ,-29.0,test,-15.213733,-22.99221,-4.083288
20993,31-08-2026,1,JP,-19.0,test,-14.436424,-21.169758,-3.6770878
20993,31-08-2026,2,KKU,-25.0,test,-17.265816,-27.651314,-1.8036041
20993,31-08-2026,3,FL,-30.0,test,-22.461552,-32.76303,-7.9206324
20993,31-08-2026,4,KSG,-32.0,test,-24.882732,-33.811493,-13.136116
20993,31-08-2026,5,AII,-40.0,test,-32.991283,-43.06074,-19.254452
20993,31-08-2026,6,NSD,-38.0,test,-29.769058,-39.227055,-17.034256
20993,31-08-2026,7,BJNR,-43.0,test,-33.622574,-42.645123,-21.222519
20993,31-08-2026,8,BHL,-43.0,test,-34.010567,-42.975372,-21.527199
20993,31-08-2026,9,CNA,-37.0,test,-27.639458,-35.303993,-17.232359
20993,31-08-2026,10,KIN,-33.0,test,-25.794554,-33.374413,-15.677735
20993,31-08-2026,11,MVJ,-35.0,test,-27.65438,-35.660152,-16.967094
20993,31-08-2026,12,RPZ,-23.0,test,-19.675213,-27.628101,-9.25531
22421,28-08-2026,1,DEE,41.0,test,-15.04785,-23.408646,-2.3482637
22421,28-08-2026,2,DEC,15.0,test,-42.74026,-53.517025,-27.056477
22421,28-08-2026,3,GGN,12.0,test,-45.630802,-55.85933,-30.693562
22421,28-08-2026,4,PTRD,6.0,test,-47.067177,-57.178642,-31.97528
22421,28-08-2026,5,RE,-3.0,test,-53.64063,-64.25106,-37.231377
22421,28-08-2026,6,MHRG,-22.0,test,-70.33589,-82.61707,-50.130257
22421,28-08-2026,7,STNL,-26.0,test,-73.81243,-86.43997,-53.078236
22421,28-08-2026,8,LHU,-19.0,test,-65.31689,-76.60615,-46.909847
22421,28-08-2026,9,RMB,-22.0,test,-65.15236,-76.498825,-46.701687
22421,28-08-2026,10,SDLP,-20.0,test,-62.81557,-73.70036,-45.10824
22421,28-08-2026,11,CUR,-15.0,test,-59.197033,-69.92938,-42.048927
22421,28-08-2026,12,RTGH,-3.0,test,-48.973843,-58.65081,-34.155914
22421,28-08-2026,13,PIH,-11.0,test,-56.79534,-67.205444,-40.33401
22421,28-08-2026,14,TLC,-16.0,test,-60.929447,-71.96001,-43.38867
22421,28-08-2026,15,SUJH,-21.0,test,-65.65507,-77.26478,-46.986176
22421,28-08-2026,16,LAU,-20.0,test,-63.91379,-74.96234,-46.012474
22421,28-08-2026,17,DIA,-21.0,test,-63.721462,-74.782326,-45.8473
22421,28-08-2026,19,DNA,-17.0,test,-60.982204,-71.83507,-43.630707
22421,28-08-2026,20,MTD,-13.0,test,-56.967297,-67.49269,-40.473816
22421,28-08-2026,21,GOTN,-16.0,test,-59.052456,-69.89679,-42.017643
22421,29-08-2026,1,DEE,7.0,test,4.5891767,-4.2474246,21.479507
22421,29-08-2026,2,DEC,2.0,test,-0.46279943,-11.508686,18.812273
22421,29-08-2026,3,GGN,0.0,test,-2.2722325,-11.823273,14.150194
22421,29-08-2026,4,PTRD,-10.0,test,-10.208757,-20.257172,6.037237
22421,29-08-2026,5,RE,-3.0,test,-4.779915,-14.202901,10.892445
22421,29-08-2026,6,MHRG,-5.0,test,-6.636586,-15.573604,7.7915354
22421,29-08-2026,7,STNL,-14.0,test,-14.485626,-25.783735,3.4041138
22421,29-08-2026,8,LHU,-12.0,test,-13.054086,-23.362888,2.7039309
22421,29-08-2026,9,RMB,-14.0,test,-15.189028,-24.517385,-2.0164547
22421,29-08-2026,10,SDLP,-13.0,test,-14.810995,-23.82906,-2.1467104
22421,29-08-2026,11,CUR,-8.0,test,-10.7956505,-19.767895,2.501688
22421,29-08-2026,12,RTGH,1.0,test,-3.3672562,-12.111627,10.783507
22421,29-08-2026,13,PIH,1.0,test,-3.52724,-12.244363,10.614979
22421,29-08-2026,14,TLC,-2.0,test,-6.156964,-14.964489,7.5716767
22421,29-08-2026,15,SUJH,-6.0,test,-9.914237,-19.04451,3.6590548
22421,29-08-2026,16,LAU,-5.0,test,-9.281819,-18.480522,4.703188
22421,29-08-2026,17,DIA,-6.0,test,-10.824271,-20.072916,2.808506
22421,29-08-2026,19,DNA,-22.0,test,-24.99625,-35.56559,-10.167457
22421,29-08-2026,20,MTD,-21.0,test,-24.020025,-32.693226,-13.186216
22421,29-08-2026,21,GOTN,-23.0,test,-25.117388,-33.559803,-14.563781
22421,30-08-2026,1,DEE,-3.0,test,4.5645866,-4.263586,21.429516
22421,30-08-2026,2,DEC,-7.0,test,0.2827493,-10.775842,19.720768
22421,30-08-2026,3,GGN,-9.0,test,-1.3097619,-10.910987,15.4741125
22421,30-08-2026,4,PTRD,-15.0,test,-6.053477,-15.064491,8.816017
22421,30-08-2026,5,RE,-8.0,test,-0.85044587,-10.262773,15.492167
22421,30-08-2026,6,MHRG,-15.0,test,-6.6126137,-17.359535,11.4698105
22421,30-08-2026,7,STNL,-30.0,test,-20.17318,-31.246902,-2.7866154
22421,30-08-2026,8,LHU,-25.0,test,-15.842365,-26.398594,0.32920837
22421,30-08-2026,9,RMB,-27.0,test,-17.903307,-27.191265,-5.349615
22421,30-08-2026,10,SDLP,-27.0,test,-18.405003,-27.328743,-6.501272
22421,30-08-2026,11,CUR,-21.0,test,-13.357699,-22.172739,-0.8155756
22421,30-08-2026,12,RTGH,-13.0,test,-6.624936,-15.401487,6.9029255
22421,30-08-2026,13,PIH,-13.0,test,-6.843629,-15.595254,6.667329
22421,30-08-2026,14,TLC,-16.0,test,-9.457711,-18.684458,4.3264446
22421,30-08-2026,15,SUJH,-20.0,test,-13.202407,-22.020454,-0.6939554
22421,30-08-2026,16,LAU,-20.0,test,-13.903097,-22.98123,-0.9550915
22421,30-08-2026,17,DIA,-20.0,test,-14.294229,-23.321516,-1.7436113
22421,30-08-2026,19,DNA,-47.0,test,-37.436577,-47.73836,-23.418137
22421,30-08-2026,20,MTD,-47.0,test,-34.593483,-43.614113,-22.400623
22421,30-08-2026,21,GOTN,-40.0,test,-29.611818,-38.14757,-18.541964
22421,31-08-2026,1,DEE,4.0,test,3.3271778,-5.265293,19.561934
22421,31-08-2026,2,DEC,-1.0,test,-1.9688481,-12.839735,16.728033
22421,31-08-2026,3,GGN,-4.0,test,-4.5597897,-14.187268,11.563177
22421,31-08-2026,4,PTRD,-12.0,test,-11.170294,-21.78897,6.1181717
22421,31-08-2026,5,RE,1.0,test,-1.0357188,-10.693672,15.635225
22421,31-08-2026,6,MHRG,-5.0,test,-5.745893,-16.531242,12.543615
22421,31-08-2026,7,STNL,-16.0,test,-15.784836,-26.921684,2.0247078
22421,31-08-2026,8,LHU,-15.0,test,-14.735668,-24.986898,0.83077145
22421,31-08-2026,9,RMB,-17.0,test,-16.992641,-26.484509,-3.950591
22421,31-08-2026,10,SDLP,-16.0,test,-16.587263,-25.654686,-4.1647434
22421,31-08-2026,11,CUR,-9.0,test,-10.799424,-19.820684,2.578804
22421,31-08-2026,12,RTGH,-2.0,test,-5.004586,-13.686079,8.699483
22421,31-08-2026,13,PIH,-3.0,test,-6.0194387,-14.679413,7.540394
22421,31-08-2026,14,TLC,-5.0,test,-7.7445307,-16.21114,5.1265717
22421,31-08-2026,15,SUJH,-9.0,test,-11.591055,-21.181236,2.5204525
22421,31-08-2026,16,LAU,-8.0,test,-11.36122,-20.78264,2.576891
22421,31-08-2026,17,DIA,-8.0,test,-11.482218,-20.58154,1.7032976
22421,31-08-2026,19,DNA,-54.0,test,-48.982887,-59.461582,-33.462334
22421,31-08-2026,20,MTD,-43.0,test,-39.569866,-49.146107,-26.168962
22421,31-08-2026,21,GOTN,-38.0,test,-34.029095,-42.882214,-22.089626
22473,31-08-2026,1,BKN,-9.0,test,-0.3191675,-9.99871,19.325216
22473,31-08-2026,2,NOK,-20.0,test,-8.528758,-20.809502,13.91668
22473,31-08-2026,3,NGO,-36.0,test,-19.934694,-33.006035,1.7457561
22473,31-08-2026,4,MTD,-8.0,test,2.108474,-11.184989,27.710781
22473,31-08-2026,5,JU,-8.0,test,-1.2315534,-12.944155,20.528929
22473,31-08-2026,6,LUNI,-32.0,test,-15.748055,-28.615845,5.873561
22473,31-08-2026,7,PMY,-31.0,test,-17.337343,-28.40055,0.06140709
22473,31-08-2026,8,MJ,-18.0,test,-9.270532,-18.95169,6.7153864
22473,31-08-2026,9,SJWB,-19.0,test,-9.930952,-19.868221,6.157234
22473,31-08-2026,10,ABR,-7.0,test,-1.3244523,-11.342481,16.270948
22473,31-08-2026,11,PNU,-11.0,test,-4.3995647,-15.254749,13.679213
22473,31-08-2026,12,UJA,-7.0,test,-1.7992407,-11.737765,15.170548
22473,31-08-2026,13,MSH,-8.0,test,-2.743313,-12.879461,14.295809
22473,31-08-2026,14,ADI,-27.0,test,-15.912233,-27.060694,0.42814636
22473,31-08-2026,16,ANND,-25.0,test,-16.503622,-25.944305,-4.3811703
22473,31-08-2026,18,BH,-15.0,test,-9.989866,-19.5546,3.3170128
22473,31-08-2026,19,ST,-12.0,test,-7.8956356,-17.530918,6.110551
22473,31-08-2026,20,NVS,-18.0,test,-11.790168,-22.442856,3.8316221
22473,31-08-2026,21,BL,-16.0,test,-10.034764,-19.948483,4.4724016
22977,28-08-2026,0,JP,-4.0,test,-10.919243,-17.61145,1.5318928
22977,28-08-2026,1,KKU,-7.0,test,-12.857359,-20.688496,0.9418478
22977,28-08-2026,2,FL,-5.0,test,-11.773204,-20.433365,3.5335531
22977,28-08-2026,3,NAC,-4.0,test,-11.4092,-18.989168,2.3862686
22977,28-08-2026,4,KMNC,-5.0,test,-12.109891,-19.078323,0.2479372
22977,28-08-2026,5,MKN,-9.0,test,-15.408552,-22.308243,-3.1937838
22977,28-08-2026,6,GCH,-8.0,test,-14.91614,-22.04166,-2.0466814
22977,28-08-2026,7,DNA,-9.0,test,-16.438705,-24.601059,-1.3414288
22977,28-08-2026,8,REN,-10.0,test,-17.077806,-24.500107,-3.5371952
22977,28-08-2026,9,MTD,-11.0,test,-17.697062,-23.745443,-7.5346584
22977,28-08-2026,10,GOTN,-15.0,test,-21.930851,-28.491695,-10.850943
22977,28-08-2026,11,RKB,-33.0,test,-35.77591,-44.602905,-22.439838
22977,29-08-2026,0,JP,-15.0,test,-11.907844,-17.543037,-0.9036579
22977,29-08-2026,1,KKU,-19.0,test,-14.47673,-22.484339,-0.5972891
22977,29-08-2026,2,FL,-18.0,test,-14.323847,-22.901844,0.74745655
22977,29-08-2026,3,NAC,-18.0,test,-14.501454,-22.209007,-0.8948879
22977,29-08-2026,4,KMNC,-19.0,test,-16.134033,-24.267822,-1.3551636
22977,29-08-2026,5,MKN,-19.0,test,-15.700429,-23.410212,-1.5352631
22977,29-08-2026,6,GCH,-17.0,test,-15.473589,-22.308653,-2.7406378
22977,29-08-2026,7,DNA,-20.0,test,-17.241743,-25.513847,-2.0714188
22977,29-08-2026,8,REN,-21.0,test,-18.06303,-25.608543,-4.2805233
22977,29-08-2026,9,MTD,-23.0,test,-19.105768,-25.091259,-9.25662
22977,29-08-2026,10,GOTN,-25.0,test,-21.080639,-26.999294,-11.540734
22977,29-08-2026,11,RKB,-33.0,test,-28.381283,-36.59617,-16.018814
22977,30-08-2026,0,JP,-9.0,test,-11.838596,-17.92011,-0.08553696
22977,30-08-2026,1,KKU,-13.0,test,-14.885292,-22.705482,-1.3785467
22977,30-08-2026,2,FL,-12.0,test,-14.567365,-23.012213,0.13260841
22977,30-08-2026,3,NAC,-11.0,test,-13.591439,-20.974934,-0.65344715
22977,30-08-2026,4,KMNC,-12.0,test,-14.432622,-21.312042,-2.7752895
22977,30-08-2026,5,MKN,-12.0,test,-14.596412,-21.116596,-3.3765478
22977,30-08-2026,6,GCH,-11.0,test,-14.122762,-20.11246,-3.4912853
22977,30-08-2026,7,DNA,-13.0,test,-16.032034,-22.286503,-5.1446953
22977,30-08-2026,8,REN,-14.0,test,-16.681282,-23.287024,-5.460766
22977,30-08-2026,9,MTD,-25.0,test,-27.177128,-35.39556,-13.6876955
22977,30-08-2026,10,GOTN,-27.0,test,-27.486538,-34.747543,-16.131603
22977,30-08-2026,11,RKB,-34.0,test,-32.24896,-40.09429,-20.752365
22977,31-08-2026,0,JP,-6.0,test,-14.092387,-19.621279,-3.620597
22977,31-08-2026,1,KKU,-6.0,test,-13.293951,-21.425129,1.0532236
22977,31-08-2026,2,FL,-8.0,test,-15.981409,-24.655048,-0.8306675
22977,31-08-2026,3,NAC,-7.0,test,-15.117346,-22.513283,-2.4394617
22977,31-08-2026,4,KMNC,-8.0,test,-16.401134,-23.852661,-3.7722101
22977,31-08-2026,5,MKN,-10.0,test,-17.93337,-25.41314,-5.1929827
22977,31-08-2026,6,GCH,-9.0,test,-16.864151,-24.391062,-3.6415644
22977,31-08-2026,7,DNA,-11.0,test,-19.204659,-27.611897,-4.205412
22977,31-08-2026,8,REN,-13.0,test,-20.721607,-28.329437,-7.4325514
22977,31-08-2026,9,MTD,-15.0,test,-22.803612,-29.584618,-12.308562
22977,31-08-2026,10,GOTN,-18.0,test,-25.735628,-32.700874,-15.085761
22977,31-08-2026,11,RKB,-27.0,test,-32.730686,-41.182533,-20.339622
22982,28-08-2026,1,SGNR,-5.0,test,-12.391889,-22.87285,6.671233
22982,28-08-2026,2,SDS,-10.0,test,-17.99122,-31.12426,4.11648
22982,28-08-2026,3,HMH,-5.0,test,-13.933399,-26.95517,8.509136
22982,28-08-2026,4,PGK,-9.0,test,-17.846193,-30.04316,2.956295
22982,28-08-2026,5,SOG,-19.0,test,-26.832584,-38.885696,-7.4502354
22982,28-08-2026,6,MHJ,-18.0,test,-25.563478,-36.188236,-9.819168
22982,28-08-2026,8,LGH,-35.0,test,-41.344276,-53.244186,-23.216825
22982,28-08-2026,9,BKN,-10.0,test,-18.575031,-31.609762,3.5532532
22982,28-08-2026,10,DSO,-6.0,test,-14.719952,-27.029158,6.8700256
22982,28-08-2026,11,NOK,-5.0,test,-13.707792,-25.507174,6.659704
22982,28-08-2026,12,NGO,-33.0,test,-38.48,-49.82815,-21.686714
22982,28-08-2026,13,DNA,-41.0,test,-46.524986,-56.98408,-31.570745
22982,28-08-2026,14,MKN,-42.0,test,-44.8392,-54.34255,-31.00436
22982,28-08-2026,15,NAC,-30.0,test,-36.410755,-45.665485,-23.700207
22982,28-08-2026,16,SBR,-17.0,test,-25.59209,-34.927593,-13.0499525
22982,28-08-2026,17,FL,-5.0,test,-15.5130625,-25.205032,-1.3303242
22982,28-08-2026,18,JOB,-6.0,test,-17.42477,-28.080902,-1.7180767
22982,28-08-2026,19,JP,-20.0,test,-30.250813,-41.959896,-13.952333
22982,28-08-2026,20,DPA,-21.0,test,-30.461523,-40.154045,-17.815586
22982,28-08-2026,21,BNLW,-17.0,test,-26.641182,-35.834656,-14.903771
22982,28-08-2026,22,ISA,-22.0,test,-30.201176,-39.296917,-18.503387
22982,28-08-2026,23,CKB,-17.0,test,-26.834414,-35.93913,-15.258121
22982,28-08-2026,24,SWM,-4.0,test,-16.360224,-26.328503,-2.8007507
22982,28-08-2026,25,IDG,-7.0,test,-19.397093,-28.85799,-7.4480124
22982,28-08-2026,26,LKE,-9.0,test,-20.747448,-30.549244,-8.339477
22982,30-08-2026,1,SGNR,-8.0,test,-11.336371,-22.82955,9.230201
22982,30-08-2026,3,HMH,-8.0,test,-12.769089,-25.77864,9.688711
22982,30-08-2026,4,PGK,-13.0,test,-17.944036,-31.078028,5.354414
22982,30-08-2026,5,SOG,-30.0,test,-33.044666,-45.78659,-12.082523
22982,30-08-2026,6,MHJ,-44.0,test,-46.43437,-58.410446,-28.622133
22982,30-08-2026,7,LKS,-43.0,test,-46.609432,-57.572598,-30.384642
22982,30-08-2026,8,LGH,-55.0,test,-56.347466,-67.92295,-38.76602
22982,30-08-2026,9,BKN,-18.0,test,-22.782543,-34.32261,-5.1989517
22982,30-08-2026,10,DSO,-33.0,test,-36.374287,-48.428993,-17.557007
22982,30-08-2026,11,NOK,-34.0,test,-38.59221,-49.04342,-23.622663
22982,30-08-2026,12,NGO,-47.0,test,-48.677494,-60.01794,-32.123215
22982,30-08-2026,13,DNA,-44.0,test,-47.22589,-58.137623,-31.36253
22982,30-08-2026,14,MKN,-44.0,test,-43.809753,-53.284313,-30.138897
22982,30-08-2026,15,NAC,-30.0,test,-33.66513,-42.97603,-21.03072
22982,30-08-2026,16,SBR,-13.0,test,-19.529312,-29.975014,-4.5681057
22982,30-08-2026,17,FL,-8.0,test,-14.240102,-24.440847,1.0146627
22982,30-08-2026,18,JOB,-10.0,test,-17.019451,-28.390017,0.7290878
22982,30-08-2026,19,JP,-22.0,test,-28.385244,-39.409126,-13.364397
22982,30-08-2026,20,DPA,-24.0,test,-29.623241,-39.411095,-16.827084
22982,30-08-2026,21,BNLW,-37.0,test,-40.53792,-51.60657,-25.569496
22982,30-08-2026,22,ISA,-35.0,test,-37.157562,-46.67817,-24.395542
22982,30-08-2026,23,CKB,-28.0,test,-32.195282,-41.353344,-20.279415
22982,30-08-2026,24,SWM,-9.0,test,-18.017517,-27.579697,-5.605652
22982,30-08-2026,25,IDG,-17.0,test,-24.194733,-34.862106,-10.566605
22982,30-08-2026,26,LKE,-19.0,test,-25.64493,-35.528767,-13.362153
22982,31-08-2026,1,SGNR,-15.0,test,-12.068664,-22.401917,6.937463
22982,31-08-2026,2,SDS,-20.0,test,-17.822502,-31.152552,4.781719
22982,31-08-2026,3,HMH,-34.0,test,-32.943806,-45.53541,-13.21092
22982,31-08-2026,4,PGK,-46.0,test,-44.179142,-56.59758,-24.705227
22982,31-08-2026,5,SOG,-55.0,test,-53.18955,-65.427345,-34.7492
22982,31-08-2026,6,MHJ,-55.0,test,-50.057972,-60.38536,-34.64966
22982,31-08-2026,7,LKS,-55.0,test,-49.96989,-60.105347,-34.79165
22982,31-08-2026,8,LGH,-57.0,test,-51.01057,-61.09204,-35.83081
22982,31-08-2026,9,BKN,-24.0,test,-22.261923,-34.68614,-2.3435116
22982,31-08-2026,10,DSO,-24.0,test,-22.80614,-34.439793,-3.5864124
22982,31-08-2026,11,NOK,-27.0,test,-25.888994,-36.52311,-10.388765
22982,31-08-2026,12,NGO,-44.0,test,-41.209816,-53.006355,-24.191645
22982,31-08-2026,13,DNA,-47.0,test,-43.21592,-54.62863,-26.83217
22982,31-08-2026,14,MKN,-48.0,test,-44.397972,-54.5251,-29.822296
22982,31-08-2026,15,NAC,-37.0,test,-34.265297,-43.559742,-21.622936
22982,31-08-2026,16,SBR,-21.0,test,-21.261078,-31.71172,-6.635743
22982,31-08-2026,17,FL,-14.0,test,-13.794833,-23.711391,1.0852871
22982,31-08-2026,18,JOB,-24.0,test,-24.177391,-34.516235,-9.878144
22982,31-08-2026,19,JP,-32.0,test,-31.326073,-41.74447,-17.658913
22982,31-08-2026,20,DPA,-34.0,test,-32.024376,-41.151382,-20.02024
22982,31-08-2026,21,BNLW,-36.0,test,-33.480373,-42.807793,-21.291016
22982,31-08-2026,22,ISA,-36.0,test,-32.785023,-41.796524,-21.031324
22982,31-08-2026,23,CKB,-30.0,test,-28.823288,-37.812836,-17.364977
22982,31-08-2026,24,SWM,-15.0,test,-16.970806,-27.207212,-2.9449167
22982,31-08-2026,25,IDG,-23.0,test,-24.103264,-34.791374,-10.438445
22982,31-08-2026,26,LKE,-24.0,test,-24.817783,-34.670433,-12.5580635
22985,30-08-2026,1,UDZ,-27.0,test,-9.680633,-18.821222,5.9380846
22985,30-08-2026,2,MVJ,-29.0,test,-10.725995,-22.863007,8.707379
22985,30-08-2026,3,CNA,-32.0,test,-14.244387,-25.800983,3.7274475
22985,30-08-2026,4,BHL,-37.0,test,-19.260677,-30.552727,-2.903101
22985,30-08-2026,5,AII,-26.0,test,-8.577281,-18.512028,6.526825
22985,30-08-2026,6,FL,-28.0,test,-10.420596,-20.67965,4.6811438
22985,30-08-2026,7,RGS,-28.0,test,-10.958645,-21.302969,4.2448635
22985,30-08-2026,8,NNL,-26.0,test,-9.361049,-19.351414,5.0655527
22985,30-08-2026,9,RE,-28.0,test,-10.798588,-20.27015,2.1880856
