train_no,journey_date,station_code,station_sequence,remaining_delay_min,split,kf_pred,kf_low,kf_high
12015,24-08-2026,NDLS,1,-23.0,val,-12.877237229912785,-45.4871399669251,19.732665507099526
12015,24-08-2026,DEC,2,-27.0,val,-17.076517654767514,-48.6864356834685,14.533400373933478
12015,24-08-2026,GGN,3,-32.0,val,-19.956890190011,-51.21584237905514,11.302061999033143
12015,24-08-2026,RE,4,-27.0,val,-17.92353896333177,-41.74459224165056,5.897514314987021
12015,24-08-2026,AWR,5,-32.0,val,-23.145507986018924,-43.476686998385446,-2.8143289736523975
12015,24-08-2026,GADJ,7,-25.0,val,-20.275473483795956,-33.65410518194695,-6.896841785644959
12015,24-08-2026,JP,8,-22.0,val,-17.37932924181839,-28.464707040723884,-6.2939514429128955
12015,24-08-2026,KSG,9,-22.0,val,-18.37383468890145,-28.047701882644937,-8.699967495157965
12015,24-08-2026,AII,10,-21.0,val,-17.67828114604557,-19.80265407214467,-15.55390821994647
12015,25-08-2026,NDLS,1,-22.0,val,-11.62434199120212,-44.23428381954904,20.985599837144797
12015,25-08-2026,DEC,2,-23.0,val,-14.287317481537912,-45.897273990654725,17.322639027578898
12015,25-08-2026,GGN,3,-23.0,val,-14.028062128440485,-45.28704896600254,17.230924709121567
12015,25-08-2026,RE,4,-22.0,val,-14.00911754877905,-37.83022689529029,9.811991797732189
12015,25-08-2026,AWR,5,-28.0,val,-19.998688166784746,-40.329933400933136,0.3325570673636449
12015,25-08-2026,BKI,6,-21.0,val,-15.354774797296882,-29.8420728522248,-0.8674767423689644
12015,25-08-2026,GADJ,7,-32.0,val,-23.934653529138338,-37.31323633027931,-10.556070727997366
12015,25-08-2026,JP,8,-27.0,val,-20.278923184172783,-31.36426418826989,-9.193582180075676
12015,25-08-2026,KSG,9,-31.0,val,-23.385636840566484,-33.05950401991195,-13.711769661221021
12015,25-08-2026,AII,10,-21.0,val,-17.275153211043367,-19.399526137142466,-15.150780284944267
12015,26-08-2026,NDLS,1,-20.0,val,-11.62434199120212,-44.23428381954904,20.985599837144797
12015,26-08-2026,DEC,2,-21.0,val,-14.287317481537912,-45.897273990654725,17.322639027578898
12015,26-08-2026,GGN,3,-22.0,val,-14.584305780200001,-45.84329261776205,16.67468105736205
12015,26-08-2026,RE,4,-25.0,val,-17.075134391969282,-40.89624373848052,6.745974954541957
12015,26-08-2026,AWR,5,-35.0,val,-25.6193523905663,-45.95059762471469,-5.288107156417908
12015,26-08-2026,BKI,6,-29.0,val,-21.629376797703774,-36.11667485263169,-7.1420787427758565
12015,26-08-2026,GADJ,7,-39.0,val,-29.587452766107425,-42.9660355672484,-16.208869964966453
12015,26-08-2026,JP,8,-30.0,val,-24.043670712881934,-35.129011716979036,-12.958329708784827
12015,26-08-2026,KSG,9,-25.0,val,-20.87390303065078,-30.547770209996244,-11.200035851305318
12015,26-08-2026,AII,10,-20.0,val,-17.726384783664837,-19.85075770976394,-15.602011857565737
12015,27-08-2026,NDLS,1,-23.0,val,-12.877237229912785,-45.487179058259706,19.732704598434132
12015,27-08-2026,DEC,2,-30.0,val,-18.613375857257584,-50.22333236637439,12.996580651859226
12015,27-08-2026,GGN,3,-31.0,val,-19.62178532147116,-50.880772159033214,11.63720151609089
12015,27-08-2026,RE,4,-27.0,val,-17.89408554826171,-41.71519489477295,5.927023798249529
12015,27-08-2026,AWR,5,-34.0,val,-24.377293591435617,-44.70853882558401,-4.046048357287226
12015,27-08-2026,BKI,6,-29.0,val,-20.97484322830006,-35.46214128322798,-6.487545173372142
12015,27-08-2026,GADJ,7,-27.0,val,-21.520640550469246,-34.89922335161022,-8.142057749328274
12015,27-08-2026,JP,8,-27.0,val,-20.038870589295726,-31.124211593392832,-8.95352958519862
12015,27-08-2026,KSG,9,-24.0,val,-19.656461522991727,-29.33032870233719,-9.982594343646264
12015,27-08-2026,AII,10,-20.0,val,-17.115249007855844,-19.239621933954943,-14.990876081756744
12182,24-08-2026,AII,1,5.0,val,-5.357970068203047,-35.47330055081682,24.757360414410734
12182,24-08-2026,KSG,2,6.0,val,-5.20029499309697,-35.52069139732464,25.120101411130697
12182,24-08-2026,FL,3,1.0,val,-10.861751979138475,-41.16729458857726,19.443790630300313
12182,24-08-2026,JP,4,-8.0,val,-18.63332871871937,-50.27915443054938,13.012496993110641
12182,24-08-2026,DPA,5,-8.0,val,-18.326692481761917,-50.175153285453234,13.521768321929404
12182,24-08-2026,BNLW,6,-17.0,val,-25.78483160435205,-57.171195418891244,5.601532210187145
12182,24-08-2026,CKB,7,-19.0,val,-26.024320443945548,-58.20736494222238,6.15872405433128
12182,24-08-2026,SWM,8,-16.0,val,-19.678265906135966,-50.379719448201506,11.023187635929574
12182,24-08-2026,IDG,9,-33.0,val,-32.91316860826152,-64.32926519673495,-1.4970720197880993
12182,24-08-2026,LKE,10,-33.0,val,-36.371101537727874,-66.77441319053185,-5.967789884923899
12182,24-08-2026,KOTA,11,-23.0,val,-26.650612546619648,-61.00671634638495,7.705491253145652
12182,24-08-2026,ATH,12,-19.0,val,-24.997299431596797,-58.25166608665221,8.257067223458609
12182,24-08-2026,BAZ,13,-25.0,val,-29.75493083740011,-61.29329531753099,1.783433642730774
12182,24-08-2026,ATRU,14,-23.0,val,-29.117833583366505,-61.18770202935485,2.9520348626218436
12182,24-08-2026,CAG,15,-20.0,val,-26.800665810414994,-58.95195816676464,5.350626545934649
12182,24-08-2026,RTA,16,-3.0,val,-11.805102282818865,-42.735948085547335,19.12574351990961
12182,24-08-2026,GUNA,17,4.0,val,-8.219536136716417,-40.407919641996514,23.968847368563683
12182,24-08-2026,ASKN,18,1.0,val,-11.445439219307792,-42.69844090588009,19.807562467264503
12182,24-08-2026,MNV,19,-12.0,val,-21.843711199344124,-53.563533418330124,9.876111019641876
12182,24-08-2026,MAKR,20,-4.0,val,-12.72344041753497,-45.71649273695404,20.269611901884094
12182,24-08-2026,SGO,21,-13.0,val,-22.314953299563122,-51.46545947727644,6.835552878150192
12182,24-08-2026,DMO,22,-39.0,val,-40.54649287921203,-64.75023899173077,-16.3427467666933
12182,24-08-2026,KMZ,23,-47.0,val,-50.31784117301727,-70.37183222028702,-30.26385012574753
12182,24-08-2026,SHR,24,-41.0,val,-44.16848908841571,-59.69069562964468,-28.646282547186743
12182,25-08-2026,AII,1,0.0,val,-4.731522448847715,-34.84685293146149,25.383808033766066
12182,25-08-2026,KSG,2,0.0,val,-5.142412656113043,-35.46280906034071,25.177983748114627
12182,25-08-2026,FL,3,-4.0,val,-10.267082429575826,-40.57262503901461,20.038460179862962
12182,25-08-2026,JP,4,-11.0,val,-16.800131125626145,-48.44595683745615,14.845694586203866
12182,25-08-2026,DPA,5,-17.0,val,-19.2651772434963,-51.11363804718762,12.58328356019502
12182,25-08-2026,BNLW,6,-23.0,val,-25.863129845200717,-57.24949365973991,5.523233969338477
12182,25-08-2026,CKB,7,-15.0,val,-20.06567309677517,-52.248717595052,12.117371401501657
12182,25-08-2026,SWM,8,-13.0,val,-13.915072260817428,-44.61652580288297,16.78638128124811
12182,25-08-2026,IDG,9,-15.0,val,-18.38027255594109,-49.79636914441451,13.035824032532332
12182,25-08-2026,LKE,10,-15.0,val,-21.26502126298416,-51.668332915788135,9.138290389819815
12182,25-08-2026,KOTA,11,-17.0,val,-18.799568290417383,-53.155672090182684,15.556535509347917
12182,25-08-2026,ATH,12,-18.0,val,-20.515556535197096,-53.7699231902525,12.73881011985831
12182,25-08-2026,BAZ,13,-20.0,val,-23.15290094780697,-54.69126542793785,8.385463532323914
12182,25-08-2026,ATRU,14,-19.0,val,-22.810892928844314,-54.88076137483266,9.258975517144034
12182,25-08-2026,CAG,15,-18.0,val,-21.702589451734553,-53.853881808084196,10.44870290461509
12182,25-08-2026,RTA,16,0.0,val,-6.213915128424733,-37.14476093115321,24.71693067430374
12182,25-08-2026,GUNA,17,0.0,val,-6.524956731476438,-38.71334023675654,25.663426773803664
12182,25-08-2026,ASKN,18,-5.0,val,-11.4737874353053,-42.7267891218776,19.779214251266996
12182,25-08-2026,MNV,19,-10.0,val,-17.051899595186498,-48.771721814172494,14.667922623799502
12182,25-08-2026,MAKR,20,0.0,val,-6.478357257854039,-39.47140957727311,26.514695061565025
12182,25-08-2026,SGO,21,-6.0,val,-14.164973059654969,-43.31547923736828,14.985533118058346
12182,25-08-2026,DMO,22,-11.0,val,-19.38684689176231,-43.59059300428105,4.816899220756422
12182,25-08-2026,KMZ,23,-28.0,val,-34.56097463634884,-54.61496568361858,-14.506983589079098
12182,25-08-2026,SHR,24,-30.0,val,-33.476344073671754,-48.99855061490072,-17.954137532442786
12182,26-08-2026,AII,1,-16.0,val,-4.731522448847715,-34.84685222780057,25.383807330105135
12182,26-08-2026,KSG,2,-17.0,val,-5.71097814156934,-36.03137385051928,24.609417567380596
12182,26-08-2026,FL,3,-21.0,val,-10.897847666052344,-41.203389438005146,19.40769410590046
12182,26-08-2026,JP,4,-29.0,val,-18.031818717225157,-49.677643627470104,13.61400619301979
12182,26-08-2026,DPA,5,-32.0,val,-19.10978714754791,-50.95824725936319,12.738672964267373
12182,26-08-2026,BNLW,6,-35.0,val,-23.413698565824255,-54.8000616228077,7.97266449115919
12182,26-08-2026,CKB,7,-29.0,val,-18.730604389363855,-50.91364828745777,13.452439508730059
12182,26-08-2026,SWM,8,-20.0,val,-8.710062638821737,-39.41151567067793,21.99139039303445
12182,26-08-2026,IDG,9,-32.0,val,-18.591688777979314,-50.00778486344453,12.824407307485899
12182,26-08-2026,KOTA,11,-36.0,val,-20.85917567084418,-55.215392223035714,13.497040881347353
12182,26-08-2026,ATH,12,-38.0,val,-23.013890191842886,-56.26826478838416,10.240484404698382
12182,26-08-2026,BAZ,13,-41.0,val,-26.23861360366852,-57.77697954827687,5.299752340939836
12182,26-08-2026,ATRU,14,-42.0,val,-27.13208783906378,-59.20195648156193,4.9377808034343715
12182,26-08-2026,CAG,15,-41.0,val,-26.117398574366955,-58.268690957299796,6.033893808565882
12182,26-08-2026,RTA,16,-19.0,val,-8.227538200898017,-39.15838400617709,22.703307604381052
12182,26-08-2026,GUNA,17,-17.0,val,-7.250730544385259,-39.439114050183946,24.937652961413423
12182,26-08-2026,ASKN,18,-30.0,val,-16.87705737392509,-48.13005906053874,14.375944312688556
12182,26-08-2026,MNV,19,-41.0,val,-26.362830766256963,-58.08265298524502,5.356991452731094
12182,26-08-2026,MAKR,20,-22.0,val,-10.635258750569854,-43.6283110699891,22.357793568849395
12182,26-08-2026,SGO,21,-26.0,val,-16.64103624967399,-45.79154242738731,12.50946992803933
12182,26-08-2026,DMO,22,-28.0,val,-20.013720817896253,-44.217466930414986,4.19002529462248
12182,26-08-2026,KMZ,23,-34.0,val,-28.320662132325708,-48.37465317959545,-8.266671085055968
12182,26-08-2026,SHR,24,-26.0,val,-20.983133363341228,-36.50533990457019,-5.4609268221122615
12316,24-08-2026,UDZ,1,2.0,val,-4.4633687666851305,-22.634257182731645,13.707519649361382
12316,24-08-2026,RPZ,2,-3.0,val,-6.379889766231024,-24.550976558344225,11.791197025882177
12316,24-08-2026,MVJ,3,-2.0,val,-6.9182314482736365,-25.08960283250981,11.253139935962537
12316,24-08-2026,CNA,4,4.0,val,-3.403101765182921,-21.57923960119568,14.77303607082984
12316,24-08-2026,BHL,5,-6.0,val,-9.011168412442355,-27.183131038578825,9.160794213694114
12316,24-08-2026,BJNR,6,-22.0,val,-18.98616791896628,-37.159837429533304,-0.8124984083992572
12316,24-08-2026,NSD,7,-29.0,val,-23.538020755063208,-41.70793015990506,-5.368111350221355
12316,24-08-2026,AII,8,2.0,val,-7.323897635189261,-25.49162404607001,10.843828775691488
12316,24-08-2026,JP,9,-3.0,val,-7.525992176063294,-25.704582755604843,10.652598403478255
12316,24-08-2026,SWM,11,0.0,val,-5.752728067448637,-23.927238233590252,12.42178209869298
12316,24-08-2026,IDH,12,-45.0,val,-33.58915854502931,-51.76730290743646,-15.411014182622164
12316,24-08-2026,TDL,13,-1.0,val,-9.137539284991451,-27.302220725274946,9.027142155292044
12316,24-08-2026,GOY,14,-8.0,val,-10.593692240455807,-28.76520085974513,7.5778163788335124
12316,24-08-2026,PRYJ,15,-25.0,val,-21.272956657646105,-39.43807108255382,-3.1078422327383954
12316,24-08-2026,DDU,16,-2.0,val,-7.074582146261344,-25.237253641900615,11.088089349377926
12316,24-08-2026,PNBE,17,-22.0,val,-19.42217339041653,-37.582758416093284,-1.2615883647397759
12316,24-08-2026,JAJ,18,4.0,val,-3.2821755492797795,-21.441540877264927,14.877189778705366
12316,24-08-2026,JSME,19,-7.0,val,-9.900952688091754,-28.059839679445744,8.257934303262237
12316,24-08-2026,MDP,20,-8.0,val,-10.832577796630867,-28.991393218607797,7.3262376253460655
12316,24-08-2026,ASN,21,-4.0,val,-8.309760746291495,-26.46852432159678,9.849002829013791
12316,24-08-2026,BWN,22,-8.0,val,-10.714052890940113,-28.872753475709633,7.444647693829406
12372,27-08-2026,BKN,1,-32.0,val,-2.915701587096445,-54.34853205529856,48.51712888110568
12372,27-08-2026,NPS,2,-40.0,val,-8.796337579989123,-61.708757353650086,44.11608219367184
12372,27-08-2026,SDGH,3,-40.0,val,-15.996488590408154,-84.92048913360755,52.92751195279124
12372,27-08-2026,RJR,4,-54.0,val,-25.81982488722069,-85.66628578194351,34.02663600750214
12372,27-08-2026,RTGH,5,-48.0,val,-21.08257863766645,-75.47939084283666,33.31423356750377
12372,27-08-2026,CUR,6,-49.0,val,-24.02002434354369,-67.62351903296512,19.583470345877743
12372,27-08-2026,SDLP,7,-48.0,val,-19.379564052437093,-64.70128785127298,25.942159746398797
12372,27-08-2026,LHU,8,-57.0,val,-25.21718700470123,-80.84811217013115,30.41373816072869
12372,27-08-2026,MHRG,9,-49.0,val,-22.196168800057755,-77.70843823710962,33.3161006369941
12372,27-08-2026,RE,10,-30.0,val,-2.7995403986028866,-63.19144513514953,57.592364337943756
12372,27-08-2026,GGN,11,-45.0,val,-14.782403610319895,-60.65530737257297,31.090500151933178
12372,27-08-2026,DLI,12,-48.0,val,-21.507035740454405,-57.23435376600032,14.220282285091507
12372,27-08-2026,GZB,13,-43.0,val,-19.398378189585433,-45.20436786856868,6.407611489397816
12372,27-08-2026,MB,14,-60.0,val,-40.87988117803063,-78.69461923648112,-3.065143119580142
12372,27-08-2026,BE,15,-61.0,val,-42.00071158589003,-86.95709645441629,2.9556732826362264
12372,27-08-2026,LKO,16,-120.0,val,-82.7165395182007,-114.76238537581864,-50.67069366058277
12372,27-08-2026,RBL,17,-110.0,val,-76.18817190786656,-113.34143241238657,-39.034911403346555
12372,27-08-2026,AME,18,-112.0,val,-75.42256694592342,-116.3010776847029,-34.54405620714393
12372,27-08-2026,MBDP,19,-98.0,val,-62.24287085184516,-101.64817564893639,-22.837566054753943
12372,27-08-2026,BOY,20,-87.0,val,-53.931775917288,-94.50748718845361,-13.356064646122384
12372,27-08-2026,BSB,21,-69.0,val,-47.68435865079166,-49.65286860744298,-45.715848694140334
12372,27-08-2026,DDU,22,-43.0,val,-20.30277377191728,-33.68449757904574,-6.9210499647888195
12372,27-08-2026,SSM,23,-50.0,val,-29.135707542678894,-41.25031141573825,-17.021103669619535
12372,27-08-2026,AUBR,24,-45.0,val,-24.505873611885786,-38.68157163631996,-10.330175587451617
12372,27-08-2026,GAYA,25,-35.0,val,-15.132902089142389,-27.359236129697145,-2.9065680485876353
12372,27-08-2026,DHN,26,-33.0,val,-16.361460778113535,-58.067237026620504,25.344315470393436
12372,27-08-2026,ASN,27,-29.0,val,-17.534241749829924,-31.117600430359033,-3.950883069300815
12372,27-08-2026,DGR,28,-49.0,val,-34.86879982220502,-48.24909664402478,-21.488503000385258
12413,25-08-2026,AII,1,8.0,val,-6.722904081566714,-38.36116304771622,24.915354884582793
12413,25-08-2026,KSG,2,6.0,val,-8.784427912967782,-40.77268873117451,23.203832905238944
12413,25-08-2026,FL,3,3.0,val,-12.805353890701733,-43.370727894788374,17.760020113384904
12413,25-08-2026,JP,4,-9.0,val,-21.158923663060573,-52.309676631849925,9.991829305728782
12413,25-08-2026,GADJ,5,-6.0,val,-19.38238788033514,-50.75123043768511,11.986454677014823
12413,25-08-2026,DO,6,-9.0,val,-23.681232881399477,-55.55343012976526,8.190964366966302
12413,25-08-2026,BKI,7,-11.0,val,-26.474447269737038,-58.708509088574814,5.759614549100743
12413,25-08-2026,RHG,8,-11.0,val,-26.974074241171024,-59.51948944855185,5.571340966209803
12413,25-08-2026,AWR,9,-2.0,val,-18.300057686508428,-49.695443567898394,13.095328194881539
12413,25-08-2026,KRH,10,-9.0,val,-24.221136786454583,-55.80598157307264,7.363708000163481
12413,25-08-2026,RE,11,7.0,val,-7.915759351935762,-39.96917109221799,24.137652388346467
12413,25-08-2026,GGN,12,-10.0,val,-22.023010921014194,-53.97087324577535,9.924851403746963
12413,25-08-2026,DEC,13,-11.0,val,-25.591112599193146,-57.44218690965752,6.259961711271231
12413,25-08-2026,DLI,14,-15.0,val,-26.251304718080927,-52.103979909452605,-0.3986295267092501
12413,25-08-2026,KUN,15,-45.0,val,-56.46461204774921,-82.41661354655129,-30.512610548947137
12413,25-08-2026,UMB,16,-9.0,val,-25.582939189767348,-47.73408486916058,-3.4317935103741135
12413,25-08-2026,LDH,17,-7.0,val,-23.480231708761487,-45.56201717637501,-1.398446241147969
12413,25-08-2026,JRC,18,-13.0,val,-29.23087731091952,-51.98243170171549,-6.4793229201235505
12413,25-08-2026,PTKC,19,-12.0,val,-27.76195108242791,-45.74379705351035,-9.780105111345467
12413,25-08-2026,MSKT,20,-42.0,val,-47.030810958709566,-67.74434487936594,-26.3172770380532
12466,24-08-2026,BGKT,1,1.0,val,-12.439525051612668,-29.299882066040496,4.420831962815162
12466,24-08-2026,JU,2,2.0,val,-13.140679993583008,-29.30656121915017,3.02520123198415
12466,24-08-2026,RKB,3,0.0,val,-14.495511264123548,-30.629172630310208,1.6381501020631095
12466,24-08-2026,GOTN,4,-1.0,val,-17.31323333349937,-32.21442058913482,-2.41204607786392
12466,24-08-2026,MTD,5,1.0,val,-16.349276249118056,-31.21086783460766,-1.4876846636284498
12466,24-08-2026,REN,6,-26.0,val,-38.3408626423756,-56.37177109074803,-20.309954194003172
12466,24-08-2026,DNA,7,-11.0,val,-25.10336617998549,-41.843241812617876,-8.363490547353102
12466,24-08-2026,MKN,8,-13.0,val,-27.3892017651328,-45.0604347555985,-9.7179687746671
12466,24-08-2026,KMNC,9,-14.0,val,-29.106651346592404,-46.40405344557127,-11.809249247613536
12466,24-08-2026,NAC,10,-10.0,val,-25.3929033904843,-42.61993381871865,-8.16587296224995
12466,24-08-2026,SBR,11,-4.0,val,-17.576079170292992,-32.878516402053236,-2.273641938532748
12466,24-08-2026,JP,13,-9.0,val,-25.122401480450694,-40.63732385331244,-9.607479107588949
12466,24-08-2026,DPA,14,-9.0,val,-25.440093311318314,-41.25288259142118,-9.627304031215454
12466,24-08-2026,BNLW,15,-15.0,val,-31.057016388314764,-47.58085246169267,-14.533180314936857
12466,24-08-2026,ISA,16,-15.0,val,-31.459738682194594,-47.186448436086366,-15.733028928302824
12466,24-08-2026,CKB,17,-16.0,val,-32.85515617061941,-47.34120560468685,-18.36910673655197
12466,24-08-2026,SWM,18,-10.0,val,-22.100151985612026,-38.001712558314544,-6.198591412909506
12466,24-08-2026,IDG,19,-16.0,val,-29.122777110459552,-44.20849010714546,-14.037064113773646
12466,24-08-2026,LKE,20,-15.0,val,-27.829174127342032,-43.16872290931403,-12.489625345370037
12466,24-08-2026,KPZ,21,-19.0,val,-31.46999730759962,-46.97074034462101,-15.969254270578233
12466,24-08-2026,KOTA,22,-18.0,val,-30.322460573721596,-45.652786633015296,-14.992134514427898
12466,24-08-2026,NKOT,23,-20.0,val,-33.03273382943452,-50.20554505776256,-15.859922601106476
12466,24-08-2026,DARA,24,-15.0,val,-30.101848200875914,-44.87285744846203,-15.3308389532898
12466,24-08-2026,RMA,25,-19.0,val,-32.54840428901516,-47.834023139250505,-17.26278543877981
12466,24-08-2026,BWM,26,-21.0,val,-35.164824674357334,-49.86542008142229,-20.464229267292374
12466,24-08-2026,GOH,27,-22.0,val,-36.402723130208244,-50.901046607890606,-21.90439965252588
12466,24-08-2026,SGZ,28,-24.0,val,-37.32781014231521,-51.90984726617056,-22.745773018459857
12466,24-08-2026,SVA,29,-26.0,val,-39.45038315475433,-54.17747395192546,-24.723292357583198
12466,24-08-2026,CMU,30,-27.0,val,-39.83155678890145,-55.13932208392377,-24.52379149387913
12466,24-08-2026,VMA,31,-19.0,val,-32.77311537433619,-47.879144852864755,-17.667085895807634
12466,24-08-2026,MEP,32,-17.0,val,-29.16044373578267,-43.57210832628511,-14.74877914528023
12466,24-08-2026,NAD,33,-12.0,val,-25.701523119479408,-39.703269711755325,-11.699776527203493
12466,24-08-2026,UJN,34,-17.0,val,-27.536143543435394,-38.55706446611517,-16.515222620755615
12466,24-08-2026,DWX,35,-15.0,val,-27.479106133171893,-36.76885001211089,-18.189362254232897
12466,25-08-2026,BGKT,1,-17.0,val,-13.065972670968,-29.9263363418305,3.794390999894498
12466,25-08-2026,JU,2,-17.0,val,-14.18318911634709,-30.34907736898363,1.9826991362894475
12466,25-08-2026,RKB,3,-19.0,val,-15.649864482990678,-31.783532749079285,0.4838037830979314
12466,25-08-2026,GOTN,4,-22.0,val,-19.79304204756813,-34.69424151490285,-4.8918425802334085
12466,25-08-2026,MTD,5,-21.0,val,-19.426646444020733,-34.288245743268064,-4.5650471447733985
12466,25-08-2026,REN,6,-25.0,val,-28.833617758889588,-46.864531356757624,-10.802704161021552
12466,25-08-2026,DNA,7,-15.0,val,-16.55680098776504,-33.29668201698385,0.18308004145377055
12466,25-08-2026,MKN,8,-17.0,val,-19.126378638227067,-36.797617478153164,-1.4551397983009693
12466,25-08-2026,KMNC,9,-21.0,val,-22.46617799900728,-39.7635851676898,-5.16877083032476
12466,25-08-2026,NAC,10,-19.0,val,-20.19579360223169,-37.42282843660972,-2.968758767853661
12466,25-08-2026,SBR,11,-15.0,val,-13.740844526443226,-29.043286579361872,1.5615975264754205
12466,25-08-2026,FL,12,-16.0,val,-16.537699249615176,-32.59508468136785,-0.4803138178625055
12466,25-08-2026,JP,13,-34.0,val,-29.83391028600169,-45.348706052732766,-14.319114519270617
12466,25-08-2026,DPA,14,-35.0,val,-30.972920446320803,-46.78563001537783,-15.160210877263768
12466,25-08-2026,BNLW,15,-41.0,val,-36.76785417549043,-53.29168700704498,-20.244021343935877
12466,25-08-2026,ISA,16,-42.0,val,-37.7126820305093,-53.4393913813137,-21.985972679704904
12466,25-08-2026,CKB,17,-43.0,val,-39.14846935288588,-53.63451867700139,-24.662420028770377
12466,25-08-2026,SWM,18,-31.0,val,-24.968150910417968,-40.86971147956265,-9.06659034127328
12466,25-08-2026,IDG,19,-36.0,val,-30.97896299234976,-46.06467592436116,-15.89325006033836
12466,25-08-2026,LKE,20,-35.0,val,-29.64822487504963,-44.98777361952038,-14.308676130578878
12466,25-08-2026,KPZ,21,-38.0,val,-32.72640317824826,-48.22714620747678,-17.22566014901975
12466,25-08-2026,KOTA,22,-34.0,val,-29.763752341349807,-45.09407839964353,-14.433426283056086
12466,25-08-2026,NKOT,23,-38.0,val,-33.51156014080655,-50.68437136808092,-16.33874891353219
12466,25-08-2026,DARA,24,-35.0,val,-31.87462366602155,-46.64563290041576,-17.10361443162734
12466,25-08-2026,RMA,25,-39.0,val,-34.4582503833616,-49.743869217681166,-19.172631549042038
12466,25-08-2026,BWM,26,-41.0,val,-37.06942306474937,-51.77001846909287,-22.368827660405877
12466,25-08-2026,GOH,27,-47.0,val,-40.991866769798676,-55.490190240266806,-26.493543299330547
12466,25-08-2026,SGZ,28,-48.0,val,-41.84305064383484,-56.425087756295596,-27.261013531374086
12466,25-08-2026,SVA,29,-51.0,val,-44.458717395195826,-59.185808189647105,-29.73162660074455
12466,25-08-2026,CMU,30,-52.0,val,-44.90464027296438,-60.21240556020413,-29.596874985724625
12466,25-08-2026,VMA,31,-45.0,val,-38.40669110331212,-53.51272057709866,-23.300661629525578
12466,25-08-2026,MEP,32,-39.0,val,-32.52187994811284,-46.933544533012885,-18.110215363212795
12466,25-08-2026,NAD,33,-34.0,val,-28.80678623876282,-42.80853283091178,-14.805039646613865
12466,25-08-2026,UJN,34,-29.0,val,-24.52557895490171,-35.54649987755267,-13.50465803225075
12466,25-08-2026,DWX,35,-30.0,val,-26.06757339105314,-35.35731726999214,-16.777829512114145
12466,26-08-2026,BGKT,1,6.0,val,-13.692420290323332,-30.55277817519866,3.1679375945519954
12466,26-08-2026,JU,2,8.0,val,-13.977564517195788,-30.143446661675014,2.188317627283439
12466,26-08-2026,RKB,3,7.0,val,-14.888323146155805,-31.021985414623998,1.2453391223123873
12466,26-08-2026,GOTN,4,5.0,val,-17.922578329438323,-32.823767181867765,-3.0213894770088796
12466,26-08-2026,MTD,5,5.0,val,-18.096913351242083,-32.95850594536032,-3.235320757123846
12466,26-08-2026,REN,6,-19.0,val,-38.58315807606326,-56.61406719775833,-20.552248954368192
12466,26-08-2026,DNA,7,-4.0,val,-25.101949235366927,-41.84182557361205,-8.362072897121806
12466,26-08-2026,MKN,8,-6.0,val,-27.377309425629424,-45.04854318088633,-9.706075670372517
12466,26-08-2026,KMNC,9,-7.0,val,-29.099555864368973,-46.396958626180194,-11.80215310255775
12466,26-08-2026,NAC,10,-7.0,val,-27.569335852574344,-44.79636685687359,-10.342304848275095
12466,26-08-2026,SBR,11,2.0,val,-18.402164598577237,-33.70460246064332,-3.099726736511153
12466,26-08-2026,FL,12,-1.0,val,-21.89269751043128,-37.95007917438838,-5.8353158464741846
12466,26-08-2026,JP,13,-5.0,val,-26.962899015574678,-42.477689413118654,-11.4481086180307
12466,26-08-2026,DPA,14,-6.0,val,-27.799323838521406,-43.61202879613014,-11.986618880912673
12466,26-08-2026,BNLW,15,-9.0,val,-31.745717722752737,-48.26954590485842,-15.221889540647055
12466,26-08-2026,ISA,16,-10.0,val,-32.6543920184888,-48.38109783555803,-16.92768620141957
12466,26-08-2026,CKB,17,-14.0,val,-35.788767036465245,-50.27481311397783,-21.302720958952662
12466,26-08-2026,SWM,18,7.0,val,-16.727807023912234,-32.62936485689719,-0.8262491909272782
12466,26-08-2026,IDG,19,2.0,val,-22.137465117439504,-37.22317501051058,-7.051755224368428
12466,26-08-2026,KPZ,21,-22.0,val,-37.09218649253825,-52.592992131719335,-21.59138085335716
12466,26-08-2026,KOTA,22,-22.0,val,-37.34678651412476,-52.67712157514052,-22.016451453109
12466,26-08-2026,NKOT,23,-24.0,val,-40.054657279127824,-57.22746860740238,-22.88184595085327
12466,26-08-2026,DARA,24,-22.0,val,-38.79727050851946,-53.56827828262322,-24.026262734415702
12466,26-08-2026,RMA,25,-25.0,val,-40.81762035023267,-56.10323763036706,-25.532003070098284
12466,26-08-2026,BWM,26,-32.0,val,-46.28569054070772,-60.98628437291894,-31.5850967084965
12466,26-08-2026,GOH,27,-33.0,val,-47.75376816678597,-62.25209024645805,-33.25544608711388
12466,26-08-2026,SGZ,28,-35.0,val,-48.68213577939186,-63.264171672471456,-34.10009988631226
12466,26-08-2026,SVA,29,-38.0,val,-51.321794144497694,-66.0488838605614,-36.59470442843398
12466,26-08-2026,CMU,30,-39.0,val,-51.77884318807854,-67.08660755768454,-36.47107881847254
12466,26-08-2026,VMA,31,-32.0,val,-45.28830600628843,-60.394334645515634,-30.182277367061225
12466,26-08-2026,NAD,33,-9.0,val,-28.357559138288313,-42.35931218039141,-14.355806096185212
12466,26-08-2026,UJN,34,-9.0,val,-26.861879225940083,-37.88280034880662,-15.840958103073547
12466,26-08-2026,DWX,35,-4.0,val,-24.93660591612736,-34.226349795066355,-15.646862037188361
12466,27-08-2026,BGKT,1,-26.0,val,-13.065972670968,-29.926335159220244,3.7943898172842427
12466,27-08-2026,JU,2,-24.0,val,-13.351173575144468,-29.51706057931899,2.8147134290300535
12466,27-08-2026,RKB,3,-27.0,val,-14.926389621471504,-31.060056661689753,1.2072774187467452
12466,27-08-2026,GOTN,4,-30.0,val,-19.15708352948039,-34.05828082710036,-4.255886231860416
12466,27-08-2026,MTD,5,-31.0,val,-19.922463060211115,-34.784060988893515,-5.060865131528711
12466,27-08-2026,REN,6,-51.0,val,-38.276130903655684,-56.30704358655824,-20.24521822075313
12466,27-08-2026,DNA,7,-38.0,val,-25.61415612776614,-42.35403619809274,-8.874276057439538
12466,27-08-2026,MKN,8,-40.0,val,-27.995405706208384,-45.66664350672771,-10.324167905689055
12466,27-08-2026,KMNC,9,-44.0,val,-31.286165729294545,-48.583571997115754,-13.988759461473332
12466,27-08-2026,NAC,10,-41.0,val,-28.44765313318532,-45.674687184599115,-11.220619081771524
12466,27-08-2026,FL,12,-53.0,val,-32.9187308578895,-48.97627299321884,-16.861188722560154
12466,27-08-2026,JP,13,-57.0,val,-38.973141758074746,-54.4879563553837,-23.45832716076579
12466,27-08-2026,DPA,14,-60.0,val,-40.74435239717442,-56.55707158690781,-24.93163320744102
12466,27-08-2026,ISA,16,-64.0,val,-45.87996704322519,-61.60724427620679,-30.152689810243594
12466,27-08-2026,CKB,17,-64.0,val,-46.70953232481838,-61.19576677713652,-32.22329787250025
12466,27-08-2026,SWM,18,-42.0,val,-26.742522949483373,-42.644121045340725,-10.840924853626017
12466,27-08-2026,IDG,19,-47.0,val,-32.10124691849326,-47.186964559421675,-17.015529277564845
12466,27-08-2026,LKE,20,-46.0,val,-30.789805789740637,-46.1293563765509,-15.450255202930368
12466,27-08-2026,KPZ,21,-48.0,val,-33.33307958297171,-48.833822942175246,-17.83233622376818
12466,27-08-2026,KOTA,22,-47.0,val,-32.13026592351995,-47.460592022362455,-16.799939824677445
12466,27-08-2026,NKOT,23,-50.0,val,-35.45029818366067,-52.623109418057254,-18.277486949264087
12466,27-08-2026,DARA,24,-48.0,val,-34.33488094794669,-49.1058901968209,-19.56387169907247
12466,27-08-2026,RMA,25,-50.0,val,-35.82265811758479,-51.10827696806169,-20.537039267107883
12466,27-08-2026,BWM,26,-52.0,val,-38.3054964701772,-53.00609187727829,-23.604901063076106
12466,27-08-2026,GOH,27,-54.0,val,-40.07099825682699,-54.56932173452154,-25.572674779132438
12466,27-08-2026,SGZ,28,-55.0,val,-40.524961227330735,-55.10699835118871,-25.942924103472762
12466,27-08-2026,SVA,29,-57.0,val,-42.58562123366188,-57.312712030833865,-27.858530436489897
12466,27-08-2026,CMU,30,-58.0,val,-42.95792185267447,-58.265687147697044,-27.65015655765189
12466,27-08-2026,VMA,31,-51.0,val,-36.47611536204556,-51.58214484057417,-21.37008588351695
12466,27-08-2026,MEP,32,-44.0,val,-30.035084724720615,-44.446749315223066,-15.623420134218167
12466,27-08-2026,NAD,33,-43.0,val,-28.489851977552092,-42.49159856982801,-14.488105385276176
12466,27-08-2026,UJN,34,-36.0,val,-23.34101783364674,-34.361938760348835,-12.320096906944649
12466,27-08-2026,DWX,35,-36.0,val,-24.212236096229287,-33.50197997516828,-14.922492217290289
12468,24-08-2026,JP,0,-19.0,val,-5.839593073313335,-25.932648613861293,14.253462467234623
12468,24-08-2026,KKU,1,-21.0,val,-9.307356357908496,-29.852438127520657,11.237725411703664
12468,24-08-2026,JOB,2,-21.0,val,-9.586622157292584,-30.404222019509245,11.230977704924076
12468,24-08-2026,FL,3,-19.0,val,-5.736407435529532,-24.870927198695224,13.39811232763616
12468,24-08-2026,SBR,4,-17.0,val,-5.217288564539026,-26.259187548407045,15.824610419328994
12468,24-08-2026,NAC,5,-17.0,val,-5.256876892189668,-25.768108973625573,15.254355189246235
12468,24-08-2026,KMNC,6,-17.0,val,-5.356628058526887,-26.036533295005047,15.323277177951272
12468,24-08-2026,MKN,7,-18.0,val,-6.17947865926708,-26.755318305941177,14.396360987407018
12468,24-08-2026,GCH,8,-17.0,val,-5.162452709599592,-26.35882362907612,16.033918209876937
12468,24-08-2026,DNA,9,-20.0,val,-7.659595514818299,-28.727450499540076,13.408259469903477
12468,24-08-2026,REN,10,-19.0,val,-7.01381691915896,-28.124035437900375,14.096401599582457
12468,24-08-2026,MTDB,11,-17.0,val,-8.575593506463312,-29.55769496147414,12.406507948547516
12468,24-08-2026,MDW,12,-19.0,val,-9.961002869918334,-31.303255962124183,11.381250222287518
12468,24-08-2026,NGO,13,-37.0,val,-19.02851692197923,-42.474027083900125,4.416993239941668
12468,24-08-2026,NOK,14,-45.0,val,-31.42124264244665,-55.5954223611851,-7.247062923708199
12468,24-08-2026,DSO,15,-21.0,val,-10.386984253921373,-31.422482878076323,10.648514370233578
12468,24-08-2026,BKN,16,-19.0,val,-7.079963631697666,-25.465784164777105,11.305856901381773
12468,24-08-2026,LGH,17,-21.0,val,-11.019480249946863,-30.141858664757173,8.102898164863447
12468,24-08-2026,KLYT,18,-28.0,val,-18.902479605216193,-36.729741384145626,-1.0752178262867638
12468,24-08-2026,PLCJ,19,-17.0,val,-5.369694739437426,-20.52554673037686,9.786157251502008
12468,24-08-2026,RDRA,20,-28.0,val,-14.75784415571417,-26.58475767705606,-2.930930634372281
12468,24-08-2026,POK,21,-22.0,val,-10.7436837462926,-20.31390311888677,-1.1734643736984278
12468,24-08-2026,SBLT,22,-17.0,val,-8.061224041783891,-14.976745612220125,-1.145702471347657
12468,25-08-2026,JP,0,-13.0,val,-8.971831170089995,-29.064886710637953,11.121224370457963
12468,25-08-2026,KKU,1,-10.0,val,-10.010705309798885,-30.555787079411047,10.534376459813275
12468,25-08-2026,JOB,2,-9.0,val,-8.989540379006472,-29.80714024122313,11.828059483210188
12468,25-08-2026,FL,3,-13.0,val,-8.387017884887374,-27.521537648053066,10.747501878278317
12468,25-08-2026,SBR,4,-8.0,val,-6.84598920649117,-27.88788819035919,14.19590977737685
12468,25-08-2026,NAC,5,-8.0,val,-6.552027980365788,-27.063260061801692,13.959204101070114
12468,25-08-2026,KMNC,6,-9.0,val,-7.157727350225711,-27.83763258670387,13.522177886252448
12468,25-08-2026,MKN,7,-10.0,val,-8.058248617546326,-28.634088264220424,12.517591029127772
12468,25-08-2026,GCH,8,-6.0,val,-5.301808125513567,-26.498179044990096,15.894562793962962
12468,25-08-2026,DNA,9,-9.0,val,-7.6433048328341355,-28.711159817555913,13.42455015188764
12468,25-08-2026,REN,10,-9.0,val,-7.571062984569296,-28.68128150331071,13.53915553417212
12468,25-08-2026,MTDB,11,-6.0,val,-8.630505642641301,-29.61260709765213,12.351595812369526
12468,25-08-2026,MDW,12,-20.0,val,-16.753335015950427,-38.09558810815628,4.588918076255425
12468,25-08-2026,NGO,13,-15.0,val,-13.805725777955203,-37.251235939876096,9.639784383965694
12468,25-08-2026,NOK,14,-25.0,val,-25.60431731811748,-49.77849703685593,-1.4301375993790302
12468,25-08-2026,DSO,15,-6.0,val,-7.624827400086013,-28.660326024240963,13.410671224068938
12468,25-08-2026,BKN,16,-11.0,val,-8.693293271250907,-27.079113804330348,9.692527261828532
12468,25-08-2026,LGH,17,-19.0,val,-15.386739615585357,-34.50911803039567,3.7356387992249527
12468,25-08-2026,KLYT,18,-29.0,val,-26.50939842461254,-44.33666020354197,-8.682136645683112
12468,25-08-2026,PLCJ,19,-18.0,val,-12.949924251993153,-28.105776242932585,2.205927738946281
12468,25-08-2026,RDRA,20,-20.0,val,-16.741364067535983,-28.568277588877873,-4.914450546194093
12468,25-08-2026,POK,21,-24.0,val,-17.627597755592657,-27.197817128186827,-8.057378382998484
12468,25-08-2026,SBLT,22,-17.0,val,-15.057712607222218,-21.97323417765845,-8.142191036785984
12468,26-08-2026,JP,0,-4.0,val,-5.213145453958003,-25.30620099450596,14.879910086589955
12468,26-08-2026,KKU,1,-8.0,val,-9.652464396507673,-30.197546166119835,10.892617373104487
12468,26-08-2026,JOB,2,-11.0,val,-11.964563245670615,-32.78216310788727,8.853036616546046
12468,26-08-2026,FL,3,-6.0,val,-6.618411038484832,-25.752930801650525,12.516108724680858
12468,26-08-2026,SBR,4,-5.0,val,-6.375810528407825,-27.417709512275845,14.666088455460194
12468,26-08-2026,NAC,5,-4.0,val,-5.933646416942301,-26.444878498378202,14.577585664493602
12468,26-08-2026,KMNC,6,-3.0,val,-5.432414883070504,-26.112320119548663,15.247490353407656
12468,26-08-2026,MKN,7,-3.0,val,-5.646009163637589,-26.221848810311688,14.929830483036508
12468,26-08-2026,GCH,8,-3.0,val,-5.091848175083165,-26.288219094559693,16.104522744393364
12468,26-08-2026,DNA,9,-5.0,val,-7.098476170310711,-28.166331155032488,13.969378814411066
12468,26-08-2026,REN,10,-4.0,val,-6.373592183119265,-27.48381070186068,14.736626335622152
12468,26-08-2026,MTDB,11,-3.0,val,-8.503051928996246,-29.485153384007074,12.479049526014581
12468,26-08-2026,MDW,12,-7.0,val,-11.097874059770763,-32.44012715197661,10.244379032435088
12468,26-08-2026,NGO,13,-5.0,val,-9.132762112821782,-32.57827227474268,14.312748049099115
12468,26-08-2026,NOK,14,-26.0,val,-27.830228294009896,-52.00440801274834,-3.656048575271445
12468,26-08-2026,DSO,15,-5.0,val,-9.017107336630353,-30.052605960785304,12.018391287524597
12468,26-08-2026,BKN,16,-29.0,val,-21.08113069767377,-39.46695123075321,-2.695310164594332
12468,26-08-2026,LGH,17,-30.0,val,-25.579946021181996,-44.70232443599231,-6.457567606371686
12468,26-08-2026,KLYT,18,-44.0,val,-37.91184343062356,-55.73910520955299,-20.084581651694133
12468,26-08-2026,PLCJ,19,-13.0,val,-11.830777667185874,-26.98662965812531,3.32507432375356
12468,26-08-2026,RDRA,20,-14.0,val,-14.812593842477881,-26.63950736381977,-2.985680321135991
12468,26-08-2026,POK,21,-10.0,val,-11.588199898198342,-21.158419270792514,-2.0179805256041696
12468,26-08-2026,SBLT,22,-6.0,val,-9.845376986845476,-16.76089855728171,-2.929855416409242
12468,27-08-2026,JP,0,-14.0,val,-5.839593073313335,-25.932648613861293,14.253462467234623
12468,27-08-2026,KKU,1,-20.0,val,-11.250467673817514,-31.795549443429675,9.294614095794646
12468,27-08-2026,JOB,2,-24.0,val,-14.43181437452219,-35.24941423673885,6.38578548769447
12468,27-08-2026,FL,3,-18.0,val,-8.596125005921756,-27.730644769087448,10.538394757243935
12468,27-08-2026,SBR,4,-16.0,val,-7.803094510124579,-28.844993493992597,13.238804473743441
12468,27-08-2026,NAC,5,-16.0,val,-7.757535211175435,-28.268767292611336,12.753696870260468
12468,27-08-2026,KMNC,6,-16.0,val,-7.852989444140894,-28.53289468061905,12.826915792337266
12468,27-08-2026,MKN,7,-16.0,val,-8.156055750098885,-28.731895396772984,12.419783896575213
12468,27-08-2026,GCH,8,-14.0,val,-6.44576655723053,-27.64213747670706,14.750604362245998
12468,27-08-2026,DNA,9,-18.0,val,-9.435683435635069,-30.503538420356847,11.632171549086708
12468,27-08-2026,REN,10,-17.0,val,-8.885656793021894,-29.99587531176331,12.224561725719521
12468,27-08-2026,MDW,12,-16.0,val,-11.094787425985468,-32.437128816297474,10.247553964326537
12468,27-08-2026,NGO,13,-13.0,val,-8.543990452093265,-31.989531284287636,14.901550380101106
12468,27-08-2026,NOK,14,-22.0,val,-19.9086882058286,-44.082870249486234,4.2654938378290375
12468,27-08-2026,DSO,15,-12.0,val,-7.291286404279644,-28.32678527994694,13.74421247138765
12468,27-08-2026,BKN,16,-12.0,val,-5.871881703592216,-24.25770227665654,12.51393886947211
12468,27-08-2026,LGH,17,-17.0,val,-11.109885772103524,-30.232264214018112,8.012492669811063
12468,27-08-2026,KLYT,18,-26.0,val,-20.862923722538486,-38.690185503558595,-3.0356619415183737
12468,27-08-2026,PLCJ,19,-13.0,val,-6.04704888327819,-21.202900874227836,9.108803107671456
12468,27-08-2026,RDRA,20,-21.0,val,-13.536834698812745,-25.363748220154683,-1.7099211774708056
12468,27-08-2026,POK,21,-23.0,val,-13.549888355263299,-23.120107727857487,-3.9796689826691107
12468,27-08-2026,SBLT,22,-19.0,val,-12.527922163257225,-19.44344373369346,-5.612400592820991
12481,24-08-2026,DLI,0,-6.0,val,-7.344008693685486,-22.18323084875465,7.49521346138368
12481,24-08-2026,SSB,1,-15.0,val,-16.040878261836074,-42.935949030746414,10.854192507074266
12481,24-08-2026,BGZ,2,-19.0,val,-18.841461476345277,-31.222164238181264,-6.460758714509289
12481,24-08-2026,SPZ,3,-20.0,val,-20.642574674973307,-33.81475217096043,-7.470397178986179
12481,24-08-2026,ROK,4,-19.0,val,-21.325358926333358,-42.72705619636587,0.07633834369915604
12481,24-08-2026,JIND,5,-28.0,val,-28.961784425642357,-52.84285377603818,-5.080715075246534
12481,24-08-2026,NRW,6,-28.0,val,-29.053656113638812,-42.77643365736514,-15.330878569912485
12481,24-08-2026,TUN,7,-32.0,val,-33.66725057058514,-55.01400462344563,-12.32049651772465
12481,24-08-2026,JHL,8,-32.0,val,-33.620853610259424,-54.69564031382046,-12.546066906698389
12481,24-08-2026,BLZ,9,-31.0,val,-32.5014419168786,-48.746355569625436,-16.25652826413176
12481,24-08-2026,MSZ,10,-32.0,val,-33.413180807927006,-49.48701751109936,-17.33934410475465
12481,24-08-2026,MAUR,11,-34.0,val,-35.0757412815122,-55.10602718281609,-15.045455380208306
12481,24-08-2026,BTI,12,-9.0,val,-11.088666209217195,-31.556799044989276,9.379466626554887
12481,24-08-2026,GDB,13,-15.0,val,-13.812053431822205,-23.725858887810695,-3.898247975833714
12481,24-08-2026,MOT,14,-15.0,val,-14.241088157083142,-23.605893032216002,-4.876283281950281
12481,24-08-2026,ABS,15,-16.0,val,-15.784294310997097,-20.175981334122824,-11.392607287871371
12481,25-08-2026,DLI,0,-11.0,val,-16.74072298401547,-31.579945139084636,-1.901500828946304
12481,25-08-2026,SSB,1,-12.0,val,-21.42159251361547,-48.31666328252581,5.4734782552948715
12481,25-08-2026,BGZ,2,-31.0,val,-31.698863598243612,-44.079566360079596,-19.318160836407625
12481,25-08-2026,SPZ,3,-34.0,val,-35.60362238877954,-48.77579988476667,-22.431444892792413
12481,25-08-2026,ROK,4,-32.0,val,-35.93354545455236,-57.33524272458487,-14.531848184519845
12481,25-08-2026,JIND,5,-37.0,val,-40.978084169831206,-64.85915352022703,-17.097014819435383
12481,25-08-2026,NRW,6,-35.0,val,-39.74208799704566,-53.46486554077198,-26.01931045331933
12481,25-08-2026,TUN,7,-39.0,val,-44.27982687329317,-65.62658092615365,-22.933072820432677
12481,25-08-2026,JHL,8,-40.0,val,-44.77239402884102,-65.84718073240205,-23.697607325279986
12481,25-08-2026,BLZ,9,-38.0,val,-43.18332753883489,-59.428241191581726,-26.93841388608805
12481,25-08-2026,MSZ,10,-38.0,val,-43.49712528932332,-59.570961992495675,-27.423288586150967
12481,25-08-2026,MAUR,11,-38.0,val,-43.937213079733844,-63.967498981037735,-23.90692717842995
12481,25-08-2026,BTI,12,4.0,val,-9.637610985607427,-30.10574382137951,10.830521850164654
12481,25-08-2026,GDB,13,-2.0,val,-11.68312982939679,-21.596935285385282,-1.769324373408299
12481,25-08-2026,MOT,14,-2.0,val,-12.169170392615836,-21.533975267748698,-2.8043655174829745
12481,25-08-2026,ABS,15,-18.0,val,-22.75105320514995,-27.142740228275677,-18.359366182024225
12481,26-08-2026,DLI,0,-22.0,val,-17.993618222726134,-32.8328403777953,-3.1543960676569682
12481,26-08-2026,SSB,1,-22.0,val,-22.17248774750731,-49.06755851641765,4.722583021403029
12481,26-08-2026,BGZ,2,-24.0,val,-22.668150421747917,-35.0488531835839,-10.28744765991193
12481,26-08-2026,SPZ,3,-25.0,val,-24.251462801851556,-37.42364029783869,-11.079285305864428
12481,26-08-2026,ROK,4,-23.0,val,-24.40015505507986,-45.80185232511238,-2.9984577850473464
12481,26-08-2026,JIND,5,-31.0,val,-31.436541862504143,-55.31761121289996,-7.55547251210832
12481,26-08-2026,NRW,6,-30.0,val,-30.935443038145223,-44.65822058187155,-17.212665494418896
12481,26-08-2026,TUN,7,-34.0,val,-35.52326320877939,-56.87001726163988,-14.1765091559189
12481,26-08-2026,JHL,8,-36.0,val,-36.54498866797376,-57.6197753715348,-15.470201964412727
12481,26-08-2026,BLZ,9,-36.0,val,-36.247578194667874,-52.49249184741471,-20.002664541921035
12481,26-08-2026,MSZ,10,-37.0,val,-37.21006111622932,-53.28389781940167,-21.136224413056965
12481,26-08-2026,MAUR,11,-38.0,val,-38.29441488033099,-58.32470078163489,-18.264128979027095
12481,26-08-2026,BTI,12,-5.0,val,-9.43224687452038,-29.900379710292462,11.0358859612517
12481,26-08-2026,GDB,13,-14.0,val,-13.596391498423824,-23.510196954412315,-3.6825860424353323
12481,26-08-2026,MOT,14,-15.0,val,-14.765973767532143,-24.130778642665007,-5.401168892399282
12481,26-08-2026,ABS,15,-19.0,val,-18.212489017214736,-22.604176040340462,-13.82080199408901
12481,27-08-2026,DLI,0,14.0,val,-7.970456313040817,-22.809678468109983,6.868765842028349
12481,27-08-2026,SSB,1,5.0,val,-16.667325881191406,-43.562396650101746,10.227744887718934
12481,27-08-2026,BGZ,2,-16.0,val,-29.119580867917342,-41.500283629753326,-16.738878106081355
12481,27-08-2026,SPZ,3,-18.0,val,-32.673308925122726,-45.845486421109854,-19.501131429135597
12481,27-08-2026,ROK,4,-18.0,val,-34.03920136333823,-55.44089863337074,-12.637504093305715
12481,27-08-2026,JIND,5,-28.0,val,-42.20044195405262,-66.08151130444844,-18.3193726036568
12481,27-08-2026,NRW,6,-30.0,val,-43.45117699724766,-57.17395454097398,-29.72839945352133
12481,27-08-2026,TUN,7,-35.0,val,-48.70568824624335,-70.05244229910383,-27.358934193382858
12481,27-08-2026,JHL,8,-38.0,val,-50.292005685815056,-71.36679238937609,-29.21721898225402
12481,27-08-2026,BLZ,9,-38.0,val,-50.08283720543788,-66.32775085818471,-33.837923552691045
12481,27-08-2026,MSZ,10,-40.0,val,-51.58782925076205,-67.6616659539344,-35.513992547589694
12481,27-08-2026,MAUR,11,-42.0,val,-53.308507857783646,-73.33879375908754,-33.278221956479754
12481,27-08-2026,BTI,12,-54.0,val,-51.43494825792914,-71.90308109370122,-30.96681542215706
12481,27-08-2026,GDB,13,-20.0,val,-32.031224242702905,-41.9450296986914,-22.117418786714413
12481,27-08-2026,MOT,14,-21.0,val,-30.840614215000222,-40.205419090133084,-21.47580933986736
12481,27-08-2026,ABS,15,-19.0,val,-30.599726194021223,-34.99141321714695,-26.208039170895496
12964,24-08-2026,UDZ,1,8.0,val,2.554191836866571,-7.410104992189873,12.518488665923016
12964,24-08-2026,RPZ,2,5.0,val,-0.21884406411714435,-9.95126704518488,9.51357891695059
12964,24-08-2026,MVJ,3,5.0,val,-0.2817827231999251,-9.824985518282322,9.261420071882473
12964,24-08-2026,KIN,4,3.0,val,-2.7742516252879827,-12.65939728610129,7.110894035525325
12964,24-08-2026,COR,5,8.0,val,2.1985706768332633,-8.194231044405223,12.59137239807175
12964,24-08-2026,MLGH,6,8.0,val,2.0730901476817163,-9.896575169545022,14.042755464908454
12964,24-08-2026,BUDI,7,8.0,val,1.485577407877618,-10.432978920621721,13.40413373637696
12964,24-08-2026,KOTA,8,-16.0,val,-19.781616451384917,-31.021790468682553,-8.54144243408728
12964,24-08-2026,SWM,9,-12.0,val,-17.473925610464942,-32.86300670068316,-2.084844520246728
12964,24-08-2026,GGC,10,-20.0,val,-22.96497423452541,-39.113817159568114,-6.816131309482703
12964,24-08-2026,SMVJ,11,-23.0,val,-26.38818711488262,-43.00712946425832,-9.769244765506919
12964,24-08-2026,HAN,12,-22.0,val,-25.617891032003204,-41.473848745632814,-9.761933318373591
12964,24-08-2026,BXN,13,-21.0,val,-25.34687500433416,-40.89322985839948,-9.800520150268838
12964,24-08-2026,BTE,14,-20.0,val,-25.252035669548686,-41.71653856382217,-8.787532775275203
12964,24-08-2026,MTJ,15,1.0,val,-4.920044063074252,-13.305978664480676,3.4658905383321716
12964,24-08-2026,KSV,16,-17.0,val,-21.471335163180925,-28.918111219814804,-14.024559106547047
12964,24-08-2026,BVH,17,1.0,val,-2.8661600335492183,-8.387745117769665,2.6554250506712282
12964,25-08-2026,UDZ,1,5.0,val,2.554191836866571,-7.410104992189873,12.518488665923016
12964,25-08-2026,RPZ,2,1.0,val,-0.6230633041993968,-10.355486285267132,9.109359676868339
12964,25-08-2026,MVJ,3,2.0,val,-0.3137365269530626,-9.85693932203546,9.229466268129334
12964,25-08-2026,KIN,4,-4.0,val,-5.139947996324136,-15.025093657137443,4.745197664489171
12964,25-08-2026,COR,5,3.0,val,0.8412523986106325,-9.551549322627853,11.23405411984912
12964,25-08-2026,MLGH,6,4.0,val,1.4286684891452555,-10.540996828081482,13.398333806371994
12964,25-08-2026,BUDI,7,3.0,val,0.25194107354085127,-11.666615254958488,12.170497402040192
12964,25-08-2026,KOTA,8,-8.0,val,-13.318915262905492,-24.55908928020313,-2.078741245607855
12964,25-08-2026,SWM,9,-8.0,val,-12.985014271585042,-28.374095361803256,2.404066818633172
12964,25-08-2026,GGC,10,-8.0,val,-13.637099088481472,-29.785942013524178,2.5117438365612355
12964,25-08-2026,SMVJ,11,-10.0,val,-16.338009420350225,-32.956951769725926,0.2809329290254752
12964,25-08-2026,HAN,12,-11.0,val,-16.69245244486106,-32.548410158490675,-0.8364947312314488
12964,25-08-2026,BXN,13,-10.0,val,-16.573068457045594,-32.119423311110914,-1.0267136029802728
12964,25-08-2026,BTE,14,-10.0,val,-17.09185555929316,-33.556358453566645,-0.627352665019675
12964,25-08-2026,MTJ,15,5.0,val,-0.3923960468715375,-8.778330648277962,7.9935385545348865
12964,25-08-2026,KSV,16,-6.0,val,-12.905026951593673,-20.35180300822755,-5.458250894959795
12964,25-08-2026,BVH,17,5.0,val,1.6053525738117096,-3.916232510408737,7.126937658032157
12964,26-08-2026,UDZ,1,2.0,val,2.554191836866571,-7.410103036151463,12.518486709884606
12964,26-08-2026,RPZ,2,-1.0,val,-0.2188455898484747,-9.951266538560239,9.51357535886329
12964,26-08-2026,MVJ,3,1.0,val,0.8959668181843577,-8.647233889577407,10.439167525946122
12964,26-08-2026,COR,5,1.0,val,1.6064738178640525,-8.787312682364451,12.000260318092558
12964,26-08-2026,MLGH,6,2.0,val,2.0500474993100495,-9.91966156605072,14.019756564670821
12964,26-08-2026,BUDI,7,2.0,val,1.4879133057189096,-10.430644026300946,13.406470637738767
12964,26-08-2026,KOTA,8,-9.0,val,-12.060920947354175,-23.301095091761916,-0.8207468029464344
12964,26-08-2026,SWM,9,-7.0,val,-10.491540504842146,-25.880621577948627,4.897540568264336
12964,26-08-2026,GGC,10,-15.0,val,-16.063661034999186,-32.21250398975906,0.08518191976068579
12964,26-08-2026,SMVJ,11,-17.0,val,-18.911417763616207,-35.53036013226843,-2.2924753949639864
12964,26-08-2026,HAN,12,-18.0,val,-19.24249730189716,-35.098455026204604,-3.386539577589712
12964,26-08-2026,BXN,13,-17.0,val,-19.098608442408278,-34.644963298768175,-3.552253586048378
12964,26-08-2026,BTE,14,-17.0,val,-19.604364713014604,-36.06886760743391,-3.1398618185953
12964,26-08-2026,MTJ,15,-5.0,val,-4.702293486749242,-13.088228096799405,3.6836411233009203
12964,26-08-2026,KSV,16,-18.0,val,-18.542201376921447,-25.98897744566283,-11.095425308180065
12964,26-08-2026,BVH,17,1.0,val,0.8882052730306472,-4.6333798111897995,6.409790357251094
12964,27-08-2026,UDZ,1,0.0,val,1.9277442175112387,-8.036552611545206,11.892041046567682
12964,27-08-2026,RPZ,2,-4.0,val,-1.249510923554729,-10.981933904622464,8.482912057513007
12964,27-08-2026,MVJ,3,-6.0,val,-2.706795923432167,-12.249998718514565,6.83640687165023
12964,27-08-2026,KIN,4,-10.0,val,-6.482874862548433,-16.368020523361743,3.4022707982648743
12964,27-08-2026,COR,5,0.0,val,1.3535805725601315,-9.039221148678354,11.746382293798618
12964,27-08-2026,MLGH,6,-1.0,val,0.8604017593702584,-11.10926355785648,12.830067076596997
12964,27-08-2026,BUDI,7,-2.0,val,-0.37534328545368434,-12.293899613953025,11.543213043045656
12964,27-08-2026,KOTA,8,-13.0,val,-13.946666132207396,-25.18684014950503,-2.706492114909759
12964,27-08-2026,SWM,9,-10.0,val,-11.752891339609528,-27.141972429827742,3.636189750608686
12964,27-08-2026,GGC,10,-17.0,val,-16.697507460964378,-32.84635038600709,-0.5486645359216702
12964,27-08-2026,SMVJ,11,-18.0,val,-18.94476231093524,-35.56370466031094,-2.3258199615595387
12964,27-08-2026,HAN,12,-18.0,val,-18.640011291216958,-34.49596900484657,-2.784053577587345
12964,27-08-2026,BXN,13,-20.0,val,-20.23184195615718,-35.7781968102225,-4.685487102091859
12964,27-08-2026,BTE,14,-20.0,val,-20.87629212095308,-37.34079501522656,-4.411789226679598
12964,27-08-2026,MTJ,15,0.0,val,-1.162056443531526,-9.54799104493795,7.223878157874898
12964,27-08-2026,KSV,16,-14.0,val,-15.302059777335181,-22.74883583396906,-7.855283720701303
12964,27-08-2026,BVH,17,1.0,val,1.567866838733817,-3.9537182454866295,7.089451922954264
12980,24-08-2026,JP,1,3.0,val,3.3882455025087412,-18.098570213361025,24.87506121837851
12980,24-08-2026,DPA,2,-3.0,val,-5.8584333406160685,-25.40376405681625,13.686897375584115
12980,24-08-2026,SWM,3,3.0,val,1.666000781566376,-23.45333707341783,26.78533863655058
12980,24-08-2026,KOTA,4,-5.0,val,-6.88455512441379,-37.16630753690464,23.397197288077063
12980,24-08-2026,NAD,5,4.0,val,4.38677085587859,-16.774371222633405,25.547912934390588
12980,24-08-2026,RTM,6,4.0,val,2.8438870419446496,-20.179684082112733,25.867458166002034
12980,24-08-2026,MGN,7,3.0,val,0.6704147591378185,-23.07599450455691,24.416824022832543
12980,24-08-2026,DHD,8,0.0,val,-1.9666478591152554,-25.984813750985097,22.051518032754586
12980,24-08-2026,GDA,9,5.0,val,5.089013577232415,-16.998524507082934,27.176551661547762
12980,24-08-2026,BRC,10,-5.0,val,-5.088995176041908,-26.84013825349729,16.662147901413473
12980,24-08-2026,ST,11,-15.0,val,-14.14534830067394,-30.472410934823195,2.181714333475318
12980,24-08-2026,NVS,12,-22.0,val,-20.523332731943636,-37.69409523185312,-3.3525702320341537
12980,24-08-2026,BL,13,-34.0,val,-29.676601094653822,-43.916032893230046,-15.437169296077599
12980,24-08-2026,VAPI,14,-30.0,val,-26.418197997141935,-40.56112684432781,-12.27526914995606
12980,24-08-2026,PLG,15,-39.0,val,-34.801073140054136,-44.48641527416926,-25.115731005939008
12980,24-08-2026,ADH,17,-23.0,val,-20.7802352661668,-28.058324202144433,-13.50214633018917
12980,26-08-2026,JP,1,-10.0,val,4.641140741219406,-16.845674477354358,26.12795595979317
12980,26-08-2026,DPA,2,-16.0,val,-4.605526068324362,-24.150856242350308,14.939804105701583
12980,26-08-2026,SWM,3,-14.0,val,0.4623253009306232,-24.65701166798242,25.581662269843665
12980,26-08-2026,KOTA,4,-14.0,val,-3.2202274890718026,-33.50197928345833,27.06152430531473
12980,26-08-2026,NAD,5,-10.0,val,5.039347783200475,-16.121793032790915,26.200488599191868
12980,26-08-2026,RTM,6,-12.0,val,2.261143943702651,-20.762426834213308,25.284714721618613
12980,26-08-2026,MGN,7,-19.0,val,-3.6486635660317392,-27.395072455099367,20.097745323035888
12980,26-08-2026,DHD,8,-21.0,val,-5.793369554741603,-29.811535206201302,18.224796096718098
12980,26-08-2026,GDA,9,-10.0,val,5.005570897695651,-17.0819668732013,27.093108668592603
12980,26-08-2026,BRC,10,-16.0,val,-2.6078104827255837,-24.358953286507028,19.143332321055862
12980,26-08-2026,ST,11,-20.0,val,-7.891762221609676,-24.218824461776286,8.435300018556935
12980,26-08-2026,NVS,12,-27.0,val,-14.239128225673454,-31.409890576056227,2.931634124709319
12980,26-08-2026,BL,13,-35.0,val,-20.98432959461882,-35.22376125608903,-6.744897933148614
12980,26-08-2026,PLG,15,-35.0,val,-22.925615264990828,-32.610970606703084,-13.240259923278572
12980,26-08-2026,ADH,17,-12.0,val,-4.503036623225391,-11.781125559203023,2.7750523127522397
12985,24-08-2026,JP,1,-14.0,val,8.371831056382259,-3.9618022505620374,20.705464363326556
12985,24-08-2026,GADJ,2,-20.0,val,2.7805872393889137,-7.752143263422654,13.313317742200482
12985,24-08-2026,DO,3,-18.0,val,3.0912955230167007,-9.058882823423643,15.241473869457044
12985,24-08-2026,AWR,4,-14.0,val,5.220792039269778,-7.204780971259757,17.646365049799314
12985,25-08-2026,JP,1,13.0,val,8.371831056382259,-3.962019193958369,20.705681306722887
12985,25-08-2026,GADJ,2,6.0,val,2.326392891450359,-8.20658711208675,12.859372894987468
12985,25-08-2026,DO,3,5.0,val,0.6205539614720639,-11.529831000651752,12.77093892359588
12985,25-08-2026,AWR,4,8.0,val,2.068698125203116,-10.356986262809738,14.494382513215971
12985,25-08-2026,GGN,5,6.0,val,2.04370380521153,-8.417967960078917,12.505375570501977
12985,26-08-2026,JP,1,-10.0,val,7.118935817671595,-5.214914432669033,19.452786068012223
12985,26-08-2026,GADJ,2,-16.0,val,1.5248182447452905,-9.008161758791818,12.057798248282399
12985,26-08-2026,DO,3,-14.0,val,1.8342604084852094,-10.316124553638607,13.984645370609025
12985,26-08-2026,AWR,4,-10.0,val,3.958953709426255,-8.4667306785866,16.384638097439108
12985,26-08-2026,GGN,5,-8.0,val,6.425093003091978,-4.036578762198469,16.886764768382424
12985,27-08-2026,JP,1,-2.0,val,6.492488198316263,-5.841362052024365,18.82633844865689
12985,27-08-2026,GADJ,2,-8.0,val,0.8983706253899584,-9.63460937814715,11.431350628927067
12985,27-08-2026,DO,3,-15.0,val,-4.2943443594126105,-16.44472932153643,7.8560406027112055
12985,27-08-2026,AWR,4,-22.0,val,-9.168511300755045,-21.594195688767897,3.2571730872578097
12985,27-08-2026,GGN,5,-5.0,val,2.604554730147301,-7.857117035143146,13.066226495437748
12991,24-08-2026,UDZ,0,-4.0,val,-1.873300620756784,-10.477996322477047,6.7313950809634795
12991,24-08-2026,RPZ,1,-7.0,val,-4.616486225563378,-13.255068922739227,4.022096471612471
12991,24-08-2026,MVJ,2,-6.0,val,-5.840134492062704,-17.118822475989006,5.438553491863596
12991,24-08-2026,FAN,3,-10.0,val,-9.529817826128225,-20.602158157868026,1.5425225056115757
12991,24-08-2026,KIN,4,-11.0,val,-10.985682486773648,-23.09041244751328,1.1190474739659866
12991,24-08-2026,COR,5,-6.0,val,-8.832002360494586,-19.39097509083865,1.7269703698494805
12991,24-08-2026,BHL,6,-6.0,val,-7.947859705537049,-19.019982925528296,3.124263514454201
12991,24-08-2026,MDL,7,-5.0,val,-7.2940445782492365,-18.187853313022124,3.5997641565236496
12991,24-08-2026,BJNR,9,-14.0,val,-14.007830645656231,-23.17539723026794,-4.84026406104452
12991,24-08-2026,NSD,10,-22.0,val,-20.962021648345626,-31.089090699017863,-10.83495259767339
12991,24-08-2026,AII,11,-6.0,val,-4.047278656731136,-14.30680691797137,6.212249604509099
12991,24-08-2026,KSG,12,-6.0,val,-7.342574197415065,-14.35918806484377,-0.3259603299863576
12991,24-08-2026,FL,13,-16.0,val,-14.075515020332242,-21.75413510885373,-6.396894931810751
12991,24-08-2026,JOB,14,-20.0,val,-17.300484639816336,-24.86328332030218,-9.737685959330491
12991,25-08-2026,UDZ,0,-10.0,val,-1.873300620756784,-10.477939486688085,6.731338245174517
12991,25-08-2026,RPZ,1,-15.0,val,-5.435580941143998,-14.074106416179744,3.2029445338917473
12991,25-08-2026,MVJ,2,-18.0,val,-9.470875213537274,-20.749520989468643,1.8077705623940954
12991,25-08-2026,FAN,3,-23.0,val,-13.879673692655537,-24.951977026998467,-2.807370358312607
12991,25-08-2026,KIN,4,-22.0,val,-14.287137867472618,-26.391837285875205,-2.182438449070032
12991,25-08-2026,COR,5,-19.0,val,-13.165072007883186,-23.724010259241282,-2.6061337565250913
12991,25-08-2026,BHL,6,-18.0,val,-11.739462963495768,-22.811551800971884,-0.6673741260196522
12991,25-08-2026,MDL,7,-18.0,val,-11.589776468721846,-22.483557789294714,-0.6959951481489757
12991,25-08-2026,BJNR,9,-22.0,val,-15.336599520522409,-24.504136481762984,-6.169062559281832
12991,25-08-2026,NSD,10,-29.0,val,-21.576010163689407,-31.70306203285506,-11.448958294523754
12991,25-08-2026,KSG,12,-17.0,val,-10.220659140258197,-17.237278948339245,-3.204039332177148
12991,25-08-2026,FL,13,-20.0,val,-12.967963592774636,-20.646583721493275,-5.289343464055997
12991,25-08-2026,JOB,14,-22.0,val,-14.853467811103872,-22.416266491589717,-7.290669130618027
12991,26-08-2026,UDZ,0,-2.0,val,-2.4997482401121163,-11.104387106043418,6.104890625819185
12991,26-08-2026,RPZ,1,-6.0,val,-5.652520571768868,-14.291046046804613,2.9860049032668776
12991,26-08-2026,MVJ,2,-4.0,val,-6.495282146516713,-17.77392792244808,4.783363629414657
12991,26-08-2026,FAN,3,-10.0,val,-11.226099448201243,-22.298402782544173,-0.15379611385831282
12991,26-08-2026,KIN,4,-10.0,val,-12.308037639390141,-24.412737057792725,-0.20333822098755583
12991,26-08-2026,COR,5,-11.0,val,-13.652880372498181,-24.211818623856274,-3.0939421211400866
12991,26-08-2026,BHL,6,-18.0,val,-17.289517417925254,-28.36160625540137,-6.217428580449138
12991,26-08-2026,MDL,7,-18.0,val,-17.32541805259655,-28.21919937316942,-6.43163673202368
12991,26-08-2026,BJNR,9,-16.0,val,-17.342054343306593,-26.509591304547172,-8.174517382066016
12991,26-08-2026,NSD,10,-25.0,val,-24.646090166467147,-34.7731420356328,-14.519038297301494
12991,26-08-2026,KSG,12,-15.0,val,-14.57042198437718,-21.58704179245823,-7.553802176296131
12991,26-08-2026,FL,13,-14.0,val,-14.922078431025891,-22.60069855974453,-7.2434583023072525
12991,26-08-2026,JOB,14,-18.0,val,-17.84992704330654,-25.412725723792384,-10.287128362820695
12991,27-08-2026,UDZ,0,1.0,val,-2.4997482401121163,-11.104387106043418,6.104890625819185
12991,27-08-2026,RPZ,1,-3.0,val,-5.652520571768868,-14.291046046804613,2.9860049032668776
12991,27-08-2026,MVJ,2,-5.0,val,-8.876771632640969,-20.15541740857234,2.401874143290401
12991,27-08-2026,FAN,3,-11.0,val,-13.769949711365214,-24.842253045708144,-2.6976463770222843
12991,27-08-2026,KIN,4,-12.0,val,-15.433943317911188,-27.538642736313776,-3.3292438995086027
12991,27-08-2026,COR,5,-8.0,val,-13.852948369607278,-24.411886620965372,-3.294010118249183
12991,27-08-2026,BHL,6,-14.0,val,-16.647477546476573,-27.71956638395269,-5.575388709000457
12991,27-08-2026,MDL,7,-14.0,val,-16.665435325185776,-27.559216645758646,-5.7716540046129055
12991,27-08-2026,BJNR,9,-18.0,val,-20.384658691105948,-29.552195652346526,-11.21712172986537
12991,27-08-2026,NSD,10,-26.0,val,-27.207996382755706,-37.33504825192136,-17.080944513590055
12991,27-08-2026,KSG,12,-10.0,val,-13.453173395672115,-20.469793203753163,-6.4365535875910656
12991,27-08-2026,FL,13,-9.0,val,-13.608041222746705,-21.286661351465344,-5.929421094028066
12991,27-08-2026,JOB,14,-11.0,val,-15.410032771267765,-22.97283145175361,-7.84723409078192
14602,24-08-2026,HMH,1,-6.0,val,-4.956871427858093,-17.66068544440872,7.746942588692532
14602,24-08-2026,SDS,2,-5.0,val,-5.072350439590694,-15.322608867237243,5.177907988055854
14602,24-08-2026,SGNR,3,-10.0,val,-8.006364568057375,-15.57877131499949,-0.4339578211152606
14602,24-08-2026,ABS,4,-7.0,val,-5.234166319483645,-12.929441383722395,2.461108744755106
14602,24-08-2026,CWDA,5,-6.0,val,-4.2848959995419325,-12.386673281803095,3.8168812827192298
14602,24-08-2026,KUKA,6,-5.0,val,-3.4236323211501567,-11.621760792175293,4.774496149874979
14602,24-08-2026,FKA,7,-20.0,val,-14.137604229377047,-21.233834376189208,-7.041374082564884
14602,24-08-2026,LDK,8,-15.0,val,-11.99581265918022,-18.506774219636792,-5.484851098723648
14602,24-08-2026,JBD,9,-13.0,val,-10.239538718833295,-15.470180896914066,-5.0088965407525246
14602,24-08-2026,GHS,10,-12.0,val,-9.253077503376177,-14.617058351989446,-3.889096654762909
14602,24-08-2026,FZP,11,-7.0,val,-5.425429401281593,-9.664635293621226,-1.1862235089419606
14602,25-08-2026,HMH,1,-18.0,val,-8.089109524634754,-20.79292354118538,4.614704491915871
14602,25-08-2026,SDS,2,-26.0,val,-13.58385338353039,-23.83411181117694,-3.333594955883841
14602,25-08-2026,SGNR,3,-17.0,val,-8.558778694228966,-16.13118544117108,-0.9863719472868517
14602,25-08-2026,ABS,4,-14.0,val,-5.119718108770115,-12.814993173008865,2.5755569554686355
14602,25-08-2026,CWDA,5,-13.0,val,-4.187001189898212,-12.288778472159375,3.91477609236295
14602,25-08-2026,KUKA,6,-15.0,val,-4.908237705135436,-13.106366176160572,3.2898907658897
14602,25-08-2026,FKA,7,-19.0,val,-10.032537570879406,-17.128767717691566,-2.936307424067243
14602,25-08-2026,LDK,8,-18.0,val,-9.062956861826759,-15.573918422283331,-2.5519953013701864
14602,25-08-2026,JBD,9,-16.0,val,-7.598292045639965,-12.828934223720736,-2.3676498675591953
14602,25-08-2026,GHS,10,-12.0,val,-4.994037369589679,-10.358018218202947,0.36994347902358893
14602,25-08-2026,FZP,11,-14.0,val,-5.172089932211906,-9.411295824551537,-0.9328840398722731
14602,26-08-2026,HMH,1,0.0,val,-6.209766666568758,-18.913580683119385,6.494047349981868
14602,26-08-2026,SDS,2,-5.0,val,-9.911422243076714,-20.161680670723264,0.3388361845698338
14602,26-08-2026,SGNR,3,-2.0,val,-8.33178222039864,-15.904188967340755,-0.7593754734565259
14602,26-08-2026,ABS,4,1.0,val,-5.174024337000285,-12.869299401239036,2.521250727238466
14602,26-08-2026,CWDA,5,2.0,val,-4.231990498566975,-12.333767780828136,3.8697867836941873
14602,26-08-2026,KUKA,6,2.0,val,-3.9037406621607493,-12.101869133185886,4.2943878088643865
14602,26-08-2026,FKA,7,-3.0,val,-9.323080584155125,-16.41931073096729,-2.2268504373429625
14602,26-08-2026,LDK,8,-2.0,val,-8.41633347121516,-14.927295031671733,-1.9053719107585865
14602,26-08-2026,JBD,9,-2.0,val,-8.103498558457378,-13.33414073653815,-2.872856380376608
14602,26-08-2026,GHS,10,0.0,val,-6.776730248492554,-12.140711097105822,-1.412749399879286
14602,26-08-2026,FZP,11,-1.0,val,-6.507940000450647,-10.747145892790279,-2.2687341081110146
14602,27-08-2026,HMH,1,-14.0,val,-6.209766666568758,-18.913580552270247,6.49404721913273
14602,27-08-2026,SDS,2,-19.0,val,-9.911426321283058,-20.161684597923433,0.33883195535731936
14602,27-08-2026,SGNR,3,-17.0,val,-8.9260849083182,-16.498491491908993,-1.3536783247274062
14602,27-08-2026,ABS,4,-13.0,val,-5.207675302733797,-12.902950234856602,2.487599629389008
14602,27-08-2026,CWDA,5,-13.0,val,-4.7636246553158985,-12.86540183785494,3.3381525272231416
14602,27-08-2026,KUKA,6,-11.0,val,-3.494782532327223,-11.692910922568439,4.703345857913993
14602,27-08-2026,FKA,7,-16.0,val,-8.69356964487155,-15.789799715591737,-1.5973395741513627
14602,27-08-2026,JBD,9,-17.0,val,-8.649322649176536,-13.879969478709768,-3.4186758196433056
14602,27-08-2026,GHS,10,-16.0,val,-7.977225693623163,-13.34120744673002,-2.6132439405163046
14602,27-08-2026,FZP,11,-11.0,val,-4.181257909417022,-8.420463801756654,0.057947982922610386
14662,24-08-2026,JAT,1,-2.0,val,0.6844548752687937,-10.126960278512712,11.495870029050298
14662,24-08-2026,SMBX,2,-7.0,val,-10.065999428304464,-21.840101878605687,1.7081030219967612
14662,24-08-2026,MSKT,3,-9.0,val,-5.14118930825629,-19.28623729923004,9.00385868271746
14662,24-08-2026,PTKC,4,-13.0,val,-7.907817756730016,-25.603226038669042,9.787590525209012
14662,24-08-2026,MEX,5,-16.0,val,-11.573859195333807,-28.99957492815324,5.851856537485627
14662,24-08-2026,DZA,6,-13.0,val,-10.421687236731646,-27.767205228803274,6.923830755339981
14662,24-08-2026,JRC,7,-7.0,val,-3.2693583025403843,-18.21550381710248,11.676787212021711
14662,24-08-2026,PGW,8,-10.0,val,-5.093818381772486,-20.36850704103036,10.180870277485386
14662,24-08-2026,LDH,9,-1.0,val,-0.5383903605290601,-17.823561229292466,16.746780508234345
14662,24-08-2026,KNN,10,-1.0,val,0.7248882141083137,-14.569001937512612,16.01877836572924
14662,24-08-2026,SIR,11,-9.0,val,-6.68747510795661,-20.432783265201905,7.057833049288687
14662,24-08-2026,RPJ,12,-4.0,val,-2.6574515092570445,-15.392731443604259,10.077828425090168
14662,24-08-2026,UBC,13,-3.0,val,-1.0357227461949392,-13.324240351632234,11.252794859242357
14662,24-08-2026,UMB,14,-1.0,val,0.4949937384648251,-12.482579114083528,13.472566591013177
14662,24-08-2026,JUDW,15,-6.0,val,-3.6672166151895365,-17.935174870748277,10.600741640369206
14662,24-08-2026,YJUD,16,-8.0,val,-5.463602371478804,-19.702538158964142,8.775333416006532
14662,24-08-2026,SRE,17,-1.0,val,1.2006365635745564,-9.58492651075912,11.986199637908234
14662,24-08-2026,DBD,18,-3.0,val,-0.548712344560436,-12.565619661021447,11.468194971900576
14662,24-08-2026,MOZ,19,-3.0,val,-1.479175928186069,-15.899930844662666,12.94157898829053
14662,24-08-2026,KAT,20,-3.0,val,-1.6573132217813695,-15.79263105146352,12.478004607900779
14662,24-08-2026,SKF,21,-9.0,val,-8.123135086906078,-22.53551433730111,6.289244163488952
14662,24-08-2026,MUT,22,-9.0,val,-9.041301522497134,-24.14640584741067,6.063802802416399
14662,24-08-2026,MDNR,24,-15.0,val,-14.63873328330067,-28.776111488730642,-0.5013550778706968
14662,24-08-2026,MUD,25,-19.0,val,-18.860654971019805,-33.269076675869854,-4.452233266169754
14662,24-08-2026,GZB,27,-23.0,val,-25.003611812201026,-37.50672831104003,-12.500495313362022
14662,24-08-2026,DLI,28,-86.0,val,-63.44113416725497,-79.13771129742081,-47.74455703708914
14662,24-08-2026,DEE,29,-89.0,val,-70.8945439600494,-86.79304950602001,-54.9960384140788
14662,24-08-2026,DEC,30,-90.0,val,-73.46175812100485,-89.06216868265986,-57.86134755934984
14662,24-08-2026,PM,31,-91.0,val,-74.45508252636981,-90.19516843704602,-58.7149966156936
14662,24-08-2026,GGN,32,-89.0,val,-73.21414031547302,-87.63390918542176,-58.79437144552428
14662,24-08-2026,GHH,33,-92.0,val,-76.85731789953317,-91.45812542711134,-62.256510371955
14662,24-08-2026,PTRD,34,-84.0,val,-69.55479590421017,-84.65363222431202,-54.455959584108314
14662,24-08-2026,KIP,35,-83.0,val,-70.96006136352452,-91.60346441581738,-50.31665831123165
14662,24-08-2026,RE,36,-60.0,val,-47.643129564747966,-68.74403192849464,-26.542227201001296
14662,24-08-2026,HSI,38,-64.0,val,-52.560369929017334,-75.82363826013396,-29.29710159790071
14662,24-08-2026,KRH,39,-66.0,val,-55.194024544815676,-78.53470652954722,-31.853342560084126
14662,24-08-2026,AWR,40,-73.0,val,-59.72933284530575,-83.75793502401896,-35.700730666592534
14662,24-08-2026,MKH,41,-71.0,val,-57.82047215176968,-82.28434633572378,-33.356597967815574
14662,24-08-2026,RHG,42,-72.0,val,-59.51564828861102,-83.90268176383205,-35.12861481338999
14662,24-08-2026,BU,43,-73.0,val,-59.70519867894282,-83.44484247652532,-35.96555488136032
14662,24-08-2026,BKI,44,-72.0,val,-60.40616051290303,-83.6294806905041,-37.18284033530196
14662,24-08-2026,DO,45,-76.0,val,-63.95846292512909,-86.58644560030373,-41.33048024995445
14662,24-08-2026,GTJT,46,-79.0,val,-69.76714083080275,-91.55331940431955,-47.98096225728594
14662,24-08-2026,GADJ,47,-80.0,val,-70.66942179624925,-93.01432368139199,-48.32451991110652
14662,24-08-2026,JP,48,-63.0,val,-55.389068885079055,-79.47337604028021,-31.304761729877896
14662,24-08-2026,JOB,49,-62.0,val,-54.29860904417669,-80.73837020292018,-27.8588478854332
14662,24-08-2026,FL,50,-43.0,val,-35.85177187889299,-61.076066384409,-10.627477373376973
14662,24-08-2026,MKN,52,-34.0,val,-29.024144619972873,-53.37169613337071,-4.676593106575034
14662,24-08-2026,DNA,53,-24.0,val,-20.933224526289948,-44.012757897054044,2.146308844474145
14662,24-08-2026,MTD,54,-22.0,val,-20.18330866792032,-47.25103776654221,6.884420430701578
14662,24-08-2026,RKB,55,-23.0,val,-23.596806268719277,-55.72010647975594,8.526493942317387
14662,24-08-2026,JU,56,-17.0,val,-20.8786366344954,-52.81218287749678,11.05490960850598
14662,24-08-2026,BANE,57,-18.0,val,-22.113174614261766,-55.560104012241815,11.333754783718284
14662,24-08-2026,LUNI,58,-12.0,val,-16.53646485167023,-49.8415657430045,16.768636039664038
14662,24-08-2026,DOR,59,-16.0,val,-17.633664131951026,-43.53948703887424,8.272158774972187
14662,24-08-2026,SMR,60,-12.0,val,-15.96244840259349,-40.023038028253616,8.098141223066639
14662,24-08-2026,BLT,61,-11.0,val,-12.34456895204357,-26.824277209871525,2.135139305784387
14662,24-08-2026,BUT,62,-12.0,val,-13.792763895683128,-27.327375588302843,-0.2581522030634158
14662,24-08-2026,UTL,63,-24.0,val,-22.759918882175505,-25.002500912399977,-20.517336851951033
14662,25-08-2026,JAT,1,4.0,val,0.6844548752687937,-10.126999442809021,11.495909193346607
14662,25-08-2026,SMBX,2,1.0,val,-8.935040939567932,-20.709180614091732,2.8390987349558685
14662,25-08-2026,MSKT,3,-1.0,val,-3.891353616847477,-18.036430667636626,10.253723433941673
14662,25-08-2026,PTKC,4,-2.0,val,-4.964949981223573,-22.66038073663689,12.730480774189743
14662,25-08-2026,MEX,5,-6.0,val,-9.00451595365075,-26.430253992579345,8.421222085277845
14662,25-08-2026,DZA,6,-7.0,val,-9.997789425182862,-27.343327940308715,7.34774908994299
14662,25-08-2026,JRC,7,0.0,val,-2.67290848996441,-17.619088147722188,12.27327116779337
14662,25-08-2026,PGW,8,-3.0,val,-4.478023968590028,-19.752738451193387,10.796690514013333
14662,25-08-2026,LDH,9,4.0,val,-1.0752050488466343,-18.360398219682786,16.209988121989518
14662,25-08-2026,KNN,10,5.0,val,0.6816316623350818,-14.612285305367198,15.975548630037363
14662,25-08-2026,SIR,11,-3.0,val,-6.692758733736306,-20.43809157742872,7.052574109956109
14662,25-08-2026,RPJ,12,1.0,val,-3.220963703237418,-15.956268708051196,9.51434130157636
14662,25-08-2026,UBC,13,3.0,val,-1.110576766894159,-13.399118880624586,11.177965346836269
14662,25-08-2026,UMB,14,4.0,val,0.01272604873423111,-12.964868663364564,12.990320760833027
14662,25-08-2026,JUDW,15,-6.0,val,-7.255607822677007,-21.523592110119996,7.012376464765982
14662,25-08-2026,YJUD,16,-8.0,val,-9.231270910195637,-23.470228186009784,5.007686365618511
14662,25-08-2026,SRE,17,4.0,val,0.13361218985489715,-10.6519761586358,10.919200538345596
14662,25-08-2026,DBD,18,5.0,val,0.5755715625315336,-11.44136066866957,12.59250379373264
14662,25-08-2026,MOZ,19,4.0,val,-0.7594174600025263,-15.180191377829512,13.66135645782446
14662,25-08-2026,KAT,20,3.0,val,-1.5666790299832614,-15.702015027965784,12.568656967999262
14662,25-08-2026,SKF,21,-4.0,val,-8.596411326234016,-23.008807168915656,5.8159845164476245
14662,25-08-2026,MUT,22,-7.0,val,-11.326403726654807,-26.431523533632998,3.7787160803233846
14662,25-08-2026,MTC,23,-5.0,val,-11.224759610733644,-24.911460768532905,2.4619415470656154
14662,25-08-2026,MDNR,24,-10.0,val,-15.468526199444323,-29.605752020451156,-1.3313003784374882
14662,25-08-2026,MUD,25,-13.0,val,-19.02786637534399,-33.436191715110304,-4.619541035577676
14662,25-08-2026,GZB,27,-21.0,val,-27.124816887313354,-39.62789496469861,-14.621738809928097
14662,25-08-2026,DLI,28,-39.0,val,-40.967842756131965,-56.66441980661562,-25.27126570564831
14662,25-08-2026,DEE,29,-43.0,val,-46.53926093870261,-62.437769550394506,-30.640752327010713
14662,25-08-2026,DEC,30,-44.0,val,-48.11960858967971,-63.72002600489159,-32.51919117446783
14662,25-08-2026,PM,31,-51.0,val,-51.56314876657223,-67.3032424926274,-35.82305504051706
14662,25-08-2026,GGN,32,-53.0,val,-53.45132429743144,-67.87110398116636,-39.03154461369652
14662,25-08-2026,GHH,33,-57.0,val,-58.26600196723401,-72.8668206291463,-43.66518330532172
14662,25-08-2026,PTRD,34,-49.0,val,-51.289790899791505,-66.3886391792098,-36.19094262037321
14662,25-08-2026,KIP,35,-50.0,val,-53.77765441731612,-74.4210659513547,-33.134242883277544
14662,25-08-2026,RE,36,-29.0,val,-31.697575247718444,-52.79848558258182,-10.596664912855069
14662,25-08-2026,BWL,37,-33.0,val,-34.60522374789175,-56.245862938505994,-12.964584557277501
14662,25-08-2026,HSI,38,-47.0,val,-45.00988953453345,-68.27294532380948,-21.746833745257423
14662,25-08-2026,KRH,39,-50.0,val,-48.76320328467282,-72.10373098631517,-25.422675583030472
14662,25-08-2026,AWR,40,-55.0,val,-52.451138108194684,-76.47971304525946,-28.422563171129912
14662,25-08-2026,MKH,41,-52.0,val,-49.833140942456424,-74.29701104679329,-25.369270838119565
14662,25-08-2026,RHG,42,-54.0,val,-51.955409416247534,-76.34244434482065,-27.56837448767442
14662,25-08-2026,BU,43,-54.0,val,-51.689777342728355,-75.42942382633889,-27.950130859117824
14662,25-08-2026,BKI,44,-53.0,val,-52.28533976532602,-75.50866321077264,-29.062016319879408
14662,25-08-2026,DO,45,-56.0,val,-55.234149003709945,-77.86213583546507,-32.60616217195482
14662,25-08-2026,GTJT,46,-67.0,val,-65.82533453822352,-87.61151861109542,-44.03915046535161
14662,25-08-2026,GADJ,47,-69.0,val,-67.35753538112365,-89.70244236098043,-45.01262840126688
14662,25-08-2026,JP,48,-55.0,val,-53.59896040725652,-77.68327170759716,-29.514649106915886
14662,25-08-2026,JOB,49,-62.0,val,-57.89361068912472,-84.33337530431253,-31.453846073936916
14662,25-08-2026,FL,50,-47.0,val,-41.988138504115206,-67.21243606967154,-16.763840938558875
14662,25-08-2026,KMNC,51,-54.0,val,-44.44242345773084,-69.47980683152278,-19.4050400839389
14662,25-08-2026,MKN,52,-53.0,val,-44.95110140245144,-69.29852712008366,-20.603675684819226
14662,25-08-2026,DNA,53,-56.0,val,-44.569766927824546,-67.64928547384187,-21.490248381807227
14662,25-08-2026,MTD,54,-55.0,val,-44.725992564492614,-71.79372094088058,-17.658264188104653
14662,25-08-2026,RKB,55,-65.0,val,-53.64800114296787,-85.7713013500305,-21.524700935905244
14662,25-08-2026,JU,56,-56.0,val,-49.83081810820116,-81.76436434836988,-17.897271868032437
14662,25-08-2026,BANE,57,-56.0,val,-49.99600352656651,-83.442932923663,-16.54907412947003
14662,25-08-2026,LUNI,58,-50.0,val,-44.065659954958726,-77.37076084622043,-10.76055906369701
14662,25-08-2026,DOR,59,-32.0,val,-32.286821957313684,-58.192644864224135,-6.380999050403229
14662,25-08-2026,SMR,60,-29.0,val,-29.970425952265394,-54.03101557792351,-5.909836326607273
14662,25-08-2026,BLT,61,-25.0,val,-24.730612210311783,-39.210320468139486,-10.250903952484077
14662,25-08-2026,BUT,62,-24.0,val,-24.99483468312738,-38.52944637574709,-11.460222990507669
14662,25-08-2026,UTL,63,-26.0,val,-27.9195857109088,-30.162167741133274,-25.67700368068433
14662,26-08-2026,JAT,1,-5.0,val,1.310902494624126,-9.500547250823226,12.122352240071477
14662,26-08-2026,SMBX,2,-7.0,val,-7.742936047680043,-19.51707137601352,4.031199280653434
14662,26-08-2026,MSKT,3,-14.0,val,-5.444683924105602,-19.589757581902525,8.700389733691319
14662,26-08-2026,PTKC,4,-15.0,val,-6.834300893244389,-24.529729024636424,10.861127238147645
14662,26-08-2026,MEX,5,-15.0,val,-8.64758175308186,-26.073317187487284,8.77815368132356
14662,26-08-2026,DZA,6,-15.0,val,-8.876816710489061,-26.222352829262043,8.468719408283922
14662,26-08-2026,JRC,7,-10.0,val,-2.603419302252412,-17.549594973165004,12.34275636866018
14662,26-08-2026,PGW,8,-12.0,val,-3.9392878137667315,-19.213999280984133,11.335423653450668
14662,26-08-2026,LDH,9,-13.0,val,-5.0872355907068645,-22.37242615726603,12.197954975852301
14662,26-08-2026,KNN,10,-6.0,val,-0.18559990708805307,-15.479513743291976,15.108313929115871
14662,26-08-2026,SIR,11,-11.0,val,-5.717220674802649,-19.462550635645,8.028109286039703
14662,26-08-2026,RPJ,12,-9.0,val,-3.0854774406563017,-15.820779517709797,9.649824636397193
14662,26-08-2026,UBC,13,-7.0,val,-1.0873083499846536,-13.375847601551488,11.201230901582182
14662,26-08-2026,UMB,14,-5.0,val,0.4850180288318957,-12.492574130414129,13.46261018807792
14662,26-08-2026,JUDW,15,-11.0,val,-4.256264196698354,-18.52424544388603,10.01171705048932
14662,26-08-2026,YJUD,16,-13.0,val,-6.0888030370758965,-20.327757803227982,8.15015172907619
14662,26-08-2026,SRE,17,-5.0,val,1.1142333018901118,-9.671352094728688,11.899818698508911
14662,26-08-2026,DBD,18,-5.0,val,0.6171751439509257,-11.39975417724158,12.63410446514343
14662,26-08-2026,MOZ,19,-6.0,val,-0.7797025364865222,-15.200474234914978,13.641069161941932
14662,26-08-2026,KAT,20,-7.0,val,-1.5815751801758267,-15.716909056001306,12.553758695649652
14662,26-08-2026,SKF,21,-14.0,val,-8.605037070219437,-23.017430974806878,5.807356834368006
14662,26-08-2026,MUT,22,-15.0,val,-10.225807836388576,-25.33092583490393,4.879310162126776
14662,26-08-2026,MTC,23,-14.0,val,-10.436715529283141,-24.123414757461646,3.2499836988953614
14662,26-08-2026,MDNR,24,-25.0,val,-18.11825013619209,-32.25547410186714,-3.981026170517037
14662,26-08-2026,MUD,25,-29.0,val,-22.612856647026618,-37.021180250605624,-8.204533043447615
14662,26-08-2026,GZB,27,-35.0,val,-29.869287452353664,-42.37236358922422,-17.366211315483106
14662,26-08-2026,DLI,28,-50.0,val,-41.864460035593034,-57.561035507986254,-26.167884563199813
14662,26-08-2026,DEE,29,-60.0,val,-49.73684614488573,-65.63535324040613,-33.83833904936533
14662,26-08-2026,DEC,30,-68.0,val,-55.639819985000685,-71.24023592590487,-40.0394040440965
14662,26-08-2026,PM,31,-69.0,val,-57.52761368427974,-73.26770599841696,-41.78752137014253
14662,26-08-2026,GGN,32,-66.0,val,-56.10625113313838,-70.5260292904346,-41.686472975842165
14662,26-08-2026,GHH,33,-71.0,val,-60.78418641438383,-75.38500360352732,-46.183369225240334
14662,26-08-2026,PTRD,34,-63.0,val,-53.77756948300106,-68.87641627482236,-38.67872269117976
14662,26-08-2026,KIP,35,-63.0,val,-55.75804707735609,-76.40145756138352,-35.114636593328655
14662,26-08-2026,RE,36,-42.0,val,-33.576636228353806,-54.67754557598147,-12.475726880726146
14662,26-08-2026,BWL,37,-46.0,val,-36.46605955850408,-58.10669779519337,-14.82542132181479
14662,26-08-2026,HSI,38,-57.0,val,-45.17426580323569,-68.43732065619449,-21.911210950276896
14662,26-08-2026,KRH,39,-61.0,val,-49.24567509470666,-72.58620190700856,-25.90514828240476
14662,26-08-2026,AWR,40,-65.0,val,-52.467272760076824,-76.49584679117183,-28.438698728981812
14662,26-08-2026,MKH,41,-64.0,val,-50.92702394667231,-75.39089321843944,-26.463154674905166
14662,26-08-2026,RHG,42,-65.0,val,-52.65597848763225,-77.04301263238004,-28.26894434288445
14662,26-08-2026,BU,43,-65.0,val,-52.32901170069739,-76.06865742647312,-28.589365974921666
14662,26-08-2026,BKI,44,-64.0,val,-52.911303969012266,-76.13462667477287,-29.687981263251654
14662,26-08-2026,DO,45,-70.0,val,-57.599463372523665,-80.22744936992666,-34.97147737512067
14662,26-08-2026,GTJT,46,-76.0,val,-65.32826691462081,-87.11444992304189,-43.54208390619973
14662,26-08-2026,JP,48,-66.0,val,-53.90625266408736,-77.99058518645013,-29.82192014172459
14662,26-08-2026,JOB,49,-64.0,val,-53.14648836821527,-79.58625698764669,-26.706719748783854
14662,26-08-2026,FL,50,-46.0,val,-35.227673934109816,-60.451972727458624,-10.003375140761005
14662,26-08-2026,KMNC,51,-57.0,val,-39.8835805825822,-64.92096411056575,-14.846197054598644
14662,26-08-2026,MKN,52,-57.0,val,-41.06747628109354,-65.41490206053088,-16.720050501656207
14662,26-08-2026,DNA,53,-48.0,val,-33.574657439130334,-56.65417599001972,-10.495138888240941
14662,26-08-2026,MTD,54,-46.0,val,-32.76420154201326,-59.83192991860865,-5.696473165417867
14662,26-08-2026,RKB,55,-48.0,val,-36.75473472917599,-68.87803493623969,-4.6314345221122935
14662,26-08-2026,JU,56,-37.0,val,-32.14072010305357,-64.07426634322304,-0.207173862884094
14662,26-08-2026,BANE,57,-48.0,val,-37.20997237698343,-70.65690177408015,-3.7630429798867127
14662,26-08-2026,LUNI,58,-40.0,val,-31.740393852250318,-65.04549474351205,1.564707039011413
14662,26-08-2026,DOR,59,-37.0,val,-28.669043661707413,-54.57486656861787,-2.7632207547969543
14662,26-08-2026,SMR,60,-36.0,val,-28.30167335397898,-52.3622629796371,-4.241083728320859
14662,26-08-2026,BLT,61,-22.0,val,-17.080768374947255,-31.56047663277496,-2.601060117119548
14662,26-08-2026,BUT,62,-22.0,val,-17.433670463201214,-30.968282155820923,-3.8990587705815027
14662,26-08-2026,UTL,63,-25.0,val,-20.994876195130832,-23.237458225355304,-18.75229416490636
14662,27-08-2026,JAT,1,-1.0,val,1.310902494624126,-9.500551823453689,12.12235681270194
14662,27-08-2026,SMBX,2,-7.0,val,-10.005418284592889,-21.779557959116687,1.7687213899309118
14662,27-08-2026,MSKT,3,-10.0,val,-5.700153170357865,-19.845230221147013,8.444923880431285
14662,27-08-2026,PTKC,4,-13.0,val,-7.973254265733781,-25.6686850211471,9.722176489679535
14662,27-08-2026,MEX,5,-16.0,val,-11.579232925567325,-29.00497096449592,5.846505113361271
14662,27-08-2026,DZA,6,-18.0,val,-13.042156553241146,-30.387695068366998,4.303381961884707
14662,27-08-2026,JRC,7,-6.0,val,-2.825562038135063,-17.771741695892842,12.120617619622717
14662,27-08-2026,PGW,8,-9.0,val,-4.485525216123114,-19.760239698726476,10.789189266480246
14662,27-08-2026,LDH,9,-1.0,val,-0.4865389456584732,-17.771732116494626,16.79865422517768
14662,27-08-2026,KNN,10,-1.0,val,0.7255639153586533,-14.568353052343626,16.019480883060933
14662,27-08-2026,SIR,11,-5.0,val,-4.529366525711031,-18.274699369403447,9.215966317981383
14662,27-08-2026,RPJ,12,-2.0,val,-1.2797376365695432,-14.015042641383321,11.455567368244235
14662,27-08-2026,UBC,13,-2.0,val,-0.31296696517491185,-12.60150907890534,11.975575148555516
14662,27-08-2026,UMB,14,-1.0,val,0.6770913526719384,-12.300503359426857,13.654686064770734
14662,27-08-2026,JUDW,15,-4.0,val,-2.485196662136718,-16.753180949579708,11.78278762530627
14662,27-08-2026,YJUD,16,-5.0,val,-3.674120087129384,-17.913077362943532,10.564837188684763
14662,27-08-2026,SRE,17,-1.0,val,1.4540826350313512,-9.331505713459347,12.23967098352205
14662,27-08-2026,DBD,18,-1.0,val,0.6144747881055026,-11.402457443095603,12.631407019306607
14662,27-08-2026,MOZ,19,-11.0,val,-5.875153458258042,-20.29592737608503,8.545620459568944
14662,27-08-2026,KAT,20,-11.0,val,-6.697216201077696,-20.832552199060217,7.438119796904827
14662,27-08-2026,SKF,21,-17.0,val,-13.190791013921448,-27.603186856603088,1.2216048287601922
14662,27-08-2026,MUT,22,-18.0,val,-14.659255522349653,-29.764375329327844,0.4458642846285379
14662,27-08-2026,MTC,23,-18.0,val,-15.263581016492244,-28.9502821742915,-1.576879858692985
14662,27-08-2026,MDNR,24,-23.0,val,-19.82367851472623,-33.96090433573306,-5.686452693719394
14662,27-08-2026,MUD,25,-26.0,val,-23.41775394047188,-37.82607928023819,-9.009428600705565
14662,27-08-2026,GZB,27,-30.0,val,-29.408630606338008,-41.91170868372326,-16.90555252895275
14662,27-08-2026,DLI,28,-41.0,val,-38.97171313534247,-54.66829018582612,-23.275136084858815
14662,27-08-2026,DEE,29,-50.0,val,-46.24006528598083,-62.13857389767273,-30.341556674288935
14662,27-08-2026,DEC,30,-53.0,val,-49.44690942539159,-65.04732684060346,-33.84649201017971
14662,27-08-2026,PM,31,-55.0,val,-51.23207545140011,-66.97216917745529,-35.49198172534493
14662,27-08-2026,GGN,32,-54.0,val,-50.74204739717891,-65.16182708091382,-36.322267713443985
14662,27-08-2026,GHH,33,-57.0,val,-54.64842657415406,-69.24924523606634,-40.04760791224177
14662,27-08-2026,PTRD,34,-51.0,val,-48.566841920954666,-63.665690200372964,-33.46799364153637
14662,27-08-2026,KIP,35,-53.0,val,-51.71299402782045,-72.35640556185902,-31.069582493781873
14662,27-08-2026,RE,36,-30.0,val,-28.76830706716243,-49.869217402025804,-7.6673967322990535
14662,27-08-2026,BWL,37,-34.0,val,-31.47443760495758,-53.115076795571824,-9.833798414343331
14662,27-08-2026,HSI,38,-49.0,val,-42.42273551259649,-65.68579130187251,-19.159679723320462
14662,27-08-2026,KRH,39,-53.0,val,-46.71341617304623,-70.05394387468857,-23.37288847140388
14662,27-08-2026,AWR,40,-56.0,val,-49.419388347864405,-73.44796328492917,-25.390813410799634
14662,27-08-2026,MKH,41,-55.0,val,-47.81220635355115,-72.27607645788801,-23.348336249214288
14662,27-08-2026,RHG,42,-56.0,val,-49.52877464080656,-73.91580956937968,-25.141739712233445
14662,27-08-2026,BU,43,-57.0,val,-49.708906092191945,-73.44855257580248,-25.969259608581414
14662,27-08-2026,BKI,44,-56.0,val,-50.402628882707155,-73.62595232815377,-27.179305437260542
14662,27-08-2026,DO,45,-60.0,val,-53.946441707641405,-76.57442853939654,-31.318454875886278
14662,27-08-2026,GTJT,46,-68.0,val,-62.7705121045472,-84.5566961774191,-40.9843280316753
14662,27-08-2026,GADJ,47,-68.0,val,-63.333141482891826,-85.6780484627486,-40.988234503035045
14662,27-08-2026,JP,48,-56.0,val,-50.16241889541424,-74.24673019575488,-26.078107595073607
14662,27-08-2026,JOB,49,-51.0,val,-47.578598957832476,-74.01836357302028,-21.13883434264467
14662,27-08-2026,FL,50,-27.0,val,-26.194120197702404,-51.41841776325873,-0.969822632146073
14662,27-08-2026,KMNC,51,-25.0,val,-22.55546837277785,-47.59285174656979,2.481915001014091
14662,27-08-2026,MKN,52,-24.0,val,-22.839227250704724,-47.186652968336944,1.5081984669274924
14662,27-08-2026,DNA,53,-15.0,val,-15.289834256202285,-38.3693528022196,7.789684289815034
14662,27-08-2026,MTD,54,-43.0,val,-32.74089199828017,-59.80862037466813,-5.673163621892208
14662,27-08-2026,RKB,55,-41.0,val,-35.029031379605925,-67.15233158666855,-2.905731172543298
14662,27-08-2026,JU,56,-38.0,val,-33.37235536934527,-65.305901609514,-1.4388091291765512
14662,27-08-2026,BANE,57,-41.0,val,-36.18611532470051,-69.63304472179699,-2.7391859276040265
14662,27-08-2026,LUNI,58,-37.0,val,-32.244511667109286,-65.549612558371,1.0605892241524302
14662,27-08-2026,DOR,59,-22.0,val,-22.301051701601956,-48.20687460851241,3.6047712053084986
14662,27-08-2026,SMR,60,-19.0,val,-20.08643933363213,-44.14702895929025,3.9741502920259926
14662,27-08-2026,BLT,61,-15.0,val,-14.778948559479707,-29.25865681730741,-0.29924030165200044
14662,27-08-2026,BUT,62,-16.0,val,-16.21861441717307,-29.753226109792784,-2.684002724553361
14662,27-08-2026,UTL,63,-25.0,val,-23.418308172100215,-25.660890202324687,-21.175726141875742
14701,24-08-2026,SGNR,1,-22.0,val,-2.414048917595061,-20.08909221248099,15.260994377290867
14701,24-08-2026,SDS,2,-27.0,val,-7.4007427842242555,-26.55775629967472,11.756270731226206
14701,24-08-2026,HMO,4,-25.0,val,-8.947564310668138,-34.46240581996524,16.56727719862896
14701,24-08-2026,ENB,5,-37.0,val,-15.300704163495245,-39.28874778568138,8.687339458690891
14701,24-08-2026,NHR,6,-33.0,val,-12.874784104130635,-36.83734652490209,11.087778316640817
14701,24-08-2026,GAMI,7,-43.0,val,-23.331888892782445,-33.549377480819444,-13.114400304745448
14701,24-08-2026,TSD,8,-45.0,val,-23.003429272565974,-47.2135662134319,1.206707668299952
14701,24-08-2026,SDLP,9,-33.0,val,-10.858712412231426,-30.756090202619088,9.038665378156235
14701,24-08-2026,CUR,10,-26.0,val,-8.059163181087166,-27.093155621348345,10.974829259174014
14701,24-08-2026,BUB,11,-30.0,val,-11.815505345683066,-30.974819779791815,7.343809088425681
14701,24-08-2026,RSWT,12,-29.0,val,-10.59183519398205,-30.167339518196588,8.983669130232489
14701,24-08-2026,FPS,13,-36.0,val,-18.58850249565452,-37.535072297945874,0.3580673066368334
14701,24-08-2026,LNH,14,-36.0,val,-19.400056023440715,-38.14708427392385,-0.6530277729575786
14701,24-08-2026,SIKR,15,-28.0,val,-13.542442551610879,-36.13725060976061,9.052365506538859
14701,24-08-2026,PLSN,16,-27.0,val,-13.265845629758765,-35.47627812527796,8.944586865760431
14701,24-08-2026,RGS,17,-32.0,val,-17.074772470825714,-39.47674739080401,5.32720244915258
14701,24-08-2026,GND,18,-35.0,val,-20.531943148130708,-42.80185757631688,1.737971280055465
14701,24-08-2026,COM,19,-35.0,val,-20.690507158147184,-43.09549299470838,1.714478678414011
14701,24-08-2026,DKBJ,20,-33.0,val,-19.598505384589767,-37.05424071410319,-2.142770055076344
14701,24-08-2026,JP,21,-28.0,val,-11.15025363100835,-27.935688037185887,5.635180775169186
14701,24-08-2026,JOB,22,-27.0,val,-14.929188525642974,-32.54348006020048,2.6851030089145347
14701,24-08-2026,FL,23,-30.0,val,-16.804408416204158,-35.358641215077185,1.7498243826688693
14701,24-08-2026,NRI,24,-31.0,val,-16.81243607501774,-34.912023853515066,1.2871517034795836
14701,24-08-2026,KSG,25,-36.0,val,-19.65180106727607,-37.554346558659454,-1.7492555758926898
14701,24-08-2026,AII,26,-27.0,val,-9.96752612752691,-26.943994765739554,7.008942510685735
14701,24-08-2026,BER,27,-23.0,val,-8.33664728915378,-27.10778547136929,10.434490893061733
14701,24-08-2026,SOD,28,-22.0,val,-6.715130002104312,-24.333041794567457,10.902781790358832
14701,24-08-2026,MJ,29,-27.0,val,-6.663429089309897,-25.85268718219524,12.525829003575446
14701,24-08-2026,SOS,30,-26.0,val,-6.480802704815601,-26.150245847895697,13.188640438264493
14701,24-08-2026,JAL,31,-29.0,val,-8.98281127845347,-28.74943441738391,10.783811860476968
14701,24-08-2026,RANI,32,-30.0,val,-10.195214551704487,-29.83535134602161,9.444922242612636
14701,24-08-2026,FA,33,-27.0,val,-8.01197215714999,-27.47480332166237,11.450859007362395
14701,24-08-2026,SJWB,34,-28.0,val,-9.203250438508197,-28.636033037311513,10.229532160295117
14701,24-08-2026,MOI,35,-28.0,val,-9.086508513842286,-28.551477092728753,10.37846006504418
14701,24-08-2026,NANA,36,-28.0,val,-9.46314068988931,-29.344049752976566,10.417768373197946
14701,24-08-2026,PDWA,37,-32.0,val,-12.262552874523376,-31.59658493023347,7.071479181186717
14701,24-08-2026,SRPJ,38,-33.0,val,-13.129084603444491,-32.871396806490026,6.613227599601045
14701,24-08-2026,ABR,39,-23.0,val,-4.6398147465599955,-25.14187317637348,15.862243683253489
14701,24-08-2026,PNU,40,-22.0,val,-2.914176020919766,-21.857436401963675,16.029084360124145
14701,24-08-2026,CHP,41,-22.0,val,-3.055611640334871,-22.240691610997306,16.129468330327565
14701,24-08-2026,SID,42,-23.0,val,-3.745259437030059,-22.751053404709623,15.260534530649503
14701,24-08-2026,MSH,44,-22.0,val,-4.143312970188605,-23.798715276772505,15.512089336395297
14701,24-08-2026,KLL,45,-30.0,val,-8.480528791941868,-28.82592702819094,11.864869444307203
14701,24-08-2026,SBIB,46,-26.0,val,-11.027028407858253,-33.353464656154884,11.29940784043838
14701,24-08-2026,ADI,47,-26.0,val,-10.17544488847312,-26.78605069227586,6.435160915329622
14701,24-08-2026,ND,48,-22.0,val,-4.248311236022434,-18.12703120096131,9.630408728916443
14701,24-08-2026,ANND,49,-34.0,val,-12.558257955851632,-31.904648964071164,6.788133052367902
14701,24-08-2026,BRC,50,-24.0,val,-7.799830951824031,-27.69232449676533,12.092662593117268
14701,24-08-2026,BH,51,-22.0,val,-6.947236189701016,-28.49711287125841,14.602640491856377
14701,24-08-2026,ST,52,-22.0,val,-4.381727293092675,-25.67975602056677,16.916301434381424
14701,24-08-2026,NVS,53,-30.0,val,-14.546053947428486,-36.568648679079274,7.476540784222305
14701,24-08-2026,VAPI,54,-34.0,val,-14.495086154771604,-36.698600411864504,7.708428102321294
14701,24-08-2026,DRD,55,-40.0,val,-21.959174995166862,-42.73531663334865,-1.1830333569850708
14701,24-08-2026,BVI,56,-36.0,val,-20.00767182644241,-28.063299606838896,-11.952044046045927
14701,24-08-2026,ADH,57,-29.0,val,-13.757686596716368,-21.006185986971317,-6.509187206461421
14701,25-08-2026,SGNR,1,1.0,val,-2.414048917595061,-20.08909398698208,15.260996151791957
14701,25-08-2026,SDS,2,-4.0,val,-7.400744945029107,-26.557760147167073,11.75627025710886
14701,25-08-2026,HMH,3,-24.0,val,-21.33066809292456,-47.533039503894166,4.871703318045043
14701,25-08-2026,HMO,4,-24.0,val,-21.963900345281317,-47.478021985646336,3.5502212950836984
14701,25-08-2026,ENB,5,-17.0,val,-18.201050164672587,-42.18890360143058,5.786803272085411
14701,25-08-2026,NHR,6,-14.0,val,-15.376208567756919,-39.33874101572438,8.58632388021054
14701,25-08-2026,GAMI,7,-15.0,val,-20.802939105290434,-31.02041542351708,-10.585462787063792
14701,25-08-2026,TSD,8,-31.0,val,-27.113273240085455,-51.32340839131149,-2.903138088859418
14701,25-08-2026,SDLP,9,-12.0,val,-12.289100305061812,-32.18647785539275,7.608277245269132
14701,25-08-2026,CUR,10,-9.0,val,-11.70381547794759,-30.737807104235078,7.330176148339898
14701,25-08-2026,BUB,11,-22.0,val,-19.98680119404799,-39.14611417391356,-0.82748821418242
14701,25-08-2026,RSWT,12,-20.0,val,-19.295464725240688,-38.870968832768256,0.2800393822868834
14701,25-08-2026,FPS,13,-28.0,val,-27.956768294694335,-46.9033382491972,-9.010198340191472
14701,25-08-2026,LNH,14,-29.0,val,-29.383059553451268,-48.130087855633626,-10.63603125126891
14701,25-08-2026,SIKR,15,-20.0,val,-23.03077657052074,-45.62558423430863,-0.4359689067328496
14701,25-08-2026,PLSN,16,-20.0,val,-23.24723105748955,-45.457663437582525,-1.036798677396579
14701,25-08-2026,RGS,17,-17.0,val,-22.67383399123858,-45.07580888328383,-0.27185909919333184
14701,25-08-2026,GND,18,-22.0,val,-26.64620615413128,-48.91612067866947,-4.376291629593087
14701,25-08-2026,COM,19,-22.0,val,-26.904596786488877,-49.309582693521506,-4.499610879456245
14701,25-08-2026,DKBJ,20,-20.0,val,-25.842181006431275,-43.29791630772382,-8.386445705138733
14701,25-08-2026,JP,21,-14.0,val,-17.011272010002187,-33.796706660705574,-0.22583735929880078
14701,25-08-2026,JOB,22,-15.0,val,-21.73427139247051,-39.34856344187932,-4.119979343061697
14701,25-08-2026,FL,23,-16.0,val,-22.604229803323904,-41.15846274132708,-4.049996865320729
14701,25-08-2026,NRI,24,-16.0,val,-21.97766530828053,-40.07725325136876,-3.878077365192304
14701,25-08-2026,KSG,25,-15.0,val,-21.115836822276773,-39.018382729324564,-3.2132909152289812
14701,25-08-2026,AII,26,-3.0,val,-9.481959850096203,-26.45842853259712,7.4945088324047155
14701,25-08-2026,BER,27,0.0,val,-8.275515701722801,-27.046653476920703,10.495622073475102
14701,25-08-2026,SOD,28,1.0,val,-6.706697588794427,-24.32460936043922,10.911214182850365
14701,25-08-2026,MJ,29,1.0,val,-3.843194183918672,-23.032452191855896,15.34606382401855
14701,25-08-2026,SOS,30,-9.0,val,-9.658767516229867,-29.328210489267782,10.010675456808046
14701,25-08-2026,JAL,31,-12.0,val,-12.6760567360651,-32.44267974688985,7.090566274759656
14701,25-08-2026,RANI,32,-14.0,val,-14.56116629939366,-34.20130308167181,5.0789704828844915
14701,25-08-2026,FA,33,-12.0,val,-12.991327149929369,-32.45415826478491,6.471503964926175
14701,25-08-2026,SJWB,34,-13.0,val,-14.2666990093679,-33.6994816399198,5.166083621184006
14701,25-08-2026,MOI,35,-13.0,val,-14.141241615239158,-33.60621024346788,5.323727012989563
14701,25-08-2026,NANA,36,-13.0,val,-14.509794974870445,-34.39070408927788,5.371114139536992
14701,25-08-2026,PDWA,37,-14.0,val,-15.657071575041847,-34.991103555121065,3.67696040503737
14701,25-08-2026,SRPJ,38,-32.0,val,-25.57892713751487,-45.321239298247775,-5.83661497678197
14701,25-08-2026,ABR,39,-28.0,val,-21.955455305754512,-42.4575138296514,-1.4533967818576272
14701,25-08-2026,PNU,40,-3.0,val,-6.143417423291698,-25.086677771258323,12.799842924674927
14701,25-08-2026,CHP,41,-4.0,val,-6.0593530665984865,-25.24443308695927,13.125726953762296
14701,25-08-2026,SID,42,1.0,val,-3.5728207099365625,-22.578614648751618,15.432973228878494
14701,25-08-2026,MSH,44,1.0,val,-4.003185797819979,-23.6585880728473,15.652216477207345
14701,25-08-2026,KLL,45,1.0,val,-3.6286166809461307,-23.974014881428115,16.716781519535854
14701,25-08-2026,SBIB,46,-10.0,val,-14.455995403172697,-36.7824316332721,7.870440826926707
14701,25-08-2026,ADI,47,-6.0,val,-12.610577911961082,-29.221183586560166,4.000027762638
14701,25-08-2026,ND,48,1.0,val,-4.428008213576236,-18.30672811971068,9.450711692558208
14701,25-08-2026,ANND,49,1.0,val,-5.808019359760099,-25.154410339567796,13.538371620047599
14701,25-08-2026,BRC,50,1.0,val,-6.1077334164204835,-26.000226935790383,13.784760102949416
14701,25-08-2026,BH,51,1.0,val,-6.929893887440344,-28.479770525111544,14.619982750230857
14701,25-08-2026,ST,52,-3.0,val,-6.855432450211098,-28.15346117646781,14.442596276045617
14701,25-08-2026,NVS,53,-8.0,val,-15.296291048799452,-37.31888577563108,6.726303678032176
14701,25-08-2026,VAPI,54,-13.0,val,-15.720891837951843,-37.924406082866795,6.482622406963106
14701,25-08-2026,DRD,55,-22.0,val,-25.0505468499424,-45.82668848041496,-4.274405219469845
14701,25-08-2026,BVI,56,-22.0,val,-25.64568991640178,-33.701317696579736,-17.590062136223825
14701,25-08-2026,ADH,57,-16.0,val,-19.994501174661593,-27.243000564916542,-12.746001784406646
14701,26-08-2026,SGNR,1,-19.0,val,-3.6669441563057257,-21.341951224890355,14.008062912278906
14701,26-08-2026,SDS,2,-22.0,val,-7.532373234527071,-26.689352317119766,11.624605848065624
14701,26-08-2026,HMH,3,-34.0,val,-16.76272115178203,-42.96506576208336,9.4396234585193
14701,26-08-2026,HMO,4,-32.0,val,-16.262769649396912,-41.77686546623508,9.25132616744126
14701,26-08-2026,ENB,5,-32.0,val,-15.957191566454252,-39.94501671455397,8.030633581645471
14701,26-08-2026,NHR,6,-29.0,val,-13.470146129807858,-37.43265163656018,10.492359376944467
14701,26-08-2026,GAMI,7,-43.0,val,-26.170635196946073,-36.388052526931084,-15.953217866961062
14701,26-08-2026,TSD,8,-42.0,val,-24.55542961452332,-48.76554208293029,-0.34531714611635067
14701,26-08-2026,SDLP,9,-29.0,val,-11.52577999678585,-31.42311729778226,8.371557304210558
14701,26-08-2026,CUR,10,-24.0,val,-9.87449298316558,-28.90844349076309,9.159457524431934
14701,26-08-2026,BUB,11,-28.0,val,-13.685580826654594,-32.844860856923205,5.473699203614014
14701,26-08-2026,RSWT,12,-28.0,val,-12.962618369874447,-32.5380955619762,6.612858822227304
14701,26-08-2026,FPS,13,-36.0,val,-21.628396763956477,-40.5749412409293,-2.6818522869836556
14701,26-08-2026,LNH,14,-37.0,val,-23.079297607739925,-41.82630072393492,-4.332294491544925
14701,26-08-2026,SIKR,15,-40.0,val,-23.522396962274964,-46.117182699189,-0.9276112253609305
14701,26-08-2026,PLSN,16,-39.0,val,-23.92809476128247,-46.138504885308876,-1.7176846372560632
14701,26-08-2026,RGS,17,-39.0,val,-25.000936191844417,-47.40289023763778,-2.5989821460510605
14701,26-08-2026,GND,18,-47.0,val,-30.769492621103623,-53.039387516274076,-8.499597725933171
14701,26-08-2026,COM,19,-48.0,val,-31.77506547042899,-54.180032996411775,-9.370097944446208
14701,26-08-2026,DKBJ,20,-44.0,val,-29.765773577663847,-47.22148402166651,-12.310063133661185
14701,26-08-2026,JP,21,-30.0,val,-17.663655311056885,-34.4490647568007,-0.8782458653130689
14701,26-08-2026,JOB,22,-29.0,val,-19.398555061542098,-37.01281949372961,-1.7842906293545866
14701,26-08-2026,FL,23,-31.0,val,-20.609512226831555,-39.16372206926336,-2.0553023843997558
14701,26-08-2026,NRI,24,-31.0,val,-20.05503119400054,-38.154597465218146,-1.9554649227829373
14701,26-08-2026,KSG,25,-33.0,val,-20.988812624678136,-38.89133175963677,-3.0862934897194982
14701,26-08-2026,AII,26,-17.0,val,-7.204026820104262,-24.180470658883436,9.772417018674915
14701,26-08-2026,BER,27,-22.0,val,-10.547788231795451,-29.318899023841702,8.2233225602508
14701,26-08-2026,SOD,28,-19.0,val,-8.01663316497915,-25.634513877423267,9.601247547464967
14701,26-08-2026,MJ,29,-17.0,val,-3.9735573717111747,-23.162795302217738,15.21568055879539
14701,26-08-2026,SOS,30,-17.0,val,-3.8757093841869126,-23.545134868228843,15.793716099855018
14701,26-08-2026,JAL,31,-18.0,val,-5.455741561860286,-25.222348597824464,14.310865474103892
14701,26-08-2026,RANI,32,-19.0,val,-6.4126165366419094,-26.052738554835333,13.227505481551514
14701,26-08-2026,FA,33,-17.0,val,-4.74303971061563,-24.205856606318275,14.719777185087015
14701,26-08-2026,MOI,35,-18.0,val,-5.99144354818204,-25.456560360854503,13.473673264490422
14701,26-08-2026,NANA,36,-19.0,val,-6.852637678819063,-26.73363726195116,13.028361904313032
14701,26-08-2026,PDWA,37,-19.0,val,-7.564281914535943,-26.898341576525898,11.769777747454011
14701,26-08-2026,SRPJ,38,-20.0,val,-8.114208744229213,-27.85652268408476,11.628105195626333
14701,26-08-2026,ABR,39,-17.0,val,-3.62580967238917,-24.12785960328847,16.87624025851013
14701,26-08-2026,PNU,40,-17.0,val,-2.921742356225625,-21.864988448549624,16.021503736098374
14701,26-08-2026,CHP,41,-17.0,val,-3.0905993125715057,-22.275667891660596,16.094469266517585
14701,26-08-2026,SID,42,-18.0,val,-3.7701771775604724,-22.775961142418915,15.235606787297968
14701,26-08-2026,MSH,44,-17.0,val,-4.15518549105659,-23.810577273750127,15.500206291636944
14701,26-08-2026,KLL,45,-17.0,val,-3.684910215817608,-24.03029796443171,16.66047753279649
14701,26-08-2026,SBIB,46,-24.0,val,-12.206343728356973,-34.53277223353074,10.120084776816796
14701,26-08-2026,ADI,47,-18.0,val,-9.208287786502359,-25.81888400342482,7.402308430420101
14701,26-08-2026,ND,48,-17.0,val,-4.232717381402728,-18.11142406643403,9.645989303628575
14701,26-08-2026,ANND,49,-17.0,val,-5.812882755101414,-25.15926612760625,13.533500617403421
14701,26-08-2026,BRC,50,-17.0,val,-6.123731368294043,-26.016217648478474,13.76875491189039
14701,26-08-2026,BH,51,-24.0,val,-11.241695206010071,-32.79156379521558,10.308173383195442
14701,26-08-2026,NVS,53,-26.0,val,-15.035541409449255,-37.05823541990475,6.98715260100624
14701,26-08-2026,VAPI,54,-39.0,val,-20.73068005103849,-42.93419646365389,1.4728363615769098
14701,26-08-2026,DRD,55,-39.0,val,-24.612769005045724,-45.388910680029596,-3.8366273300618516
14701,26-08-2026,BVI,56,-33.0,val,-21.247762382334294,-29.303390162543387,-13.1921346021252
14701,26-08-2026,ADH,57,-24.0,val,-13.866115214779917,-21.114614605034866,-6.61761582452497
14701,27-08-2026,SGNR,1,-14.0,val,-2.414048917595061,-20.089087777028404,15.260989941838282
14701,27-08-2026,SDS,2,-18.0,val,-6.840192184586979,-25.99720148409392,12.316817114919964
14701,27-08-2026,HMH,3,-24.0,val,-12.704388703723026,-38.90675573484928,13.497978327403224
14701,27-08-2026,HMO,4,-35.0,val,-17.528626240054027,-43.04274366024762,7.985491180139569
14701,27-08-2026,ENB,5,-36.0,val,-20.123641368088478,-44.11149018170712,3.8642074455301625
14701,27-08-2026,NHR,6,-31.0,val,-16.739059513195052,-40.701587558139195,7.223468531749088
14701,27-08-2026,GAMI,7,-30.0,val,-20.967212945547633,-31.184679623120314,-10.749746267974952
14701,27-08-2026,TSD,8,-32.0,val,-19.965842005816217,-44.175973449863875,4.244289438231444
14701,27-08-2026,SDLP,9,-28.0,val,-12.457808004557595,-32.35517897642541,7.439562967310213
14701,27-08-2026,CUR,10,-24.0,val,-11.723180903916289,-30.757165809327546,7.3108040014949704
14701,27-08-2026,BUB,11,-27.0,val,-15.074767014608543,-34.23407460878797,4.084540579570884
14701,27-08-2026,RSWT,12,-25.0,val,-13.263805136654646,-32.839304844752235,6.3116945714429455
14701,27-08-2026,FPS,13,-32.0,val,-21.108906367133866,-40.05547215716211,-2.162340577105624
14701,27-08-2026,LNH,14,-34.0,val,-22.989784005717997,-41.73680819100154,-4.2427598204344505
14701,27-08-2026,SIKR,15,-25.0,val,-16.72962608200982,-39.32443016153557,5.865177997515929
14701,27-08-2026,PLSN,16,-25.0,val,-16.968862694584843,-39.17929143650153,5.24156604733184
14701,27-08-2026,RGS,17,-24.0,val,-17.51069819995343,-39.91266968420064,4.891273284293778
14701,27-08-2026,GND,18,-26.0,val,-20.020108912630846,-42.290020228236926,2.249802402975231
14701,27-08-2026,COM,19,-26.0,val,-20.055954963648155,-42.460937865780636,2.34902793848433
14701,27-08-2026,DKBJ,20,-23.0,val,-18.379176248475048,-35.83490748602392,-0.9234450109261765
14701,27-08-2026,JP,21,-21.0,val,-11.098533320132587,-27.88396385023691,5.686897209971738
14701,27-08-2026,JOB,22,-21.0,val,-16.092542974571042,-33.70683050880544,1.5217445596633574
14701,27-08-2026,FL,23,-22.0,val,-16.97497031334948,-35.529199475336284,1.5792588486373198
14701,27-08-2026,NRI,24,-20.0,val,-15.356829345649643,-33.45641374543992,2.742755054140627
14701,27-08-2026,KSG,25,-23.0,val,-16.583486876539606,-34.486028406155896,1.3190546530766873
14701,27-08-2026,AII,26,-15.0,val,-7.379673722956684,-24.356138343160364,9.596790897246994
14701,27-08-2026,BER,27,-14.0,val,-7.618725116013282,-26.38985847870766,11.152408246681096
14701,27-08-2026,SOD,28,-14.0,val,-6.702472886208306,-24.32037957818864,10.915433805772029
14701,27-08-2026,MJ,29,-14.0,val,-3.8543809317440134,-23.043635655909064,15.334873792421035
14701,27-08-2026,SOS,30,-14.0,val,-3.8964570056862176,-23.56589711812611,15.772983106753676
14701,27-08-2026,JAL,31,-16.0,val,-5.957753342964422,-25.724373740800175,13.808867054871333
14701,27-08-2026,RANI,32,-16.0,val,-6.510503206563864,-26.15063757380609,13.129631160678361
14701,27-08-2026,FA,33,-14.0,val,-4.764197391407187,-24.227026180277136,14.698631397462762
14701,27-08-2026,MOI,35,-14.0,val,-5.426448276002623,-24.891577520718855,14.038680968713606
14701,27-08-2026,NANA,36,-14.0,val,-5.706058855204792,-25.587069851875995,14.174952141466413
14701,27-08-2026,PDWA,37,-14.0,val,-6.302491431458612,-25.636562397327936,13.03157953441071
14701,27-08-2026,SRPJ,38,-14.0,val,-6.295907804766694,-26.03823253493608,13.446416925402692
14701,27-08-2026,ABR,39,-15.0,val,-4.031971170935915,-24.534032017120428,16.470089675248598
14701,27-08-2026,PNU,40,-14.0,val,-2.9621125298607964,-21.90537310039518,15.981148040673588
14701,27-08-2026,CHP,41,-14.0,val,-3.1006072535504154,-22.28568726656156,16.08447275946073
14701,27-08-2026,SID,42,-14.0,val,-3.239892690200181,-22.245686636125754,15.765901255725394
14701,27-08-2026,MSH,44,-14.0,val,-4.113165827461974,-23.76856810405244,15.542236449128495
14701,27-08-2026,KLL,45,-14.0,val,-3.6853466800166115,-24.030744814480716,16.660051454447494
14701,27-08-2026,SBIB,46,-39.0,val,-22.43964940129813,-44.76608562265089,-0.11321317994537239
14701,27-08-2026,ADI,47,-22.0,val,-15.375973532403124,-31.986579313393392,1.2346322485871415
14701,27-08-2026,ND,48,-14.0,val,-4.532181269667825,-18.410901232271133,9.346538692935482
14701,27-08-2026,ANND,49,-23.0,val,-10.850350151921822,-30.196741159809477,8.496040855965832
14701,27-08-2026,BRC,50,-22.0,val,-11.23059876185043,-31.123092306760263,8.661894783059402
14701,27-08-2026,BH,51,-16.0,val,-8.280543271692586,-29.8304199532493,13.269333409864128
14701,27-08-2026,ST,52,-18.0,val,-6.860536568843714,-28.1585652963178,14.437492158630373
14701,27-08-2026,NVS,53,-28.0,val,-18.259905661720783,-40.28250039337157,3.762689069930005
14701,27-08-2026,VAPI,54,-22.0,val,-12.115210563176092,-34.31872482026899,10.088303693916806
14701,27-08-2026,DRD,55,-24.0,val,-16.951893526884113,-37.728035165065904,3.8242481112976776
14701,27-08-2026,BVI,56,-33.0,val,-23.04683103584594,-31.102458816242425,-14.991203255449456
14701,27-08-2026,ADH,57,-27.0,val,-17.53196289963346,-24.780462289888405,-10.283463509378512
14707,24-08-2026,HMH,0,154.0,val,10.70511471994348,-21.136556737666922,42.546786177553884
14707,24-08-2026,PGK,1,150.0,val,5.013185247108744,-27.738116811268362,37.76448730548585
14707,24-08-2026,SOG,2,144.0,val,1.4082824446048723,-31.42710830003839,34.243673189248135
14707,24-08-2026,LKS,3,118.0,val,-21.41940562533941,-53.24990157045134,10.411090319772516
14707,24-08-2026,LGH,4,128.0,val,-10.393762309495566,-42.27642154804919,21.488896929058065
14707,24-08-2026,BKN,5,150.0,val,4.582992227578584,-26.557931376824158,35.72391583198132
14707,24-08-2026,DSO,6,104.0,val,-17.5029342963593,-49.543726824508845,14.537858231790246
14707,24-08-2026,NOK,7,98.0,val,-30.20044804509661,-63.261193355287176,2.8602972650939513
14707,24-08-2026,NGO,8,55.0,val,-63.912752550587314,-96.77942496604726,-31.04608013512737
14707,24-08-2026,MDW,9,54.0,val,-65.10266957187906,-97.25616508593313,-32.94917405782499
14707,24-08-2026,MTD,10,58.0,val,-61.970834189125455,-95.56409344321412,-28.37757493503679
14707,24-08-2026,GOTN,11,62.0,val,-58.03988158029611,-91.6803919137841,-24.399371246808116
14707,24-08-2026,RKB,12,53.0,val,-67.66956343203648,-103.47652127218512,-31.86260559188785
14707,24-08-2026,JU,13,53.0,val,-63.626631773721755,-99.11589093159591,-28.137372615847603
14707,24-08-2026,LUNI,14,61.0,val,-57.99740504837777,-96.6158794433955,-19.378930653360037
14707,24-08-2026,PMY,15,67.0,val,-53.27749916773427,-94.02397557927688,-12.531022756191668
14707,24-08-2026,MJ,16,42.0,val,-64.87404082647001,-106.2370642937017,-23.51101735923831
14707,24-08-2026,SOS,17,37.0,val,-70.16145736309358,-111.63994325413918,-28.682971472047967
14707,24-08-2026,RANI,18,31.0,val,-74.68496791081455,-117.75763280284323,-31.612303018785873
14707,24-08-2026,FA,19,27.0,val,-77.43076149675872,-119.68769973488935,-35.17382325862808
14707,24-08-2026,SJWB,20,25.0,val,-79.35824001815317,-122.05853262551247,-36.65794741079387
14707,24-08-2026,PDWA,21,21.0,val,-81.60430836249392,-124.60110029537708,-38.60751642961076
14707,24-08-2026,ABR,22,27.0,val,-73.29209453859804,-116.72868018278021,-29.855508894415863
14707,24-08-2026,PNU,23,40.0,val,-62.1363913941736,-100.36831773890377,-23.90446504944343
14707,24-08-2026,MSH,25,35.0,val,-63.73278975484776,-98.09996528053347,-29.36561422916205
14707,24-08-2026,KLL,26,32.0,val,-67.49891082991165,-105.51403827765672,-29.48378338216658
14707,24-08-2026,SBIB,27,34.0,val,-69.34282090281201,-105.32712810206446,-33.35851370355955
14707,24-08-2026,ADI,28,41.0,val,-62.506678335107544,-94.92514241870728,-30.0882142515078
14707,24-08-2026,ND,29,35.0,val,-67.15487123945604,-100.91382252879154,-33.39591995012054
14707,24-08-2026,ANND,30,26.0,val,-75.78095374313155,-109.2331790948029,-42.32872839146019
14707,24-08-2026,BRC,31,-1.0,val,-91.1312705254689,-123.00505202226879,-59.257489028669035
14707,24-08-2026,BH,32,-12.0,val,-99.31888579314865,-130.28334102090912,-68.35443056538817
14707,24-08-2026,ST,33,-21.0,val,-100.37032396393316,-130.93035433021436,-69.81029359765198
14707,24-08-2026,NVS,34,-29.0,val,-111.44540906891439,-133.89392624267964,-88.99689189514915
14707,24-08-2026,BL,35,-35.0,val,-113.27316630631084,-134.85213359695973,-91.69419901566195
14707,24-08-2026,VAPI,36,-32.0,val,-110.01583663052219,-128.58635908461042,-91.44531417643394
14707,24-08-2026,PLG,37,-25.0,val,-109.82672730645177,-127.56077447955106,-92.09268013335249
14707,24-08-2026,BVI,38,-13.0,val,-106.23972222031179,-112.68484213576498,-99.7946023048586
14707,25-08-2026,HMH,0,-10.0,val,10.70511471994348,-21.136556737666922,42.546786177553884
14707,25-08-2026,PGK,1,-20.0,val,1.671931561563329,-31.079370496813777,34.42323361994043
14707,25-08-2026,SOG,2,-18.0,val,2.1130052494518963,-30.722385495191368,34.94839599409516
14707,25-08-2026,LKS,3,-34.0,val,-14.076628119562585,-45.90712406467451,17.753867825549342
14707,25-08-2026,LGH,4,-23.0,val,-2.2621849361831883,-34.14484417473682,29.62047430237044
14707,25-08-2026,BKN,5,-13.0,val,8.042262931977845,-23.098660672424895,39.18318653638059
14707,25-08-2026,DSO,6,-10.0,val,10.915395518351053,-21.12539700979849,42.9561880465006
14707,25-08-2026,NOK,7,-23.0,val,-2.8158096573275593,-35.87655496751812,30.244935652863003
14707,25-08-2026,NGO,8,-42.0,val,-22.6045130577758,-55.47118547323575,10.262159357684144
14707,25-08-2026,MDW,9,-42.0,val,-22.50721290106222,-54.66070841511629,9.64628261299185
14707,25-08-2026,MTD,10,-35.0,val,-17.514870700499646,-51.10812995458831,16.07838855358902
14707,25-08-2026,GOTN,11,-31.0,val,-13.503432692999317,-47.143943026487314,20.137077640488677
14707,25-08-2026,RKB,12,-41.0,val,-23.780974100404414,-59.58793194055305,12.02598373974422
14707,25-08-2026,JU,13,-29.0,val,-15.426585070907027,-50.91584422878118,20.062674086967125
14707,25-08-2026,LUNI,14,-24.0,val,-8.510014251282344,-47.12848864630008,30.108460143735392
14707,25-08-2026,PMY,15,-16.0,val,-2.55954744919854,-43.30602386074114,38.18692896234406
14707,25-08-2026,MJ,16,-18.0,val,-0.7676590986293288,-42.13068256586103,40.59536436860237
14707,25-08-2026,SOS,17,-19.0,val,-2.5515000868581037,-44.02998597790371,38.9269858041875
14707,25-08-2026,RANI,18,-25.0,val,-6.861097110988739,-49.933762003017414,36.21156778103994
14707,25-08-2026,FA,19,-25.0,val,-7.519861350587664,-49.776799588718305,34.73707688754297
14707,25-08-2026,SJWB,20,-26.0,val,-8.577706073100147,-51.27799868045945,34.122586534259156
14707,25-08-2026,PDWA,21,-25.0,val,-7.779409195179657,-50.77620112806282,35.2173827377035
14707,25-08-2026,ABR,22,-12.0,val,4.878824381201044,-38.55776126298113,48.315410025383215
14707,25-08-2026,PNU,23,-10.0,val,9.588553393988942,-28.643372950741227,47.820479738719115
14707,25-08-2026,MSH,25,-10.0,val,10.705596325858501,-23.66157919982721,45.07277185154421
14707,25-08-2026,KLL,26,-10.0,val,8.865370157463635,-29.149757290281435,46.88049760520871
14707,25-08-2026,SBIB,27,-15.0,val,3.1323579525505587,-32.8519492467019,39.11666515180301
14707,25-08-2026,ADI,28,-15.0,val,6.348297393717587,-26.070166689882157,38.76676147731733
14707,25-08-2026,ND,29,-24.0,val,-1.4279744661826117,-35.18692575551811,32.33097682315289
14707,25-08-2026,ANND,30,-31.0,val,-9.003576803039396,-42.45580215471075,24.448648548631965
14707,25-08-2026,BRC,31,-32.0,val,-8.608356966230403,-40.482138463030275,23.26542453056947
14707,25-08-2026,BH,32,-30.0,val,-7.835277242774916,-38.799732470535396,23.12917798498556
14707,25-08-2026,ST,33,-17.0,val,4.723629439872151,-25.83640092640903,35.28365980615333
14707,25-08-2026,NVS,34,-28.0,val,-7.783289204258207,-30.23180637802345,14.665227969507036
14707,25-08-2026,BL,35,-27.0,val,-5.625212150353068,-27.20417944100195,15.953755140295815
14707,25-08-2026,VAPI,36,-19.0,val,0.7862629733702082,-17.784259480718035,19.356785427458455
14707,25-08-2026,PLG,37,-30.0,val,-10.019207012279505,-27.75325418537879,7.714840160819779
14707,25-08-2026,BVI,38,-33.0,val,-15.968458936712313,-22.41357885216551,-9.523339021259115
14707,26-08-2026,HMH,0,0.0,val,5.693533765100822,-26.14813861424559,37.53520614444723
14707,26-08-2026,PGK,1,-4.0,val,0.0015887843898865495,-32.749714170022536,32.75289173880231
14707,26-08-2026,SOG,2,-2.0,val,0.8444247809080072,-31.99096680798818,33.67981636980419
14707,26-08-2026,LKS,3,-6.0,val,-8.011492606231966,-39.84199024773882,23.819005035274884
14707,26-08-2026,LGH,4,-16.0,val,-8.645642540338393,-40.52830302442569,23.237017943748903
14707,26-08-2026,BKN,5,-2.0,val,2.9291225464947894,-28.21180225442255,34.07004734741213
14707,26-08-2026,DSO,6,-5.0,val,3.0330356920278474,-29.00775764322435,35.07382902728004
14707,26-08-2026,NOK,7,-9.0,val,-5.838192715781016,-38.89893876338547,27.222553331823445
14707,26-08-2026,NGO,8,-20.0,val,-20.361944480218476,-53.228617759678265,12.504728799241313
14707,26-08-2026,MDW,9,-19.0,val,-19.434736509538478,-51.58823273758037,12.71875971850341
14707,26-08-2026,MTD,10,-12.0,val,-14.346938696179466,-47.9401986744783,19.246321282119375
14707,26-08-2026,GOTN,11,-9.0,val,-10.900607685616833,-44.541118638934925,22.73990326770126
14707,26-08-2026,RKB,12,-27.0,val,-26.151461445104324,-61.95842025872245,9.6554973685138
14707,26-08-2026,JU,13,-16.0,val,-18.22532359215009,-53.71458370447332,17.26393652017314
14707,26-08-2026,LUNI,14,-8.0,val,-9.902739778414293,-48.52121472121322,28.715735164384633
14707,26-08-2026,PMY,15,-3.0,val,-5.587679248067003,-46.33415616849584,35.15879767236183
14707,26-08-2026,MJ,16,6.0,val,2.468565037876207,-38.89445886742813,43.83158894318055
14707,26-08-2026,SOS,17,6.0,val,1.8398285268866594,-39.6386577682201,43.318314821993425
14707,26-08-2026,RANI,18,3.0,val,-0.7034409853063437,-43.77610623872103,42.36922426810834
14707,26-08-2026,FA,19,3.0,val,-1.202201210578913,-43.459139785418245,41.05473736426042
14707,26-08-2026,SJWB,20,2.0,val,-2.2581750347302023,-44.95846795680134,40.44211788734094
14707,26-08-2026,PDWA,21,3.0,val,-1.48686138910948,-44.483653695001856,41.5099309167829
14707,26-08-2026,ABR,22,1.0,val,2.1655486134818664,-41.27103741253349,45.60213463949722
14707,26-08-2026,PNU,23,8.0,val,9.396951433214376,-28.834975336227153,47.628878202655905
14707,26-08-2026,UJA,24,8.0,val,3.7213509504220594,-34.839803001418545,42.28250490226266
14707,26-08-2026,MSH,25,4.0,val,8.728440903484021,-25.638477399870197,43.09535920683824
14707,26-08-2026,KLL,26,5.0,val,6.894601380519939,-31.120502467018433,44.90970522805831
14707,26-08-2026,SBIB,27,-11.0,val,-5.0504813183201005,-41.03478363885086,30.933821002210657
14707,26-08-2026,ADI,28,4.0,val,4.487810482363083,-27.930650485357763,36.90627145008393
14707,26-08-2026,ND,29,-3.0,val,0.370521546145536,-33.38842951801561,34.12947261030669
14707,26-08-2026,ANND,30,-10.0,val,-7.0455038236088665,-40.497729142185825,26.40672149496809
14707,26-08-2026,BRC,31,1.0,val,0.48473295720027565,-31.3890485499787,32.358514464379255
14707,26-08-2026,BH,32,4.0,val,2.266208231787811,-28.698247023493487,33.23066348706911
14707,26-08-2026,ST,33,2.0,val,5.542229550601014,-25.017800816427382,36.10225991762941
14707,26-08-2026,NVS,34,-3.0,val,-3.683083869730286,-26.131601048434113,18.76543330897354
14707,26-08-2026,BL,35,-24.0,val,-14.507531447686796,-36.08649874773522,7.071435852361626
14707,26-08-2026,VAPI,36,-15.0,val,-8.26119837192998,-26.831720834942708,10.309324091082749
14707,26-08-2026,PLG,37,-18.0,val,-13.908688159113787,-31.64273533879803,3.825359020570456
14707,26-08-2026,BVI,38,-23.0,val,-20.943779985428865,-27.388899900882063,-14.498660069975667
14707,27-08-2026,HMH,0,-73.0,val,-28.134637680087117,-59.9760279901389,3.706752629964665
14707,27-08-2026,PGK,1,-75.0,val,-32.705465277966546,-65.4564941318597,0.04556357592660021
14707,27-08-2026,SOG,2,-77.0,val,-33.95675605973212,-66.79188948478088,-1.121622634683355
14707,27-08-2026,LKS,3,-75.0,val,-39.430064884911076,-71.26004459994851,-7.600085169873637
14707,27-08-2026,LGH,4,-51.0,val,-19.458842264927124,-51.34112295036757,12.423438420513321
14707,27-08-2026,BKN,5,-40.0,val,-8.602481801334351,-39.74304177543776,22.538078172769062
14707,27-08-2026,DSO,6,-34.0,val,-3.64582959648377,-35.68637696752682,28.394717774559275
14707,27-08-2026,NOK,7,-43.0,val,-14.883455751662199,-47.94397721680637,18.177065713481973
14707,27-08-2026,NGO,8,-76.0,val,-42.78603029278317,-75.6524407245527,-9.91961986101363
14707,27-08-2026,MDW,9,-75.0,val,-42.63385664756473,-74.78713576076258,-10.480577534366873
14707,27-08-2026,MTD,10,-77.0,val,-42.88490517960682,-76.47794515863315,-9.291865200580489
14707,27-08-2026,GOTN,11,-72.0,val,-38.669466974805516,-72.30978974147253,-5.029144208138504
14707,27-08-2026,RKB,12,-79.0,val,-47.028839095646404,-82.83550308937447,-11.222175101918346
14707,27-08-2026,JU,13,-79.0,val,-42.97765155103143,-78.46662262246633,-7.488680479596532
14707,27-08-2026,LUNI,14,-67.0,val,-34.98100471765659,-73.59931395713642,3.6373045218232463
14707,27-08-2026,PMY,15,-63.0,val,-31.25469887798924,-72.00102209721982,9.491624341241334
14707,27-08-2026,MJ,16,-54.0,val,-23.225260152001255,-64.58815190628994,18.13763160228742
14707,27-08-2026,SOS,17,-55.0,val,-24.42575904322389,-65.90412359750658,17.052605511058793
14707,27-08-2026,RANI,18,-58.0,val,-27.022401359836014,-70.09495785466152,16.05015513498949
14707,27-08-2026,FA,19,-58.0,val,-27.520829181484086,-69.77766649952551,14.736008136557334
14707,27-08-2026,SJWB,20,-58.0,val,-28.030658210664562,-70.73085657142137,14.669540150092246
14707,27-08-2026,PDWA,21,-57.0,val,-27.16580854923229,-70.1624890221878,15.830871923723222
14707,27-08-2026,ABR,22,-48.0,val,-16.926159976744252,-60.36263184885853,26.510311895370023
14707,27-08-2026,PNU,23,-30.0,val,-2.6911060103328657,-40.92290626662374,35.54069424595801
14707,27-08-2026,UJA,24,-28.0,val,-6.883009733530546,-45.44405424872632,31.67803478166522
14707,27-08-2026,MSH,25,-25.0,val,2.139132264932714,-32.22768780401033,36.505952333875754
14707,27-08-2026,KLL,26,-24.0,val,0.7292610638170518,-37.28574930838071,38.744271436014806
14707,27-08-2026,SBIB,27,-21.0,val,-0.4308144188578402,-36.41503593472695,35.55340709701127
14707,27-08-2026,ADI,28,-17.0,val,5.065030978059925,-27.353347292405672,37.48340924852552
14707,27-08-2026,ANND,30,-32.0,val,-8.718307506868275,-42.17056367872691,24.733948664990354
14707,27-08-2026,BRC,31,-19.0,val,-0.1495542277043027,-32.023274909895534,31.72416645448693
14707,27-08-2026,BH,32,-13.0,val,3.513934586922945,-27.450430893002938,34.47830006684883
14707,27-08-2026,ST,33,-11.0,val,9.264779479596058,-21.29518740889957,39.82474636809168
14707,27-08-2026,NVS,34,-21.0,val,-2.8720588377208873,-25.32052034034043,19.57640266489866
14707,27-08-2026,VAPI,36,-12.0,val,5.9581453396381185,-12.61234900185481,24.528639681131047
14707,27-08-2026,PLG,37,-20.0,val,-3.165704889990227,-20.899734661583043,14.568324881602589
14709,24-08-2026,HMH,1,-12.0,val,-10.633918426086291,-27.21846148876478,5.950624636592197
14709,24-08-2026,HMO,2,-12.0,val,-11.37363284225218,-27.807947994749348,5.0606823102449905
14709,24-08-2026,ENB,4,-11.0,val,-12.756502291546877,-26.884422959082187,1.3714183759884353
14709,24-08-2026,NHR,5,-16.0,val,-16.590564586432755,-37.10970388783912,3.9285747149736103
14709,24-08-2026,DPLN,6,-13.0,val,-16.38240974823982,-36.010341252058126,3.2455217555784905
14709,24-08-2026,GAMI,7,-13.0,val,-15.235023681369004,-35.20585115104786,4.735803788309852
14709,24-08-2026,TSD,8,-14.0,val,-14.897810047282565,-35.53166133676752,5.73604124220239
14709,24-08-2026,AUS,9,-14.0,val,-15.402599203132391,-35.988379107904024,5.183180701639239
14709,24-08-2026,SDMK,10,-12.0,val,-14.20362952272924,-35.222249891146234,6.814990845687749
14709,24-08-2026,SDLP,11,-12.0,val,-9.746437861626736,-23.963784057139655,4.470908333886182
14709,24-08-2026,RMB,12,-17.0,val,-15.480725185830769,-30.251216387876887,-0.7102339837846525
14709,24-08-2026,LHU,13,-12.0,val,-10.029182262663317,-24.114527638652426,4.056163113325793
14709,24-08-2026,SRGH,14,-12.0,val,-10.303293696106348,-23.946804775851923,3.340217383639228
14709,24-08-2026,CRWA,15,-12.0,val,-10.455196339747078,-24.494316753752933,3.5839240742587766
14709,24-08-2026,RSH,16,-26.0,val,-19.503871588013343,-32.838367708702386,-6.169375467324301
14709,24-08-2026,JJN,17,-27.0,val,-23.899462105060643,-37.329250455087234,-10.469673755034052
14709,24-08-2026,NUA,18,-25.0,val,-23.618634358478673,-37.15937537521246,-10.07789334174488
14709,24-08-2026,DOB,19,-24.0,val,-21.933876233774644,-35.793228224774914,-8.074524242774372
14709,24-08-2026,NWH,20,-23.0,val,-21.063548398721327,-34.53525314731587,-7.591843650126783
14709,24-08-2026,PLSN,22,-28.0,val,-21.33763402913801,-35.582899483129395,-7.092368575146622
14709,24-08-2026,RGS,23,-29.0,val,-23.9047476215659,-38.489008491120785,-9.320486752011014
14709,24-08-2026,GND,24,-27.0,val,-23.030365578796427,-36.145254836938506,-9.915476320654353
14709,24-08-2026,COM,25,-27.0,val,-24.000044353209606,-32.3639466864158,-15.63614202000341
14709,24-08-2026,DKBJ,26,-32.0,val,-29.648890051637494,-35.84792763492097,-23.449852468354017
14709,25-08-2026,HMH,1,3.0,val,-10.633918426086291,-27.21849734127141,5.950660489098828
14709,25-08-2026,ENB,4,0.0,val,-15.185003682956465,-29.31302847065909,-1.0569788952538381
14709,25-08-2026,NHR,5,-4.0,val,-18.5398097701993,-39.05898334410101,1.9793638037024088
14709,25-08-2026,DPLN,6,-2.0,val,-18.74739796133032,-38.37536031918815,0.8805643965275074
14709,25-08-2026,GAMI,7,-2.0,val,-17.74986183331235,-37.720713036638614,2.220989370013907
14709,25-08-2026,TSD,8,-3.0,val,-17.42188037525662,-38.05575201345469,3.211991262941453
14709,25-08-2026,AUS,9,-2.0,val,-17.37222754064888,-37.95802626503824,3.213571183740484
14709,25-08-2026,SDMK,10,-15.0,val,-24.014918194729205,-45.033555765214246,-2.996280624244168
14709,25-08-2026,SDLP,11,3.0,val,-10.551133857951914,-24.768506929177217,3.666239213273389
14709,25-08-2026,RMB,12,-3.0,val,-16.032061705869445,-30.802576308635032,-1.2615471031038599
14709,25-08-2026,LHU,13,3.0,val,-10.02957465203439,-24.114941107521247,4.0557918034524665
14709,25-08-2026,SRGH,14,2.0,val,-10.811476321234998,-24.455006533628122,2.8320538911581234
14709,25-08-2026,CRWA,15,2.0,val,-11.052233626527284,-25.09137080216502,2.986903549110451
14709,25-08-2026,RSH,16,1.0,val,-13.033649664733778,-26.368161851699945,0.3008625222323893
14709,25-08-2026,JJN,17,-13.0,val,-23.354832752923016,-36.784635693510744,-9.925029812335291
14709,25-08-2026,NUA,18,-11.0,val,-24.110178404678066,-37.65093262603046,-10.569424183325674
14709,25-08-2026,DOB,19,-11.0,val,-23.137279287864672,-36.996643020599365,-9.27791555512998
14709,25-08-2026,NWH,20,-12.0,val,-23.476013778857602,-36.94772945622512,-10.004298101490088
14709,25-08-2026,SIKR,21,-10.0,val,-22.460859085926394,-36.375412391009014,-8.546305780843774
14709,25-08-2026,PLSN,22,-7.0,val,-17.782335313283554,-32.027596677354985,-3.5370739492121235
14709,25-08-2026,RGS,23,-5.0,val,-18.346057033506632,-32.93031723063424,-3.7617968363790286
14709,25-08-2026,GND,24,-17.0,val,-25.1906989052901,-38.305588048221985,-12.07580976235821
14709,25-08-2026,COM,25,-22.0,val,-29.864392728155757,-38.228295020886456,-21.500490435425057
14709,25-08-2026,DKBJ,26,-26.0,val,-35.62330580570354,-41.822343388987015,-29.42426822242006
14709,26-08-2026,HMH,1,-9.0,val,-10.633918426086291,-27.21849946313627,5.950662610963688
14709,26-08-2026,HMO,2,-10.0,val,-11.824904659599088,-28.259257970009752,4.609448650811576
14709,26-08-2026,ENB,4,-13.0,val,-15.76640299793824,-29.89436749675754,-1.638438499118939
14709,26-08-2026,NHR,5,-8.0,val,-13.863645432124907,-34.38281174034518,6.655520876095368
14709,26-08-2026,DPLN,6,-26.0,val,-22.965769455054414,-42.59372711303768,-3.337811797071147
14709,26-08-2026,GAMI,7,-26.0,val,-25.21033968267287,-45.18118978338388,-5.2394895819618625
14709,26-08-2026,TSD,8,-25.0,val,-24.09426245186472,-44.728133718997356,-3.4603911847320816
14709,26-08-2026,AUS,9,-26.0,val,-24.921226813360224,-45.50702541805517,-4.335428208665277
14709,26-08-2026,SDMK,10,-25.0,val,-24.251042376732094,-45.269679901486185,-3.232404851978
14709,26-08-2026,SDLP,11,-9.0,val,-10.400361384512156,-24.61773444383408,3.8170116748097698
14709,26-08-2026,RMB,12,-14.0,val,-15.351597125166473,-30.122111726243535,-0.5810825240894104
14709,26-08-2026,LHU,13,-10.0,val,-10.480158596855643,-24.565525051957998,3.605207858246713
14709,26-08-2026,SRGH,14,-9.0,val,-10.313374605761458,-23.956904818043736,3.330155606520819
14709,26-08-2026,CRWA,15,-10.0,val,-10.943414941832287,-24.982552117427637,3.0957222337630643
14709,26-08-2026,RSH,16,-10.0,val,-12.468111320402146,-25.802623500914304,0.8664008601100122
14709,26-08-2026,JJN,17,-30.0,val,-25.996856251257846,-39.42665918898749,-12.567053313528199
14709,26-08-2026,NUA,18,-28.0,val,-27.272931160212266,-40.81368537134981,-13.73217694907472
14709,26-08-2026,DOB,19,-30.0,val,-27.421680846667012,-41.2810445774857,-13.562317115848327
14709,26-08-2026,NWH,20,-28.0,val,-26.33831703885339,-39.8100327148608,-12.866601362845978
14709,26-08-2026,SIKR,21,-25.0,val,-24.42162160951257,-38.336174914354885,-10.507068304670252
14709,26-08-2026,PLSN,22,-21.0,val,-19.062824411189112,-33.30808577523458,-4.817563047143642
14709,26-08-2026,RGS,23,-21.0,val,-20.735943632583382,-35.320203829708106,-6.151683435458658
14709,26-08-2026,GND,24,-22.0,val,-21.50582072280567,-34.620709865737105,-8.390931579874234
14709,26-08-2026,COM,25,-24.0,val,-23.777482610650495,-32.14138490338104,-15.413580317919948
14709,26-08-2026,DKBJ,26,-30.0,val,-30.287494114984927,-36.4865316982684,-24.08845653170145
14709,27-08-2026,HMH,1,-17.0,val,-10.633918426086291,-27.21849946313627,5.950662610963688
14709,27-08-2026,HMO,2,-18.0,val,-11.824904659599088,-28.259257970009752,4.609448650811576
14709,27-08-2026,ENB,4,-21.0,val,-15.76640299793824,-29.89436749675754,-1.638438499118939
14709,27-08-2026,NHR,5,-22.0,val,-17.40680889895426,-37.92597520717453,3.1123574092660142
14709,27-08-2026,DPLN,6,-21.0,val,-17.961240817112195,-37.58919847509546,1.6667168408710715
14709,27-08-2026,GAMI,7,-19.0,val,-15.959411178815941,-35.930261279526945,4.011438921895067
14709,27-08-2026,TSD,8,-21.0,val,-16.055709456588637,-36.68958072372128,4.578161810544
14709,27-08-2026,AUS,9,-21.0,val,-16.643801642789622,-37.22960024748457,3.941996961905325
14709,27-08-2026,SDMK,10,-21.0,val,-16.51493200148153,-37.533569526235624,4.503705523272565
14709,27-08-2026,SDLP,11,-17.0,val,-9.912623584571866,-24.12999664389379,4.304749474750059
14709,27-08-2026,RMB,12,-43.0,val,-27.81105795953046,-42.58157256060752,-13.040543358453396
14709,27-08-2026,LHU,13,-21.0,val,-13.753671388222408,-27.839037843324764,0.33169506687994854
14709,27-08-2026,SRGH,14,-21.0,val,-12.833864074651077,-26.477394286933354,0.8096661376312007
14709,27-08-2026,CRWA,15,-23.0,val,-13.907334176823623,-27.946471352418975,0.13180299877172885
14709,27-08-2026,RSH,16,-22.0,val,-14.999403709214716,-28.333915889726875,-1.664891528702558
14709,27-08-2026,JJN,17,-16.0,val,-14.242057259785806,-27.671860197515453,-0.8122543220561589
14709,27-08-2026,NUA,18,-16.0,val,-14.303038097767299,-27.843792308904845,-0.7622838866297528
14709,27-08-2026,DOB,19,-17.0,val,-13.85189775443959,-27.711261485258277,0.007465976379096517
14709,27-08-2026,NWH,20,-16.0,val,-13.319377250007054,-26.791092926014464,0.15233842600035707
14709,27-08-2026,SIKR,21,-18.0,val,-14.606492544292061,-28.52104584913438,-0.6919392394497432
14709,27-08-2026,PLSN,22,-16.0,val,-10.811649399598934,-25.056910763644403,3.433611964446536
14709,27-08-2026,RGS,23,-19.0,val,-14.368450044980884,-28.95271024210561,0.21581015214384003
14709,27-08-2026,GND,24,-23.0,val,-17.012840103385756,-30.12772924631719,-3.8979509604543203
14709,27-08-2026,COM,25,-21.0,val,-17.394128449351797,-25.758030742082344,-9.03022615662125
14709,27-08-2026,DKBJ,26,-26.0,val,-22.850696812831295,-29.049734396114772,-16.651659229547818
14715,24-08-2026,HSR,0,-17.0,val,-9.879050103225334,-22.718200172740552,2.9600999662898833
14715,24-08-2026,STD,1,-19.0,val,-12.51386566346654,-27.38994513022599,2.36221380329291
14715,24-08-2026,HNS,2,-21.0,val,-15.117714833836462,-30.732135137374378,0.49670546970145324
14715,24-08-2026,JKZ,4,-22.0,val,-16.14503640202578,-30.711637293139837,-1.5784355109117243
14715,24-08-2026,BWK,5,-24.0,val,-18.45830435199163,-30.93796627829454,-5.978642425688717
14715,24-08-2026,BNW,6,-19.0,val,-14.212632917509778,-27.115837672243266,-1.309428162776289
14715,24-08-2026,MHU,7,-22.0,val,-17.17390860260683,-32.67771593721122,-1.6701012680024405
14715,24-08-2026,CKD,8,-22.0,val,-17.218809679600703,-33.661766332607115,-0.7758530265942944
14715,24-08-2026,JRL,9,-23.0,val,-17.619284374425412,-34.26940766817512,-0.9691610806757005
14715,24-08-2026,SDRA,10,-21.0,val,-16.481005546824278,-33.34205522156304,0.3800441279144806
14715,24-08-2026,KSI,11,-21.0,val,-15.80720103850594,-33.165644656858376,1.5512425798464946
14715,24-08-2026,JTS,13,-17.0,val,-12.6340909800325,-28.793414768822178,3.5252328087571776
14715,24-08-2026,KGBS,14,-17.0,val,-12.776296768480748,-28.708943113712305,3.1563495767508094
14715,24-08-2026,RE,15,-17.0,val,-13.203118048979633,-25.847179678110145,-0.5590564198491226
14715,24-08-2026,BWL,16,-30.0,val,-29.51477138975404,-45.40321189491208,-13.626330884595992
14715,24-08-2026,AIA,18,-50.0,val,-43.467044324192564,-57.7591497216731,-29.17493892671203
14715,24-08-2026,HSI,20,-55.0,val,-49.5953291046605,-62.84458647196216,-36.34607173735884
14715,24-08-2026,KRH,21,-35.0,val,-31.140069333153093,-44.30377892378133,-17.976359742524856
14715,24-08-2026,PSL,23,-40.0,val,-35.13379815833727,-48.39502671732673,-21.872569599347813
14715,24-08-2026,AWR,24,-44.0,val,-39.68204668693356,-53.23764287121607,-26.12645050265105
14715,24-08-2026,MWW,25,-45.0,val,-40.54225074208423,-54.414771051458246,-26.66973043271021
14715,24-08-2026,MKH,26,-44.0,val,-39.298223889677715,-53.31575234960104,-25.28069542975439
14715,24-08-2026,DGW,27,-45.0,val,-41.37323360346772,-56.07722370205586,-26.669243504879574
14715,24-08-2026,RHG,28,-51.0,val,-45.71258770036603,-63.36079164571642,-28.064383755015644
14715,24-08-2026,BU,30,-51.0,val,-51.34388226018497,-71.25403975958451,-31.433724760785417
14715,24-08-2026,BKI,32,-49.0,val,-51.107594992026605,-70.87999554545691,-31.335194438596307
14715,24-08-2026,ARNA,33,-71.0,val,-64.33897142424834,-77.53288963765002,-51.14505321084667
14715,24-08-2026,DO,35,-72.0,val,-69.48096992733238,-77.94444114222038,-61.01749871244438
14715,24-08-2026,BAI,37,-75.0,val,-66.87610091873724,-72.30267826408085,-61.44952357339362
14715,24-08-2026,KWP,38,-70.0,val,-62.80003634396124,-68.3130525928701,-57.28702009505239
14715,24-08-2026,GTJT,39,-46.0,val,-39.067341800536155,-45.20858748842489,-32.92609611264742
14715,24-08-2026,GADJ,40,-35.0,val,-29.419924532123343,-34.950225796944615,-23.889623267302067
14715,25-08-2026,HSR,0,-13.0,val,-9.252602483870001,-22.09175255338522,3.5865475856452154
14715,25-08-2026,STD,1,-15.0,val,-11.887418044111207,-26.763497510870657,2.988661422648242
14715,25-08-2026,HNS,2,-17.0,val,-14.49126721448113,-30.105687518019046,1.1231530890567853
14715,25-08-2026,JKZ,4,-34.0,val,-23.48195019209956,-38.04855108321362,-8.915349300985504
14715,25-08-2026,BWK,5,-33.0,val,-26.251207861461427,-38.73086978776434,-13.771545935158516
14715,25-08-2026,BNW,6,-28.0,val,-22.012548811839263,-34.915753566572754,-9.109344057105774
14715,25-08-2026,MHU,7,-31.0,val,-24.884668129448293,-40.38847546405268,-9.380860794843905
14715,25-08-2026,CKD,8,-29.0,val,-23.78837107226645,-40.23132772527286,-7.345414419260042
14715,25-08-2026,JRL,9,-29.0,val,-23.410990328268337,-40.06111362201805,-6.7608670345186255
14715,25-08-2026,SDRA,10,-28.0,val,-22.632363268083683,-39.493412942822445,-5.771313593344924
14715,25-08-2026,KSI,11,-28.0,val,-22.04759905204283,-39.406042670395266,-4.689155433690395
14715,25-08-2026,JTS,13,-24.0,val,-18.90410934912738,-35.06343313791706,-2.7447855603377036
14715,25-08-2026,KGBS,14,-20.0,val,-17.039209764172856,-32.97185610940441,-1.106563418941299
14715,25-08-2026,RE,15,-20.0,val,-17.008541693639422,-29.652603322769934,-4.364480064508912
14715,25-08-2026,BWL,16,-26.0,val,-29.365962152125775,-45.25440265728382,-13.477521646967729
14715,25-08-2026,AIA,18,-33.0,val,-35.80905320227152,-50.101158599752054,-21.516947804790988
14715,25-08-2026,HSI,20,-40.0,val,-41.63766431456527,-54.88692168186694,-28.388406947263608
14715,25-08-2026,KRH,21,-20.0,val,-23.24180060816052,-36.40551019878876,-10.078091017532284
14715,25-08-2026,PSL,23,-37.0,val,-33.89079831051411,-47.152026869503565,-20.62956975152465
14715,25-08-2026,AWR,24,-42.0,val,-40.11345518877635,-53.66905137305886,-26.55785900449384
14715,25-08-2026,MWW,25,-42.0,val,-40.74850353106754,-54.62102384044156,-26.875983221693524
14715,25-08-2026,MKH,26,-41.0,val,-39.42167271072286,-53.439201170646186,-25.404144250799536
14715,25-08-2026,DGW,27,-42.0,val,-41.45536448229433,-56.15935458088247,-26.751374383706185
14715,25-08-2026,RHG,28,-48.0,val,-45.77094775636917,-63.41915170171956,-28.122743811018783
14715,25-08-2026,BU,30,-49.0,val,-51.90830639022512,-71.81846388962467,-31.99814889082557
14715,25-08-2026,BKI,32,-56.0,val,-56.57490668343453,-76.34730723686482,-36.80250613000423
14715,25-08-2026,ARNA,33,-70.0,val,-66.85974452872696,-80.05366274212864,-53.66582631532529
14715,25-08-2026,DO,35,-82.0,val,-77.23482493511538,-85.69829615000339,-68.77135372022738
14715,25-08-2026,BAI,37,-74.0,val,-68.65284512101216,-74.07942246635578,-63.226267775668546
14715,25-08-2026,KWP,38,-70.0,val,-64.58427676322987,-70.09729301213872,-59.07126051432102
14715,25-08-2026,GTJT,39,-45.0,val,-40.408241051722676,-46.54948673961141,-34.26699536383394
14715,25-08-2026,GADJ,40,-36.0,val,-31.546426261635663,-37.076727526456935,-26.016124996814387
14715,26-08-2026,HSR,0,-2.0,val,-9.879050103225334,-22.718200172740552,2.9600999662898833
14715,26-08-2026,STD,1,-4.0,val,-12.51386566346654,-27.38994513022599,2.36221380329291
14715,26-08-2026,HNS,2,-8.0,val,-16.18180328113625,-31.796223584674166,-0.567382977598335
14715,26-08-2026,JKZ,4,-16.0,val,-20.88018636898501,-35.44678726009907,-6.313585477870955
14715,26-08-2026,BWK,5,-20.0,val,-25.120174131857894,-37.599836058160804,-12.640512205554982
14715,26-08-2026,BNW,6,-14.0,val,-20.724931706041943,-33.62813646077543,-7.821726951308454
14715,26-08-2026,MHU,7,-15.0,val,-22.520523686827648,-38.02433102143203,-7.016716352223259
14715,26-08-2026,CKD,8,-15.0,val,-22.31742662226495,-38.76038327527136,-5.874469969258541
14715,26-08-2026,JRL,9,-15.0,val,-22.119155677023482,-38.76927897077319,-5.46903238327377
14715,26-08-2026,SDRA,10,-13.0,val,-20.88310560700874,-37.744155281747496,-4.022055932269982
14715,26-08-2026,KSI,11,-12.0,val,-19.727263801210558,-37.08570741956299,-2.368820182858123
14715,26-08-2026,JTS,13,-8.0,val,-16.391114017406764,-32.55043780619644,-0.2317902286170863
14715,26-08-2026,KGBS,14,-8.0,val,-16.507324500630023,-32.43997084586158,-0.5746781553984661
14715,26-08-2026,RE,15,-5.0,val,-15.480117118853965,-28.124178747984473,-2.8360554897234547
14715,26-08-2026,BWL,16,-30.0,val,-37.935810543598194,-53.82425104875624,-22.04737003844015
14715,26-08-2026,AIA,18,-30.0,val,-42.245021595264845,-56.53712699274538,-27.95291619778431
14715,26-08-2026,HSI,20,-34.0,val,-45.98712295410914,-59.236380321410806,-32.73786558680747
14715,26-08-2026,KRH,21,-14.0,val,-27.167220103500174,-40.330929694128415,-14.003510512871937
14715,26-08-2026,PSL,23,-18.0,val,-30.562024013116453,-43.823252572105915,-17.30079545412699
14715,26-08-2026,AWR,24,-23.0,val,-35.626161610972325,-49.18175779525484,-22.070565426689814
14715,26-08-2026,MWW,25,-24.0,val,-36.62575600039565,-50.498276309769665,-22.75323569102163
14715,26-08-2026,MKH,26,-22.0,val,-34.91951812680006,-48.93704658672338,-20.901989666876734
14715,26-08-2026,DGW,27,-23.0,val,-36.91573074070624,-51.61972083929438,-22.211740642118095
14715,26-08-2026,RHG,28,-24.0,val,-38.91910860349421,-56.5673125488446,-21.270904658143824
14715,26-08-2026,BU,30,-27.0,val,-45.35006028774106,-65.26021778714062,-25.439902788341506
14715,26-08-2026,BKI,32,-58.0,val,-62.943396732370445,-82.71579728580075,-43.17099617894014
14715,26-08-2026,ARNA,33,-57.0,val,-68.378406670466,-81.57232488386768,-55.18448845706433
14715,26-08-2026,DO,35,-61.0,val,-72.30390139391608,-80.76737260880408,-63.840430179028075
14715,26-08-2026,BAI,37,-53.0,val,-62.93102595425878,-68.35760329960239,-57.50444860891516
14715,26-08-2026,KWP,38,-52.0,val,-60.52723569396968,-66.04025194287853,-55.01421944506083
14715,26-08-2026,GTJT,39,-33.0,val,-39.40807763202365,-45.54932331991238,-33.266831944134914
14715,26-08-2026,GADJ,40,-31.0,val,-34.58500284910397,-40.11530411392525,-29.054701584282697
14715,27-08-2026,HSR,0,11.0,val,-9.252602483870001,-22.091700146519806,3.5864951787798045
14715,27-08-2026,STD,1,7.0,val,-12.91432175046459,-27.7903582249553,1.961714724026118
14715,27-08-2026,HNS,2,4.0,val,-16.278299394974333,-31.892683476968653,-0.6639153129800128
14715,27-08-2026,JKZ,4,-10.0,val,-23.903553892483732,-38.470119015112985,-9.336988769854475
14715,27-08-2026,BWK,5,-15.0,val,-29.37916733188177,-41.858790219011325,-16.89954444475222
14715,27-08-2026,BNW,6,-12.0,val,-26.920198505783787,-39.82336630643867,-14.017030705128906
14715,27-08-2026,MHU,7,-14.0,val,-29.45915205623703,-44.962930329315405,-13.955373783158654
14715,27-08-2026,CKD,8,-14.0,val,-29.342374691867608,-45.78530552061652,-12.899443863118698
14715,27-08-2026,JRL,9,-17.0,val,-30.743216193186207,-47.393315372963784,-14.093117013408634
14715,27-08-2026,SDRA,10,-15.0,val,-29.726279550581744,-46.5873066928605,-12.865252408302986
14715,27-08-2026,KSI,11,-15.0,val,-29.06249983973505,-46.42092263026285,-11.704077049207253
14715,27-08-2026,JTS,13,-12.0,val,-26.398357300344024,-42.55765982149049,-10.239054779197556
14715,27-08-2026,KRH,21,-18.0,val,-37.168098234952396,-50.33186919393417,-24.00432727597062
14715,27-08-2026,AWR,24,-29.0,val,-46.9234446605864,-60.47905063658081,-33.36783868459199
14715,27-08-2026,BKI,32,-70.0,val,-80.42025456701342,-100.19266125979608,-60.64784787423075
14715,27-08-2026,DO,35,-68.0,val,-84.45958957377836,-92.92305664393072,-75.996122503626
14715,27-08-2026,KWP,38,-59.0,val,-72.43872525399027,-77.9517401953247,-66.92571031265584
14734,24-08-2026,JP,0,-27.0,val,-21.108443892286026,-34.25321015570364,-7.963677628868409
14734,24-08-2026,GADJ,1,-30.0,val,-24.710763888783017,-37.78420278560229,-11.637324991963743
14734,24-08-2026,GTJT,2,-30.0,val,-25.051292017643622,-37.58954466453183,-12.513039370755413
14734,24-08-2026,KWP,3,-32.0,val,-26.761195031365503,-38.55183122330861,-14.970558839422395
14734,24-08-2026,BAI,4,-33.0,val,-27.22078602714148,-39.40823179063746,-15.033340263645501
14734,24-08-2026,DO,6,-36.0,val,-30.0990849110542,-42.589932480525555,-17.608237341582843
14734,24-08-2026,ARNA,8,-43.0,val,-33.73189988651032,-46.388118804629585,-21.07568096839105
14734,24-08-2026,BKI,9,-45.0,val,-42.64661425926787,-55.892038745189694,-29.401189773346044
14734,24-08-2026,BU,11,-44.0,val,-42.434810996419614,-56.852185170660924,-28.017436822178304
14734,24-08-2026,RHG,13,-42.0,val,-43.669266323216746,-60.40942997697823,-26.929102669455258
14734,24-08-2026,DGW,14,-66.0,val,-56.88910380781977,-77.47373003416573,-36.304477581473826
14734,24-08-2026,MKH,15,-67.0,val,-62.911438799376924,-79.62399081695617,-46.19888678179768
14734,24-08-2026,MWW,16,-66.0,val,-63.896885433833894,-80.00633052222831,-47.78744034543948
14734,24-08-2026,AWR,17,-47.0,val,-44.696127818896926,-61.485953352639626,-27.90630228515423
14734,24-08-2026,PSL,18,-48.0,val,-46.08704550693358,-63.6904106811747,-28.483680332692455
14734,24-08-2026,KRH,20,-49.0,val,-47.29490960867478,-70.5022601821561,-24.087559035193454
14734,24-08-2026,HSI,21,-50.0,val,-49.92804777180877,-73.01393778540682,-26.84215775821071
14734,24-08-2026,AIA,23,-49.0,val,-50.60947527688232,-71.54035320915689,-29.678597344607756
14734,24-08-2026,BWL,25,-55.0,val,-52.885992305386466,-72.80008434795225,-32.97190026282068
14734,24-08-2026,RE,26,-33.0,val,-27.38224462327797,-48.651658727984454,-6.112830518571489
14734,24-08-2026,KGBS,27,-48.0,val,-35.9115378939854,-58.76093106559224,-13.062144722378555
14734,24-08-2026,JTS,28,-46.0,val,-38.256025002820195,-61.262310418145844,-15.249739587494549
14734,24-08-2026,KSI,30,-42.0,val,-35.67727881910238,-57.90211880859396,-13.452438829610806
14734,24-08-2026,SDRA,31,-41.0,val,-36.868095040999066,-60.04832959027425,-13.687860491723882
14734,24-08-2026,JRL,32,-46.0,val,-41.119233222159274,-62.80664862035409,-19.431817823964458
14734,24-08-2026,CKD,33,-47.0,val,-41.86767989557682,-63.181422190080724,-20.553937601072914
14734,24-08-2026,MHU,34,-50.0,val,-43.762317341370945,-65.65525885781557,-21.86937582492633
14734,24-08-2026,BNW,35,-57.0,val,-50.73806977885487,-72.56212283404301,-28.914016723666727
14734,24-08-2026,BWK,36,-58.0,val,-52.367658906058814,-74.25660109811074,-30.478716714006897
14734,24-08-2026,JKZ,37,-61.0,val,-54.712071133049314,-78.57643485169652,-30.847707414402112
14734,24-08-2026,HNS,39,-60.0,val,-57.00688101970011,-79.30851771280524,-34.70524432659498
14734,24-08-2026,STD,40,-64.0,val,-58.62999983458726,-83.45674765675042,-33.803252012424096
14734,24-08-2026,HSR,41,-46.0,val,-43.26390095787251,-67.73016870276956,-18.797633212975462
14734,24-08-2026,ADR,42,-44.0,val,-42.14148218276426,-66.70836589347087,-17.574598472057648
14734,24-08-2026,BHT,43,-62.0,val,-53.7483859672087,-78.95928238670963,-28.53748954770776
14734,24-08-2026,DING,44,-62.0,val,-55.363683764588444,-81.23982507722205,-29.487542451954837
14734,24-08-2026,SSA,45,-42.0,val,-38.622055955609554,-65.43960459022435,-11.804507320994762
14734,24-08-2026,KNL,46,-49.0,val,-43.409753544950625,-70.21422210003453,-16.605284989866714
14734,24-08-2026,RMN,47,-58.0,val,-52.33436737065374,-76.53808936419335,-28.130645377114117
14734,25-08-2026,JP,0,-22.0,val,-19.85554865357536,-33.00031491699298,-6.710782390157744
14734,25-08-2026,GADJ,1,-26.0,val,-23.903734253295124,-36.977173150114396,-10.83029535647585
14734,25-08-2026,GTJT,2,-27.0,val,-24.81849852595061,-37.35675117283882,-12.2802458790624
14734,25-08-2026,KWP,3,-29.0,val,-26.72358405517885,-38.514220247121955,-14.932947863235743
14734,25-08-2026,BAI,4,-31.0,val,-27.797463000951996,-39.98490876444797,-15.610017237456018
14734,25-08-2026,DO,6,-33.0,val,-30.174996817257433,-42.665844386728786,-17.68414924778608
14734,25-08-2026,ARNA,8,-32.0,val,-29.172215307859076,-41.82843422597834,-16.515996389739808
14734,25-08-2026,BKI,9,-36.0,val,-38.58067167857169,-51.82609616449352,-25.335247192649863
14734,25-08-2026,BU,11,-43.0,val,-42.75758024691456,-57.17495442115587,-28.340206072673247
14734,25-08-2026,RHG,13,-43.0,val,-45.88213652415121,-62.62230017791269,-29.14197287038972
14734,25-08-2026,DGW,14,-44.0,val,-48.80382066872497,-69.38844689507091,-28.21919444237902
14734,25-08-2026,MKH,15,-50.0,val,-53.98246463134403,-70.69501664892327,-37.26991261376479
14734,25-08-2026,MWW,16,-55.0,val,-57.942504832637894,-74.05194992103232,-41.83305974424347
14734,25-08-2026,AWR,17,-35.0,val,-38.92489216275354,-55.71471769649624,-22.13506662901084
14734,25-08-2026,PSL,18,-37.0,val,-40.90498012334602,-58.50834529758714,-23.3016149491049
14734,25-08-2026,KRH,20,-39.0,val,-42.79116303141495,-65.99851360489627,-19.58381245793363
14734,25-08-2026,HSI,21,-41.0,val,-46.01134459516959,-69.09723460876765,-22.92545458157153
14734,25-08-2026,AIA,23,-59.0,val,-56.801798946168574,-77.73267687844314,-35.870921013894005
14734,25-08-2026,BWL,25,-67.0,val,-62.17658473876828,-82.09067678133407,-42.262492696202486
14734,25-08-2026,RE,26,-27.0,val,-27.304405863300147,-48.57381996800663,-6.034991758593666
14734,25-08-2026,KGBS,27,-31.0,val,-29.028015565760782,-51.877408737367624,-6.17862239415394
14734,25-08-2026,JTS,28,-32.0,val,-31.05212609496621,-54.058411510291855,-8.045840679640563
14734,25-08-2026,KSI,30,-31.0,val,-30.02082047047162,-52.2456604599632,-7.795980480980042
14734,25-08-2026,SDRA,31,-31.0,val,-32.03936956173895,-55.219604111014135,-8.859135012463767
14734,25-08-2026,JRL,32,-33.0,val,-35.110915744686714,-56.79833114288153,-13.423500346491899
14734,25-08-2026,CKD,33,-34.0,val,-35.52615717314324,-56.83989946764714,-14.212414878639333
14734,25-08-2026,MHU,34,-35.0,val,-36.32280387785798,-58.215745394302594,-14.429862361413363
14734,25-08-2026,BNW,35,-49.0,val,-46.89755407207628,-68.72160712726443,-25.073501016888137
14734,25-08-2026,BWK,36,-50.0,val,-49.23014834632567,-71.11909053837759,-27.341206154273753
14734,25-08-2026,JKZ,37,-52.0,val,-51.126652961787514,-74.99101668043471,-27.262289243140312
14734,25-08-2026,HNS,39,-53.0,val,-54.31121606030697,-76.6128527534121,-32.00957936720184
14734,25-08-2026,STD,40,-54.0,val,-54.55652313033377,-79.38327095249693,-29.72977530817061
14734,25-08-2026,HSR,41,-36.0,val,-38.91984906481119,-63.386116809708234,-14.453581319914143
14734,25-08-2026,ADR,42,-36.0,val,-38.92201068177685,-63.48889439248346,-14.355126971070238
14734,25-08-2026,BHT,43,-38.0,val,-41.618438786732476,-66.82933520623341,-16.40754236723154
14734,25-08-2026,DING,44,-41.0,val,-43.62497285809541,-69.50111417072901,-17.748831545461805
14734,25-08-2026,SSA,45,-24.0,val,-28.857256438349324,-55.67480507296412,-2.039707803734533
14734,25-08-2026,KNL,46,-23.0,val,-29.153968328806634,-55.95843688389054,-2.349499773722723
14734,25-08-2026,RMN,47,-22.0,val,-32.26768433831526,-56.47140633185488,-8.063962344775643
14734,26-08-2026,JP,0,-4.0,val,-20.481996272930694,-33.62676253634831,-7.3372300095130765
14734,26-08-2026,GADJ,1,-8.0,val,-24.530181872650456,-37.60362076946973,-11.456742975831181
14734,26-08-2026,GTJT,2,-8.0,val,-25.007336033572756,-37.545588680460966,-12.469083386684547
14734,26-08-2026,KWP,3,-8.0,val,-25.8621370210071,-37.65277321295021,-14.071500829063993
14734,26-08-2026,BAI,4,-9.0,val,-25.99219490221763,-38.179640665713606,-13.804749138721652
14734,26-08-2026,DO,6,-13.0,val,-29.411334258863906,-41.90218182833526,-16.920486689392554
14734,26-08-2026,ARNA,8,-10.0,val,-27.38396789159105,-40.04018680971032,-14.72774897347178
14734,26-08-2026,BKI,9,-22.0,val,-40.40799654520972,-53.65342103113154,-27.162572059287893
14734,26-08-2026,BU,11,-21.0,val,-41.581738653361825,-55.999112827603135,-27.164364479120515
14734,26-08-2026,RHG,13,-22.0,val,-44.614426598200566,-61.35459025196205,-27.874262944439078
14734,26-08-2026,DGW,14,-37.0,val,-53.995585438831874,-74.58021166517781,-33.41095921248593
14734,26-08-2026,MKH,15,-51.0,val,-65.39136141448208,-82.10391343206132,-48.678809396902835
14734,26-08-2026,MWW,16,-50.0,val,-67.57372145333501,-83.68316654172943,-51.46427636494059
14734,26-08-2026,AWR,17,-30.0,val,-48.08811444610214,-64.87793997984484,-31.298288912359443
14734,26-08-2026,PSL,18,-32.0,val,-49.89865295508664,-67.50201812932777,-32.29528778084551
14734,26-08-2026,KRH,20,-36.0,val,-52.78669670058217,-75.99404727406349,-29.579346127100845
14734,26-08-2026,HSI,21,-37.0,val,-55.63505039357513,-78.72094040717319,-32.54916037997707
14734,26-08-2026,AIA,23,-39.0,val,-57.93062251357402,-78.86150044584859,-36.99974458129945
14734,26-08-2026,BWL,25,-40.0,val,-57.85788485834203,-77.77197690090782,-37.94379281577625
14734,26-08-2026,RE,26,-5.0,val,-24.734620288110616,-46.0040343928171,-3.4652061834041348
14734,26-08-2026,KGBS,27,-6.0,val,-25.368203141337244,-48.21759631294408,-2.518809969730402
14734,26-08-2026,JTS,28,-6.0,val,-26.625505473864735,-49.631790889190384,-3.6192200585390886
14734,26-08-2026,KSI,30,-5.0,val,-25.452518052868285,-47.67735804235986,-3.2276780633767075
14734,26-08-2026,SDRA,31,-6.0,val,-27.955339575681307,-51.13557412495649,-4.775105026406123
14734,26-08-2026,JRL,32,-6.0,val,-30.223004780319737,-51.910420178514556,-8.535589382124922
14734,26-08-2026,CKD,33,-12.0,val,-33.12275726157644,-54.43649955608035,-11.809014967072532
14734,26-08-2026,MHU,34,-12.0,val,-33.8474806745102,-55.74042219095482,-11.954539158065586
14734,26-08-2026,BNW,35,-12.0,val,-36.87355103957568,-58.697604094763825,-15.049497984387536
14734,26-08-2026,BWK,36,-14.0,val,-38.36827836029241,-60.25722055234432,-16.47933616824049
14734,26-08-2026,JKZ,37,-16.0,val,-40.24858426606562,-64.11294798471282,-16.38422054741842
14734,26-08-2026,HNS,39,-18.0,val,-43.97557314628716,-66.27720983939228,-21.673936453182034
14734,26-08-2026,STD,40,-18.0,val,-43.8620751853237,-68.68882300748686,-19.035327363160533
14734,26-08-2026,HSR,41,-5.0,val,-30.78707056972365,-55.25333831462069,-6.320802824826604
14734,26-08-2026,ADR,42,-3.0,val,-30.232252178541724,-54.79913588924833,-5.6653684678351155
14734,26-08-2026,BHT,43,-3.0,val,-31.73756773775494,-56.94846415725588,-6.526671318254003
14734,26-08-2026,DING,44,-6.0,val,-33.58202134814521,-59.45816266077882,-7.705880035511605
14734,26-08-2026,SSA,45,-3.0,val,-26.96079745522283,-53.778346089837626,-0.14324882060804
14734,26-08-2026,KNL,46,-19.0,val,-38.28925549990774,-65.09372405499165,-11.484786944823828
14734,26-08-2026,RMN,47,-22.0,val,-44.26595062690205,-68.46967262044167,-20.062228633362427
14734,27-08-2026,JP,0,0.0,val,-19.85554865357536,-33.00031491699298,-6.710782390157744
14734,27-08-2026,GADJ,1,-2.0,val,-23.012003046849582,-36.085441943668854,-9.938564150030308
14734,27-08-2026,GTJT,2,-2.0,val,-23.21590514364849,-35.7541577905367,-10.677652496760283
14734,27-08-2026,KWP,3,-7.0,val,-26.23102560240576,-38.02166179434887,-14.440389410462654
14734,27-08-2026,BAI,4,-8.0,val,-27.192247061278923,-39.3796928247749,-15.004801297782945
14734,27-08-2026,DO,6,-27.0,val,-39.49213831855131,-51.98298588802267,-27.001290749079956
14734,27-08-2026,ARNA,8,-27.0,val,-39.92106217564798,-52.577281093767255,-27.264843257528714
14734,27-08-2026,BKI,9,-40.0,val,-53.55157888098307,-66.7970033669049,-40.30615439506124
14734,27-08-2026,BU,11,-55.0,val,-63.352699394921885,-77.7700735691632,-48.935325220680575
14734,27-08-2026,RHG,13,-69.0,val,-74.65592123564358,-91.39608488940506,-57.91575758188209
14734,27-08-2026,DGW,14,-99.0,val,-92.40594122783838,-112.99056745418433,-71.82131500149244
14734,27-08-2026,MKH,15,-98.0,val,-98.8493122058938,-115.56186422347304,-82.13676018831455
14734,27-08-2026,MWW,16,-98.0,val,-100.21805828387535,-116.32750337226977,-84.10861319548093
14734,27-08-2026,AWR,17,-79.0,val,-80.94612817926378,-97.73595371300648,-64.15630264552108
14734,27-08-2026,PSL,18,-80.0,val,-82.22896851454718,-99.8323336887883,-64.62560334030606
14734,27-08-2026,KRH,20,-97.0,val,-92.00914629497204,-115.21649686845336,-68.80179572149072
14734,27-08-2026,HSI,21,-98.0,val,-95.81425204369569,-118.90014205729375,-72.72836203009763
14734,27-08-2026,AIA,23,-99.0,val,-97.81126681894585,-118.74214475122042,-76.88038888667128
14734,27-08-2026,BWL,25,-101.0,val,-98.11611548800877,-118.03020753057456,-78.20202344544299
14734,27-08-2026,RE,26,-71.0,val,-67.73896523150144,-89.00837933620792,-46.469551126794954
14734,27-08-2026,KGBS,27,-70.0,val,-67.74335393021349,-90.59274710182032,-44.893960758606646
14734,27-08-2026,JTS,28,-70.0,val,-68.80216212319873,-91.80844753852438,-45.79587670787308
14734,27-08-2026,KSI,30,-69.0,val,-67.54959327472992,-89.7744332642215,-45.32475328523834
14734,27-08-2026,SDRA,31,-69.0,val,-69.55060738264802,-92.73084193192321,-46.37037283337284
14734,27-08-2026,JRL,32,-71.0,val,-72.62238925363813,-94.30980465183295,-50.93497385544332
14734,27-08-2026,CKD,33,-71.0,val,-72.51168340471617,-93.82542569922008,-51.197941110212255
14734,27-08-2026,MHU,34,-75.0,val,-74.85048085399816,-96.74342237044277,-52.95753933755355
14734,27-08-2026,BNW,35,-74.0,val,-77.64524009452435,-99.4692931497125,-55.82118703933621
14734,27-08-2026,BWK,36,-75.0,val,-78.52976429752837,-100.41870648958029,-56.64082210547646
14734,27-08-2026,JKZ,37,-78.0,val,-80.84809459736879,-104.71245831601598,-56.98373087872159
14734,27-08-2026,HNS,39,-81.0,val,-85.17289833656011,-107.47453502966523,-62.871261643454986
14734,27-08-2026,STD,40,-82.0,val,-85.74804709344053,-110.57479491560369,-60.92129927127737
14734,27-08-2026,HSR,41,-69.0,val,-72.79082297727506,-97.25709072217211,-48.32455523237801
14734,27-08-2026,ADR,42,-87.0,val,-84.05471907298177,-108.62160278368837,-59.48783536227516
14734,27-08-2026,BHT,43,-83.0,val,-84.26681156663275,-109.4777079861337,-59.05591514713181
14734,27-08-2026,DING,44,-98.0,val,-92.18689660571434,-118.06303791834794,-66.31075529308073
14734,27-08-2026,SSA,45,-79.0,val,-77.44062678811764,-104.25817542273244,-50.623078153502846
14734,27-08-2026,KNL,46,-78.0,val,-77.55532443090296,-104.35979298598687,-50.75085587581904
14734,27-08-2026,RMN,47,-77.0,val,-80.59539624353893,-104.79911823707855,-56.39167424999931
14801,24-08-2026,JU,0,9.0,val,-13.99425051753145,-21.292635709832467,-6.695865325230434
14801,24-08-2026,BGKT,1,8.0,val,-16.836988239640192,-23.94868801864834,-9.725288460632042
14801,24-08-2026,BANE,2,7.0,val,-16.534609294570508,-24.157453840226978,-8.911764748914038
14801,24-08-2026,LUNI,3,8.0,val,-16.272188105732656,-24.817024693166843,-7.727351518298471
14801,24-08-2026,PMY,4,0.0,val,-21.34172517390205,-30.395810685843347,-12.28763966196075
14801,24-08-2026,MJ,5,-10.0,val,-28.736113916204364,-40.44498828128417,-17.027239551124556
14801,24-08-2026,SOD,6,-10.0,val,-30.00566805684256,-41.929059712748966,-18.08227640093615
14801,24-08-2026,HP,7,-23.0,val,-37.714015686438614,-48.51695940176153,-26.911071971115696
14801,24-08-2026,SEU,8,-21.0,val,-36.489789052804944,-47.16247129654128,-25.817106809068612
14801,24-08-2026,BER,9,-24.0,val,-38.24950410181441,-49.68066094693839,-26.81834725669043
14801,24-08-2026,AII,10,7.0,val,-17.215985704810148,-26.61158698431844,-7.820384425301857
14801,24-08-2026,NSD,11,1.0,val,-21.832222721652467,-32.508809790377384,-11.155635652927552
14801,24-08-2026,BJNR,12,-6.0,val,-28.72569960741464,-41.71976332891431,-15.73163588591497
14801,24-08-2026,RLR,13,-16.0,val,-38.10918505272654,-50.60434629431587,-25.61402381113721
14801,24-08-2026,BHL,14,-14.0,val,-36.316572912346956,-50.91028772089708,-21.72285810379683
14801,24-08-2026,GGR,15,-3.0,val,-26.396744299947088,-36.74787740034927,-16.04561119954491
14801,24-08-2026,CNA,16,6.0,val,-17.814307955876604,-27.0105335020988,-8.61808240965441
14801,24-08-2026,COR,17,3.0,val,-18.39696479368052,-27.23970756297412,-9.55422202438692
14801,24-08-2026,SMP,18,5.0,val,-17.08869901183928,-25.283199184880353,-8.894198838798212
14801,24-08-2026,NBH,19,-5.0,val,-27.430391641524754,-36.316225091929006,-18.5445581911205
14801,24-08-2026,JWO,20,-6.0,val,-29.03797386530432,-40.13873243039659,-17.937215300212056
14801,24-08-2026,NMH,21,0.0,val,-22.870706404790823,-34.87772754213649,-10.863685267445158
14801,24-08-2026,MLG,22,10.0,val,-15.768978451636638,-25.903096634733636,-5.63486026853964
14801,24-08-2026,PIP,23,2.0,val,-22.069796638544055,-32.495729388454166,-11.643863888633947
14801,24-08-2026,MDS,24,3.0,val,-21.70898535889696,-31.726446525957158,-11.691524191836761
14801,24-08-2026,DLD,25,4.0,val,-20.71589530970266,-30.725739271124887,-10.706051348280432
14801,24-08-2026,DOD,26,-3.0,val,-28.451647259796513,-37.8502002220534,-19.053094297539626
14801,24-08-2026,JAO,27,2.0,val,-23.588030045359254,-32.95321546893932,-14.222844621779187
14801,24-08-2026,NLI,28,-2.0,val,-24.754794272613914,-32.743594428721075,-16.765994116506757
14801,24-08-2026,RTM,29,4.0,val,-21.634814699319787,-29.97604221308441,-13.293587185555165
14801,24-08-2026,RNJ,30,7.0,val,-20.561822292012117,-27.41893210834955,-13.704712475674683
14801,24-08-2026,BNG,31,-8.0,val,-26.506666692207443,-32.24686940180927,-20.766463982605615
14801,24-08-2026,GPX,32,2.0,val,-19.308314377946243,-21.869722872764946,-16.74690588312754
14801,24-08-2026,FTD,33,-1.0,val,-22.038417136932903,-24.791043404802366,-19.28579086906344
14801,24-08-2026,LMNR,34,-20.0,val,-22.362171106623904,-24.40776652535725,-20.31657568789056
14801,25-08-2026,JU,0,-15.0,val,-13.929214925937353,-21.24509406930788,-6.613335782566829
14801,25-08-2026,BGKT,1,-18.0,val,-17.67349180494659,-24.80324332279879,-10.54374028709439
14801,25-08-2026,BANE,2,-18.0,val,-17.328820441225627,-24.96795249005872,-9.689688392392533
14801,25-08-2026,LUNI,3,-18.0,val,-17.909971919364366,-26.467969970825646,-9.351973867903087
14801,25-08-2026,PMY,4,-19.0,val,-18.924867263667483,-27.992071330623403,-9.857663196711565
14801,25-08-2026,MJ,5,-27.0,val,-22.9613928062201,-34.67878077448992,-11.244004837950278
14801,25-08-2026,SOD,6,-28.0,val,-24.871146366634928,-36.801674484215575,-12.940618249054282
14801,25-08-2026,HP,7,-26.0,val,-24.90268200489896,-35.713186156179766,-14.092177853618155
14801,25-08-2026,SEU,8,-25.0,val,-23.496734268977047,-34.1759712092593,-12.817497328694792
14801,25-08-2026,BER,9,-25.0,val,-23.871505486263707,-35.30810464813203,-12.434906324395385
14801,25-08-2026,AII,10,-16.0,val,-17.09521904342557,-26.49867994496494,-7.691758141886199
14801,25-08-2026,NSD,11,-19.0,val,-21.31159329141335,-31.99332039461148,-10.62986618821522
14801,25-08-2026,BJNR,12,-27.0,val,-28.019305818361985,-41.017288824150924,-15.021322812573047
14801,25-08-2026,RLR,13,-34.0,val,-36.10877072371428,-48.60718525055333,-23.61035619687523
14801,25-08-2026,BHL,14,-30.0,val,-34.00771447474059,-48.60369734423982,-19.411731605241357
14801,25-08-2026,CNA,16,-16.0,val,-18.26223082697759,-27.461772502724322,-9.062689151230854
14801,25-08-2026,COR,17,-16.0,val,-17.026322168067253,-25.8720076007434,-8.180636735391106
14801,25-08-2026,SMP,18,-15.0,val,-15.384955937800758,-23.58190842552483,-7.188003450076687
14801,25-08-2026,NBH,19,-26.0,val,-26.030460459648932,-34.918133020715004,-17.14278789858286
14801,25-08-2026,JWO,20,-28.0,val,-28.320071322005283,-39.42212600322809,-17.218016640782484
14801,25-08-2026,NMH,21,-19.0,val,-21.928507875231677,-33.93554021830215,-9.921475532161205
14801,25-08-2026,MLG,22,-15.0,val,-15.75204473190895,-25.88616537330705,-5.617924090510849
14801,25-08-2026,PIP,23,-20.0,val,-21.690826066987672,-32.11675986816574,-11.264892265809607
14801,25-08-2026,MDS,24,-22.0,val,-21.701655036838336,-31.719116454765725,-11.684193618910944
14801,25-08-2026,DLD,25,-19.0,val,-20.437904848738143,-30.44774883140463,-10.428060866071652
14801,25-08-2026,DOD,26,-24.0,val,-27.803792207208694,-37.20234512483595,-18.405239289581438
14801,25-08-2026,JAO,27,-20.0,val,-23.060698887392622,-32.42588428690611,-13.695513487879136
14801,25-08-2026,NLI,28,-29.0,val,-25.043355600814987,-33.03215574970885,-17.054555451921125
14801,25-08-2026,RTM,29,-25.0,val,-22.30665382112586,-30.64788127333694,-13.96542636891478
14801,25-08-2026,RNJ,30,-21.0,val,-21.105003454977687,-27.96211319970104,-14.247893710254335
14801,25-08-2026,BNG,31,-15.0,val,-23.82331522446306,-29.563517927862126,-18.083112521063992
14801,25-08-2026,GPX,32,-15.0,val,-17.69742588610563,-20.258834373763456,-15.136017398447807
14801,25-08-2026,FTD,33,-17.0,val,-20.49710129983593,-23.249727504617084,-17.744475095054774
14801,25-08-2026,LMNR,34,-20.0,val,-18.31508670208793,-20.360682120821277,-16.269491283354586
14801,26-08-2026,JU,0,-12.0,val,-14.094502665345956,-21.410110922158207,-6.778894408533707
14801,26-08-2026,BGKT,1,-13.0,val,-17.54928111490011,-24.678751522453908,-10.419810707346315
14801,26-08-2026,BANE,2,-13.0,val,-17.116016823152123,-24.75489418205263,-9.477139464251614
14801,26-08-2026,LUNI,3,-12.0,val,-17.496136026577048,-26.053920766660582,-8.938351286493516
14801,26-08-2026,PMY,4,-17.0,val,-19.30265783194462,-28.369636007076515,-10.235679656812728
14801,26-08-2026,MJ,5,-26.0,val,-23.52663808989106,-35.24387238570003,-11.809403794082085
14801,26-08-2026,SOD,6,-27.0,val,-25.413390252092093,-37.343784851365655,-13.482995652818534
14801,26-08-2026,HP,7,-25.0,val,-25.41820983152975,-36.228564494164615,-14.607855168894888
14801,26-08-2026,SEU,8,-23.0,val,-23.818568169968586,-34.49767109318249,-13.13946524675468
14801,26-08-2026,BER,9,-22.0,val,-24.001842499514492,-35.43832774572005,-12.56535725330893
14801,26-08-2026,AII,10,-11.0,val,-16.87815088556426,-26.281429943012427,-7.474871828116093
14801,26-08-2026,NSD,11,-14.0,val,-21.11065212168759,-31.7922551652793,-10.42904907809588
14801,26-08-2026,BJNR,12,-23.0,val,-28.020213330549083,-41.018092416951276,-15.022334244146892
14801,26-08-2026,RLR,13,-27.0,val,-35.57993869018094,-48.078259335795664,-23.081618044566213
14801,26-08-2026,BHL,14,-23.0,val,-33.48093872132211,-48.07685014831972,-18.885027294324498
14801,26-08-2026,GGR,15,-13.0,val,-24.907107588852764,-35.260764801655526,-14.553450376050005
14801,26-08-2026,CNA,16,-12.0,val,-18.2155915424811,-27.414149789508713,-9.017033295453487
14801,26-08-2026,COR,17,-17.0,val,-17.852811779209336,-26.6977091193235,-9.007914439095174
14801,26-08-2026,SMP,18,-13.0,val,-15.917123181277598,-24.1136570886897,-7.720589273865498
14801,26-08-2026,NBH,19,-22.0,val,-26.125469648810828,-35.0129775623693,-17.237961735252355
14801,26-08-2026,PIP,23,-19.0,val,-22.182571926603057,-32.60910483323884,-11.756039019967274
14801,26-08-2026,MDS,24,-16.0,val,-21.41476003146909,-31.43243380492799,-11.397086258010193
14801,26-08-2026,DLD,25,-13.0,val,-20.051486492782214,-30.0613769747696,-10.041596010794828
14801,26-08-2026,DOD,26,-20.0,val,-27.751091594989898,-37.14962697035224,-18.35255621962756
14801,26-08-2026,JAO,27,-17.0,val,-23.211591550684606,-32.5767484735092,-13.84643462786001
14801,26-08-2026,NLI,28,-18.0,val,-23.9529879052274,-31.941754098593563,-15.964221711861235
14801,26-08-2026,RTM,29,-15.0,val,-21.238699883725833,-29.579898442580898,-12.897501324870767
14801,26-08-2026,RNJ,30,-11.0,val,-20.078651734010464,-26.93573168943717,-13.22157177858376
14801,26-08-2026,BNG,31,-26.0,val,-26.01099687036393,-31.75117281359732,-20.270820927130536
14801,26-08-2026,GPX,32,-16.0,val,-18.8118516604472,-21.373216129314628,-16.250487191579772
14801,26-08-2026,LMNR,34,-20.0,val,-19.02655224128476,-21.072147660018107,-16.980956822551416
14801,27-08-2026,JU,0,-7.0,val,-14.094502665345956,-21.410383038268094,-6.778622292423818
14801,27-08-2026,BGKT,1,-10.0,val,-17.83877933655053,-24.968532130381327,-10.709026542719734
14801,27-08-2026,BANE,2,-10.0,val,-17.494107636470396,-25.133240841376264,-9.854974431564528
14801,27-08-2026,LUNI,3,-10.0,val,-18.075258430646183,-26.633257450472577,-9.517259410819792
14801,27-08-2026,PMY,4,-12.0,val,-19.277539748861706,-28.344744841504657,-10.210334656218757
14801,27-08-2026,MJ,5,-19.0,val,-23.116506038904742,-34.83389470506263,-11.399117372746852
14801,27-08-2026,SOD,6,-22.0,val,-25.398128534921494,-37.32865725894384,-13.467599810899147
14801,27-08-2026,HP,7,-23.0,val,-25.98843778629814,-36.798942616704196,-15.177932955892082
14801,27-08-2026,SEU,8,-23.0,val,-24.754839261096215,-35.43407681030026,-14.07560171189217
14801,27-08-2026,BER,9,-26.0,val,-25.644795888400928,-37.08139556790971,-14.20819620889215
14801,27-08-2026,AII,10,-12.0,val,-17.932627416040983,-27.33608914426027,-8.529165687821697
14801,27-08-2026,NSD,11,-22.0,val,-23.40142968408759,-34.08315735138876,-12.719702016786414
14801,27-08-2026,BJNR,12,-30.0,val,-30.102490509810586,-43.100473988354516,-17.104507031266657
14801,27-08-2026,RLR,13,-36.0,val,-37.950414932844694,-50.44882988697727,-25.451999978712117
14801,27-08-2026,BHL,14,-21.0,val,-33.886547278135964,-48.48253047297677,-19.29056408329516
14801,27-08-2026,GGR,15,-17.0,val,-26.33921024233267,-36.69295832751912,-15.98546215714622
14801,27-08-2026,CNA,16,-18.0,val,-20.055803532978466,-29.254449632571735,-10.857157433385195
14801,27-08-2026,COR,17,-15.0,val,-18.546190657483326,-27.3911711866844,-9.701210128282252
14801,27-08-2026,SMP,18,-11.0,val,-16.321938996521496,-24.518554742748307,-8.125323250294686
14801,27-08-2026,NBH,19,-22.0,val,-26.85130858596891,-35.73888838366671,-17.963728788271105
14801,27-08-2026,JWO,20,-20.0,val,-28.518925241870956,-39.62094603914664,-17.416904444595275
14801,27-08-2026,NMH,21,-15.0,val,-22.656246119081896,-34.66326725642756,-10.64922498173623
14801,27-08-2026,MLG,22,-6.0,val,-15.750084929243728,-25.884203112340728,-5.61596674614673
14801,27-08-2026,PIP,23,-15.0,val,-22.213828421050284,-32.63976117096039,-11.787895671140175
14801,27-08-2026,MDS,24,-15.0,val,-22.04964318245009,-32.06710434951029,-12.03218201538989
14801,27-08-2026,DLD,25,-13.0,val,-20.917805401246035,-30.927649362668262,-10.907961439823808
14801,27-08-2026,DOD,26,-19.0,val,-28.464126073216487,-37.86267903547338,-19.0655731109596
14801,27-08-2026,JAO,27,-13.0,val,-23.424249611857803,-32.78943503543787,-14.059064188277736
14801,27-08-2026,NLI,28,-16.0,val,-24.415275111146023,-32.404075267253184,-16.426474955038866
14801,27-08-2026,RTM,29,-17.0,val,-22.333164005723038,-30.67439151948766,-13.991936491958416
14801,27-08-2026,RNJ,30,-13.0,val,-21.266438701146406,-28.12354851748384,-14.409328884808971
14801,27-08-2026,BNG,31,-24.0,val,-26.584163545615546,-32.32436625521737,-20.843960836013718
14801,27-08-2026,GPX,32,-17.0,val,-19.744686661969585,-22.306095156788288,-17.18327816715088
14801,27-08-2026,FTD,33,-21.0,val,-22.684979302208884,-25.437605570078347,-19.93235303433942
14801,27-08-2026,LMNR,34,-20.0,val,-19.85483088709345,-21.900426305826795,-17.809235468360104
14813,24-08-2026,JU,0,12.0,val,14.809916596977027,-11.442081750198986,41.06191494415304
14813,24-08-2026,RKB,1,11.0,val,13.730249626414144,-12.70706229929988,40.16756155212817
14813,24-08-2026,BNO,3,9.0,val,11.08421522058414,-15.090691482535723,37.259121923704
14813,24-08-2026,JWL,4,9.0,val,10.477780877136956,-16.019589819232365,36.97515157350628
14813,24-08-2026,AAS,5,8.0,val,8.550891142651608,-17.840348724730458,34.94213101003368
14813,24-08-2026,PPR,6,-1.0,val,3.480861235512683,-23.444510096396144,30.40623256742151
14813,24-08-2026,UMED,7,-3.0,val,2.1632819204909404,-24.660922661332737,28.98748650231462
14813,24-08-2026,KXG,8,-2.0,val,2.179534744004152,-24.37633751957009,28.73540700757839
14813,24-08-2026,GOTN,9,-4.0,val,2.0733070676623777,-25.308337139071035,29.45495127439579
14813,24-08-2026,JOM,10,-6.0,val,0.3544108285180603,-28.383309776855665,29.092131433891783
14813,24-08-2026,MTD,11,-10.0,val,-4.423970013881412,-32.94686651146935,24.09892648370653
14813,24-08-2026,REN,12,-8.0,val,-2.47405401241359,-31.323740756909746,26.37563273208257
14813,24-08-2026,JAC,13,-10.0,val,-5.118015880333882,-34.616892723187775,24.380860962520007
14813,24-08-2026,DNA,14,-19.0,val,-10.205272761867814,-39.555881139793385,19.14533561605776
14813,24-08-2026,GCH,15,-15.0,val,-6.522818911314009,-35.66246907888293,22.61683125625491
14813,24-08-2026,BSRL,16,-15.0,val,-7.224214671206225,-36.356796672276445,21.908367329863992
14813,24-08-2026,BOW,17,-16.0,val,-6.533790543767008,-36.59030858718902,23.522727499655005
14813,24-08-2026,MKN,18,-19.0,val,-11.07109825412604,-41.212141496628576,19.06994498837649
14813,24-08-2026,KMNC,19,-19.0,val,-10.800521998741608,-40.845321480085516,19.244277482602296
14813,24-08-2026,NYK,20,-19.0,val,-10.57564693290683,-40.5076753023611,19.356381436547437
14813,24-08-2026,NAC,21,-19.0,val,-10.509964243665184,-41.28738989336618,20.26746140603581
14813,24-08-2026,GA,22,-12.0,val,-3.5562056536892155,-33.82846719868729,26.716055891308862
14813,24-08-2026,SBR,23,-11.0,val,-1.804866680187338,-31.9317153425844,28.321981982209724
14813,24-08-2026,FL,24,1.0,val,9.144243879877752,-18.462562372785733,36.75105013254124
14813,24-08-2026,HDA,25,-6.0,val,5.661207691875888,-22.400416086453717,33.72283147020549
14813,24-08-2026,JOB,27,-10.0,val,-0.16890075821832662,-27.01098715716064,26.673185640723982
14813,24-08-2026,BOBS,28,-12.0,val,-3.1017054728290336,-30.485001760259877,24.281590814601813
14813,24-08-2026,DNK,30,-20.0,val,-6.906067689670178,-34.738902956302525,20.926767576962167
14813,24-08-2026,KKU,31,-24.0,val,-17.367750063236194,-44.60630917088699,9.870809044414603
14813,24-08-2026,JP,32,0.0,val,-1.647346888109626,-30.51732328009043,27.222629503871175
14813,24-08-2026,DPA,33,-5.0,val,0.48837673930423553,-28.12420508293073,29.1009585615392
14813,24-08-2026,SNGN,34,-6.0,val,-3.2866624866326952,-32.904285950214295,26.330960976948905
14813,24-08-2026,SAS,35,-7.0,val,-4.6135304392296295,-35.11558776754277,25.888526889083508
14813,24-08-2026,CKS,36,-10.0,val,-7.0689196241435415,-36.01619263438397,21.878353386096883
14813,24-08-2026,CHNN,37,-13.0,val,-8.987962603054566,-38.48008631203426,20.504161105925125
14813,24-08-2026,BNLW,38,-12.0,val,-9.836930292079526,-39.44463907707858,19.770778492919526
14813,24-08-2026,SRAS,39,-14.0,val,-13.410690576275057,-45.675307222533114,18.853926069982997
14813,24-08-2026,ISA,40,-15.0,val,-13.430264682739264,-45.14327711101393,18.282747745535403
14813,24-08-2026,CKB,42,-16.0,val,-16.68730355837965,-47.72325617634044,14.348649059581145
14813,24-08-2026,DPZ,43,-18.0,val,-17.640402884549086,-48.79860359226402,13.51779782316585
14813,24-08-2026,SWM,44,1.0,val,1.3846936217750228,-30.518896488873636,33.28828373242368
14813,24-08-2026,RWJ,45,0.0,val,-1.1788523905663593,-33.27782427793708,30.920119496804357
14813,24-08-2026,AMLI,46,-3.0,val,-3.9575324774112293,-34.98941527383786,27.074350319015394
14813,24-08-2026,IDG,47,-4.0,val,-6.373344493708278,-37.089555196165826,24.342866208749268
14813,24-08-2026,LKE,48,-3.0,val,-7.095349737204009,-38.95100554581104,24.76030607140303
14813,24-08-2026,KPZ,49,-2.0,val,-6.266167218682735,-37.84255617101627,25.310221733650796
14813,24-08-2026,KPTN,50,-9.0,val,-12.825154776535392,-44.09212347675816,18.441813923687377
14813,24-08-2026,KOTA,51,-26.0,val,-7.753955347950428,-40.81333231010819,25.30542161420733
14813,24-08-2026,ATH,52,-27.0,val,-10.34702945402433,-43.89964768625254,23.205588778203882
14813,24-08-2026,BAZ,53,-29.0,val,-18.11103099152616,-43.661394263728624,7.439332280676307
14813,24-08-2026,ATRU,54,-27.0,val,-12.60439841962947,-47.35513391647412,22.14633707721518
14813,24-08-2026,SYL,55,-28.0,val,-13.586786118878077,-48.58855857231525,21.4149863345591
14813,24-08-2026,CAG,56,-19.0,val,-5.606441846072289,-41.05541855963586,29.842534867491285
14813,24-08-2026,RTA,57,-2.0,val,9.975206799515112,-15.165760894019067,35.11617449304929
14813,24-08-2026,GUNA,58,-3.0,val,8.217938027239061,-12.368027631754323,28.803903686232445
14813,24-08-2026,PGA,59,-9.0,val,4.631799924272402,-16.763454018340347,26.027053866885147
14813,24-08-2026,SHDR,60,-12.0,val,2.492165613695842,-18.533293643756068,23.517624871147753
14813,24-08-2026,ASKN,61,-17.0,val,-1.7259122898893415,-22.377789030691638,18.925964450912957
14813,24-08-2026,PIA,62,-21.0,val,-7.222881594569931,-28.56940914682774,14.12364595768788
14813,24-08-2026,MNV,63,-25.0,val,-10.729023427899522,-32.962575788731066,11.504528932932024
14813,24-08-2026,BINA,64,-21.0,val,-9.70763137015844,-34.520815881646946,15.105553141330068
14813,24-08-2026,MABA,65,-35.0,val,-16.802968493528518,-39.6158092060321,6.009872218975065
14813,24-08-2026,KAH,66,-37.0,val,-19.761946544283667,-43.16000977155372,3.63611668298638
14813,24-08-2026,BET,67,-37.0,val,-22.150958529453007,-45.41881565500195,1.1168985960959326
14813,24-08-2026,BAQ,68,-38.0,val,-28.552830089621395,-51.47509943570053,-5.630560743542258
14813,24-08-2026,GLG,69,-36.0,val,-30.837800714895582,-53.72245664311455,-7.953144786676617
14813,24-08-2026,BHS,70,-25.0,val,-22.755518331138347,-43.54529942788422,-1.9657372343924813
14813,24-08-2026,SCI,71,-24.0,val,-24.888215474959136,-45.93107641632946,-3.8453545335888073
14813,24-08-2026,SMT,72,-35.0,val,-27.50602958050816,-47.66415006281921,-7.347909098197107
14813,25-08-2026,JU,0,40.0,val,14.809916596977027,-11.442080412449178,41.06191360640323
14813,25-08-2026,RKB,1,39.0,val,13.730249484252695,-12.707061089210676,40.16756005771607
14813,25-08-2026,BNO,3,39.0,val,11.488159089250125,-14.686746366721405,37.66306454522166
14813,25-08-2026,JWL,4,37.0,val,10.550402128643888,-15.94696742828673,37.0477716855745
14813,25-08-2026,AAS,5,34.0,val,8.152478452469815,-18.23876034030051,34.54371724524014
14813,25-08-2026,PPR,6,32.0,val,4.409428817585087,-22.515941474141606,31.33479910931178
14813,25-08-2026,UMED,7,33.0,val,3.7832308766677105,-23.040972642704816,30.60743439604024
14813,25-08-2026,KXG,8,33.0,val,3.603895831427809,-22.951975401769584,30.159767064625203
14813,25-08-2026,GOTN,9,35.0,val,4.13570634153067,-23.245936906011384,31.517349589072726
14813,25-08-2026,JOM,10,33.0,val,2.511518784931486,-26.226200935976465,31.249238505839436
14813,25-08-2026,MTD,11,29.0,val,-2.326112393699702,-30.849008018023955,26.19678323062455
14813,25-08-2026,REN,12,14.0,val,-3.747078563441791,-32.596764420411326,25.102607293527747
14813,25-08-2026,JAC,13,10.0,val,-7.044050027418521,-36.54292601646618,22.454825961629137
14813,25-08-2026,DNA,14,6.0,val,-11.093751501190585,-40.444359038903585,18.256856036522414
14813,25-08-2026,GCH,15,11.0,val,-6.967486710467139,-36.107136040923535,22.17216261998926
14813,25-08-2026,BSRL,16,11.0,val,-7.587151856835129,-36.719733045440776,21.545429331770517
14813,25-08-2026,MKN,18,9.0,val,-11.042827011681455,-41.18415440669653,19.098500383333622
14813,25-08-2026,KMNC,19,8.0,val,-10.91496713082014,-40.95996150868418,19.1300272470439
14813,25-08-2026,NYK,20,9.0,val,-10.543877158347206,-40.4760240750765,19.388269758382087
14813,25-08-2026,NAC,21,9.0,val,-10.456315691132584,-41.233817604131715,20.321186221866547
14813,25-08-2026,GA,22,16.0,val,-3.5140544576113366,-33.7863459434873,26.758237028264627
14813,25-08-2026,SBR,23,18.0,val,-1.6033975477353821,-31.73026417898329,28.523469083512524
14813,25-08-2026,FL,24,39.0,val,10.892825337150615,-16.71399255250492,38.49964322680615
14813,25-08-2026,HDA,25,39.0,val,8.927303850562136,-19.13432642739753,36.988934128521805
14813,25-08-2026,JOB,27,26.0,val,1.7479476688393216,-25.09414229118608,28.59003762886472
14813,25-08-2026,BOBS,28,23.0,val,-1.6902726684087541,-29.073571042888176,25.69302570607067
14813,25-08-2026,DNK,30,14.0,val,-5.834506784186091,-33.66734306925365,21.99832950088146
14813,25-08-2026,KKU,31,4.0,val,-17.40131323896884,-44.63987288813111,9.83724641019343
14813,25-08-2026,JP,32,19.0,val,-3.38111053971111,-32.25108721874774,25.488866139325523
14813,25-08-2026,DPA,33,21.0,val,-0.40133681434837026,-29.01391881240021,28.211245183703472
14813,25-08-2026,SNGN,34,15.0,val,-4.681720106718866,-34.299343690323745,24.93590347688601
14813,25-08-2026,SAS,35,6.0,val,-7.517342771470464,-38.01940014465049,22.984714601709566
14813,25-08-2026,CKS,36,4.0,val,-9.843342653096574,-38.79061568246969,19.103930376276544
14813,25-08-2026,CHNN,37,0.0,val,-11.805155265108777,-41.297278982900195,17.686968452682642
14813,25-08-2026,BNLW,38,0.0,val,-12.735881575550568,-42.34359036389976,16.87182721279862
14813,25-08-2026,SRAS,39,-13.0,val,-18.139032558581004,-50.40364920626985,14.125584089107836
14813,25-08-2026,ISA,40,-18.0,val,-19.060639186625007,-50.77365161551435,12.65237324226434
14813,25-08-2026,CKB,42,-20.0,val,-22.429416092454577,-53.46536871061525,8.606536525706101
14813,25-08-2026,DPZ,43,-19.0,val,-22.77557311613432,-53.93377382394252,8.38262759167388
14813,25-08-2026,SWM,44,5.0,val,-2.7331680553252244,-34.63675816601666,29.17042205536621
14813,25-08-2026,RWJ,45,2.0,val,-5.440852540866112,-37.539824428252444,26.658119346520223
14813,25-08-2026,AMLI,46,-22.0,val,-11.53096942336504,-42.56285221980106,19.50091337307098
14813,25-08-2026,IDG,47,-24.0,val,-14.869080876951507,-45.58529157941314,15.847129825510127
14813,25-08-2026,LKE,48,-25.0,val,-15.916266204158601,-47.771922012767526,15.939389604450321
14813,25-08-2026,KPZ,49,-31.0,val,-16.117299867107125,-47.69368881944109,15.459089085226843
14813,25-08-2026,KPTN,50,-35.0,val,-22.039639918141184,-53.306608618364066,9.227328782081699
14813,25-08-2026,KOTA,51,-32.0,val,-13.482614344501293,-46.541991306659085,19.5767626176565
14813,25-08-2026,ATH,52,-34.0,val,-15.903651084476518,-49.456269316704734,17.6489671477517
14813,25-08-2026,BAZ,53,-36.0,val,-23.7781484299623,-49.32851166550766,1.772214805583065
14813,25-08-2026,ATRU,54,-34.0,val,-18.34284021659075,-53.09357563862667,16.407895205445165
14813,25-08-2026,SYL,55,-35.0,val,-19.345713762271718,-54.347486177554586,15.656058653011154
14813,25-08-2026,CAG,56,-26.0,val,-11.376994822256938,-46.82597152302407,24.071981878510194
14813,25-08-2026,RTA,57,20.0,val,9.104419415353751,-16.036548276203327,34.24538710691083
14813,25-08-2026,GUNA,58,26.0,val,8.651730169454783,-11.934235444732892,29.237695783642458
14813,25-08-2026,PGA,59,23.0,val,5.564150591010111,-15.831103360372765,26.95940454239299
14813,25-08-2026,SHDR,60,22.0,val,3.7113042363318876,-17.314155019521838,24.736763492185613
14813,25-08-2026,ASKN,61,19.0,val,-0.2392507780003228,-20.891127517612286,20.412625961611642
14813,25-08-2026,PIA,62,19.0,val,-5.1403840956036975,-26.48691164093509,16.206143449727698
14813,25-08-2026,MNV,63,17.0,val,-8.336139341486293,-30.569691699465018,13.897413016492434
14813,25-08-2026,BINA,64,12.0,val,-8.782667232613582,-33.59585174272415,16.03051727749699
14813,25-08-2026,MABA,65,12.0,val,-13.850864566604404,-36.66370527870133,8.961976145492521
14813,25-08-2026,KAH,66,11.0,val,-16.419099430595452,-39.817162657693274,6.9789637965023665
14813,25-08-2026,BET,67,5.0,val,-19.57811536791037,-42.84597249338897,3.6897417575682283
14813,25-08-2026,BAQ,68,-9.0,val,-27.983351910511654,-50.90562125656365,-5.061082564459657
14813,25-08-2026,GLG,69,-9.0,val,-31.033314225754577,-53.917970153969435,-8.148658297539715
14813,25-08-2026,BHS,70,-2.0,val,-23.612039309092516,-44.40182040583813,-2.8222582123469024
14813,25-08-2026,SCI,71,-2.0,val,-25.922141048318878,-46.96500198968918,-4.879280106948578
14813,25-08-2026,SMT,72,-3.0,val,-27.279654156484096,-47.43777463879515,-7.121533674173044
14813,26-08-2026,JU,0,45.0,val,12.165312766439396,-14.086685580736617,38.41731111361541
14813,26-08-2026,RKB,1,46.0,val,11.332972443493066,-15.104339482220958,37.77028436920709
14813,26-08-2026,BNO,3,42.0,val,8.434625463528384,-17.74028123959148,34.60953216664825
14813,26-08-2026,JWL,4,42.0,val,7.790489333647043,-18.706881362722278,34.28786003001637
14813,26-08-2026,AAS,5,38.0,val,5.285779813799655,-21.105460053582412,31.67701968118172
14813,26-08-2026,PPR,6,36.0,val,1.5437749970871786,-25.381596334821648,28.469146328996008
14813,26-08-2026,UMED,7,34.0,val,0.34673502452374594,-26.477469557299933,27.170939606347424
14813,26-08-2026,KXG,8,35.0,val,0.3336754116741405,-26.2221968519001,26.88954767524838
14813,26-08-2026,GOTN,9,34.0,val,0.3785850931025987,-27.003059113630812,27.760229299836013
14813,26-08-2026,JOM,10,32.0,val,-1.331188609603231,-30.068909214976955,27.406531995770493
14813,26-08-2026,MTD,11,29.0,val,-5.951845096407975,-34.474741593995915,22.571051401179968
14813,26-08-2026,REN,12,31.0,val,-4.019662172731534,-32.86934891722769,24.830024571764625
14813,26-08-2026,JAC,13,27.0,val,-7.075938529466141,-36.57481537232003,22.422938313387746
14813,26-08-2026,DNA,14,24.0,val,-11.088206816509963,-40.438815194435534,18.26240156141561
14813,26-08-2026,GCH,15,25.0,val,-7.875627404990716,-37.01527757255963,21.2640227625782
14813,26-08-2026,BSRL,16,25.0,val,-8.667142593775651,-37.79972459484587,20.465439407294568
14813,26-08-2026,BOW,17,25.0,val,-7.81764644349091,-37.874164486912925,22.2388715999311
14813,26-08-2026,MKN,18,21.0,val,-12.50076726681112,-42.64181050931366,17.640275975691413
14813,26-08-2026,KMNC,19,21.0,val,-12.281172019130038,-42.32597150047394,17.76362746221387
14813,26-08-2026,NYK,20,21.0,val,-12.065562400151983,-41.99759076960625,17.866465969302286
14813,26-08-2026,NAC,21,20.0,val,-12.16650538829553,-42.94393103799652,18.610920261405465
14813,26-08-2026,GA,22,29.0,val,-4.880972063123133,-35.15323360812121,25.391289481874942
14813,26-08-2026,SBR,23,31.0,val,-2.9214757079349316,-33.048324370332,27.20537295446213
14813,26-08-2026,FL,24,48.0,val,8.909058980050732,-18.69774727261275,36.51586523271422
14813,26-08-2026,HDA,25,43.0,val,5.944465698109724,-22.11715808021988,34.00608947643933
14813,26-08-2026,JOB,27,36.0,val,-0.35940549145996203,-27.201491890402274,26.482680907482347
14813,26-08-2026,BOBS,28,27.0,val,-4.59043166198482,-31.973727949415665,22.792864625446025
14813,26-08-2026,DNK,30,26.0,val,-7.489780945525569,-35.32261621215791,20.343054321106777
14813,26-08-2026,KKU,31,21.0,val,-17.956276597610472,-45.19483570526127,9.282282510040325
14813,26-08-2026,JP,32,42.0,val,-2.7540175715539115,-31.623993963534716,26.11595882042689
14813,26-08-2026,DPA,33,41.0,val,-0.07658264250067182,-28.689164464735637,28.535999179734294
14813,26-08-2026,SNGN,34,37.0,val,-4.177033588922911,-33.79465705250451,25.44058987465869
14813,26-08-2026,SAS,35,31.0,val,-6.520281059523809,-37.022338387836946,23.981776268789332
14813,26-08-2026,CKS,36,29.0,val,-8.889661817812238,-37.83693482805266,20.05761119242819
14813,26-08-2026,CHNN,37,25.0,val,-10.928820067254158,-40.42094377623385,18.563303641725533
14813,26-08-2026,BNLW,38,25.0,val,-11.935982567491068,-41.54369135249012,17.67172621750798
14813,26-08-2026,SRAS,39,22.0,val,-15.671555124466638,-47.93617177072469,16.59306152179142
14813,26-08-2026,ISA,40,21.0,val,-15.685634755534647,-47.39864718380932,16.02737767274002
14813,26-08-2026,CKB,42,21.0,val,-18.72664863760992,-49.762601255570715,12.309303980350876
14813,26-08-2026,DPZ,43,23.0,val,-18.970143085581654,-50.128343793296594,12.188057622133282
14813,26-08-2026,SWM,44,47.0,val,1.0099409664237762,-30.89364914422488,32.913531077072435
14813,26-08-2026,RWJ,45,44.0,val,-1.7914859138148498,-33.89045780118557,30.307485973555867
14813,26-08-2026,AMLI,46,43.0,val,-4.325365832990099,-35.35724862941672,26.706516963436528
14813,26-08-2026,IDG,47,42.0,val,-6.720838680247031,-37.43704938270457,23.995372022210514
14813,26-08-2026,LKE,48,42.0,val,-7.639920953820317,-39.495576762427355,24.215734854786717
14813,26-08-2026,KPZ,49,40.0,val,-7.412944091505751,-38.98933304383928,24.16344486082778
14813,26-08-2026,KPTN,50,37.0,val,-13.319304093830453,-44.58627279405322,17.947664606392316
14813,26-08-2026,KOTA,51,34.0,val,-5.8522416045194445,-38.9116185666772,27.20713535763831
14813,26-08-2026,ATH,52,32.0,val,-8.479603122541025,-42.032221354769234,25.073015109687187
14813,26-08-2026,BAZ,53,26.0,val,-17.05157869325079,-42.60194196545326,8.498784578951678
14813,26-08-2026,ATRU,54,21.0,val,-12.838669557669732,-47.58940505451438,21.912065939174916
14813,26-08-2026,SYL,55,19.0,val,-14.035625329504878,-49.03739778294205,20.9661471239323
14813,26-08-2026,CAG,56,27.0,val,-6.202036454292679,-41.651013167856256,29.246940259270897
14813,26-08-2026,RTA,57,58.0,val,11.796924751908312,-13.344042941625867,36.93789244544249
14813,26-08-2026,GUNA,58,62.0,val,10.96339284542625,-9.622572813567134,31.549358504419637
14813,26-08-2026,PGA,59,58.0,val,7.740363849630447,-13.6548900929823,29.135617792243195
14813,26-08-2026,SHDR,60,57.0,val,5.916251801353086,-15.109207456098824,26.941711058804998
14813,26-08-2026,ASKN,61,52.0,val,1.6923222986156756,-18.959554442186622,22.344199039417973
14813,26-08-2026,PIA,62,44.0,val,-4.507830263983323,-25.854357816241134,16.83869728827449
14813,26-08-2026,MNV,63,36.0,val,-8.719382027842219,-30.952934388673764,13.514170332989327
14813,26-08-2026,BINA,64,13.0,val,-12.111036445740355,-36.92422095722886,12.702148065748153
14813,26-08-2026,MABA,65,5.0,val,-18.574329267389913,-41.3871699798935,4.238511445113669
14813,26-08-2026,KAH,66,4.0,val,-21.254789642052234,-44.65285286932228,2.1432735852178126
14813,26-08-2026,BET,67,3.0,val,-23.69587365204069,-46.96373077758963,-0.42801652649174926
14813,26-08-2026,BAQ,68,-23.0,val,-33.571180466105716,-56.49344981218485,-10.648911120026579
14813,26-08-2026,GLG,69,-25.0,val,-37.22913136684033,-60.113787295059296,-14.344475438621362
14813,26-08-2026,BHS,70,-16.0,val,-29.518086063680343,-50.30786716042621,-8.728304966934477
14813,26-08-2026,SCI,71,-17.0,val,-31.903775633280773,-52.9466365746511,-10.860914691910445
14813,26-08-2026,SMT,72,-26.0,val,-34.29338997200172,-54.45151045431277,-14.135269489690668
14813,27-08-2026,JU,0,-4.0,val,14.97520433638563,-11.276699468131156,41.227108140902416
14813,27-08-2026,RKB,1,-4.0,val,14.019079852399326,-12.418136506283084,40.456296211081735
14813,27-08-2026,BNO,3,-10.0,val,10.641781817413671,-15.533036749165662,36.816600383993006
14813,27-08-2026,JWL,4,-10.0,val,9.944938793905205,-16.552351379334553,36.44222896714496
14813,27-08-2026,AAS,5,-12.0,val,7.850160878352996,-18.541003049092964,34.24132480579895
14813,27-08-2026,PPR,6,-14.0,val,4.199185338359515,-22.72611248972757,31.124483166446595
14813,27-08-2026,UMED,7,-15.0,val,3.2048551290080054,-23.61927437931998,30.02898463733599
14813,27-08-2026,KXG,8,-15.0,val,3.0098146656211133,-23.54598479305395,29.56561412429618
14813,27-08-2026,GOTN,9,-15.0,val,3.1984219184323135,-24.18315451464756,30.579998351512184
14813,27-08-2026,JOM,10,-15.0,val,1.889976492523683,-26.847681620890803,30.62763460593817
14813,27-08-2026,MTD,11,-20.0,val,-3.0491786358914537,-31.57201343497246,25.473656163189553
14813,27-08-2026,REN,12,-17.0,val,-1.0049317291837845,-29.854555770850606,27.844692312483037
14813,27-08-2026,JAC,13,-20.0,val,-3.871511955816243,-33.370328480810095,25.62730456917761
14813,27-08-2026,DNA,14,-23.0,val,-7.878116666076192,-37.2286656892031,21.472432357050714
14813,27-08-2026,GCH,15,-20.0,val,-4.307035390770705,-33.44662642569315,24.832555644151736
14813,27-08-2026,BSRL,16,-20.0,val,-5.081388982066629,-34.2139135939902,24.051135629856944
14813,27-08-2026,BOW,17,-22.0,val,-4.624500471625322,-34.68096445964452,25.431963516393875
14813,27-08-2026,MKN,18,-25.0,val,-9.210028671387672,-39.351019605836,20.93096226306066
14813,27-08-2026,KMNC,19,-24.0,val,-8.77962501716834,-38.824372778387776,21.265122744051098
14813,27-08-2026,NYK,20,-24.0,val,-8.538190277413825,-38.47016779351695,21.393787238689303
14813,27-08-2026,NAC,21,-25.0,val,-8.642677077130775,-39.42005445944484,22.134700305183294
14813,27-08-2026,GA,22,-18.0,val,-1.7426559204925844,-32.014867338934906,28.529555497949737
14813,27-08-2026,SBR,23,-17.0,val,0.003327868718478566,-30.123471662306375,30.130127399743333
14813,27-08-2026,FL,24,-8.0,val,10.44798430005547,-17.15876985112202,38.054738451232964
14813,27-08-2026,HDA,25,-10.0,val,7.70952331849366,-20.352050427547532,35.77109706453485
14813,27-08-2026,JOB,27,-47.0,val,-3.672916870242099,-30.51495174876569,23.169118008281494
14813,27-08-2026,BOBS,28,-51.0,val,-7.891514249680417,-35.27476100110563,19.4917325017448
14813,27-08-2026,DNK,30,-65.0,val,-12.77032601107723,-40.603112871932424,15.062460849777967
14813,27-08-2026,KKU,31,-73.0,val,-23.834176559827732,-51.0726868343984,3.4043337147429327
14813,27-08-2026,JP,32,-52.0,val,-8.507665678904734,-37.37759683801141,20.362265480201934
14813,27-08-2026,DPA,33,-53.0,val,-5.626603009428268,-34.23914012951638,22.985934110659844
14813,27-08-2026,SNGN,34,-61.0,val,-10.178839352588005,-39.79642054528604,19.438741840110026
14813,27-08-2026,SAS,35,-68.0,val,-12.629442592808136,-43.1314575284234,17.87257234280713
14813,27-08-2026,CKS,36,-71.0,val,-14.992565863942215,-43.93979445068594,13.954662722801508
14813,27-08-2026,CHNN,37,-72.0,val,-16.395331289690965,-45.88741260351409,13.096750024132163
14813,27-08-2026,BNLW,38,-70.0,val,-16.849966524791846,-46.45763359840917,12.757700548825476
14813,27-08-2026,SRAS,39,-73.0,val,-20.48784674630405,-52.75242627256806,11.776732779959957
14813,27-08-2026,ISA,40,-104.0,val,-25.673228606650593,-57.38620417668874,6.039746963387557
14813,27-08-2026,CKB,42,-106.0,val,-29.64165588901636,-60.67757056166782,1.3942587836351024
14813,27-08-2026,DPZ,43,-105.0,val,-29.940717107987172,-61.09888154135632,1.217447325381979
14813,27-08-2026,SWM,44,-87.0,val,-10.806265089193557,-42.709821238279225,21.097291059892108
14813,27-08-2026,RWJ,45,-88.0,val,-13.212539191283394,-45.31147786211373,18.88639947954694
14813,27-08-2026,AMLI,46,-91.0,val,-15.916655746228624,-46.94850540169267,15.115193909235423
14813,27-08-2026,IDG,47,-92.0,val,-18.26145007816094,-48.97762824505542,12.454728088733539
14813,27-08-2026,LKE,48,-92.0,val,-19.101330388048943,-50.95695578442295,12.754295008325066
14813,27-08-2026,KPZ,49,-88.0,val,-17.717640850121114,-49.29399704809284,13.858715347850612
14813,27-08-2026,KPTN,50,-88.0,val,-23.000516305461673,-54.26745333196445,8.266420721041097
14813,27-08-2026,KOTA,51,-76.0,val,-12.995126045593477,-46.05447526567933,20.06422317449238
14813,27-08-2026,ATH,52,-80.0,val,-15.847996621586542,-49.40058202159193,17.70458877841884
14813,27-08-2026,BAZ,53,-82.0,val,-23.85060651034796,-49.40093505251825,1.6997220318223327
14813,27-08-2026,ATRU,54,-79.0,val,-18.301344005678253,-53.05205616575079,16.449368154394286
14813,27-08-2026,SYL,55,-79.0,val,-19.148819158163302,-54.15057138037086,15.852933064044255
14813,27-08-2026,CAG,56,-70.0,val,-11.173899665771659,-46.62285849257,24.27505916102669
14813,27-08-2026,RTA,57,-26.0,val,8.942212047441718,-16.19872891075311,34.08315300563655
14813,27-08-2026,GUNA,58,-19.0,val,8.634712707723567,-11.951226064432548,29.220651479879685
14813,27-08-2026,PGA,59,-20.0,val,5.878660874031359,-15.516570673663582,27.273892421726302
14813,27-08-2026,SHDR,60,-20.0,val,4.228698703769579,-16.796740258605375,25.25413766614453
14813,27-08-2026,ASKN,61,-22.0,val,0.4494928413376224,-20.20236515418907,21.101350836864317
14813,27-08-2026,PIA,62,-24.0,val,-4.774939277852875,-26.121449933405792,16.571571377700046
14813,27-08-2026,MNV,63,-26.0,val,-8.005858164382872,-30.23939680053632,14.227680471770576
14813,27-08-2026,BINA,64,-32.0,val,-8.614444305329526,-33.427618599808724,16.19872998914967
14813,27-08-2026,MABA,65,-32.0,val,-13.694826712346867,-36.50765872895821,9.118005304264479
14813,27-08-2026,BET,67,-32.0,val,-18.46965962303385,-41.73751425964714,4.798195013579448
14813,27-08-2026,BAQ,68,-34.0,val,-24.97170705809608,-47.89397342758871,-2.049440688603447
14813,27-08-2026,SMT,72,-32.0,val,-24.544258628442577,-44.702379110753625,-4.386138146131525
15013,24-08-2026,JSM,1,-7.0,val,15.205429921510497,-19.778457011981285,50.189316855002275
15013,24-08-2026,POK,2,-12.0,val,3.103301452716047,-33.72602959662421,39.9326325020563
15013,24-08-2026,RDRA,3,-9.0,val,2.3045379381279996,-35.88559890811474,40.49467478437074
15013,24-08-2026,PLCJ,4,-11.0,val,-2.1371757479777083,-41.00536591140702,36.731014415451604
15013,24-08-2026,MWT,5,-59.0,val,-33.80232387271063,-73.64283932652629,6.038191581105032
15013,24-08-2026,RKB,6,-64.0,val,-26.459907925872397,-66.01813822445477,13.098322372709983
15013,24-08-2026,JU,7,-52.0,val,-17.585157108475258,-58.18496901987513,23.014654802924618
15013,24-08-2026,LUNI,9,-42.0,val,-11.708915935106415,-51.95141955053039,28.533587680317563
15013,24-08-2026,PMY,10,-44.0,val,-14.384421565759729,-56.60160566567433,27.832762534154867
15013,24-08-2026,MJ,11,-23.0,val,1.8200587411715012,-39.52415723438883,43.16427471673183
15013,24-08-2026,BER,12,-21.0,val,2.8548221339500635,-39.372433759768974,45.082078027669105
15013,24-08-2026,AII,13,-14.0,val,7.313361715072492,-31.167367146073996,45.79409057621898
15013,24-08-2026,KSG,14,-12.0,val,4.700229704070764,-31.092359492519265,40.492818900660794
15013,24-08-2026,JP,15,-11.0,val,6.565058775776905,-27.950590809116484,41.08070836067029
15013,24-08-2026,GADJ,16,-12.0,val,5.163429847027217,-29.72364215442404,40.050501848478476
15013,24-08-2026,DO,17,-28.0,val,-6.475200333575654,-41.27194353488552,28.321542867734212
15013,24-08-2026,BKI,18,-30.0,val,-10.886882477249722,-45.52183986892588,23.74807491442644
15013,24-08-2026,RHG,19,-30.0,val,-11.56478592451128,-45.94981170460545,22.820239855582887
15013,24-08-2026,AWR,20,-24.0,val,-7.462012380025981,-42.38320615871489,27.459181398662928
15013,24-08-2026,KRH,21,-29.0,val,-10.12878025374385,-44.70461804088471,24.447057533397015
15013,24-08-2026,BWL,22,-32.0,val,-12.370221560265275,-48.043775607520686,23.30333248699014
15013,24-08-2026,RE,23,-15.0,val,3.523549680540347,-32.440233345322206,39.4873327064029
15013,24-08-2026,PTRD,24,-18.0,val,-3.747662370049746,-39.78312039290286,32.28779565280337
15013,24-08-2026,GGN,25,-16.0,val,-13.790635694633998,-48.162342795183534,20.581071405915537
15013,24-08-2026,DEE,26,-33.0,val,-31.468465252578202,-63.857361407288735,0.9204309021323276
15013,24-08-2026,DLI,27,-12.0,val,-4.020328667629487,-29.548670958713927,21.508013623454957
15013,24-08-2026,SBB,28,-24.0,val,-17.9243014176315,-44.929597238361914,9.080994403098913
15013,24-08-2026,GZB,29,-15.0,val,-16.72345031044567,-41.691668644267374,8.244768023376032
15013,24-08-2026,HPU,30,-28.0,val,-23.81837280752187,-48.592002725262404,0.9552571102186569
15013,24-08-2026,MB,31,-7.0,val,-9.821775287448691,-30.7475499540757,11.103999379178319
15013,24-08-2026,RMU,32,-7.0,val,-8.309525533981013,-27.955791081400097,11.336740013438071
15013,24-08-2026,BLQR,33,-14.0,val,-14.57149482490351,-36.667962549732245,7.524972899925224
15013,24-08-2026,RUPC,34,-17.0,val,-17.096376508897965,-38.075038139954714,3.8822851221587804
15013,24-08-2026,LKU,35,-19.0,val,-19.750816470769383,-41.00945507037066,1.5078221288318936
15013,24-08-2026,HDW,36,-7.0,val,-0.6324367862572879,-14.082987171767275,12.818113599252701
15013,25-08-2026,JSM,1,-5.0,val,15.205429921510497,-19.77845872259886,50.18931856561986
15013,25-08-2026,POK,2,-14.0,val,2.3466454083515003,-34.482688846898924,39.17597966360192
15013,25-08-2026,RDRA,3,-10.0,val,1.819100953424299,-36.371038170868054,40.00924007771665
15013,25-08-2026,PLCJ,4,-9.0,val,-1.9835430700048242,-40.85173493364839,36.88464879363873
15013,25-08-2026,MWT,5,-60.0,val,-34.36797005960674,-74.20848686793246,5.472546748718983
15013,25-08-2026,RKB,6,-67.0,val,-27.3571320155336,-66.915364616877,12.201100585809797
15013,25-08-2026,JU,7,-51.0,val,-17.85838807208269,-58.45820215688192,22.741426012716538
15013,25-08-2026,BGKT,8,-51.0,val,-17.623187367274532,-58.93701062385964,23.690635889310578
15013,25-08-2026,LUNI,9,-44.0,val,-12.370684581421722,-52.61276231187283,27.871393149029387
15013,25-08-2026,PMY,10,-42.0,val,-14.28365838230979,-56.500791536384234,27.933474771764658
15013,25-08-2026,MJ,11,-29.0,val,0.2712083122567053,-41.073000912681636,41.61541753719504
15013,25-08-2026,BER,12,-26.0,val,1.6379736703279786,-40.58928206638569,43.86522940704165
15013,25-08-2026,AII,13,-16.0,val,6.727000877678533,-31.75372798079752,45.20772973615459
15013,25-08-2026,KSG,14,-15.0,val,3.886987287532978,-31.905601908814628,39.67957648388058
15013,25-08-2026,JP,15,-9.0,val,6.621580215756299,-27.894069369133778,41.137229800646374
15013,25-08-2026,GADJ,16,-11.0,val,5.040399970123966,-29.84667203132601,39.92747197157394
15013,25-08-2026,DO,17,-15.0,val,-4.440129359162954,-39.23687256047279,30.356613842146885
15013,25-08-2026,BKI,18,-19.0,val,-9.311584070580544,-43.946541462256704,25.323373321095616
15013,25-08-2026,RHG,19,-19.0,val,-10.054546017782096,-44.43957179787626,24.330479762312073
15013,25-08-2026,AWR,20,-14.0,val,-6.146434176305965,-41.067627954994876,28.774759602382943
15013,25-08-2026,KRH,21,-20.0,val,-8.994390192154643,-43.57022797929551,25.58144759498622
15013,25-08-2026,BWL,22,-25.0,val,-11.582373534145024,-47.25592758140044,24.09118051311039
15013,25-08-2026,RE,23,-10.0,val,3.9691488244363633,-31.99463420142619,39.932931850298914
15013,25-08-2026,PTRD,24,-21.0,val,-4.6786399091469075,-40.71409793200002,31.356818113706204
15013,25-08-2026,GGN,25,-32.0,val,-16.972089821284754,-51.34379692183429,17.39961727926478
15013,25-08-2026,DEE,26,-38.0,val,-32.77967677106905,-65.16857292577959,-0.39078061635851924
15013,25-08-2026,DLI,27,-12.0,val,-4.535161104457924,-30.063503395542366,20.99318118662652
15013,25-08-2026,SBB,28,-23.0,val,-17.98596058287943,-44.99125640360984,9.019335237850985
15013,25-08-2026,GZB,29,-21.0,val,-17.752519967177346,-42.720738300999045,7.215698366644357
15013,25-08-2026,HPU,30,-22.0,val,-23.139858615610017,-47.913488533350545,1.633771302130512
15013,25-08-2026,MB,31,-5.0,val,-9.802285269104225,-30.728059899517373,11.123489361308923
15013,25-08-2026,RMU,32,-5.0,val,-8.30995193796954,-27.956217488698726,11.336313612759646
15013,25-08-2026,BLQR,33,-10.0,val,-14.254184801890716,-36.35065251439647,7.842282910615037
15013,25-08-2026,RUPC,34,-12.0,val,-16.60253615943109,-37.581197790467485,4.3761254716053095
15013,25-08-2026,LKU,35,-12.0,val,-18.939010028444063,-40.19764862800204,2.319628571113917
15013,25-08-2026,HDW,36,-5.0,val,-0.5265299437507753,-13.977080329260763,12.924020441759213
15013,27-08-2026,JSM,1,34.0,val,15.205429921510497,-19.778406814238895,50.18926665725989
15013,27-08-2026,POK,2,26.0,val,2.535329538156599,-34.29390744314108,39.36456651945427
15013,27-08-2026,RDRA,3,31.0,val,2.2548607179568734,-35.93520928621461,40.444930722128355
15013,27-08-2026,PLCJ,4,23.0,val,-3.4913460347474796,-42.35948631332789,35.37679424383293
15013,27-08-2026,MWT,5,-18.0,val,-33.56372135335179,-73.40419706667606,6.276754359972479
15013,27-08-2026,RKB,6,6.0,val,-20.961918086075706,-60.52008083102588,18.59624465887447
15013,27-08-2026,JU,7,22.0,val,-11.438353570100949,-52.03810172299408,29.161394582792177
15013,27-08-2026,BGKT,8,21.0,val,-11.502396012487475,-52.81616390838949,29.811371883414544
15013,27-08-2026,LUNI,9,28.0,val,-6.72330144115298,-46.965342786914206,33.51873990460825
15013,27-08-2026,PMY,10,25.0,val,-9.762727167716063,-51.97982475345148,32.45437041801935
15013,27-08-2026,MJ,11,34.0,val,4.012392848520731,-37.3317844200712,45.35657011711267
15013,27-08-2026,AII,13,30.0,val,7.566669138103317,-30.919294645743395,46.05263292195003
15013,27-08-2026,KSG,14,32.0,val,5.140740240618667,-30.65247865483405,40.93395913607139
15013,27-08-2026,JP,15,25.0,val,5.631961291752137,-28.883682584198755,40.14760516770303
15013,27-08-2026,GADJ,16,22.0,val,3.870834176634817,-31.016229100005845,38.757897453275476
15013,27-08-2026,DO,17,17.0,val,-5.66770309944154,-40.46443754655141,29.12903134766833
15013,27-08-2026,BKI,18,3.0,val,-12.356033075398102,-46.990983886275416,22.27891773547921
15013,27-08-2026,AWR,20,7.0,val,-9.238450330273633,-44.16015868934643,25.68325802879917
15013,27-08-2026,KRH,21,0.0,val,-12.214572161976331,-46.79050090416088,22.361356580208213
15013,27-08-2026,BWL,22,6.0,val,-12.822141814132504,-48.4957039457329,22.851420317467888
15013,27-08-2026,RE,23,8.0,val,0.6025808855057138,-35.36120228703471,36.56636405804614
15013,27-08-2026,PTRD,24,-1.0,val,-7.947628257875724,-43.9830840281833,28.087827512431854
15013,27-08-2026,DEE,26,-19.0,val,-36.13120012831023,-68.52033893196186,-3.742061324658607
15013,27-08-2026,DLI,27,-11.0,val,-10.327593736615777,-35.856201939486226,15.201014466254671
15013,27-08-2026,SBB,28,-18.0,val,-23.97270527164392,-50.97809261590258,3.0326820726147368
15013,27-08-2026,GZB,29,-22.0,val,-24.555667312445564,-49.523940315031496,0.41260569014037074
15013,27-08-2026,HPU,30,-30.0,val,-31.12853122228447,-55.90216730250545,-6.354895142063491
15013,27-08-2026,MB,31,-30.0,val,-20.450547701649995,-41.3763224103282,0.47522700702820586
15013,27-08-2026,RMU,32,-27.0,val,-18.440459562981932,-38.08672511152514,1.2058059855612804
15013,27-08-2026,BLQR,33,-33.0,val,-24.49330323020755,-46.589770955096185,-2.396835505318922
15013,27-08-2026,RUPC,34,-37.0,val,-27.15514583641192,-48.13380746747626,-6.176484205347574
15013,27-08-2026,LKU,35,-40.0,val,-29.98204955690693,-51.24068816057935,-8.72341095323451
15013,27-08-2026,HDW,36,-7.0,val,-7.778784964742833,-21.22933535025282,5.671765420767155
19056,24-08-2026,UDN,1,0.0,val,-1.6949723269379282,-17.128887837399933,13.738943183524079
19056,24-08-2026,NVS,2,-16.0,val,-17.6571016096436,-33.583822705898974,-1.7303805133882264
19056,24-08-2026,VDH,3,-16.0,val,-17.371514612278663,-33.35332182078289,-1.3897074037744392
19056,24-08-2026,BIM,4,-18.0,val,-17.88250761416091,-33.43900848303264,-2.326006745289183
19056,24-08-2026,BL,5,-8.0,val,-8.397404319879941,-23.3696519264076,6.574843286647717
19056,24-08-2026,ATUL,6,-12.0,val,-12.46623443723181,-27.261664169821042,2.3291952953574224
19056,24-08-2026,PAD,7,-12.0,val,-12.71495098625093,-27.589188431635634,2.1592864591337726
19056,24-08-2026,UVD,8,-13.0,val,-14.011995662296336,-28.49441888091697,0.47042755632429945
19056,24-08-2026,VAPI,9,-13.0,val,-14.066311056131129,-31.418674355195144,3.2860522429328842
19056,24-08-2026,BLD,11,-13.0,val,-17.12842974098747,-34.08006324873752,-0.17679623323742177
19056,24-08-2026,SJN,12,-13.0,val,-18.32792807675069,-35.81213936700819,-0.8437167864931894
19056,24-08-2026,UBR,13,-14.0,val,-20.400095632131425,-39.89296432609094,-0.9072269381719096
19056,24-08-2026,GVD,15,-1.0,val,-15.11462001251864,-34.0720685316501,3.8428285066128236
19056,24-08-2026,DRD,16,1.0,val,-12.337471038231916,-28.230687525625193,3.5557454491613623
19056,24-08-2026,VGN,17,-22.0,val,-18.103506664730862,-31.39999295066341,-4.807020378798313
19056,24-08-2026,BOR,18,-26.0,val,-20.989864044447746,-34.73386648533306,-7.24586160356243
19056,24-08-2026,PLG,19,-25.0,val,-23.173821812471754,-32.524308798631054,-13.823334826312456
19056,24-08-2026,KLV,20,-25.0,val,-22.79616111780408,-32.31085400187149,-13.281468233736666
19056,24-08-2026,SAH,21,-24.0,val,-22.605894256222346,-31.768674517876264,-13.44311399456843
19056,24-08-2026,VTN,22,-23.0,val,-22.660477903271445,-31.319373800216717,-14.001582006326174
19056,24-08-2026,VR,23,-22.0,val,-24.01221142291917,-30.977063405214395,-17.047359440623943
19056,24-08-2026,BSR,24,-21.0,val,-24.78147228330181,-30.62361099560492,-18.9393335709987
19056,24-08-2026,BVI,25,-29.0,val,-32.02079970744286,-38.661996173353586,-25.379603241532138
19056,24-08-2026,ADH,26,-33.0,val,-32.349979265338206,-41.25028033453164,-23.449678196144774
19056,25-08-2026,UDN,1,-21.0,val,-2.1908355451637345,-17.62475105562574,13.243079965298271
19056,25-08-2026,NVS,2,-31.0,val,-17.15189951072025,-33.07862060697562,-1.2251784144648745
19056,25-08-2026,VDH,3,-32.0,val,-16.946355309634676,-32.9281625181389,-0.9645481011304522
19056,25-08-2026,BIM,4,-34.0,val,-17.49858781520161,-33.05508868407334,-1.9420869463298818
19056,25-08-2026,BL,5,-23.0,val,-7.878722202971745,-22.850969809499404,7.093525403555913
19056,25-08-2026,ATUL,6,-26.0,val,-11.802164658284225,-26.597594390873457,2.9932650743050075
19056,25-08-2026,PAD,7,-27.0,val,-12.142872100030184,-27.017109545414886,2.7313653453545186
19056,25-08-2026,UVD,8,-28.0,val,-13.478265170897782,-27.960688389518417,1.0041580477228536
19056,25-08-2026,VAPI,9,-28.0,val,-13.55049006547772,-30.902853364541734,3.801873233586294
19056,25-08-2026,BLD,11,-28.0,val,-16.620674285213372,-33.57230779296342,0.3309592225366771
19056,25-08-2026,SJN,12,-29.0,val,-17.971804064850016,-35.45601535510752,-0.48759277459251393
19056,25-08-2026,UBR,13,-30.0,val,-20.0692669323227,-39.56213562628221,-0.5763982383631863
19056,25-08-2026,GVD,15,-17.0,val,-14.791176858897385,-33.74862537802885,4.166271660234079
19056,25-08-2026,DRD,16,-18.0,val,-12.44484152811031,-28.338058015503588,3.448374959282969
19056,25-08-2026,VGN,17,-27.0,val,-16.245908256468937,-29.542394542401485,-2.949421970536388
19056,25-08-2026,BOR,18,-29.0,val,-18.511715656243005,-32.25571809712832,-4.7677132153576895
19056,25-08-2026,PLG,19,-28.0,val,-20.58641123088685,-29.93689821704615,-11.235924244727551
19056,25-08-2026,KLV,20,-27.0,val,-20.081689825819723,-29.596382709887138,-10.56699694175231
19056,25-08-2026,SAH,21,-32.0,val,-20.64301817979012,-29.805798441444033,-11.480237918136202
19056,25-08-2026,VTN,22,-32.0,val,-21.0590005406704,-29.71789643761567,-12.400104643725129
19056,25-08-2026,VR,23,-31.0,val,-22.512766296548556,-29.477618278843785,-15.547914314253328
19056,25-08-2026,BSR,24,-30.0,val,-23.30490304613605,-29.147041758439162,-17.46276433383294
19056,25-08-2026,BVI,25,-36.0,val,-30.247549947632514,-36.88874641354324,-23.60635348172179
19056,25-08-2026,ADH,26,-36.0,val,-29.96535968231992,-38.86566075151335,-21.06505861312649
19056,26-08-2026,UDN,1,-17.0,val,-1.5296845875293261,-16.963600097991332,13.90423092293268
19056,26-08-2026,NVS,2,-28.0,val,-16.6575927726107,-32.584313868866076,-0.7308716763553242
19056,26-08-2026,VDH,3,-28.0,val,-16.315910149199112,-32.297717357703334,-0.3341029406948888
19056,26-08-2026,BIM,4,-33.0,val,-17.302296581381125,-32.85879745025285,-1.7457957125093966
19056,26-08-2026,BL,5,-21.0,val,-7.586637560154746,-22.558885166682405,7.3856100463729115
19056,26-08-2026,ATUL,6,-24.0,val,-11.492477631890058,-26.287907364479288,3.3029521006991747
19056,26-08-2026,PAD,7,-24.0,val,-11.70603336948717,-26.580270814871874,3.168204075897533
19056,26-08-2026,UVD,8,-24.0,val,-12.86216392163559,-27.344587140256223,1.6202592969850453
19056,26-08-2026,VAPI,9,-24.0,val,-12.875777275595963,-30.228140574659975,4.47658602346805
19056,26-08-2026,BLD,11,-28.0,val,-16.527511923575922,-33.479145431325975,0.42412158417412726
19056,26-08-2026,SJN,12,-28.0,val,-17.84353277768514,-35.327744067942646,-0.35932148742763914
19056,26-08-2026,UBR,13,-28.0,val,-19.802143978066244,-39.29501267202576,-0.3092752841067288
19056,26-08-2026,GVD,15,-18.0,val,-14.895805549461322,-33.85325406859279,4.061642969670142
19056,26-08-2026,DRD,16,-17.0,val,-12.344574565727712,-28.23779105312099,3.548641921665567
19056,26-08-2026,VGN,17,-17.0,val,-14.77937461275282,-28.07586089868537,-1.4828883268202713
19056,26-08-2026,BOR,18,-17.0,val,-16.53241556624552,-30.276418007130836,-2.7884131253602025
19056,26-08-2026,PLG,19,-17.0,val,-18.659272294519333,-28.00975928067863,-9.308785308360035
19056,26-08-2026,KLV,20,-17.0,val,-18.322533951601535,-27.83722683566895,-8.807841067534122
19056,26-08-2026,SAH,21,-17.0,val,-18.297775746357512,-27.46055600801143,-9.134995484703596
19056,26-08-2026,VTN,22,-17.0,val,-18.54817167639101,-27.207067573336282,-9.88927577944574
19056,26-08-2026,VR,23,-17.0,val,-20.102653561020418,-27.067505543315647,-13.13780157872519
19056,26-08-2026,BSR,24,-17.0,val,-21.06682026773949,-26.908958980042602,-15.22468155543638
19056,26-08-2026,BVI,25,-28.0,val,-28.81398645627351,-35.455182922184235,-22.172789990362787
19056,26-08-2026,ADH,26,-29.0,val,-28.78727199324756,-37.68757306244099,-19.886970924054133
19056,27-08-2026,UDN,1,-5.0,val,-1.5296845875293261,-16.963600097991332,13.90423092293268
19056,27-08-2026,NVS,2,-21.0,val,-17.491813870235,-33.41853496649037,-1.5650927739796252
19056,27-08-2026,VDH,3,-21.0,val,-17.20622687287006,-33.18803408137428,-1.224419664365838
19056,27-08-2026,BIM,4,-23.0,val,-17.71721987475231,-33.27372074362404,-2.1607190058805816
19056,27-08-2026,BL,5,-14.0,val,-8.391715555872064,-23.36396316239972,6.580532050655593
19056,27-08-2026,ATUL,6,-17.0,val,-12.339590072664564,-27.135019805253798,2.455839659924669
19056,27-08-2026,PAD,7,-17.0,val,-12.559049102417925,-27.433286547802627,2.3151883429667777
19056,27-08-2026,UVD,8,-18.0,val,-13.845079082888935,-28.32750230150957,0.6373441357317002
19056,27-08-2026,VAPI,9,-19.0,val,-14.041107898531305,-31.393471197595318,3.3112554005327084
19056,27-08-2026,BLD,11,-21.0,val,-17.428085299640667,-34.37971880739072,-0.4764517918906179
19056,27-08-2026,SJN,12,-22.0,val,-18.83215596381987,-36.31636725407737,-1.3479446735623668
19056,27-08-2026,UBR,13,-22.0,val,-20.80323779021327,-40.29610648417278,-1.3103690962537549
19056,27-08-2026,GVD,15,-10.0,val,-15.618631442549926,-34.57607996168139,3.338817076581538
19056,27-08-2026,DRD,16,-21.0,val,-14.726392669380822,-30.6196091567741,1.1668238180124568
19056,27-08-2026,VGN,17,-21.0,val,-17.49234471111076,-30.78883099704331,-4.195858425178212
19056,27-08-2026,BOR,18,-24.0,val,-19.69381999448469,-33.43782243537001,-5.949817553599376
19056,27-08-2026,PLG,19,-24.0,val,-21.894445553019207,-31.244932539178507,-12.543958566859908
19056,27-08-2026,KLV,20,-24.0,val,-21.547029726345315,-31.06172261041273,-12.032336842277902
19056,27-08-2026,SAH,21,-24.0,val,-21.50558917352689,-30.668369435180807,-12.342808911872973
19056,27-08-2026,VTN,22,-24.0,val,-21.742395732213545,-30.401291629158816,-13.083499835268274
19056,27-08-2026,VR,23,-28.0,val,-23.81524223504582,-30.780094217341045,-16.850390252750593
19056,27-08-2026,BSR,24,-28.0,val,-24.901197269982102,-30.743335982285213,-19.05905855767899
19056,27-08-2026,BVI,25,-37.0,val,-32.36412981348185,-39.00532627939258,-25.72293334757113
19056,27-08-2026,ADH,26,-38.0,val,-32.2842102886445,-41.184511357837934,-23.38390921945107
19330,24-08-2026,ASV,1,8.799999999999955,val,-19.02208137519275,-39.280390322271174,1.2362275718856708
19330,24-08-2026,SDGM,2,-2.1700000000000728,val,-12.56456177903641,-32.193071064787205,7.063947506714381
19330,24-08-2026,NRD,3,21.649999999999977,val,-12.472006008788524,-32.290795859276585,7.346783841699539
19330,24-08-2026,NHM,4,-7.4799999999999045,val,-12.57269146024333,-34.50150597933802,9.35612305885136
19330,24-08-2026,TOD,5,-16.539999999999964,val,-13.651413697291895,-35.526966938408975,8.224139543825183
19330,24-08-2026,PRJ,6,-16.199999999999932,val,-19.402072136475045,-41.12725526952607,2.323110996575977
19330,24-08-2026,HMT,7,-24.5,val,-15.339302991578528,-37.0029188264808,6.324312843323746
19330,24-08-2026,SJS,8,1.8400000000000318,val,-14.593648577655413,-36.32716039068259,7.139863235371765
19330,24-08-2026,BHWA,9,7.4500000000000455,val,-15.373880123562495,-37.43672956267065,6.688969315545657
19330,24-08-2026,DNRP,10,-8.960000000000036,val,-14.056308999374199,-35.94248684126001,7.829868842511615
19330,24-08-2026,RDP,11,32.370000000000005,val,-14.231696567757748,-35.80690204424004,7.343508908724544
19330,24-08-2026,SES,12,-6.339999999999975,val,-9.17289276160452,-32.18883824895896,13.843052725749919
19330,24-08-2026,JYM,13,-38.31,val,-11.397980918434028,-34.36377344297328,11.567811606105225
19330,24-08-2026,ZW,14,-4.75,val,-12.015329445380587,-35.414530872238004,11.383871981476826
19330,24-08-2026,UMRA,15,-22.159999999999968,val,-7.783760007095179,-31.229142200698057,15.6616221865077
19330,24-08-2026,UDZ,16,-11.090000000000003,val,-9.801962952279816,-33.44428355242597,13.840357647866345
19330,24-08-2026,RPZ,17,-44.53,val,-8.80539068099217,-31.20551070388317,13.594729341898832
19330,24-08-2026,MVJ,18,-40.86999999999999,val,-10.839976422658994,-34.82465580331056,13.144702957992573
19330,24-08-2026,FAN,19,-30.510000000000005,val,-12.57567047154675,-36.39892619166432,11.247585248570822
19330,24-08-2026,KIN,20,-25.980000000000004,val,-9.654898194152231,-33.812287392493914,14.502491004189451
19330,24-08-2026,COR,21,-12.129999999999999,val,-4.49448106310496,-20.264866713924995,11.275904587715074
19330,25-08-2026,ASV,1,-2.160000000000082,val,-14.764269208027164,-35.022578155105585,5.494039739051258
19330,25-08-2026,SDGM,2,21.649999999999977,val,-17.825024348740715,-37.45353363449151,1.8034849370100758
19330,25-08-2026,NRD,3,-7.480000000000018,val,-17.060045566292846,-36.87883541678091,2.758744284195217
19330,25-08-2026,NHM,4,-16.529999999999973,val,-16.626312191953712,-38.5551267110484,5.302502327140978
19330,25-08-2026,TOD,5,-16.210000000000036,val,-19.587571902465648,-41.46312514358273,2.2879813386514307
19330,25-08-2026,PRJ,6,-24.5,val,-15.69682550811735,-37.422008641168375,6.0283576249336726
19330,25-08-2026,HMT,7,1.8399999999999181,val,-14.424995685223452,-36.088611520125724,7.238620149678821
19330,25-08-2026,SJS,8,7.4500000000000455,val,-16.20378061492924,-37.93729242795642,5.529731198097938
19330,25-08-2026,BHWA,9,-8.959999999999923,val,-15.802983211221722,-37.86583265032988,6.25986622788643
19330,25-08-2026,DNRP,10,32.370000000000005,val,-18.31848644091427,-40.20466428280008,3.567691400971544
19330,25-08-2026,RDP,11,-6.350000000000023,val,-11.761622044158267,-33.33682752064056,9.813583432324025
19330,25-08-2026,SES,12,-38.31,val,-11.45600128947154,-34.47194677682598,11.5599441978829
19330,25-08-2026,JYM,13,-4.75,val,-9.299753755076162,-32.265546279615414,13.666038769463091
19330,25-08-2026,ZW,14,-22.150000000000034,val,-8.251635166942387,-31.650836593799802,15.147566259915026
19330,25-08-2026,UMRA,15,-11.079999999999984,val,-9.438165818981506,-32.883548012584384,14.007216374621372
19330,25-08-2026,UDZ,16,-44.53,val,-9.967091480815537,-33.6094120809617,13.675229119330623
19330,25-08-2026,RPZ,17,-40.879999999999995,val,-8.807180385037324,-31.207300407928326,13.592939637853679
19330,25-08-2026,MVJ,18,-30.50999999999999,val,-12.803234052263079,-36.78791343291465,11.181445328388488
19330,25-08-2026,FAN,19,-25.97,val,-9.655775939643199,-33.47903165976077,14.167479780474373
19330,25-08-2026,KIN,20,-12.130000000000003,val,-10.693196257569099,-34.85058545591078,13.464192940772584
19330,25-08-2026,COR,21,-13.0,val,-5.620987762223119,-21.39137341304315,10.149397888596916
19330,26-08-2026,ASV,1,21.660000000000082,val,-16.46508004654168,-36.723388993620105,3.793228900536743
19330,26-08-2026,SDGM,2,-7.470000000000027,val,-16.12513120359686,-35.75364048934765,3.5033780821539295
19330,26-08-2026,NRD,3,-16.529999999999973,val,-15.748786379422905,-35.56757622991097,4.070003471065158
19330,26-08-2026,NHM,4,-16.209999999999923,val,-20.065502277411866,-41.99431679650655,1.8633122416828236
19330,26-08-2026,TOD,5,-24.5,val,-14.620049527989362,-36.49560276910644,7.255503713127716
19330,26-08-2026,PRJ,6,1.8400000000000318,val,-14.331524040087603,-36.056707173138626,7.39365909296342
19330,26-08-2026,HMT,7,7.449999999999932,val,-16.15493515570926,-37.818550990611534,5.508680679193013
19330,26-08-2026,SJS,8,-8.950000000000045,val,-16.825533809666027,-38.559045622693205,4.907978003361151
19330,26-08-2026,BHWA,9,32.370000000000005,val,-20.100999402668837,-42.16384884177699,1.9618500364393157
19330,26-08-2026,DNRP,10,-6.340000000000032,val,-12.303000837243095,-34.18917867912891,9.58317700464272
19330,26-08-2026,RDP,11,-38.31999999999999,val,-14.077291408766978,-35.65249688524927,7.497914067715314
19330,26-08-2026,SES,12,-4.75,val,-9.666621063363449,-32.68256655071789,13.349324423990991
19330,26-08-2026,JYM,13,-22.150000000000034,val,-5.608938098117202,-28.574730622656453,17.356854426422053
19330,26-08-2026,ZW,14,-11.080000000000041,val,-9.609895034334476,-33.00909646119189,13.789306392522937
19330,26-08-2026,UMRA,15,-44.52999999999997,val,-9.633130917160111,-33.07851311076299,13.812251276442767
19330,26-08-2026,UDZ,16,-40.870000000000005,val,-10.079801475749786,-33.722122075895946,13.562519124396374
19330,26-08-2026,RPZ,17,-30.52000000000001,val,-10.326208293244875,-32.72632831613588,12.073911729646127
19330,26-08-2026,MVJ,18,-25.97,val,-9.466221672130972,-33.45090105278254,14.518457708520595
19330,26-08-2026,FAN,19,-12.13000000000001,val,-10.51457387329815,-34.33782959341572,13.308681846819422
19330,26-08-2026,KIN,20,-17.690000000000005,val,-11.918464369737276,-36.075853568078955,12.238924828604407
19330,26-08-2026,COR,21,-13.0,val,-3.4976069822897333,-19.267992633109767,12.2727786685303
19330,27-08-2026,ASV,1,-7.470000000000027,val,-16.036984801473398,-36.29529374855182,4.221324145605024
19330,27-08-2026,SDGM,2,-16.530000000000086,val,-17.056789492367137,-36.685298778117925,2.5717197933836538
19330,27-08-2026,NRD,3,-16.210000000000036,val,-20.04636195213372,-39.86515180262178,-0.22757210164565578
19330,27-08-2026,NHM,4,-24.5,val,-16.183702358145347,-38.11251687724004,5.745112160949343
19330,27-08-2026,TOD,5,1.8400000000000318,val,-14.161132192989465,-36.036685434106545,7.714421048127614
19330,27-08-2026,PRJ,6,7.460000000000036,val,-16.529419572500995,-38.25460270555202,5.195763560550027
19330,27-08-2026,HMT,7,-8.950000000000045,val,-17.253119867752257,-38.916735702654535,4.410495967150016
19330,27-08-2026,SJS,8,32.379999999999995,val,-20.832724106340454,-42.56623591936763,0.9007877066867245
19330,27-08-2026,BHWA,9,-6.339999999999918,val,-13.826590214987004,-35.889439654095156,8.236259224121149
19330,27-08-2026,DNRP,10,-38.32000000000005,val,-16.738108321279405,-38.62428616316522,5.148069520606409
19330,27-08-2026,RDP,11,-4.759999999999991,val,-12.253768378098382,-33.828973854580674,9.32143709838391
19330,27-08-2026,SES,12,-22.149999999999977,val,-6.111264055447789,-29.127209542802227,16.904681431906653
19330,27-08-2026,JYM,13,-11.080000000000041,val,-8.363324754120535,-31.329117278659787,14.602467770418718
19330,27-08-2026,ZW,14,-44.53000000000003,val,-10.359590958669122,-33.75879238552653,13.039610468188291
19330,27-08-2026,UMRA,15,-40.870000000000005,val,-9.820920955815529,-33.266303149418405,13.624461237787349
19330,27-08-2026,UDZ,16,-30.50999999999999,val,-11.955645524932061,-35.59796612507822,11.686675075214099
19330,27-08-2026,RPZ,17,-25.97999999999999,val,-8.552546052236272,-30.952666075127276,13.84757397065473
19330,27-08-2026,MVJ,18,-12.129999999999995,val,-10.79948212069684,-34.78416150134841,13.185197259954727
19330,27-08-2026,FAN,19,-17.690000000000012,val,-11.703043057810564,-35.52629877792813,12.120212662307008
19330,27-08-2026,KIN,20,-19.380000000000003,val,-9.803501029656145,-33.96089022799783,14.353888168685538
19330,27-08-2026,COR,21,-11.1,val,-4.015367188564638,-19.78575283938467,11.755018462255396
19412,24-08-2026,DLPC,1,-21.0,val,-12.816212716607783,-21.884112575132125,-3.748312858083441
19412,24-08-2026,AADR,2,-24.0,val,-16.427783470138248,-25.657263696685447,-7.198303243591047
19412,24-08-2026,UHL,3,-23.0,val,-17.214864320736122,-26.106329814981834,-8.32339882649041
19412,24-08-2026,NLDM,4,-20.0,val,-14.247317843670771,-24.740491320264503,-3.7541443670770374
19412,24-08-2026,ANSB,5,-25.0,val,-19.996652762478973,-30.7842650951718,-9.209040429786146
19412,24-08-2026,RPAR,6,-37.0,val,-26.534902304571837,-37.72140546725403,-15.348399141889644
19412,24-08-2026,MRND,7,-35.0,val,-23.247719513237517,-33.97777502697314,-12.517663999501892
19412,24-08-2026,SASN,8,-34.0,val,-24.050494776167177,-34.876239682490365,-13.224749869843992
19412,24-08-2026,CDG,9,-28.0,val,-21.34496950116803,-38.99051141651349,-3.699427585822569
19412,24-08-2026,UMB,10,-20.0,val,-19.326378361167617,-40.16232311318639,1.5095663908511554
19412,24-08-2026,KKDE,11,-56.0,val,-57.4399453503009,-84.28469830189775,-30.595192398704054
19412,24-08-2026,KLE,12,-52.0,val,-61.18947318631826,-85.19683429762873,-37.182112075007794
19412,24-08-2026,NRW,13,-50.0,val,-56.42650655804305,-81.98711801753333,-30.865895098552762
19412,24-08-2026,UCA,14,-49.0,val,-57.69997268324037,-84.0331544529586,-31.36679091352214
19412,24-08-2026,JIND,15,-48.0,val,-59.58676318802472,-85.82801088192238,-33.345515494127056
19412,24-08-2026,JNA,16,-65.0,val,-68.46987044884857,-97.13081828264674,-39.80892261505039
19412,24-08-2026,ROK,17,-59.0,val,-67.0351258355927,-94.16116620216701,-39.90908546901837
19412,24-08-2026,JHJ,18,-69.0,val,-74.62993906478565,-108.11406108296678,-41.145817046604506
19412,24-08-2026,RE,19,-20.0,val,-27.35779603576168,-55.44845211871399,0.7328600471906235
19412,24-08-2026,KRH,20,-20.0,val,-26.992272297094473,-54.9476392886505,0.963094694461553
19412,24-08-2026,AWR,21,-24.0,val,-29.97063562717745,-58.124233201168735,-1.8170380531861667
19412,24-08-2026,RHG,22,-21.0,val,-28.14736443094286,-56.21853278761574,-0.07619607426997987
19412,24-08-2026,BKI,23,-27.0,val,-31.262849017353044,-58.876306730048725,-3.6493913046573603
19412,24-08-2026,DO,24,-32.0,val,-36.48851255520775,-64.69098237365608,-8.28604273675941
19412,24-08-2026,GADJ,25,-35.0,val,-39.55244314207779,-67.17293296207544,-11.931953322080144
19412,24-08-2026,JP,26,-21.0,val,-32.579216775780054,-58.450256580595465,-6.70817697096464
19412,24-08-2026,FL,27,-25.0,val,-39.766332241222365,-65.29898774276363,-14.233676739681105
19412,24-08-2026,KSG,28,-22.0,val,-39.08360685862168,-65.86791479157097,-12.299298925672392
19412,24-08-2026,AII,29,-21.0,val,-29.6207960663512,-51.45063187103971,-7.79096026166269
19412,24-08-2026,BER,30,-24.0,val,-31.874510870666168,-53.00623731085193,-10.742784430480402
19412,24-08-2026,SOD,31,-27.0,val,-33.13101982015491,-54.133554691017146,-12.128484949292677
19412,24-08-2026,MJ,32,-21.0,val,-23.78227726520521,-40.07711625811969,-7.487438272290728
19412,24-08-2026,RANI,33,-26.0,val,-31.276718599688955,-48.61989322927468,-13.933543970103226
19412,24-08-2026,FA,34,-23.0,val,-28.288440498166946,-45.367327158235035,-11.209553838098856
19412,24-08-2026,SJWB,35,-25.0,val,-30.842669159653656,-48.5863289861408,-13.099009333166514
19412,24-08-2026,NANA,36,-23.0,val,-28.635946733325348,-46.32977535674399,-10.942118109906708
19412,24-08-2026,PDWA,37,-25.0,val,-30.92289024468581,-47.933477151364045,-13.912303338007575
19412,24-08-2026,SRPJ,38,-26.0,val,-32.360284378675225,-49.30464435721917,-15.415924400131281
19412,24-08-2026,ABR,39,-21.0,val,-24.925404783142106,-39.51937332878197,-10.331436237502242
19412,24-08-2026,PNU,40,-20.0,val,-18.427924706444262,-27.57702600225015,-9.278823410638376
19412,24-08-2026,SID,41,-20.0,val,-18.94849816448505,-26.096229277370234,-11.80076705159986
19412,24-08-2026,UJA,42,-20.0,val,-20.670427700310725,-28.092579166374392,-13.24827623424706
19412,24-08-2026,MSH,43,-21.0,val,-22.06530042010696,-29.429194333007743,-14.70140650720618
19412,24-08-2026,KLL,44,-20.0,val,-16.27154096192754,-20.01846663201266,-12.524615291842416
19412,25-08-2026,DLPC,1,-20.0,val,-12.65092497719918,-21.718824835723524,-3.583025118674838
19412,25-08-2026,AADR,2,-22.0,val,-16.179851861025345,-25.409332087572544,-6.950371634478143
19412,25-08-2026,UHL,3,-22.0,val,-17.07872084219874,-25.970186336444456,-8.187255347953029
19412,25-08-2026,NLDM,4,-20.0,val,-14.334312693242383,-24.827486169836117,-3.8411392166486493
19412,25-08-2026,ANSB,5,-24.0,val,-19.848905699114752,-30.63651803180758,-9.061293366421925
19412,25-08-2026,RPAR,6,-31.0,val,-25.287075637135683,-36.47357879981787,-14.10057247445349
19412,25-08-2026,MRND,7,-26.0,val,-21.388373151750162,-32.11842866548579,-10.658317638014537
19412,25-08-2026,SASN,8,-32.0,val,-23.840590606889975,-34.66633551321316,-13.01484570056679
19412,25-08-2026,CDG,9,-26.0,val,-21.224039063315445,-38.869580978660906,-3.5784971479699834
19412,25-08-2026,UMB,10,-24.0,val,-20.321997477703277,-41.15794222972205,0.5139472743154947
19412,25-08-2026,KKDE,11,-48.0,val,-55.7514475077155,-82.59620045931234,-28.906694556118648
19412,25-08-2026,KLE,12,-51.0,val,-61.122393356427516,-85.12975446773798,-37.11503224511705
19412,25-08-2026,NRW,13,-40.0,val,-54.451653988772776,-80.01226544826307,-28.891042529282487
19412,25-08-2026,UCA,14,-41.0,val,-56.18947688486393,-82.52265865458216,-29.856295115145702
19412,25-08-2026,JIND,15,-49.0,val,-60.06287845106289,-86.30412614496055,-33.82163075716523
19412,25-08-2026,JNA,16,-56.0,val,-66.91878923477447,-95.57973706857264,-38.25784140097629
19412,25-08-2026,ROK,17,-50.0,val,-65.4141466924154,-92.54018705898972,-38.28810632584108
19412,25-08-2026,JHJ,18,-62.0,val,-73.48533389783047,-106.96945591601161,-40.00121187964933
19412,25-08-2026,RE,19,-20.0,val,-27.600584599122953,-55.69124068207526,0.4900714838293503
19412,25-08-2026,KRH,20,-28.0,val,-28.64831972209456,-56.60368671365059,-0.6929527305385328
19412,25-08-2026,AWR,21,-33.0,val,-31.674776348965406,-59.828373922956686,-3.5211787749741212
19412,25-08-2026,RHG,22,-31.0,val,-29.913813354410667,-57.98498171108355,-1.8426449977377857
19412,25-08-2026,BKI,23,-30.0,val,-31.616362873557804,-59.22982058625349,-4.00290516086212
19412,25-08-2026,DO,24,-35.0,val,-36.8367119472034,-65.03918176565173,-8.634242128755059
19412,25-08-2026,GADJ,25,-43.0,val,-40.921777008986794,-68.54226682898444,-13.301287188989146
19412,25-08-2026,JP,26,-32.0,val,-34.472461449066984,-60.343501253882394,-8.60142164425157
19412,25-08-2026,FL,27,-35.0,val,-41.479416482576866,-67.01207198411812,-15.946760981035606
19412,25-08-2026,KSG,28,-33.0,val,-40.93076931735108,-67.71507725030037,-14.146461384401793
19412,25-08-2026,AII,29,-23.0,val,-29.79194159047023,-51.621777395158745,-7.96210578578172
19412,25-08-2026,BER,30,-20.0,val,-31.04030010461981,-52.172026544805576,-9.908573664434044
19412,25-08-2026,SOD,31,-20.0,val,-31.89636612143235,-52.898900992294585,-10.893831250570116
19412,25-08-2026,MJ,32,-20.0,val,-23.649732094702937,-39.94457108761742,-7.354893101788456
19412,25-08-2026,RANI,33,-26.0,val,-31.333370978813527,-48.67654560839925,-13.990196349227798
19412,25-08-2026,FA,34,-23.0,val,-28.326639218530254,-45.40552587859834,-11.247752558462164
19412,25-08-2026,SJWB,35,-25.0,val,-30.864056562493303,-48.60771638898045,-13.12039673600616
19412,25-08-2026,NANA,36,-23.0,val,-28.64654045700343,-46.340369080422064,-10.95271183358479
19412,25-08-2026,PDWA,37,-24.0,val,-30.76754349954003,-47.77813040621827,-13.756956592861794
19412,25-08-2026,SRPJ,38,-26.0,val,-32.34572665389446,-49.2900866324384,-15.401366675350516
19412,25-08-2026,ABR,39,-20.0,val,-24.765615082246075,-39.35958362788594,-10.171646536606211
19412,25-08-2026,PNU,40,-20.0,val,-18.424804052262502,-27.573905348068386,-9.275702756456615
19412,25-08-2026,SID,41,-20.0,val,-18.950973884975816,-26.098704997861006,-11.803242772090629
19412,25-08-2026,UJA,42,-22.0,val,-20.972006597980684,-28.394158064044348,-13.549855131917019
19412,25-08-2026,MSH,43,-22.0,val,-22.254440976879035,-29.618334889779817,-14.890547063978254
19412,25-08-2026,KLL,44,-20.0,val,-16.2796878361601,-20.026613506245223,-12.532762166074978
19412,26-08-2026,DLPC,1,-20.0,val,-12.65092497719918,-21.718824835723524,-3.583025118674838
19412,26-08-2026,AADR,2,-22.0,val,-16.179851861025345,-25.409332087572544,-6.950371634478143
19412,26-08-2026,UHL,3,-22.0,val,-17.07872084219874,-25.970186336444456,-8.187255347953029
19412,26-08-2026,NLDM,4,-20.0,val,-14.334312693242383,-24.827486169836117,-3.8411392166486493
19412,26-08-2026,ANSB,5,-27.0,val,-20.512374114058776,-31.299986446751603,-9.724761781365949
19412,26-08-2026,RPAR,6,-38.0,val,-26.770014933823738,-37.95651809650593,-15.583511771141545
19412,26-08-2026,MRND,7,-42.0,val,-24.75878878660688,-35.48884430034251,-14.028733272871253
19412,26-08-2026,SASN,8,-36.0,val,-24.396071298675924,-35.22181620499911,-13.570326392352738
19412,26-08-2026,CDG,9,-20.0,val,-19.523553215203783,-37.169095130549245,-1.878011299858322
19412,26-08-2026,UMB,10,-20.0,val,-19.210857551316565,-40.04680230333534,1.6250872007022075
19412,26-08-2026,KKDE,11,-56.0,val,-57.449157853199175,-84.29391080479603,-30.604404901602326
19412,26-08-2026,KLE,12,-66.0,val,-64.03400361590151,-88.04136472721197,-40.026642504591045
19412,26-08-2026,NRW,13,-60.0,val,-58.148658182247466,-83.70926964173776,-32.58804672275718
19412,26-08-2026,UCA,14,-60.0,val,-59.55899710890765,-85.89217887862587,-33.225815339189424
19412,26-08-2026,JIND,15,-60.0,val,-61.6495708011004,-87.89081849499806,-35.40832310720274
19412,26-08-2026,JNA,16,-65.0,val,-68.08005339654451,-96.74100123034269,-39.41910556274634
19412,26-08-2026,ROK,17,-62.0,val,-67.33424924026005,-94.46028960683438,-40.20820887368573
19412,26-08-2026,JHJ,18,-71.0,val,-74.88081554138256,-108.3649375595637,-41.39669352320142
19412,26-08-2026,RE,19,-24.0,val,-28.053977517297977,-56.14463360025028,0.036678565654327144
19412,26-08-2026,KRH,20,-22.0,val,-27.288675148142307,-55.24404213969834,0.6666918434137195
19412,26-08-2026,AWR,21,-27.0,val,-30.474591665893005,-58.62818923988429,-2.3209940919017207
19412,26-08-2026,RHG,22,-25.0,val,-28.846914887437503,-56.918083244110385,-0.7757465307646214
19412,26-08-2026,BKI,23,-25.0,val,-30.78644840775641,-58.399906120452094,-3.172990695060726
19412,26-08-2026,DO,24,-26.0,val,-35.261909405468664,-63.46437922391701,-7.059439587020325
19412,26-08-2026,GADJ,25,-29.0,val,-38.46730704780995,-66.0877968678076,-10.846817227812306
19412,26-08-2026,JP,26,-21.0,val,-32.51114777583096,-58.382187580646374,-6.640107971015549
19412,26-08-2026,FL,27,-23.0,val,-39.494348449634714,-65.02700395117597,-13.961692948093454
19412,26-08-2026,KSG,28,-20.0,val,-38.76436370379067,-65.54867163673995,-11.980055770841386
19412,26-08-2026,AII,29,-22.0,val,-29.847845702959916,-51.67768150764843,-8.018009898271405
19412,26-08-2026,BER,30,-27.0,val,-32.43021945454303,-53.561945894728794,-11.298493014357263
19412,26-08-2026,SOD,31,-30.0,val,-33.64331927838045,-54.64585414924269,-12.640784407518218
19412,26-08-2026,MJ,32,-21.0,val,-23.751207409660168,-40.046046402574646,-7.456368416745686
19412,26-08-2026,RANI,33,-27.0,val,-31.42029445812515,-48.763469087710874,-14.07711982853942
19412,26-08-2026,FA,34,-23.0,val,-28.279905179579487,-45.35879183964758,-11.201018519511397
19412,26-08-2026,SJWB,35,-25.0,val,-30.82211156931188,-48.56577139579902,-13.078451742824736
19412,26-08-2026,NANA,36,-24.0,val,-28.788339391138596,-46.48216801455723,-11.094510767719957
19412,26-08-2026,PDWA,37,-26.0,val,-31.093276472598664,-48.1038633792769,-14.082689565920429
19412,26-08-2026,SRPJ,38,-27.0,val,-32.530370344499474,-49.47473032304342,-15.58601036595553
19412,26-08-2026,ABR,39,-27.0,val,-25.910415099176056,-40.50438364481592,-11.316446553536192
19412,26-08-2026,PNU,40,-20.0,val,-18.452888146877957,-27.601989442683845,-9.30378685107207
19412,26-08-2026,SID,41,-20.0,val,-18.93551027647339,-26.083241389358577,-11.787779163588203
19412,26-08-2026,UJA,42,-20.0,val,-20.660511964569185,-28.08266343063285,-13.23836049850552
19412,26-08-2026,MSH,43,-22.0,val,-22.215818923461903,-29.579712836362685,-14.851925010561121
19412,26-08-2026,KLL,44,-20.0,val,-16.27851887791658,-20.0254445480017,-12.531593207831456
19412,27-08-2026,DLPC,1,-15.0,val,-12.65092497719918,-21.718763318470543,-3.5830866359278186
19412,27-08-2026,AADR,2,-20.0,val,-16.427783470138248,-25.657203256421184,-7.1983636838553124
19412,27-08-2026,UHL,3,-20.0,val,-17.66201389131865,-26.553417308574716,-8.770610474062588
19412,27-08-2026,NLDM,4,-20.0,val,-15.361093586807073,-25.85421937390085,-4.867967799713295
19412,27-08-2026,ANSB,5,-24.0,val,-20.837546262490022,-31.62511387235117,-10.049978652628873
19412,27-08-2026,RPAR,6,-34.0,val,-26.83479337250712,-38.02125046161771,-15.648336283396532
19412,27-08-2026,MRND,7,-31.0,val,-23.30993059227729,-34.039941124082866,-12.579920060471713
19412,27-08-2026,SASN,8,-30.0,val,-24.148254470468288,-34.97395431101688,-13.32255462991969
19412,27-08-2026,CDG,9,-19.0,val,-20.419912062409477,-38.06542822045262,-2.774395904366333
19412,27-08-2026,UMB,10,-15.0,val,-19.26979036602944,-40.10570897843722,1.5661282463783444
19412,27-08-2026,KKDE,11,-51.0,val,-57.44545441551442,-84.29018697002816,-30.600721861000675
19412,27-08-2026,NRW,13,-51.0,val,-57.397654622276384,-82.96665649258543,-31.828652751967343
19412,27-08-2026,UCA,14,-61.0,val,-61.174181427930634,-87.51017156450405,-34.83819129135722
19412,27-08-2026,JIND,15,-63.0,val,-63.58299788502199,-89.82496850084632,-37.34102726919765
19412,27-08-2026,JNA,16,-70.0,val,-70.14764812889413,-98.80872460480285,-41.48657165298542
19412,27-08-2026,ROK,17,-63.0,val,-68.37681615998135,-95.50287695622688,-41.250755363735806
19412,27-08-2026,JHJ,18,-68.0,val,-75.06342357855246,-108.54754719610122,-41.579299961003706
19412,27-08-2026,RE,19,-25.0,val,-29.097652483367167,-57.18830802323694,-1.0069969434973878
19412,27-08-2026,KRH,20,-23.0,val,-28.317944283205282,-56.27331209032258,-0.36257647608798393
19412,27-08-2026,AWR,21,-29.0,val,-31.68126542311838,-59.834863166033145,-3.527667680203617
19412,27-08-2026,RHG,22,-27.0,val,-30.030591057122457,-58.10175943321489,-1.959422681030027
19412,27-08-2026,BKI,23,-26.0,val,-31.7617802226724,-59.3752379389135,-4.148322506431295
19412,27-08-2026,DO,24,-29.0,val,-36.614152883257795,-64.81662270223396,-8.41168306428164
19412,27-08-2026,GADJ,25,-30.0,val,-39.443587859818855,-67.06407767984658,-11.823098039791137
19412,27-08-2026,JP,26,-17.0,val,-32.649132286201265,-58.52017209103441,-6.778092481368116
19412,27-08-2026,FL,27,-19.0,val,-39.56028299300986,-65.09293849455183,-14.027627491467879
19412,27-08-2026,KSG,28,-22.0,val,-39.99773929473293,-66.78204722768224,-13.213431361783623
19412,27-08-2026,AII,29,-19.0,val,-30.141241908244908,-51.97107771293342,-8.31140610355639
19412,27-08-2026,BER,30,-17.0,val,-31.47831092528131,-52.61003736546708,-10.346584485095544
19412,27-08-2026,SOD,31,-15.0,val,-31.89969716866816,-52.90223203953039,-10.897162297805924
19412,27-08-2026,MJ,32,-16.0,val,-23.819854342828698,-40.11469333574318,-7.5250153499142165
19412,27-08-2026,RANI,33,-23.0,val,-31.67845900718833,-49.021633636774055,-14.335284377602601
19412,27-08-2026,FA,34,-27.0,val,-29.838292838241365,-46.91717949830945,-12.759406178173275
19412,27-08-2026,SJWB,35,-29.0,val,-32.48410923781497,-50.22776906430211,-14.740449411327827
19412,27-08-2026,NANA,36,-26.0,val,-30.05349100596804,-47.74731962938668,-12.359662382549402
19412,27-08-2026,PDWA,37,-27.0,val,-32.12553099353046,-49.136117900208696,-15.114944086852226
19412,27-08-2026,SRPJ,38,-24.0,val,-32.886938132410755,-49.83129813245467,-15.94257813236684
19412,27-08-2026,ABR,39,-23.0,val,-26.037621858008222,-40.63159044780642,-11.443653268210026
19412,27-08-2026,PNU,40,-16.0,val,-18.598264448633284,-27.747365749437044,-9.449163147829523
19412,27-08-2026,SID,41,-15.0,val,-18.93118303901787,-26.07891415233113,-11.783451925704611
19412,27-08-2026,UJA,42,-15.0,val,-20.649829788941066,-28.07198125509805,-13.227678322784083
19412,27-08-2026,MSH,43,-19.0,val,-22.52066478386046,-29.884558696771013,-15.15677087094991
19412,27-08-2026,KLL,44,-15.0,val,-16.293580409786887,-20.04050607987201,-12.546654739701765
19574,24-08-2026,JP,1,8.789999999999964,val,-17.522508379357326,-37.62436387104698,2.5793471123323286
19574,24-08-2026,FL,2,-2.1700000000000728,val,-20.25921057105322,-39.72842977149456,-0.789991370611876
19574,24-08-2026,KSG,3,21.65000000000009,val,-14.753928826918237,-34.417590154666115,4.909732500829641
19574,24-08-2026,AII,4,-7.470000000000027,val,-14.056740257009519,-35.853715737778096,7.740235223759058
19574,24-08-2026,BER,5,-16.529999999999973,val,-14.565387941133901,-36.30568100358569,7.174905121317886
19574,24-08-2026,SOD,6,-16.210000000000036,val,-13.523371007049812,-35.121142234048996,8.074400219949373
19574,24-08-2026,MJ,7,-24.5,val,-20.905449390237592,-42.439886358070595,0.6289875775954137
19574,24-08-2026,FA,8,1.830000000000041,val,-12.46549402018437,-34.046172402221316,9.115184361852574
19574,24-08-2026,SJWB,9,7.460000000000036,val,-10.517224580888188,-32.4411343114993,11.40668514972292
19574,24-08-2026,ABR,10,-8.949999999999932,val,-11.871892291789088,-33.62822574273258,9.884441159154402
19574,24-08-2026,PNU,11,32.370000000000005,val,-13.25898543200197,-33.607929885855015,7.089959021851078
19574,24-08-2026,SID,12,-6.339999999999918,val,-8.950434251327572,-31.957930495871548,14.057061993216404
19574,24-08-2026,MSH,13,-38.32000000000005,val,-4.666867123821781,-27.635225135665934,18.30149088802237
19574,24-08-2026,VG,14,-4.75,val,-11.079269140334697,-34.483602293191474,12.325064012522082
19574,24-08-2026,SUNR,15,-22.149999999999977,val,-11.884903960178029,-35.33262606908315,11.562818148727093
19574,24-08-2026,RJT,16,-11.079999999999984,val,-10.984494758376378,-34.62715476198185,12.658165245229092
19574,24-08-2026,HAPA,17,-44.53,val,-8.84880036431054,-31.249651492541282,13.552050763920201
19574,24-08-2026,JAM,18,-40.879999999999995,val,-9.362231934644287,-33.34664146868092,14.62217759939235
19574,24-08-2026,KMBL,19,-30.510000000000005,val,-11.011234631960129,-34.83461863011597,12.812149366195708
19574,24-08-2026,DWK,20,-25.97,val,-10.654557650406256,-34.812147787243894,13.503032486431382
19574,24-08-2026,OKHA,21,-12.129999999999999,val,-7.685495154501764,-23.455880805321797,8.08489049631827
19574,25-08-2026,JP,1,-2.1700000000000728,val,-19.66794323688098,-39.769798728570635,0.4339122548086749
19574,25-08-2026,FL,2,21.649999999999864,val,-15.885769730708736,-35.35498893115008,3.5834494697326083
19574,25-08-2026,KSG,3,-7.479999999999791,val,-15.159054352999762,-34.82271568074764,4.504606974748116
19574,25-08-2026,AII,4,-16.529999999999973,val,-15.241285071798902,-37.03826055256748,6.555690408969674
19574,25-08-2026,BER,5,-16.200000000000045,val,-13.132065639477592,-34.87235870192938,8.608227422974196
19574,25-08-2026,SOD,6,-24.5,val,-19.944783473033276,-41.54255470003246,1.6529877539659097
19574,25-08-2026,MJ,7,1.8400000000000318,val,-11.75409189406138,-33.288528861894385,9.780345073771626
19574,25-08-2026,FA,8,7.4500000000000455,val,-11.39976900142651,-32.980447383463456,10.180909380610434
19574,25-08-2026,SJWB,9,-8.950000000000045,val,-13.770630407472517,-35.694540138083624,8.153279323138591
19574,25-08-2026,ABR,10,32.379999999999995,val,-14.574779858842422,-36.33111330978591,7.181553592101068
19574,25-08-2026,PNU,11,-6.340000000000032,val,-11.596549842896886,-31.945494296749935,8.752394610956161
19574,25-08-2026,SID,12,-38.319999999999936,val,-4.869803457433193,-27.87729970197717,18.137692787110783
19574,25-08-2026,MSH,13,-4.759999999999991,val,-8.667212203350726,-31.63557021519488,14.301145808493427
19574,25-08-2026,VG,14,-22.150000000000034,val,-12.194258402838694,-35.59859155569547,11.210074750018086
19574,25-08-2026,SUNR,15,-11.079999999999984,val,-10.713631064289691,-34.16135317319481,12.73409104461543
19574,25-08-2026,RJT,16,-44.53000000000003,val,-10.121499558018796,-33.76415956162427,13.521160445586675
19574,25-08-2026,HAPA,17,-40.870000000000005,val,-6.965745800262154,-29.366596928492896,15.435105327968586
19574,25-08-2026,JAM,18,-30.52000000000001,val,-10.655088878335421,-34.639498412372056,13.329320655701215
19574,25-08-2026,KMBL,19,-25.97,val,-10.498546336506784,-34.321930334662625,13.324837661649052
19574,25-08-2026,DWK,20,-12.130000000000003,val,-14.11629797644021,-38.27388811327785,10.041292160397427
19574,25-08-2026,OKHA,21,-13.0,val,-4.562091295527059,-20.332476946347093,11.208294355292974
19574,26-08-2026,JP,1,21.65000000000009,val,-16.31094924949227,-36.41280474118193,3.7909062421973836
19574,26-08-2026,FL,2,-7.480000000000018,val,-16.58226709044741,-36.051486290888754,2.886952109993935
19574,26-08-2026,KSG,3,-16.539999999999964,val,-16.262647641582333,-35.92630896933021,3.4010136861655447
19574,26-08-2026,AII,4,-16.200000000000045,val,-13.612627851902154,-35.40960333267073,8.184347628866423
19574,26-08-2026,BER,5,-24.5,val,-19.5786937643296,-41.318986826781384,2.161599298122187
19574,26-08-2026,SOD,6,1.8399999999999181,val,-11.787125747011096,-33.38489697401028,9.81064547998809
19574,26-08-2026,MJ,7,7.4500000000000455,val,-11.574598205476502,-33.10903517330951,9.959838762356505
19574,26-08-2026,FA,8,-8.959999999999923,val,-14.665396795486249,-36.246075177523196,6.9152815865506945
19574,26-08-2026,SJWB,9,32.379999999999995,val,-16.64340859666179,-38.5673183272729,5.280501133949318
19574,26-08-2026,ABR,10,-6.339999999999918,val,-13.089784444804977,-34.84611789574846,8.666549006138514
19574,26-08-2026,PNU,11,-38.32000000000005,val,-7.69076581403073,-28.039710267883777,12.658178639822317
19574,26-08-2026,SID,12,-4.759999999999991,val,-9.194997519745177,-32.20249376428915,13.812498724798798
19574,26-08-2026,MSH,13,-22.159999999999968,val,-10.019188141374629,-32.98754615321878,12.949169870469524
19574,26-08-2026,VG,14,-11.079999999999984,val,-11.044337994631386,-34.44867114748816,12.359995158225393
19574,26-08-2026,SUNR,15,-44.53000000000003,val,-9.840176887285246,-33.287898996190364,13.607545221619876
19574,26-08-2026,RJT,16,-40.870000000000005,val,-8.23350429701481,-31.87616430062028,15.409155706590662
19574,26-08-2026,HAPA,17,-30.50999999999999,val,-8.804148872700802,-31.20500000093154,13.596702255529939
19574,26-08-2026,JAM,18,-25.97999999999999,val,-10.440674285634334,-34.425083819670974,13.543735248402303
19574,26-08-2026,KMBL,19,-12.129999999999995,val,-13.951311004261337,-37.774695002417175,9.8720729938945
19574,26-08-2026,DWK,20,-17.690000000000005,val,-10.70979510215442,-34.86738523899206,13.447795034683217
19574,26-08-2026,OKHA,21,-13.0,val,-6.7592177216951885,-22.529603372515222,9.011167929124845
19574,27-08-2026,JP,1,-7.480000000000018,val,-16.375411467861625,-36.47726695955128,3.72644402382803
19574,27-08-2026,FL,2,-16.539999999999964,val,-17.451552953101476,-36.92077215354282,2.017666247339868
19574,27-08-2026,KSG,3,-16.20999999999981,val,-14.641132182252873,-34.30479351000075,5.022529145495005
19574,27-08-2026,AII,4,-24.5,val,-20.71552149664123,-42.51249697740981,1.0814539841273465
19574,27-08-2026,BER,5,1.8399999999999181,val,-11.597924823583853,-33.338217886035636,10.142368238867935
19574,27-08-2026,SOD,6,7.4500000000000455,val,-11.469329641712092,-33.06710086871128,10.128441585287094
19574,27-08-2026,MJ,7,-8.960000000000036,val,-15.2443105954782,-36.77874756331121,6.2901263723548055
19574,27-08-2026,FA,8,32.370000000000005,val,-17.479095137453747,-39.05977351949069,4.101583244583196
19574,27-08-2026,SJWB,9,-6.340000000000032,val,-14.763027132475065,-36.686936863086174,7.160882598136043
19574,27-08-2026,ABR,10,-38.309999999999945,val,-9.092381782380246,-30.848715233323738,12.663951668563245
19574,27-08-2026,PNU,11,-4.75,val,-12.101733965463492,-32.45067841931654,8.247210488389555
19574,27-08-2026,SID,12,-22.159999999999968,val,-10.38617684551091,-33.39367309005489,12.621319399033066
19574,27-08-2026,MSH,13,-11.090000000000032,val,-8.734506697953474,-31.702864709797627,14.233851313890678
19574,27-08-2026,VG,14,-44.51999999999998,val,-10.107633652465145,-33.511966805321926,13.296699500391634
19574,27-08-2026,SUNR,15,-40.870000000000005,val,-7.908442835031751,-31.356164943936875,15.53927927387337
19574,27-08-2026,RJT,16,-30.50999999999999,val,-10.079465808098528,-33.722125811704,13.563194195506943
19574,27-08-2026,HAPA,17,-25.980000000000018,val,-8.138761799259973,-30.539612927490715,14.262089328970768
19574,27-08-2026,JAM,18,-12.139999999999986,val,-13.360210750099956,-37.344620284136596,10.62419878393668
19574,27-08-2026,KMBL,19,-17.689999999999998,val,-10.570160935966186,-34.39354493412202,13.253223062189651
19574,27-08-2026,DWK,20,-19.380000000000003,val,-13.164186832283608,-37.321776969121245,10.993403304554029
19574,27-08-2026,OKHA,21,-11.1,val,-5.488531520925573,-21.25891717174561,10.28185412989446
19608,24-08-2026,MDJN,1,-9.0,val,7.0,-22.59222249561897,36.59222249561897
19608,24-08-2026,AII,2,-23.0,val,1.8677759261917566,-29.668029566457662,33.40358141884118
19608,24-08-2026,BHL,3,-43.0,val,-13.443645441641396,-54.23260378996918,27.345312906686395
19608,24-08-2026,CNA,4,-11.0,val,6.983408212353243,-21.39321910583456,35.36003553054105
19608,24-08-2026,BUDI,5,-31.0,val,-1.384087599390462,-35.39636865700749,32.62819345822657
19608,24-08-2026,SGAC,6,-24.0,val,4.067097482249096,-25.305750860483634,33.43994582498183
19608,24-08-2026,BAZ,7,-26.0,val,1.4732560172913103,-29.32250360419729,32.26901563877991
19608,24-08-2026,GUNA,8,-10.0,val,5.890379942845234,-21.04196141043068,32.82272129612115
19608,24-08-2026,ASKN,9,-13.0,val,-2.350766025594087,-15.213191534838359,10.511659483650185
19608,24-08-2026,MNV,10,-20.0,val,-13.869522641314573,-21.230009138765674,-6.509036143863474
19608,24-08-2026,SGO,11,-35.0,val,-12.249424341890446,-24.62339756392898,0.12454888014808674
19608,24-08-2026,DMO,12,-48.0,val,-29.131103020674328,-49.435022488142955,-8.8271835532057
19608,24-08-2026,KMZ,13,-71.0,val,-46.510706876705356,-61.99757055321779,-31.02384320019292
19608,24-08-2026,BEHR,14,-61.0,val,-38.29234897880213,-69.09233461207538,-7.4923633455288865
19608,24-08-2026,BRGW,15,-17.0,val,-14.25278169449544,-59.41502037023177,30.909456981240893
19608,24-08-2026,SGRL,16,-9.0,val,6.079739121393272,-23.717429302189657,35.8769075449762
19608,24-08-2026,CPU,17,-9.0,val,1.2827245280062591,-35.54041424190818,38.105863297920706
19608,24-08-2026,RNQ,18,-17.0,val,-4.159580313151044,-40.2835958426233,31.96443521632121
19608,24-08-2026,GHD,19,-9.0,val,-16.378139427960214,-29.85155804512489,-2.9047208107955367
19608,24-08-2026,DTO,20,-24.0,val,-29.89488697572517,-31.89525015675231,-27.89452379469803
19608,24-08-2026,RRME,21,-91.0,val,-33.07837711934572,-74.27863229539068,8.121878056699238
19608,24-08-2026,BKRO,22,-100.0,val,-47.82315400118774,-81.54590550995482,-14.100402492420656
19608,24-08-2026,PUS,23,-105.0,val,-30.95118415087191,-67.38698324794694,5.484614946203116
19608,24-08-2026,CRP,24,-97.0,val,-64.23499084199848,-109.14632865449789,-19.32365302949907
19608,24-08-2026,KTH,25,-104.0,val,-30.33268365825149,-66.76826500225675,6.102897685753781
19608,24-08-2026,DHN,26,-64.0,val,-28.874077808875903,-63.12784185683525,5.379686239083448
19608,24-08-2026,ASN,27,-62.0,val,-41.569260823207124,-63.804783351440534,-19.33373829497371
19608,24-08-2026,RNG,28,-65.0,val,-24.05178102551865,-60.48713079865016,12.383568747612863
19608,24-08-2026,DGR,29,-72.0,val,-49.82169172198879,-72.75982487800637,-26.883558565971217
19608,24-08-2026,BWN,30,-45.0,val,-25.342339555025166,-46.0605503034089,-4.624128806641426
19608,24-08-2026,BDC,31,-22.0,val,-12.683503443524737,-31.562651156180657,6.195644269131185
19608,24-08-2026,NH,32,-25.0,val,-21.76250509652637,-29.766094531273758,-13.758915661778984
19609,24-08-2026,UDZ,1,51.0,val,29.297517930935484,-5.135281207588115,63.73031706945908
19609,24-08-2026,RPZ,2,47.0,val,25.468302873396603,-9.66582421094995,60.602429957743155
19609,24-08-2026,MVJ,3,51.0,val,23.393755993604255,-19.566367621014404,66.35387960822291
19609,24-08-2026,FAN,4,46.0,val,19.182461370372373,-24.223743018376318,62.588665759121064
19609,24-08-2026,BSJ,5,45.0,val,18.08947168903178,-25.021875250239052,61.20081862830261
19609,24-08-2026,KIN,6,45.0,val,18.529244844833315,-24.87412065152742,61.93261034119405
19609,24-08-2026,COR,7,47.0,val,28.584685184483416,12.891728799201374,44.27764156976546
19609,24-08-2026,GGR,8,52.0,val,20.149564058563527,-24.77125182494946,65.07037994207651
19609,24-08-2026,HMG,9,49.0,val,19.213291650383237,-25.814841268864722,64.24142456963119
19609,24-08-2026,BHL,10,52.0,val,21.152033684546097,-23.145866592733384,65.44993396182558
19609,24-08-2026,MDL,11,50.0,val,34.10022813975052,17.732305948106546,50.4681503313945
19609,24-08-2026,BJNR,12,29.0,val,3.3347846810928665,-38.588757948021936,45.25832731020766
19609,24-08-2026,NSD,13,26.0,val,0.7378752257800623,-39.94989416538469,41.42564461694482
19609,24-08-2026,AII,14,49.0,val,43.32592741011844,30.350699534146063,56.30115528609082
19609,24-08-2026,KSG,15,48.0,val,27.944935500169425,-11.70913931923251,67.59901031957136
19609,24-08-2026,FL,16,43.0,val,24.22079830944608,-13.56938458727388,62.01098120616604
19609,24-08-2026,JOB,17,37.0,val,19.065132269962245,-20.257775771978924,58.38804031190341
19609,24-08-2026,JP,18,44.0,val,22.83583699389501,-15.929467019037684,61.6011410068277
19609,24-08-2026,GADJ,19,46.0,val,23.854678367736454,-14.591347857535538,62.30070459300845
19609,24-08-2026,DO,20,39.0,val,19.79620503483339,-21.456824237818555,61.049234307485335
19609,24-08-2026,BKI,21,33.0,val,14.43730798915956,-27.21528045645581,56.08989643477493
19609,24-08-2026,RHG,22,32.0,val,13.28115795980164,-27.19316072799714,53.75547664760042
19609,24-08-2026,AWR,23,38.0,val,18.307993289373904,-29.273038894212377,65.88902547296018
19609,24-08-2026,RE,24,46.0,val,26.96832544782926,-11.152767368042806,65.08941826370133
19609,24-08-2026,DEC,25,-22.0,val,-37.389382767919784,-67.01446930292269,-7.764296232916884
19609,24-08-2026,DLI,26,-27.0,val,-35.54676939400807,-58.19247437230334,-12.901064415712792
19609,24-08-2026,DSA,27,-37.0,val,-45.710162186259176,-71.26899967477942,-20.151324697738932
19609,24-08-2026,BTU,28,-67.0,val,-64.79058244150144,-92.37371631271526,-37.20744857028763
19609,24-08-2026,KQL,29,-91.0,val,-69.96115170887879,-102.8945872064233,-37.02771621133427
19609,24-08-2026,SMQL,30,-88.0,val,-69.32463163505038,-100.52590860053317,-38.12335466956759
19609,24-08-2026,RPMN,31,-99.0,val,-68.5445258241778,-94.74075125246505,-42.34830039589055
19609,24-08-2026,TPZ,32,-75.0,val,-47.10508433249984,-74.72058124999037,-19.489587415009314
19609,24-08-2026,RK,33,-59.0,val,-34.18314203700927,-68.56493339545187,0.19864932143332936
19609,24-08-2026,HW,34,-45.0,val,-38.46956591417067,-50.457844008300206,-26.48128782004114
19609,24-08-2026,MOTC,35,-31.0,val,-30.09654238773068,-37.26664050830818,-22.92644426715318
19609,24-08-2026,RWL,36,-21.0,val,-21.497535962559052,-27.271853554502677,-15.723218370615426
19609,24-08-2026,VRH,37,-18.0,val,-20.462736136145885,-23.328480856109614,-17.596991416182156
19609,27-08-2026,UDZ,1,-4.0,val,29.132230191526883,-5.300542283121548,63.56500266617532
19609,27-08-2026,RPZ,2,-6.0,val,25.595056962820873,-9.53904356455725,60.729157490199
19609,27-08-2026,MVJ,3,-3.0,val,23.415953508594498,-19.544147897387504,66.3760549145765
19609,27-08-2026,FAN,4,-6.0,val,19.599276081681648,-23.80690892815247,63.00546109151577
19609,27-08-2026,BSJ,5,-7.0,val,18.53181527871873,-24.57951399991716,61.643144557354624
19609,27-08-2026,KIN,6,-8.0,val,18.756109464759934,-24.64723954371644,62.15945847323631
19609,27-08-2026,COR,7,-13.0,val,27.385376234859464,11.692472221472869,43.07828024824606
19609,27-08-2026,GGR,8,-12.0,val,18.169994166545983,-26.75080477476245,63.09079310785442
19609,27-08-2026,HMG,9,-13.0,val,17.667591969950244,-27.36052537636131,62.6957093162618
19609,27-08-2026,BHL,10,-13.0,val,19.152874428877166,-25.14501063199702,63.45075948975135
19609,27-08-2026,MDL,11,-13.0,val,32.478331647244225,16.110448670839883,48.846214623648564
19609,27-08-2026,BJNR,12,-23.0,val,3.8774977384464044,-38.046022196489275,45.80101767338208
19609,27-08-2026,NSD,13,-19.0,val,2.5204835158600525,-38.16726614230639,43.20823317402649
19609,27-08-2026,AII,14,-4.0,val,43.44841723214592,30.473239466424808,56.423594997867035
19609,27-08-2026,KSG,15,-3.0,val,28.361237826308802,-11.29282166454967,68.01529731716727
19609,27-08-2026,FL,16,-11.0,val,24.15210455753352,-13.638058881626726,61.942267996693765
19609,27-08-2026,JOB,17,-13.0,val,19.775600441317113,-19.547293003989733,59.098493886623956
19609,27-08-2026,JP,18,-8.0,val,23.193654658403542,-15.571634756113315,61.9589440729204
19609,27-08-2026,GADJ,19,-6.0,val,24.19010675514038,-14.255905718345897,62.636119228626654
19609,27-08-2026,DO,20,-9.0,val,20.842606922196584,-20.41040749751131,62.095621341904476
19609,27-08-2026,BKI,21,-17.0,val,15.09947434242142,-26.55310294161337,56.75205162645621
19609,27-08-2026,RHG,22,-17.0,val,14.102980444376115,-26.371328389257123,54.57728927800935
19609,27-08-2026,AWR,23,-9.0,val,19.493517803588283,-28.087505883015467,67.07454149019203
19609,27-08-2026,RE,24,-2.0,val,27.965304510591128,-10.15577518058355,66.08638420176581
19609,27-08-2026,DLI,26,-3.0,val,-22.284879499902658,-44.93100185131712,0.3612428515118076
19609,27-08-2026,DSA,27,-10.0,val,-31.72539539009838,-57.28450767336405,-6.166283106832715
19609,27-08-2026,BTU,28,-5.0,val,-45.22931483573937,-72.81245540387147,-17.64617426760727
19609,27-08-2026,KQL,29,-5.0,val,-46.50719357661572,-79.44062675189375,-13.573760401337694
19609,27-08-2026,SMQL,30,-2.0,val,-45.73896035108229,-76.94023474512261,-14.537685957041969
19609,27-08-2026,TPZ,32,-3.0,val,-26.069480315397527,-53.68500455090867,1.5460439201136218
19609,27-08-2026,RK,33,-2.0,val,-15.787590508841243,-50.169383719286785,18.594202701604303
19609,27-08-2026,HW,34,-27.0,val,-26.38831973614769,-38.37659795115482,-14.400041521140555
19609,27-08-2026,MOTC,35,-30.0,val,-20.341224123395516,-27.511322323249022,-13.17112592354201
19609,27-08-2026,RWL,36,-18.0,val,-12.320702663180018,-18.095020269239733,-6.546385057120305
19609,27-08-2026,VRH,37,-17.0,val,-11.620019394389361,-14.485764114353092,-8.75427467442563
19611,27-08-2026,AII,0,17.0,val,-1.9763874657987712,-15.15096476296306,11.198189831365518
19611,27-08-2026,KSG,1,17.0,val,-2.4311664812691243,-14.72040880028727,9.85807583774902
19611,27-08-2026,FL,2,18.0,val,-5.814460764623409,-18.823930023697663,7.195008494450845
19611,27-08-2026,JP,3,2.0,val,-5.575167949508936,-18.192476627445465,7.042140728427594
19611,27-08-2026,GADJ,4,3.0,val,-5.081874074104004,-17.544056383574528,7.38030823536652
19611,27-08-2026,GTJT,5,1.0,val,-6.050184464218501,-18.191689332871622,6.09132040443462
19611,27-08-2026,DO,6,-1.0,val,-8.658715421704784,-19.032581746929075,1.7151509035195076
19611,27-08-2026,BKI,7,-16.0,val,-14.536229518831044,-24.912423559918796,-4.160035477743293
19611,27-08-2026,BU,8,-16.0,val,-14.529473603242,-24.526954475320316,-4.531992731163685
19611,27-08-2026,RHG,9,-17.0,val,-15.187661872611908,-25.81314392924671,-4.562179815977107
19611,27-08-2026,AWR,10,-16.0,val,-17.367893883596565,-27.34934026518433,-7.386447502008801
19611,27-08-2026,KRH,11,-21.0,val,-21.037051023178297,-33.98463310279453,-8.089468943562057
19611,27-08-2026,RE,12,3.0,val,-7.275815550829469,-19.87476201264803,5.323130910989093
19611,27-08-2026,CKD,13,0.0,val,-12.395451539869375,-25.738456582839945,0.9475535031011919
19611,27-08-2026,BNW,14,-1.0,val,-22.28093133341626,-36.13872616404736,-8.423136502785153
19611,27-08-2026,HSR,15,2.0,val,-13.59059381534029,-25.529280833854173,-1.651906796826406
19611,27-08-2026,SSA,16,3.0,val,-13.468955891413101,-26.291264330991773,-0.6466474518344274
19611,27-08-2026,KNL,17,-7.0,val,-17.735668420583103,-35.13839039660864,-0.33294644455756384
19611,27-08-2026,BTI,18,18.0,val,-1.306068302270075,-14.989456930090943,12.377320325550793
19611,27-08-2026,GJUT,19,7.0,val,-9.076361200643994,-24.666775910679377,6.514053509391388
19611,27-08-2026,KKP,20,4.0,val,-11.532389069875375,-28.478298075043355,5.413519935292605
19611,27-08-2026,FDK,21,6.0,val,-14.590538932631157,-27.5020756327542,-1.6790022325081146
19611,27-08-2026,FZR,22,14.0,val,-5.041887356094036,-17.58765075341261,7.5038760412245376
19611,27-08-2026,TWB,23,11.0,val,-12.125106040770955,-31.206748034887493,6.956535953345583
19611,27-08-2026,MOGA,24,17.0,val,-7.894310534888817,-26.487922934742095,10.699301864964461
19611,27-08-2026,JGN,26,12.0,val,-10.27132997287334,-27.79725144082031,7.254591495073628
19611,27-08-2026,LDH,27,-28.0,val,-26.43336387433134,-58.480779010835235,5.614051262172552
19611,27-08-2026,PGW,28,-37.0,val,-40.01300143232071,-74.47126976335838,-5.554733101283055
19611,27-08-2026,JUC,29,-31.0,val,-32.107424682075276,-67.85356358506482,3.6387142209142738
19611,27-08-2026,BEAS,30,-26.0,val,-32.87321347562022,-66.29208249572407,0.5456555444836368
19613,24-08-2026,AII,1,-2.0,val,-13.250689463629033,-21.72257014948677,-4.778808777771296
19613,24-08-2026,FL,3,-2.0,val,-14.884233785348808,-26.587868873892795,-3.1805986968048234
19613,24-08-2026,JP,4,-1.0,val,-14.315183907682322,-25.06784702550204,-3.562520789862605
19613,24-08-2026,GADJ,5,-1.0,val,-13.903219860061263,-24.257090706450505,-3.549349013672021
19613,24-08-2026,GTJT,6,-2.0,val,-14.927852087465858,-24.792033062992182,-5.063671111939536
19613,24-08-2026,DO,7,-5.0,val,-20.77880403987669,-32.35140898624516,-9.206199093508218
19613,24-08-2026,BKI,8,-8.0,val,-26.500305557996867,-35.25792974879001,-17.742681367203723
19613,24-08-2026,BU,9,-6.0,val,-29.420088516678664,-44.96264059419877,-13.877536439158561
19613,24-08-2026,RHG,10,-5.0,val,-29.845705536536407,-47.14000274698818,-12.551408326084633
19613,24-08-2026,AWR,11,-5.0,val,-29.571087310444724,-47.14356896759665,-11.998605653292795
19613,24-08-2026,KRH,12,-14.0,val,-32.94997413871634,-47.448871014626455,-18.45107726280623
19613,24-08-2026,RE,13,-4.0,val,-18.31268100927699,-27.10374058800741,-9.52162143054657
19613,24-08-2026,CKD,14,-5.0,val,-23.20396706648714,-35.05723906162494,-11.350695071349339
19613,24-08-2026,BNW,15,-1.0,val,-24.797317888951696,-35.6682331634224,-13.926402614480988
19613,24-08-2026,HSR,16,-11.0,val,-21.58369984084049,-32.40882440437174,-10.758575277309241
19613,24-08-2026,JHL,17,-11.0,val,-18.551079844470202,-29.319343213614374,-7.782816475326028
19613,24-08-2026,SAG,18,-28.0,val,-33.99083377465975,-43.71869985329333,-24.262967696026166
19613,24-08-2026,DUI,19,-12.0,val,-19.387703123320552,-33.41967741435953,-5.355728832281573
19613,24-08-2026,MET,20,-14.0,val,-22.189107762961555,-32.93264136140343,-11.445574164519687
19613,24-08-2026,LDH,21,-27.0,val,-16.655457208698557,-25.30067989131934,-8.010234526077774
19613,24-08-2026,PGW,22,-39.0,val,-30.717564779007887,-37.662847469790364,-23.772282088225413
19613,24-08-2026,JUC,23,-22.0,val,-16.901303365672923,-21.604468605470785,-12.198138125875062
19613,24-08-2026,BEAS,24,-20.0,val,-17.069015944176478,-23.48555425575851,-10.652477632594444
19613,26-08-2026,AII,1,-23.0,val,-14.242415900080646,-22.71430063314444,-5.770531167016854
19613,26-08-2026,KSG,2,-23.0,val,-15.583576994353923,-26.80181481179707,-4.365339176910776
19613,26-08-2026,FL,3,-21.0,val,-15.500317876585324,-27.198117702418426,-3.802518050752223
19613,26-08-2026,JP,4,-23.0,val,-15.524194518509447,-26.276561404240688,-4.771827632778205
19613,26-08-2026,GADJ,5,-22.0,val,-14.950303145425906,-25.303994883499392,-4.596611407352418
19613,26-08-2026,GTJT,6,-24.0,val,-16.09867697901951,-25.962749977103098,-6.234603980935919
19613,26-08-2026,DO,7,-25.0,val,-21.58637766557573,-33.15897724432151,-10.013778086829943
19613,26-08-2026,BKI,8,-32.0,val,-28.07066062856633,-36.82828374412516,-19.313037513007504
19613,26-08-2026,BU,9,-30.0,val,-31.009307737690577,-46.55185922838496,-15.466756246996189
19613,26-08-2026,RHG,10,-31.0,val,-31.760030862508597,-49.054327875096924,-14.46573384992027
19613,26-08-2026,AWR,11,-30.0,val,-31.28454721211521,-48.857028847243505,-13.712065576986916
19613,26-08-2026,KRH,12,-34.0,val,-33.711827876830135,-48.21072474914435,-19.212931004515923
19613,26-08-2026,RE,13,-17.0,val,-17.83410975204951,-26.6251693303863,-9.043050173712722
19613,26-08-2026,CKD,14,-24.0,val,-23.875426564536813,-35.72869855966548,-12.022154569408142
19613,26-08-2026,BNW,15,-19.0,val,-25.30901817470811,-36.179933485657045,-14.438102863759175
19613,26-08-2026,HSR,16,-23.0,val,-21.042057274629745,-31.867182207756805,-10.216932341502686
19613,26-08-2026,JHL,17,-21.0,val,-17.696741961675283,-28.465005338744614,-6.928478584605951
19613,26-08-2026,SAG,18,-51.0,val,-35.36739206869837,-45.095258147485474,-25.63952598991127
19613,26-08-2026,DUI,19,-37.0,val,-21.12745292639186,-35.15942721745096,-7.095478635332759
19613,26-08-2026,MET,20,-50.0,val,-25.67826804783367,-36.42180164628074,-14.934734449386594
19613,26-08-2026,LDH,21,-18.0,val,-12.834287232367394,-21.47950991498849,-4.1890645497463
19613,26-08-2026,PGW,22,-32.0,val,-26.950852017221678,-33.89613470800417,-20.005569326439186
19613,26-08-2026,JUC,23,-16.0,val,-13.358940228982878,-18.06210546878074,-8.655774989185016
19613,26-08-2026,BEAS,24,-18.0,val,-14.219311553120276,-20.63584986470231,-7.802773241538243
19943,24-08-2026,UDZ,1,8.79000000000002,val,-19.00110781031595,-39.08725071794868,1.08503509731678
19943,24-08-2026,KRCD,2,-2.159999999999968,val,-15.941551708145852,-35.392952729927,3.5098493136352964
19943,24-08-2026,ZW,3,21.649999999999977,val,-15.216877172970856,-34.86308207074154,4.429327724799828
19943,24-08-2026,JYM,4,-7.469999999999999,val,-14.055389079531757,-35.838873326007324,7.72809516694381
19943,24-08-2026,DNRP,5,-16.539999999999992,val,-13.919153236505615,-35.65009927307956,7.8117928000683285
19943,24-08-2026,HMT,6,-16.210000000000008,val,-12.93609969980449,-34.52162671894772,8.649427319338741
19943,24-08-2026,SDGM,7,-24.5,val,-14.07273545381603,-35.59921015377056,7.4537392461385
19943,24-08-2026,ASV,8,1.8399999999999963,val,-16.837767082136477,-38.407564358191024,4.732030193918067
19943,24-08-2026,ADI,9,7.449999999999999,val,-7.624771169414116,-20.61061868208487,5.361076343256638
19943,25-08-2026,UDZ,1,-2.169999999999959,val,-15.768079627483694,-35.85422253511642,4.318063280149037
19943,25-08-2026,KRCD,2,21.660000000000025,val,-16.627653308997182,-36.079054330778334,2.823747712783966
19943,25-08-2026,ZW,3,-7.480000000000018,val,-15.156156350304851,-34.802361248075535,4.4900485474658325
19943,25-08-2026,JYM,4,-16.53,val,-14.596699699441452,-36.38018394591702,7.186784547034115
19943,25-08-2026,DNRP,5,-16.20999999999998,val,-12.56333498492101,-34.29428102149495,9.167611051652933
19943,25-08-2026,HMT,6,-24.500000000000014,val,-13.70886820651894,-35.29439522566217,7.876658812624292
19943,25-08-2026,SDGM,7,1.8400000000000034,val,-17.833834836914416,-39.36030953686895,3.692639863040114
19943,25-08-2026,ASV,8,7.449999999999996,val,-16.26009748480594,-37.82989476086048,5.309699791248605
19943,25-08-2026,ADI,9,-8.95,val,-8.394605435801699,-21.380452948472453,4.5912420768690545
19943,26-08-2026,UDZ,1,21.650000000000034,val,-16.5003043130638,-36.58644722069653,3.58583859456893
19943,26-08-2026,KRCD,2,-7.46999999999997,val,-16.13300576967259,-35.58440679145374,3.3183952521085587
19943,26-08-2026,ZW,3,-16.53000000000003,val,-15.407402177683712,-35.053607075454394,4.238802720086971
19943,26-08-2026,JYM,4,-16.200000000000017,val,-13.399891748437026,-35.183375994912595,8.38359249803854
19943,26-08-2026,DNRP,5,-24.50999999999999,val,-13.26654559122597,-34.99749162779992,8.464400445347973
19943,26-08-2026,HMT,6,1.8400000000000034,val,-17.501512563370618,-39.08703958251385,4.084014455772614
19943,26-08-2026,SDGM,7,7.450000000000003,val,-15.540668710990209,-37.06714341094474,5.985805988964321
19943,26-08-2026,ASV,8,-8.96,val,-16.854376200396654,-38.4241734764512,4.71542107565789
19943,26-08-2026,ADI,9,32.37,val,-6.927531938292719,-19.913379450963472,6.058315574378034
19943,27-08-2026,UDZ,1,-7.46999999999997,val,-15.991218075685307,-36.07736098331804,4.094924831947424
19943,27-08-2026,KRCD,2,-16.529999999999973,val,-16.56490275672167,-36.01630377850282,2.8864982650594797
19943,27-08-2026,ZW,3,-16.210000000000036,val,-14.213840875809357,-33.86004577358004,5.432364021961327
19943,27-08-2026,JYM,4,-24.5,val,-13.770391327354186,-35.55387557382976,8.01309291912138
19943,27-08-2026,DNRP,5,1.8400000000000034,val,-17.114175941152794,-38.845121977726734,4.616770095421149
19943,27-08-2026,HMT,6,7.449999999999989,val,-15.163826611846378,-36.74935363098961,6.4217004072968535
19943,27-08-2026,SDGM,7,-8.950000000000003,val,-17.334185366231537,-38.86066006618607,4.192289333722993
19943,27-08-2026,ASV,8,32.37,val,-15.337605992416226,-36.90740326847077,6.232191283638318
19943,27-08-2026,ADI,9,-6.34,val,-7.873728748137056,-20.85957626080781,5.112118764533697
20993,24-08-2026,JP,1,-23.0,val,-12.947544694539504,-27.865592024622757,1.9705026355437472
20993,24-08-2026,KKU,2,-28.0,val,-18.204644287834977,-33.41087351346148,-2.998415062208476
20993,24-08-2026,FL,3,-31.0,val,-21.66387134147788,-35.99524422249179,-7.3324984604639685
20993,24-08-2026,KSG,4,-31.0,val,-21.6331112888371,-36.2114868849468,-7.054735692727398
20993,24-08-2026,AII,5,-22.0,val,-19.101810455602696,-33.218234093610015,-4.985386817595378
20993,24-08-2026,NSD,6,-23.0,val,-19.551257104427872,-33.552518330490855,-5.549995878364889
20993,24-08-2026,BJNR,7,-36.0,val,-30.204204849627395,-45.32609774239023,-15.082311956864562
20993,24-08-2026,BHL,8,-54.0,val,-46.605847330337404,-60.047940027613166,-33.16375463306164
20993,24-08-2026,CNA,9,-29.0,val,-26.78242668538407,-36.5890238058423,-16.97582956492584
20993,24-08-2026,KIN,10,-25.0,val,-26.72219377192881,-33.631788776378386,-19.812598767479237
20993,24-08-2026,MVJ,11,-34.0,val,-34.944904368626986,-37.94770104475853,-31.942107692495437
20993,24-08-2026,RPZ,12,-27.0,val,-25.036668110303477,-26.653031091944992,-23.420305128661962
20993,25-08-2026,JP,1,-23.0,val,-12.947544694539504,-27.865592024622757,1.9705026355437472
20993,25-08-2026,KKU,2,-25.0,val,-17.738911707461757,-32.945140933088254,-2.5326824818352556
20993,25-08-2026,FL,3,-32.0,val,-21.829816545077065,-36.16118942609098,-7.498443664063155
20993,25-08-2026,KSG,4,-27.0,val,-20.938801238953932,-35.51717683506364,-6.3604256428442305
20993,25-08-2026,AII,5,-25.0,val,-19.622726445551308,-33.73915008355863,-5.506302807543991
20993,25-08-2026,NSD,6,-24.0,val,-19.791793331491313,-33.7930545575543,-5.79053210542833
20993,25-08-2026,BJNR,7,-30.0,val,-29.197331034165835,-44.31922392692867,-14.075438141403001
20993,25-08-2026,BHL,8,-38.0,val,-43.91062511887153,-57.35271781614729,-30.468532421595768
20993,25-08-2026,CNA,9,-22.0,val,-25.60991201206223,-35.41650913252046,-15.803314891604002
20993,25-08-2026,KIN,10,-22.0,val,-26.246571269901914,-33.15616627435149,-19.336976265452336
20993,25-08-2026,MVJ,11,-30.0,val,-34.316565582914194,-37.31936225904574,-31.313768906782645
20993,25-08-2026,RPZ,12,-29.0,val,-25.339031926177036,-26.95539490781855,-23.72266894453552
20993,26-08-2026,JP,1,-29.0,val,-14.600422088625525,-29.518469418708776,0.3176252414577263
20993,26-08-2026,KKU,2,-32.0,val,-19.547033295005516,-34.75326252063202,-4.340804069379015
20993,26-08-2026,FL,3,-39.0,val,-23.660912757594136,-37.992285638608045,-9.329539876580226
20993,26-08-2026,KSG,4,-40.0,val,-23.8062056228747,-38.3845812189844,-9.227830026764998
20993,26-08-2026,AII,5,-30.0,val,-21.09094872528617,-35.20737236329349,-6.974525087278854
20993,26-08-2026,NSD,6,-30.0,val,-21.359615725201856,-35.36087695126484,-7.358354499138873
20993,26-08-2026,BJNR,7,-46.0,val,-32.51745741686084,-47.63935030962368,-17.39556452409801
20993,26-08-2026,BHL,8,-64.0,val,-48.927658207751364,-62.369750905027125,-35.4855655104756
20993,26-08-2026,CNA,9,-39.0,val,-29.09833416103873,-38.90493128149696,-19.2917370405805
20993,26-08-2026,KIN,10,-36.0,val,-29.199965734027607,-36.109560738477185,-22.29037072957803
20993,26-08-2026,MVJ,11,-39.0,val,-36.46102059972041,-39.46381727585196,-33.45822392358887
20993,26-08-2026,RPZ,12,-28.0,val,-25.868644476622528,-27.485007458264043,-24.252281494981013
20993,27-08-2026,JP,1,-25.0,val,-12.947544694539504,-27.865592024622757,1.9705026355437472
20993,27-08-2026,KKU,2,-32.0,val,-18.515132674750458,-33.72136190037696,-3.3089034491239566
20993,27-08-2026,FL,3,-36.0,val,-22.195459393063064,-36.52683227407697,-7.864086512049154
20993,27-08-2026,KSG,4,-37.0,val,-22.31641404847634,-36.89478964458604,-7.738038452366638
20993,27-08-2026,AII,5,-29.0,val,-19.949442396942995,-34.06586603495031,-5.833018758935678
20993,27-08-2026,NSD,6,-27.0,val,-19.894206783038868,-33.89546800910185,-5.892945556975885
20993,27-08-2026,BJNR,7,-32.0,val,-29.15856572792958,-44.280458620692414,-14.036672835166748
20993,27-08-2026,BHL,8,-44.0,val,-44.57264055500926,-58.01473325228502,-31.130547857733497
20993,27-08-2026,CNA,9,-39.0,val,-28.115135834166118,-37.921732954624346,-18.30853871370789
20993,27-08-2026,KIN,10,-33.0,val,-27.7964275447761,-34.70602254922568,-20.886832540326523
20993,27-08-2026,MVJ,11,-41.0,val,-35.79684234273058,-38.79963901886212,-32.79404566659903
20993,27-08-2026,RPZ,12,-29.0,val,-25.068878929821768,-26.685241911463283,-23.452515948180253
22421,24-08-2026,DEE,1,2.0,val,-0.9211168409995116,-13.231565701920655,11.389332019921632
22421,24-08-2026,DEC,2,-2.0,val,-6.784786088920905,-23.055633113308772,9.486060935466964
22421,24-08-2026,GGN,3,-6.0,val,-8.931896099120781,-25.005543372809708,7.141751174568146
22421,24-08-2026,PTRD,4,-10.0,val,-15.35772377965503,-31.12122632232898,0.4057787630189189
22421,24-08-2026,RE,5,4.0,val,-6.16364667161557,-26.888996960155843,14.561703616924703
22421,24-08-2026,MHRG,6,-12.0,val,-19.873113274777864,-44.27161436561955,4.5253878160638195
22421,24-08-2026,STNL,7,-15.0,val,-18.396558252920958,-40.16776288397779,3.374646378135875
22421,24-08-2026,LHU,8,-11.0,val,-13.13084382923108,-34.05186057703432,7.790172918572159
22421,24-08-2026,RMB,9,-13.0,val,-14.394506945230946,-34.97305091937536,6.184037028913471
22421,24-08-2026,SDLP,10,-10.0,val,-13.760147511367178,-35.48454043235056,7.964245409616206
22421,24-08-2026,CUR,11,-1.0,val,-7.388370510598942,-27.016598514683622,12.239857493485736
22421,24-08-2026,RTGH,12,4.0,val,-2.471305063874125,-18.308506392552598,13.365896264804348
22421,24-08-2026,PIH,13,3.0,val,-3.6305180046048835,-18.959079594623788,11.69804358541402
22421,24-08-2026,TLC,14,2.0,val,-5.474700723669624,-20.874362740232705,9.924961292893459
22421,24-08-2026,SUJH,15,-1.0,val,-8.263585011846462,-23.259016202098145,6.731846178405219
22421,24-08-2026,LAU,16,-1.0,val,-7.221619254739276,-21.51924243368438,7.076003924205826
22421,24-08-2026,DIA,17,0.0,val,-6.826154112975791,-20.82416222392592,7.171853997974338
22421,24-08-2026,DNA,19,-7.0,val,-19.33407407759647,-29.4502220529375,-9.217926102255436
22421,24-08-2026,MTD,20,-5.0,val,-16.214615109571234,-25.05549760280211,-7.373732616340359
22421,24-08-2026,GOTN,21,-6.0,val,-17.459770007622605,-26.516752828872495,-8.402787186372716
22421,25-08-2026,DEE,1,8.0,val,-0.7558291015909095,-13.066277962512054,11.554619759330233
22421,25-08-2026,DEC,2,0.0,val,-7.2725005165106165,-23.543347540898488,8.998346507877253
22421,25-08-2026,GGN,3,-2.0,val,-9.17364931661469,-25.247296590303616,6.899997957074238
22421,25-08-2026,PTRD,4,-7.0,val,-15.720382328798117,-31.483884871472064,0.04312021387583265
22421,25-08-2026,RE,5,6.0,val,-6.696057263608622,-27.421407552148896,14.02929302493165
22421,25-08-2026,MHRG,6,3.0,val,-18.094978415383757,-42.49347950622544,6.303522675457927
22421,25-08-2026,STNL,7,-16.0,val,-19.453438099121517,-41.224642730178346,2.317766531935316
22421,25-08-2026,LHU,8,-8.0,val,-13.68188305180895,-34.60289979961219,7.2391336959942905
22421,25-08-2026,RMB,9,-10.0,val,-14.810707392175958,-35.38925136632037,5.767836581968458
22421,25-08-2026,SDLP,10,-8.0,val,-14.295175332312514,-36.0195682532959,7.42921758867087
22421,25-08-2026,CUR,11,0.0,val,-8.069787527927394,-27.69801553201207,11.558440476157285
22421,25-08-2026,RTGH,12,9.0,val,-2.4550116373199655,-18.292212965998438,13.382189691358509
22421,25-08-2026,PIH,13,-4.0,val,-5.565530848167295,-20.8940924381862,9.763030741851608
22421,25-08-2026,TLC,14,-6.0,val,-7.760728492412251,-23.160390508975333,7.638933524150832
22421,25-08-2026,SUJH,15,-10.0,val,-10.703707691100867,-25.699138881352546,4.291723499150814
22421,25-08-2026,LAU,16,-8.0,val,-9.360517060758331,-23.658140239703435,4.937106118186771
22421,25-08-2026,DIA,17,-13.0,val,-9.826574246622654,-23.824582357572783,4.171433864327476
22421,25-08-2026,DNA,19,-35.0,val,-24.80908146028799,-34.92522943562902,-14.692933484946959
22421,25-08-2026,MTD,20,-30.0,val,-21.214753129356726,-30.0556356225876,-12.37387063612585
22421,25-08-2026,GOTN,21,-38.0,val,-23.496856103044735,-32.553838924294624,-14.439873281794846
22421,26-08-2026,DEE,1,-18.0,val,-12.656546339010255,-24.966995199931397,-0.34609747808911173
22421,26-08-2026,DEC,2,-23.0,val,-18.68346612868123,-34.954313153069094,-2.412619104293359
22421,26-08-2026,GGN,3,-25.0,val,-20.499507406523726,-36.57315468021265,-4.425860132834799
22421,26-08-2026,PTRD,4,-33.0,val,-27.619862451123453,-43.3833649937974,-11.856359908449503
22421,26-08-2026,RE,5,-41.0,val,-22.373804050760768,-43.09915433930104,-1.6484537622204947
22421,26-08-2026,MHRG,6,-42.0,val,-33.38809313096932,-57.786594221811,-8.989592040127633
22421,26-08-2026,STNL,7,-37.0,val,-30.338393934030755,-52.10959856508759,-8.567189302973922
22421,26-08-2026,LHU,8,-28.0,val,-24.147685817937564,-45.06870256574081,-3.2266690701343244
22421,26-08-2026,RMB,9,-33.0,val,-25.931342127461043,-46.50988610160546,-5.352798153316627
22421,26-08-2026,SDLP,10,-33.0,val,-25.948739578943364,-47.67313249992675,-4.22434665795998
22421,26-08-2026,CUR,11,-23.0,val,-19.45671710821484,-39.08494511229952,0.17151089586984014
22421,26-08-2026,RTGH,12,-20.0,val,-14.87867603011538,-30.715877358793854,0.9585252985630923
22421,26-08-2026,PIH,13,-19.0,val,-15.716926661284749,-31.045488251303652,-0.3883650712658451
22421,26-08-2026,TLC,14,-17.0,val,-17.054466650116183,-32.45412866667927,-1.6548046335531001
22421,26-08-2026,SUJH,15,-22.0,val,-20.088007450439896,-35.083438640691575,-5.092576260188215
22421,26-08-2026,LAU,16,-25.0,val,-19.531345843869946,-33.828969022815045,-5.233722664924844
22421,26-08-2026,DIA,17,-24.0,val,-19.242302128936544,-33.240310239886675,-5.244294017986414
22421,26-08-2026,DNA,19,-17.0,val,-29.429907094595514,-39.54605506993654,-19.31375911925448
22421,26-08-2026,MTD,20,-13.0,val,-25.9470798283489,-34.787962321579776,-17.106197335118026
22421,26-08-2026,GOTN,21,-12.0,val,-26.885188740187967,-35.94217156143786,-17.828205918938078
22421,27-08-2026,DEE,1,8.0,val,-0.7558291015909095,-13.066277962512054,11.554619759330233
22421,27-08-2026,DEC,2,3.0,val,-6.782748891261881,-23.05359591564975,9.488098133125987
22421,27-08-2026,GGN,3,1.0,val,-8.598790169104381,-24.67243744279331,7.4748571045845456
22421,27-08-2026,PTRD,4,-3.0,val,-15.001041153215098,-30.764543695889046,0.762461389458851
22421,27-08-2026,RE,5,9.0,val,-6.174887449246786,-26.90023773778706,14.550462839293488
22421,27-08-2026,MHRG,6,5.0,val,-17.775960767196533,-42.174461858038214,6.6225403236451506
22421,27-08-2026,STNL,7,-11.0,val,-18.60165158228723,-40.372856213344065,3.169553048769604
22421,27-08-2026,LHU,8,-9.0,val,-13.832284533972574,-34.75330128177581,7.088732213830665
22421,27-08-2026,RMB,9,-18.0,val,-16.25049726696917,-36.829041241113586,4.328046707175247
22421,27-08-2026,SDLP,10,-20.0,val,-16.452047140061282,-38.176440061044666,5.272345780922102
22421,27-08-2026,CUR,11,-6.0,val,-9.097367403880437,-28.725595407965116,10.530860600204242
22421,27-08-2026,RTGH,12,-1.0,val,-4.123942350530468,-19.96114367920894,11.713258978148005
22421,27-08-2026,PIH,13,-8.0,val,-6.265638518367833,-21.594200108386737,9.06292307165107
22421,27-08-2026,TLC,14,-9.0,val,-8.202479612558998,-23.60214162912208,7.197182404004085
22421,27-08-2026,SUJH,15,-11.0,val,-10.822659184646815,-25.818090374898496,4.172772005604866
22421,27-08-2026,LAU,16,-9.0,val,-9.449462981053706,-23.74708615999881,4.848160197891396
22421,27-08-2026,DIA,17,-8.0,val,-8.971622361965789,-22.969630472915917,5.026385748984341
22421,27-08-2026,DNA,19,-18.0,val,-21.974617557683697,-32.09076553302473,-11.858469582342664
22421,27-08-2026,MTD,20,-14.0,val,-18.538370649109417,-27.379253142340293,-9.697488155878542
22421,27-08-2026,GOTN,21,-18.0,val,-20.228844338417694,-29.285827159667583,-11.171861517167805
22473,24-08-2026,BKN,1,3.0,val,1.776858492939068,-4.863004339016112,8.416721324894247
22473,24-08-2026,NOK,2,-7.0,val,-7.781712962178149,-21.01829593887351,5.454870014517212
22473,24-08-2026,NGO,3,-23.0,val,-27.38569873678707,-42.159187111439905,-12.612210362134233
22473,24-08-2026,MTD,4,-12.0,val,-10.372224102085084,-20.694713540562777,-0.04973466360739209
22473,24-08-2026,JU,5,3.0,val,-1.9883269432901929,-13.570957817481538,9.594303930901152
22473,24-08-2026,LUNI,6,-7.0,val,-9.45787333330911,-19.191041277101114,0.27529461048289505
22473,24-08-2026,PMY,7,-19.0,val,-15.520057067163812,-26.2914998180605,-4.748614316267123
22473,24-08-2026,MJ,8,-1.0,val,0.7509704028419557,-6.565310779763197,8.067251585447108
22473,24-08-2026,SJWB,9,-14.0,val,-7.5368430595324085,-15.576959965844507,0.50327384677969
22473,24-08-2026,ABR,10,3.0,val,2.1974469799656853,-3.714750396282533,8.109644356213904
22473,24-08-2026,PNU,11,3.0,val,-1.145374203013767,-12.330856422944752,10.040108016917216
22473,24-08-2026,MSH,13,2.0,val,-3.339032248781204,-20.74672951071163,14.068665013149221
22473,24-08-2026,ADI,14,-13.0,val,-12.363937330305095,-32.26490677699663,7.537032116386442
22473,24-08-2026,ND,15,-2.0,val,-6.870300409542015,-20.072637567139765,6.332036748055735
22473,24-08-2026,ANND,16,-7.0,val,-7.758370258002492,-20.959360766753107,5.4426202507481225
22473,24-08-2026,BRC,17,-18.0,val,-13.49616797809771,-19.282531986584413,-7.709803969611005
22473,24-08-2026,BH,18,-13.0,val,-8.979452026417874,-16.78029131659441,-1.1786127362413383
22473,24-08-2026,ST,19,-6.0,val,-7.5662182416831625,-20.76525967560675,5.632823192240424
22473,24-08-2026,NVS,20,-10.0,val,-17.828201660260284,-27.617905960743492,-8.038497359777073
22473,24-08-2026,BL,21,-6.0,val,-3.8426768033844354,-12.083245093883704,4.397891487114833
22473,24-08-2026,BVI,22,-24.0,val,-19.943825699798747,-24.564700214433394,-15.322951185164099
22475,26-08-2026,HSR,1,-40.0,val,-20.405574771541136,-49.61065444401605,8.799504900933776
22475,26-08-2026,SDLP,2,-38.0,val,-19.92638762327157,-49.166009553942445,9.313234307399306
22475,26-08-2026,CUR,3,-22.0,val,-15.922445964702542,-45.14832750348144,13.303435574076358
22475,26-08-2026,RTGH,4,-19.0,val,-16.11012046513806,-45.320124382075505,13.099883451799382
22475,26-08-2026,SDGH,5,-29.0,val,-19.17283883343782,-48.39404431373134,10.048366646855701
22475,26-08-2026,BKN,6,-17.0,val,-15.875133460784628,-45.098937281221524,13.348670359652271
22475,26-08-2026,NOK,7,-44.0,val,-23.224328264991318,-52.432324792231356,5.983668262248717
22475,26-08-2026,NGO,8,-57.0,val,-25.061692033430404,-54.261343923337016,4.137959856476208
22475,26-08-2026,MTD,9,-61.0,val,-24.654793077109353,-53.85711954978514,4.5475333955664325
22475,26-08-2026,JU,10,-99.0,val,-31.992607075208802,-61.222184905844955,-2.763029244572653
22475,26-08-2026,LUNI,11,-86.0,val,-26.9837093713895,-56.169104653002776,2.2016859102237696
22475,26-08-2026,PMY,12,-84.0,val,-27.04918704440614,-56.23149169693686,2.133117608124582
22475,26-08-2026,MJ,13,-58.0,val,-20.662311746223608,-49.838803284133505,8.514179791686285
22475,26-08-2026,FA,14,-58.0,val,-22.55225022193466,-51.74363548249124,6.6391350386219266
22475,26-08-2026,ABR,15,-39.0,val,-19.359739292789147,-48.56322663496293,9.843748049384637
22475,26-08-2026,PNU,16,-27.0,val,-17.167315803990043,-46.34386800954407,12.009236401563978
22475,26-08-2026,MSH,17,-26.0,val,-17.78268527631418,-46.961577900734845,11.396207348106486
22475,26-08-2026,ADI,18,-38.0,val,-20.624922441902207,-49.80218528899782,8.552340405193402
22475,26-08-2026,BRC,20,-36.0,val,-19.75627534412028,-48.9405942490193,9.42804356077874
22475,26-08-2026,AKV,21,-32.0,val,-18.915488500437576,-48.087581147952235,10.256604147077088
22475,26-08-2026,ST,22,-26.0,val,-17.717589649476466,-46.87860448861672,11.443425189663792
22475,26-08-2026,VAPI,23,-41.0,val,-20.950189634814954,-50.11883300788983,8.218453738259921
22475,26-08-2026,BSR,24,-26.0,val,-17.76424713786601,-46.931582045916244,11.403087770184221
22475,26-08-2026,PNVL,25,-34.0,val,-19.704829577038858,-48.857832228526775,9.448173074449063
22475,26-08-2026,ROHA,26,-21.0,val,-16.910107995530865,-46.0619759608314,12.241759969769667
22475,26-08-2026,CHI,27,-106.0,val,-32.86833801799498,-62.02401184626166,-3.712664189728301
22475,26-08-2026,RN,28,-100.0,val,-30.41063060594972,-59.55792323192509,-1.2633379799743558
22475,26-08-2026,THVM,30,-185.0,val,-45.2152792969252,-74.36684137360672,-16.06371722024369
22475,26-08-2026,MAO,31,-125.0,val,-32.65319367948998,-61.79460606304373,-3.5117812959362276
22475,26-08-2026,KAWR,32,-133.0,val,-35.30824950931271,-64.4490244930947,-6.167474525530718
22475,26-08-2026,KT,33,-135.0,val,-36.06767187217296,-65.20747139000204,-6.927872354343869
22475,26-08-2026,BTJL,34,-129.0,val,-35.02628200006425,-64.16542394173393,-5.887140058394568
22475,26-08-2026,UD,35,-94.0,val,-28.959530713849958,-58.09833282689726,0.17927139919734358
22475,26-08-2026,MAJN,36,-52.0,val,-21.7982021445316,-50.93590341958417,7.33949913052097
22475,26-08-2026,CAN,37,-21.0,val,-17.064566046553537,-46.201803565055954,12.072671471948876
22475,26-08-2026,CLT,38,-17.0,val,-16.566565718181714,-45.70295594590659,12.56982450954316
22475,26-08-2026,SRR,40,-43.0,val,-20.901216534487343,-50.03735746625152,8.234924397276835
22475,26-08-2026,PGT,41,-44.0,val,-21.101376842932055,-50.23748598072841,8.034732294864302
22977,24-08-2026,JP,0,4.0,val,-12.422208362561944,-24.56201506023188,-0.28240166489200824
22977,24-08-2026,KKU,1,3.0,val,-14.16213194612995,-24.92107334078062,-3.4031905514792804
22977,24-08-2026,FL,2,2.0,val,-13.985949188427366,-25.95001039501546,-2.0218879818392708
22977,24-08-2026,NAC,3,3.0,val,-14.831940515177083,-26.52588713985548,-3.1379938904986844
22977,24-08-2026,KMNC,4,4.0,val,-14.94477555138992,-25.78922807678366,-4.100323025996179
22977,24-08-2026,GCH,6,4.0,val,-15.219193803145892,-25.956593839640185,-4.481793766651599
22977,24-08-2026,DNA,7,-7.0,val,-17.677228306281318,-28.32574178355194,-7.028714829010697
22977,24-08-2026,REN,8,-8.0,val,-18.735961984661998,-29.070535753908086,-8.40138821541591
22977,24-08-2026,MTD,9,-10.0,val,-21.26300526011335,-31.63726241246496,-10.888748107761739
22977,24-08-2026,RKB,11,-23.0,val,-34.59336195472557,-38.532613239061575,-30.654110670389567
22977,25-08-2026,JP,0,3.0,val,-12.256920623153343,-24.396731526734307,-0.11710971957238137
22977,25-08-2026,KKU,1,0.0,val,-14.295037827565325,-25.053983792759244,-3.536091862371407
22977,25-08-2026,FL,2,0.0,val,-14.000206621035149,-25.964272136006173,-2.0361411060641252
22977,25-08-2026,NAC,3,-4.0,val,-15.68529735385445,-27.379247372232058,-3.991347335476844
22977,25-08-2026,KMNC,4,-5.0,val,-16.15445573014223,-26.99891125751902,-5.310000202765442
22977,25-08-2026,MKN,5,-5.0,val,-16.855619442648035,-27.281727160522543,-6.429511724773526
22977,25-08-2026,GCH,6,-5.0,val,-16.4063695067573,-27.14364811325628,-5.669090900258322
22977,25-08-2026,DNA,7,-7.0,val,-17.441061319622232,-28.089528892747662,-6.792593746496802
22977,25-08-2026,REN,8,-9.0,val,-18.494763923259512,-28.82933137370125,-8.160196472817772
22977,25-08-2026,MTD,9,-11.0,val,-21.053052604437067,-31.427308545161132,-10.678796663713003
22977,25-08-2026,GOTN,10,-14.0,val,-23.15505123861916,-32.93554923216297,-13.374553245075345
22977,25-08-2026,RKB,11,-33.0,val,-35.89754752427098,-39.836798808606986,-31.958296239934977
22977,26-08-2026,JP,0,-18.0,val,-12.752783841379149,-24.89259474496011,-0.6129729377981867
22977,26-08-2026,KKU,1,-19.0,val,-14.492693684139164,-25.251639649333082,-3.7337477189452457
22977,26-08-2026,FL,2,-22.0,val,-14.658496483715076,-26.622561998686102,-2.6944309687440526
22977,26-08-2026,NAC,3,-21.0,val,-15.50613397947835,-27.200083997855955,-3.812183961100743
22977,26-08-2026,KMNC,4,-22.0,val,-15.936901037224192,-26.781356564600983,-5.092445509847403
22977,26-08-2026,MKN,5,-24.0,val,-16.957505629226233,-27.38361334710074,-6.531397911351725
22977,26-08-2026,GCH,6,-30.0,val,-17.560381643635623,-28.2976602501346,-6.823103037136644
22977,26-08-2026,DNA,7,-32.0,val,-18.65759300918354,-29.30606058230897,-8.00912543605811
22977,26-08-2026,REN,8,-32.0,val,-19.362752476697796,-29.69731992713954,-9.028185026256056
22977,26-08-2026,MTD,9,-33.0,val,-21.72808508888109,-32.10234102960516,-11.353829148157027
22977,26-08-2026,GOTN,10,-35.0,val,-23.651029015174718,-33.43152700871853,-13.870531021630905
22977,26-08-2026,RKB,11,-35.0,val,-33.27989218498224,-37.21914346931824,-29.340640900646232
22977,27-08-2026,JP,0,-16.0,val,-12.256920623153343,-24.396731526734307,-0.11710971957238137
22977,27-08-2026,KKU,1,-19.0,val,-14.295037827565325,-25.053983792759244,-3.536091862371407
22977,27-08-2026,FL,2,-18.0,val,-13.829224864177126,-25.79329037914815,-1.8651593492061025
22977,27-08-2026,NAC,3,-16.0,val,-14.49228176183602,-26.186231780213625,-2.798331743458414
22977,27-08-2026,KMNC,4,-21.0,val,-15.568657315771077,-26.413112843147864,-4.7242017883942875
22977,27-08-2026,MKN,5,-20.0,val,-16.206232399320676,-26.632340117195184,-5.780124681446168
22977,27-08-2026,GCH,6,-23.0,val,-16.237537343214647,-26.974815949713626,-5.500258736715669
22977,27-08-2026,DNA,7,-26.0,val,-17.45750496547,-28.10597253859543,-6.809037392344571
22977,27-08-2026,REN,8,-27.0,val,-18.356977300130698,-28.69154475057244,-8.022409849688957
22977,27-08-2026,MTD,9,-29.0,val,-20.894868861640884,-31.26912480236495,-10.52061292091682
22977,27-08-2026,GOTN,10,-31.0,val,-22.835742413592488,-32.6162404071363,-13.055244420048675
22977,27-08-2026,RKB,11,-38.0,val,-33.601413848794664,-37.540665133130666,-29.662162564458658
22982,24-08-2026,SGNR,1,-8.0,val,-11.944214623234766,-19.22911007674845,-4.659319169721081
22982,24-08-2026,SDS,2,-13.0,val,-16.13870661617205,-23.38176088917326,-8.895652343170841
22982,24-08-2026,HMH,3,-25.0,val,-22.681259324567954,-41.65097617624546,-3.71154247289045
22982,24-08-2026,PGK,4,-23.0,val,-23.37763880045734,-44.83297772709372,-1.9222998738209647
22982,24-08-2026,SOG,5,-27.0,val,-30.14357638291649,-52.16150812768001,-8.12564463815297
22982,24-08-2026,MHJ,6,-27.0,val,-32.17054864837037,-53.84151632010867,-10.499580976632078
22982,24-08-2026,LKS,7,-45.0,val,-39.70040190911092,-59.88506369212823,-19.515740126093615
22982,24-08-2026,LGH,8,-49.0,val,-45.5774534268234,-67.67299781694686,-23.481909036699953
22982,24-08-2026,BKN,9,-17.0,val,-19.88591234791446,-39.30861302660779,-0.46321166922112766
22982,24-08-2026,DSO,10,-14.0,val,-20.986606194640306,-38.11972556937587,-3.853486819904738
22982,24-08-2026,NOK,11,-15.0,val,-23.724448365509758,-40.68172968129343,-6.767167049726087
22982,24-08-2026,DNA,13,-32.0,val,-48.58183211023018,-66.35170425382162,-30.811959966638746
22982,24-08-2026,MKN,14,-32.0,val,-49.40434405841095,-67.90140473461989,-30.907283382202003
22982,24-08-2026,NAC,15,-19.0,val,-37.24906641924423,-55.624042142623054,-18.874090695865405
22982,24-08-2026,SBR,16,-7.0,val,-21.925862959185885,-38.99456508536193,-4.857160833009846
22982,24-08-2026,FL,17,-7.0,val,-17.7054850146142,-33.1385442830083,-2.2724257462200974
22982,24-08-2026,JOB,18,-10.0,val,-20.59127256703729,-35.26703840861799,-5.91550672545659
22982,24-08-2026,JP,19,-23.0,val,-34.16724816864295,-53.36845452564535,-14.966041811640554
22982,24-08-2026,DPA,20,-25.0,val,-35.06937323691598,-51.41058397033755,-18.72816250349441
22982,24-08-2026,BNLW,21,-29.0,val,-41.235002536267196,-56.583760369051824,-25.886244703482568
22982,24-08-2026,ISA,22,-27.0,val,-42.292316543858924,-56.24101625623535,-28.3436168314825
22982,24-08-2026,CKB,23,-30.0,val,-38.06835448545308,-52.578388517604196,-23.558320453301956
22982,24-08-2026,SWM,24,-9.0,val,-14.05658118638912,-22.015813403064236,-6.097348969714007
22982,24-08-2026,IDG,25,-15.0,val,-19.88628138640932,-26.990475671683022,-12.782087101135614
22982,24-08-2026,LKE,26,-19.0,val,-21.939969712611582,-29.088683088012527,-14.791256337210637
22982,27-08-2026,SGNR,1,-16.0,val,-11.944214623234766,-19.228721994305094,-4.659707252164439
22982,27-08-2026,HMH,3,-16.0,val,-19.45898090760838,-38.43121345700537,-0.48674835821138984
22982,27-08-2026,PGK,4,-15.0,val,-20.472167727644603,-41.92803718002082,0.9837017247316133
22982,27-08-2026,SOG,5,-29.0,val,-29.312677002367234,-51.33075866538099,-7.294595339353478
22982,27-08-2026,MHJ,6,-27.0,val,-30.926163337103766,-52.59722256658064,-9.255104107626892
22982,27-08-2026,LKS,7,-31.0,val,-35.73333062602222,-55.91806242549882,-15.548598826545625
22982,27-08-2026,LGH,8,-37.0,val,-42.1748477849088,-64.27046833164479,-20.079227238172802
22982,27-08-2026,BKN,9,-16.0,val,-18.11582738292334,-37.53860950474345,1.3069547388967706
22982,27-08-2026,DSO,10,-20.0,val,-21.0696988270917,-38.20288125412064,-3.936516400062761
22982,27-08-2026,NOK,11,-21.0,val,-23.664646091561366,-40.62198533945445,-6.707306843668285
22982,27-08-2026,NGO,12,-36.0,val,-40.40560209557412,-58.67679555375011,-22.13440863739812
22982,27-08-2026,DNA,13,-52.0,val,-50.70675405967665,-68.47517491747826,-32.93833320187503
22982,27-08-2026,MKN,14,-52.0,val,-51.43865814022996,-69.93566346975369,-32.94165281070623
22982,27-08-2026,NAC,15,-40.0,val,-39.424091116774306,-57.799060880975915,-21.049121352572698
22982,27-08-2026,SBR,16,-24.0,val,-23.422415939501054,-40.49111701620357,-6.35371486279854
22982,27-08-2026,FL,17,-15.0,val,-17.84129024011198,-33.27434891890954,-2.408231561314425
22982,27-08-2026,JOB,18,-16.0,val,-20.10102514342605,-34.77679084366136,-5.425259443190736
22982,27-08-2026,JP,19,-26.0,val,-33.22978411289627,-52.43099051562511,-14.028577710167426
22982,27-08-2026,DPA,20,-27.0,val,-33.99917689214451,-50.3403877823243,-17.657966001964724
22982,27-08-2026,BNLW,21,-34.0,val,-40.705981135726205,-56.05473901090893,-25.357223260543478
22982,27-08-2026,ISA,22,-32.0,val,-41.79431548652023,-55.743015241895925,-27.84561573114454
22982,27-08-2026,CKB,23,-23.0,val,-35.712278675203095,-50.22231273390554,-21.202244616500654
22982,27-08-2026,SWM,24,-16.0,val,-13.674260920251163,-21.633493142846266,-5.7150286976560585
22982,27-08-2026,IDG,25,-17.0,val,-18.94119555483971,-26.045389849614224,-11.837001260065193
22982,27-08-2026,LKE,26,-19.0,val,-20.673276017827735,-27.82198939322868,-13.52456264242679
12015,28-08-2026,NDLS,1,-22.0,test,-11.36694213854749,-43.9766037160979,21.242719439002915
12015,28-08-2026,DEC,2,-24.0,test,-15.015043792262105,-46.624731238413936,16.594643653889726
12015,28-08-2026,GGN,3,-24.0,test,-15.240457534164925,-46.499212032015265,16.018296963685412
12015,28-08-2026,RE,4,-22.0,test,-15.373045142952748,-39.19382568490464,8.44773539899914
12015,28-08-2026,AWR,5,-29.0,test,-21.740769278828374,-42.071704965618565,-1.4098335920381864
12015,28-08-2026,BKI,6,-28.0,test,-20.816852883344513,-35.30391688193556,-6.329788884753468
12015,28-08-2026,GADJ,7,-32.0,test,-25.36025609358769,-38.73871773709938,-11.981794450076
12015,28-08-2026,JP,8,-32.0,test,-23.465197461479487,-34.55042097418643,-12.379973948772543
12015,28-08-2026,KSG,9,-28.0,test,-23.12424344520425,-32.79810249570613,-13.450384394702368
12015,28-08-2026,AII,10,-23.0,test,-18.65037633739497,-20.774749263494073,-16.526003411295868
12015,29-08-2026,NDLS,1,-21.0,test,-11.73966941829609,-44.34933099584649,20.869992159254316
12015,29-08-2026,DEC,2,-22.0,test,-15.071888739590356,-46.68157618574219,16.537798706561475
12015,29-08-2026,GGN,3,-22.0,test,-15.229512462747163,-46.4882669605975,16.029242035103174
12015,29-08-2026,RE,4,-20.0,test,-15.364853928286646,-39.18563447023853,8.455926613665241
12015,29-08-2026,AWR,5,-28.0,test,-22.109862480796593,-42.44079816758678,-1.7789267940064057
12015,29-08-2026,BKI,6,-21.0,test,-18.972232019188294,-33.45929601777934,-4.485168020597248
12015,29-08-2026,GADJ,7,-23.0,test,-22.737133442309492,-36.115595085821184,-9.358671798797802
12015,29-08-2026,JP,8,-24.0,test,-21.1175992100363,-32.20282272274324,-10.032375697329355
12015,29-08-2026,KSG,9,-28.0,test,-23.857654375319168,-33.531513425821046,-14.183795324817286
12015,29-08-2026,AII,10,-22.0,test,-19.06178038371399,-21.186153309813093,-16.93740745761489
12015,30-08-2026,NDLS,1,-23.0,test,-11.73966941829609,-44.34933099584649,20.869992159254316
12015,30-08-2026,DEC,2,-29.0,test,-16.651300401692097,-48.26098784784393,14.958387044459734
12015,30-08-2026,GGN,3,-26.0,test,-16.122682444998485,-47.38143694284882,15.136072052851851
12015,30-08-2026,RE,4,-22.0,test,-15.388030593681313,-39.2088111356332,8.432749948270574
12015,30-08-2026,AWR,5,-29.0,test,-21.732434669737877,-42.06337035652807,-1.4014989829476896
12015,30-08-2026,BKI,6,-23.0,test,-18.96502137036376,-33.452085368954805,-4.477957371772716
12015,30-08-2026,GADJ,7,-22.0,test,-21.62733436812304,-35.00579601163473,-8.248872724611351
12015,30-08-2026,JP,8,-23.0,test,-19.985707127469595,-31.07093064017654,-8.900483614762651
12015,30-08-2026,KSG,9,-22.0,test,-20.87915731444427,-30.553016364946153,-11.205298263942389
12015,30-08-2026,AII,10,-23.0,test,-18.578750965711308,-20.703123891810407,-16.45437803961221
12015,31-08-2026,NDLS,1,0.0,test,-11.73966941829609,-44.34933099584649,20.869992159254316
12015,31-08-2026,DEC,2,-7.0,test,-16.967182734112445,-48.57687018026428,14.642504712039386
12015,31-08-2026,GGN,3,-11.0,test,-18.89846893451931,-50.15722343236965,12.360285563331026
12015,31-08-2026,RE,4,-13.0,test,-20.64808732219648,-44.468867864148365,3.1726932197554056
12015,31-08-2026,AWR,5,-20.0,test,-26.99158925854411,-47.322524945334294,-6.660653571753922
12015,31-08-2026,BKI,6,-15.0,test,-24.560989252709877,-39.04805325130092,-10.073925254118832
12015,31-08-2026,GADJ,7,-18.0,test,-28.705170245738252,-42.08363188924994,-15.326708602226562
12015,31-08-2026,JP,8,-16.0,test,-26.23996729146926,-37.3251908041762,-15.154743778762315
12015,31-08-2026,KSG,9,-30.0,test,-32.40255155887839,-42.076410609380275,-22.72869250837651
12015,31-08-2026,AII,10,-19.0,test,-25.861551973515514,-27.985924899614616,-23.73717904741641
12182,28-08-2026,AII,1,4.0,test,-5.2129870169992,-35.32680671983919,24.90083268584079
12182,28-08-2026,KSG,2,4.0,test,-5.822604604598582,-36.14155032431967,24.4963411151225
12182,28-08-2026,FL,3,0.0,test,-11.65804569654229,-41.96193731073765,18.645845917653077
12182,28-08-2026,JP,4,-11.0,test,-19.535888177809454,-51.180233266945564,12.108456911326659
12182,28-08-2026,DPA,5,-9.0,test,-18.487605463284893,-50.334799711224946,13.359588784655156
12182,28-08-2026,BNLW,6,-15.0,test,-23.589947810852046,-54.975023653054606,7.795128031350519
12182,28-08-2026,CKB,7,-8.0,test,-19.35210257781656,-51.53418295246642,12.829977796833305
12182,28-08-2026,SWM,8,4.0,test,-7.899199667825509,-38.59985835978123,22.80145902413021
12182,28-08-2026,IDG,9,-6.0,test,-15.654946181024119,-47.0702992025594,15.760406840511155
12182,28-08-2026,LKE,10,-7.0,test,-20.28600820154966,-50.68864847549399,10.116632072394673
12182,28-08-2026,KOTA,11,4.0,test,-11.30451758893119,-45.65992051116366,23.05088533330128
12182,28-08-2026,ATH,12,2.0,test,-13.419674560178784,-46.67348414159724,19.834135021239675
12182,28-08-2026,BAZ,13,3.0,test,-15.389810056648766,-46.927728936597234,16.148108823299697
12182,28-08-2026,ATRU,14,1.0,test,-16.521897814311785,-48.591379502244855,15.547583873621285
12182,28-08-2026,CAG,15,2.0,test,-15.549482526451236,-47.7004328837776,16.60146783087513
12182,28-08-2026,RTA,16,4.0,test,-7.327374063744327,-38.257892861720066,23.603144734231414
12182,28-08-2026,GUNA,17,4.0,test,-8.332373751570948,-40.520504867458534,23.855757364316638
12182,28-08-2026,ASKN,18,-2.0,test,-13.632810068029844,-44.885562320046986,17.6199421839873
12182,28-08-2026,MNV,19,-16.0,test,-22.790964350454445,-54.51058941739233,8.928660716483442
12182,28-08-2026,MAKR,20,4.0,test,-8.447226823336674,-41.440143639242436,24.545689992569084
12182,28-08-2026,SGO,21,5.0,test,-14.281480808038054,-43.4318547671901,14.86889315111399
12182,28-08-2026,DMO,22,5.0,test,-17.867002157159313,-42.070668386034896,6.336664071716271
12182,28-08-2026,KMZ,23,-30.0,test,-38.50822249861499,-58.56219916483046,-18.45424583239952
12182,28-08-2026,SHR,24,-29.0,test,-34.319395847756326,-49.841602388985294,-18.797189306527358
12182,29-08-2026,AII,1,-9.0,test,-5.2129870169992,-35.32680671983919,24.90083268584079
12182,29-08-2026,KSG,2,-8.0,test,-5.462703071577932,-35.78164879129901,24.85624264814315
12182,29-08-2026,FL,3,-11.0,test,-10.90440980497939,-41.20830141917475,19.399481809215978
12182,29-08-2026,JP,4,-17.0,test,-16.91876783827425,-48.56311292741036,14.725577250861864
12182,29-08-2026,DPA,5,-16.0,test,-16.125062176437318,-47.97225642437736,15.722132071502731
12182,29-08-2026,BNLW,6,-27.0,test,-23.201086094756405,-54.58616193695897,8.183989747446159
12182,29-08-2026,CKB,7,-19.0,test,-18.63724706810215,-50.81932744275201,13.544833306547716
12182,29-08-2026,SWM,8,-8.0,test,-7.512435183590223,-38.213093875545944,23.188223508365496
12182,29-08-2026,IDG,9,-22.0,test,-16.75411165853392,-48.1694646800692,14.661241363001356
12182,29-08-2026,LKE,10,-21.0,test,-20.81833349188859,-51.22097376583292,9.58430678205574
12182,29-08-2026,KOTA,11,-12.0,test,-12.423255286999666,-46.778658209232134,21.932147635232806
12182,29-08-2026,ATH,12,-15.0,test,-14.916839606816787,-48.170649188235245,18.336969974601672
12182,29-08-2026,BAZ,13,-16.0,test,-17.603872130718177,-49.14179101066664,13.934046749230287
12182,29-08-2026,ATRU,14,-16.0,test,-18.073232357284983,-50.14271404521806,13.996249330648087
12182,29-08-2026,CAG,15,-14.0,test,-16.67823655566813,-48.829186912994494,15.472713801658237
12182,29-08-2026,RTA,16,-8.0,test,-6.977180572977567,-37.90769937095331,23.953338224998173
12182,29-08-2026,GUNA,17,-8.0,test,-7.909392014708525,-40.09752313059611,24.278739101179063
12182,29-08-2026,ASKN,18,-12.0,test,-12.505636668185032,-43.75838892020217,18.747115583832112
12182,29-08-2026,MNV,19,-17.0,test,-18.355412001932503,-50.07503706887039,13.364213065005384
12182,29-08-2026,MAKR,20,-8.0,test,-7.841189129125516,-40.834105945031276,25.15172768678024
12182,29-08-2026,SGO,21,-13.0,test,-16.173922118142094,-45.324296077294136,12.97645184100995
12182,29-08-2026,DMO,22,-21.0,test,-22.722042888268934,-46.92570911714452,1.4816233406066495
12182,29-08-2026,KMZ,23,-28.0,test,-32.97465398431544,-53.028630650530914,-12.920677318099965
12182,29-08-2026,SHR,24,-28.0,test,-29.044860342828223,-44.56706688405719,-13.522653801599256
12182,30-08-2026,AII,1,-10.0,test,-4.8402597372506,-34.95407944009059,25.273559965589392
12182,30-08-2026,KSG,2,-10.0,test,-5.449877324849981,-35.768823044571064,24.8690683948711
12182,30-08-2026,FL,3,-15.0,test,-11.656295795325526,-41.96018740952089,18.64759581886984
12182,30-08-2026,JP,4,-22.0,test,-18.05104768045841,-49.69539276959452,13.593297408677703
12182,30-08-2026,DPA,5,-21.0,test,-17.263959362182206,-49.11115361012226,14.583234885757843
12182,30-08-2026,BNLW,6,-20.0,test,-19.860182622493895,-51.24525846469646,11.52489321970867
12182,30-08-2026,CKB,7,-19.0,test,-17.803159655019094,-49.98524002966896,14.37892071963077
12182,30-08-2026,SWM,8,-14.0,test,-8.944689966557874,-39.6453486585136,21.755968725397846
12182,30-08-2026,IDG,9,-24.0,test,-16.89414443022154,-48.30949745175681,14.521208591313734
12182,30-08-2026,LKE,10,-25.0,test,-21.49376975275909,-51.89641002670342,8.908870521185243
12182,30-08-2026,KOTA,11,-11.0,test,-11.341817121383839,-45.69722004361631,23.01358580084863
12182,30-08-2026,ATH,12,-13.0,test,-13.411127351880253,-46.66493693329871,19.842682229538205
12182,30-08-2026,BAZ,13,-14.0,test,-16.092002522538863,-47.62992140248733,15.445916357409601
12182,30-08-2026,ATRU,14,-13.0,test,-16.21221635840763,-48.2816980463407,15.85726532952544
12182,30-08-2026,CAG,15,-17.0,test,-16.9547905482742,-49.10574090560057,15.196159809052165
12182,30-08-2026,RTA,16,-11.0,test,-7.400948017846524,-38.33146681582227,23.529570780129216
12182,30-08-2026,GUNA,17,-12.0,test,-8.662152914704835,-40.85028403059242,23.525978201182753
12182,30-08-2026,ASKN,18,-17.0,test,-13.639286244039672,-44.89203849605681,17.613466007977472
12182,30-08-2026,MNV,19,-23.0,test,-19.854108422097408,-51.57373348903529,11.86551664484048
12182,30-08-2026,MAKR,20,-10.0,test,-7.910465841365801,-40.90338265727156,25.082450974539956
12182,30-08-2026,SGO,21,-15.0,test,-16.150216865676537,-45.30059082482858,13.000157093475508
12182,30-08-2026,DMO,22,-27.0,test,-24.198512894881134,-48.40217912375672,0.005153333994449838
12182,30-08-2026,KMZ,23,-22.0,test,-30.01654511562357,-50.07052178183904,-9.962568449408096
12182,30-08-2026,SHR,24,-30.0,test,-28.987170092679857,-44.50937663390882,-13.464963551450891
12182,31-08-2026,AII,1,14.0,test,-4.8402597372506,-34.954078568246985,25.27355909374578
12182,31-08-2026,KSG,2,14.0,test,-5.449889525007784,-35.76883438328932,24.869055333273746
12182,31-08-2026,FL,3,9.0,test,-11.656318051611517,-41.960208628204214,18.647572524981182
12182,31-08-2026,JP,4,-3.0,test,-19.914133640728068,-51.558477736792746,11.73021045533661
12182,31-08-2026,CKB,7,-9.0,test,-23.083718773406584,-55.26596544843767,9.098527901624504
12182,31-08-2026,SWM,8,4.0,test,-11.327672702492972,-42.02836574869937,19.373020343713424
12182,31-08-2026,IDG,9,-9.0,test,-20.13321805311272,-51.54857475299443,11.282138646768992
12182,31-08-2026,LKE,10,-12.0,test,-25.455104078472484,-55.857745873468645,4.947537716523673
12182,31-08-2026,KOTA,11,5.0,test,-14.346699938129353,-48.70210293100972,20.00870305475101
12182,31-08-2026,ATH,12,6.0,test,-15.276231184420652,-48.53004076479209,17.977578395950786
12182,31-08-2026,BAZ,13,3.0,test,-18.626749857799393,-50.16466873467448,12.911169019075693
12182,31-08-2026,ATRU,14,5.0,test,-18.4688658611948,-50.5383475458926,13.600615823502999
12182,31-08-2026,CAG,15,5.0,test,-17.750656430173073,-49.90160678044703,14.400293920100886
12182,31-08-2026,RTA,16,13.0,test,-7.377960752855436,-38.30847955412874,23.552558048417865
12182,31-08-2026,GUNA,17,13.0,test,-8.268921670962863,-40.45705278651564,23.919209444589917
12182,31-08-2026,ASKN,18,7.0,test,-13.601049135127726,-44.85380138447202,17.651703114216573
12182,31-08-2026,MNV,19,3.0,test,-19.11748945148843,-50.83711451583564,12.60213561285877
12182,31-08-2026,MAKR,20,13.0,test,-8.2249407835737,-41.21785759751385,24.767976030366448
12182,31-08-2026,SGO,21,-6.0,test,-21.705091334250376,-50.855465290428384,7.445282621927635
12182,31-08-2026,DMO,22,-11.0,test,-27.23885753620808,-51.442523764471105,-3.0351913079450554
12182,31-08-2026,KMZ,23,-43.0,test,-46.73024275881434,-66.78421942386252,-26.676266093766163
12182,31-08-2026,SHR,24,-35.0,test,-39.93825937942417,-55.460465920653135,-24.4160528381952
12316,31-08-2026,UDZ,1,2.0,test,-7.0811838252306565,-25.241956656766256,11.079589006304943
12316,31-08-2026,RPZ,2,-1.0,test,-7.863675192851322,-26.02448175498205,10.297131369279409
12316,31-08-2026,MVJ,3,0.0,test,-7.863432024816577,-26.024286903378673,10.297422853745518
12316,31-08-2026,CNA,4,-2.0,test,-8.592104687885959,-26.753770034428,9.569560658656082
12316,31-08-2026,BHL,5,2.0,test,-7.06333105208589,-25.22428616221026,11.09762405803848
12316,31-08-2026,BJNR,6,-18.0,test,-14.626888730893013,-32.788133875583895,3.5343564137978714
12316,31-08-2026,NSD,7,-25.0,test,-17.31811021380083,-35.47871589997004,0.8424954723683875
12316,31-08-2026,AII,8,-1.0,test,-8.580737868175637,-26.740972399671158,9.579496663319885
12316,31-08-2026,JP,9,-5.0,test,-9.552601018074778,-27.714682043191853,8.609480007042297
12316,31-08-2026,SWM,10,2.0,test,-7.040756539624264,-25.202143200713945,11.120630121465414
12316,31-08-2026,IDH,11,-11.0,test,-11.953762586066317,-30.115765217506123,6.208240045373488
12316,31-08-2026,TDL,12,2.0,test,-6.981295065716332,-25.141010964909142,11.17842083347648
12316,31-08-2026,PRYJ,14,-21.0,test,-15.642460292205275,-33.80365165302147,2.5187310686109186
12316,31-08-2026,DDU,15,-6.0,test,-10.04158050174598,-28.200958044810946,8.117797041318987
12316,31-08-2026,PNBE,16,-4.0,test,-9.311069986192337,-27.47009158157993,8.847951609195256
12316,31-08-2026,JAJ,17,2.0,test,-7.077819274588654,-25.23663309381552,11.08099454463821
12316,31-08-2026,JSME,18,-2.0,test,-8.55250892263675,-26.71124126014521,9.60622341487171
12316,31-08-2026,MDP,19,-5.0,test,-9.684223042250991,-27.84294318850712,8.474497104005138
12316,31-08-2026,ASN,20,-3.0,test,-8.981647194369794,-27.14035850899848,9.177064120258892
12316,31-08-2026,BWN,21,2.0,test,-7.088959613218136,-25.247660197987656,11.069740971551383
12413,28-08-2026,AII,1,12.0,test,-6.777272725768157,-38.41419196750057,24.85964651596426
12413,28-08-2026,KSG,2,11.0,test,-8.509176035877685,-40.49615851117874,23.477806439423375
12413,28-08-2026,FL,3,-2.0,test,-16.808515542905738,-47.37237430034279,13.755343214531315
12413,28-08-2026,JP,4,-8.0,test,-20.99000882512683,-52.13937684557658,10.15935919532292
12413,28-08-2026,GADJ,5,-6.0,test,-19.620913671319943,-50.98851976719573,11.746692424555846
12413,28-08-2026,DO,6,-9.0,test,-25.017431345582057,-56.888496638746325,6.85363394758221
12413,28-08-2026,BKI,7,-15.0,test,-29.83422343984754,-62.06745961878613,2.3990127390910487
12413,28-08-2026,RHG,8,-14.0,test,-30.451709369422012,-62.99643376955065,2.093015030706624
12413,28-08-2026,AWR,9,-5.0,test,-22.01463398590428,-53.409309031062705,9.38004105925415
12413,28-08-2026,KRH,10,-16.0,test,-28.843575586682878,-60.42781277325332,2.74066159988757
12413,28-08-2026,RE,11,4.0,test,-10.813917645481869,-42.866716200922994,21.238880909959253
12413,28-08-2026,GGN,12,0.0,test,-18.258203054368625,-50.205512605702026,13.689106496964772
12413,28-08-2026,DEC,13,-2.0,test,-23.030137908695373,-54.88080221039327,8.82052639300252
12413,28-08-2026,DLI,14,-3.0,test,-21.704544994876937,-47.556797444562676,4.147707454808803
12413,28-08-2026,KUN,15,-21.0,test,-47.09282930086645,-73.04419370017222,-21.141464901560685
12413,28-08-2026,UMB,16,9.0,test,-21.50369267363569,-43.654512097134976,0.6471267498635953
12413,28-08-2026,LDH,17,7.0,test,-21.037193939598215,-43.11881418223577,1.0444263030393373
12413,28-08-2026,JRC,18,-1.0,test,-27.345212960690926,-50.09672152402893,-4.593704397352923
12413,28-08-2026,PTKC,19,-25.0,test,-34.81977057401082,-52.80161225092017,-16.83792889710146
12413,28-08-2026,MSKT,20,-41.0,test,-42.4432456772688,-63.156779597925166,-21.72971175661243
12413,29-08-2026,AII,1,18.0,test,-6.777272725768157,-38.41419196750057,24.85964651596426
12413,29-08-2026,KSG,2,17.0,test,-8.509176035877685,-40.49615851117874,23.477806439423375
12413,29-08-2026,FL,3,11.0,test,-14.213258222156668,-44.77711697959372,16.350600535280385
12413,29-08-2026,JP,4,10.0,test,-16.479690550364893,-47.62905857081464,14.669677470084856
12413,29-08-2026,GADJ,5,12.0,test,-15.068324662780029,-46.435930758655815,16.29928143309576
12413,29-08-2026,DO,6,7.0,test,-21.254402628573466,-53.12546792173774,10.616662664590802
12413,29-08-2026,BKI,7,3.0,test,-25.38278357431635,-57.61601975325494,6.850452604622241
12413,29-08-2026,RHG,8,2.0,test,-26.66606220438215,-59.21078660451079,5.878662195746486
12413,29-08-2026,AWR,9,11.0,test,-18.29879748777899,-49.69347253293742,13.095877557379438
12413,29-08-2026,KRH,10,6.0,test,-22.966447084330525,-54.55068427090097,8.617790102239923
12413,29-08-2026,RE,11,14.0,test,-9.206552570981902,-41.25935112642303,22.84624598445922
12413,29-08-2026,GGN,12,7.0,test,-17.929244177160793,-49.87655372849419,14.018065374172604
12413,29-08-2026,DEC,13,0.0,test,-24.454036663278977,-56.304700964976874,7.3966276384189165
12413,29-08-2026,DLI,14,-9.0,test,-25.950986426967102,-51.80323887665284,-0.09873397728136268
12413,29-08-2026,KUN,15,-23.0,test,-50.159289037945825,-76.11065343725159,-24.207924638640062
12413,29-08-2026,UMB,16,14.0,test,-21.88354453829907,-44.034363961798356,0.2672748852002158
12413,29-08-2026,LDH,17,11.0,test,-21.769978997948414,-43.85159924058597,0.3116412446891381
12413,29-08-2026,JRC,18,8.0,test,-26.24300380926868,-48.99451237260668,-3.4914952459306754
12413,29-08-2026,PTKC,19,3.0,test,-26.64010862700386,-44.621950303913216,-8.6582669500945
12413,29-08-2026,MSKT,20,-11.0,test,-33.458948272025864,-54.17248219268223,-12.745414351369497
12413,30-08-2026,AII,1,-12.0,test,-6.777272725768157,-38.41419196750057,24.85964651596426
12413,30-08-2026,KSG,2,-15.0,test,-9.228345243186011,-41.21532771848707,22.75863723211505
12413,30-08-2026,FL,3,-15.0,test,-12.753840612914969,-43.317699370352024,17.810018144522083
12413,30-08-2026,JP,4,-18.0,test,-15.705613422968373,-46.854981443418126,15.443754597481377
12413,30-08-2026,GADJ,5,-16.0,test,-14.322720414294963,-45.69032651017075,17.044885681580826
12413,30-08-2026,DO,6,-25.0,test,-22.00004209347405,-53.871107386638315,9.871023199690217
12413,30-08-2026,BKI,7,-30.0,test,-26.52638966833661,-58.7596258472752,5.706846510601981
12413,30-08-2026,RHG,8,-30.0,test,-27.461685115480705,-60.00640951560934,5.083039284647931
12413,30-08-2026,AWR,9,-23.0,test,-19.77589315033381,-51.17056819549224,11.618781894824618
12413,30-08-2026,KRH,10,-35.0,test,-26.994844087388458,-58.579081273958906,4.58939309918199
12413,30-08-2026,RE,11,-19.0,test,-10.441861839039577,-42.4946603944807,21.610936716401547
12413,30-08-2026,GGN,12,-26.0,test,-19.024181543818493,-50.97149109515189,12.923128007514904
12413,30-08-2026,DEC,13,-40.0,test,-27.98760001531383,-59.83826431701172,3.8630642863840627
12413,30-08-2026,DLI,14,-29.0,test,-23.196564757059335,-49.04881720674507,2.6556876926264046
12413,30-08-2026,KUN,15,-44.0,test,-46.714587737823905,-72.66595213712966,-20.76322333851814
12413,30-08-2026,UMB,16,-12.0,test,-20.37932727488758,-42.530146698386865,1.7714921486117063
12413,30-08-2026,LDH,17,-12.0,test,-19.170382765384762,-41.252003008022314,2.91123747725279
12413,30-08-2026,JRC,18,-12.0,test,-22.521730904028182,-45.27323946736618,0.2297776593098213
12413,30-08-2026,PTKC,19,-12.0,test,-21.048157670352477,-39.029999347261835,-3.0663159934431192
12413,30-08-2026,MSKT,20,-25.0,test,-27.489465868653816,-48.202999789310184,-6.775931947997449
12413,31-08-2026,AII,1,14.0,test,-7.150000005516757,-38.78691924724917,24.486919236215662
12413,31-08-2026,KSG,2,11.0,test,-9.601072522934611,-41.58805499823567,22.385909952366447
12413,31-08-2026,FL,3,11.0,test,-13.12656789266357,-43.69042665010062,17.437290864773484
12413,31-08-2026,JP,4,6.0,test,-16.8231342775785,-47.972502298028246,14.32623374287125
12413,31-08-2026,GADJ,5,8.0,test,-15.461527678663979,-46.82913377453977,15.90607841721181
12413,31-08-2026,DO,6,5.0,test,-20.89764185919781,-52.76870715236208,10.973423433966456
12413,31-08-2026,BKI,7,-9.0,test,-28.63952784698612,-60.87276402592471,3.5937083319524703
12413,31-08-2026,RHG,8,-9.0,test,-29.80277243278421,-62.347496832912846,2.741951967344427
12413,31-08-2026,AWR,9,1.0,test,-20.975901209455,-52.370576254613425,10.41877383570343
12413,31-08-2026,KRH,10,-5.0,test,-25.948674262374283,-57.53291144894473,5.635562924196165
12413,31-08-2026,RE,11,6.0,test,-11.097663874196448,-43.15046242963757,20.955134681244672
12413,31-08-2026,GGN,12,2.0,test,-18.669725050988973,-50.61703460232237,13.277584500344425
12413,31-08-2026,DEC,13,-2.0,test,-24.121044547766058,-55.97170884946395,7.729619753931836
12413,31-08-2026,DLI,14,-15.0,test,-26.81981315027182,-52.67206559995756,-0.9675607005860805
12413,31-08-2026,KUN,15,-52.0,test,-59.8408211322607,-85.79218553156646,-33.88945673295494
12413,31-08-2026,UMB,16,-43.0,test,-42.03185024144399,-64.18266966494328,-19.881030817944705
12413,31-08-2026,LDH,17,-46.0,test,-41.94955434796892,-64.03117459060647,-19.86793410533137
12413,31-08-2026,JRC,18,-56.0,test,-48.96520462718573,-71.71671319052373,-26.213696063847724
12413,31-08-2026,PTKC,19,-39.0,test,-41.243821693685206,-59.22566337059456,-23.261980016775848
12413,31-08-2026,MSKT,20,-48.0,test,-46.137155379681325,-66.85068930033769,-25.423621459024957
12466,28-08-2026,BGKT,1,0.0,test,-12.560869561859366,-29.419088827577117,4.297349703858384
12466,28-08-2026,JU,2,0.0,test,-13.969228579476829,-30.132864100141653,2.1944069411879976
12466,28-08-2026,RKB,3,-1.0,test,-15.241472462645639,-31.372933822969387,0.8899888976781085
12466,28-08-2026,GOTN,4,-3.0,test,-19.63310349288766,-34.53077645491169,-4.7354305308636295
12466,28-08-2026,MTD,5,-2.0,test,-19.619208053177058,-34.47863911462127,-4.759776991732847
12466,28-08-2026,REN,6,-27.0,test,-38.89110956788773,-56.92060975790131,-20.861609377874153
12466,28-08-2026,DNA,7,-15.0,test,-26.649075701852638,-43.38753155063471,-9.910619853070564
12466,28-08-2026,MKN,8,-16.0,test,-28.85572206860287,-46.52551428515598,-11.18592985204976
12466,28-08-2026,KMNC,9,-19.0,test,-31.53542822939355,-48.83160463871388,-14.239251820073221
12466,28-08-2026,NAC,10,-16.0,test,-28.57292348494989,-45.798915578831064,-11.346931391068715
12466,28-08-2026,SBR,11,-5.0,test,-18.24233793543246,-33.543681474953445,-2.940994395911476
12466,28-08-2026,FL,12,-9.0,test,-22.067522767793395,-38.12393303790377,-6.011112497683023
12466,28-08-2026,JP,13,-9.0,test,-26.520928454570935,-42.03446369808027,-11.007393211061597
12466,28-08-2026,DPA,14,-15.0,test,-28.94028099456499,-44.75192269084693,-13.128639298283046
12466,28-08-2026,BNLW,15,-10.0,test,-30.837969237419042,-47.360842787686735,-14.315095687151345
12466,28-08-2026,ISA,16,-11.0,test,-31.657239798724294,-47.38325714288871,-15.931222454559878
12466,28-08-2026,CKB,17,-10.0,test,-32.643663411738856,-47.12910267833953,-18.158224145138185
12466,28-08-2026,SWM,18,-10.0,test,-21.55544927782409,-37.45652138704233,-5.654377168605851
12466,28-08-2026,IDG,19,-14.0,test,-27.48716391909849,-42.572381185950064,-12.401946652246915
12466,28-08-2026,LKE,20,-14.0,test,-26.584229335273566,-41.92335998732075,-11.245098683226383
12466,28-08-2026,KPZ,21,-14.0,test,-28.39578129806927,-43.8961715967816,-12.895390999356943
12466,28-08-2026,KOTA,22,-13.0,test,-27.330407802714767,-42.66041560673215,-12.000399998697382
12466,28-08-2026,NKOT,23,-19.0,test,-31.64562616613086,-48.81821019602481,-14.473042136236916
12466,28-08-2026,DARA,24,-35.0,test,-37.26273519648706,-52.033527893590914,-22.4919424993832
12466,28-08-2026,RMA,25,-44.0,test,-41.974468497750394,-57.25991510950276,-26.689021885998034
12466,28-08-2026,BWM,26,-53.0,test,-47.182102253395584,-61.882551528068916,-32.48165297872225
12466,28-08-2026,GOH,27,-54.0,test,-48.644251859626195,-63.14245429762015,-34.14604942163224
12466,28-08-2026,SGZ,28,-55.0,test,-48.62670233948621,-63.20864424578613,-34.04476043318628
12466,28-08-2026,SVA,29,-57.0,test,-50.563903993648104,-65.29091776805315,-35.83689021924306
12466,28-08-2026,CMU,30,-57.0,test,-50.455860492992144,-65.76356584761099,-35.1481551383733
12466,28-08-2026,VMA,31,-50.0,test,-44.137771496839235,-59.24375471963184,-29.031788274046633
12466,28-08-2026,MEP,32,-44.0,test,-38.41596021055497,-52.827591423405735,-24.004328997704206
12466,28-08-2026,NAD,33,-44.0,test,-37.05548909737996,-51.05721202120288,-23.053766173557044
12466,28-08-2026,UJN,34,-37.0,test,-33.02999778724528,-44.05091111776899,-22.009084456721567
12466,28-08-2026,DWX,35,-36.0,test,-34.18468112060809,-43.47442499954709,-24.89493724166909
12466,29-08-2026,BGKT,1,-20.0,test,-12.933596841607965,-29.791814793286402,3.924621110070472
12466,29-08-2026,JU,2,-18.0,test,-13.814370393309956,-29.978004526752727,2.3492637401328142
12466,29-08-2026,RKB,3,-20.0,test,-15.159225625780348,-31.29068562399012,0.9722343724294262
12466,29-08-2026,GOTN,4,-24.0,test,-20.37010358905801,-35.2677741401492,-5.472433037966821
12466,29-08-2026,MTD,5,-24.0,test,-20.734367647357935,-35.593797186032276,-5.874938108683592
12466,29-08-2026,REN,6,-48.0,test,-39.68728985695166,-57.716789030476754,-21.657790683426562
12466,29-08-2026,DNA,7,-35.0,test,-27.035717272068155,-43.77417205558494,-10.297262488551368
12466,29-08-2026,MKN,8,-36.0,test,-29.21647747113947,-46.88626853304532,-11.546686409233622
12466,29-08-2026,KMNC,9,-40.0,test,-32.22978580938293,-49.52596121798835,-14.933610400777507
12466,29-08-2026,SBR,11,-27.0,test,-19.352383745444627,-34.653772355132546,-4.0509951357567076
12466,29-08-2026,FL,12,-31.0,test,-23.208476527553017,-39.264917926927396,-7.152035128178639
12466,29-08-2026,JP,13,-38.0,test,-30.232125451032605,-45.74566304382904,-14.718587858236168
12466,29-08-2026,DPA,14,-40.0,test,-31.522001578308927,-47.33364438185335,-15.710358774764504
12466,29-08-2026,BNLW,15,-36.0,test,-33.434881712331276,-49.957755303181386,-16.912008121481165
12466,29-08-2026,ISA,16,-39.0,test,-34.9766844186044,-50.702701767530044,-19.250667069678755
12466,29-08-2026,CKB,17,-40.0,test,-36.716417168938534,-51.20185643670317,-22.230977901173905
12466,29-08-2026,SWM,18,-18.0,test,-18.025157789694028,-33.926229899143806,-2.124085680244253
12466,29-08-2026,IDG,19,-23.0,test,-23.534221598091406,-38.61943886497161,-8.449004331211198
12466,29-08-2026,LKE,20,-23.0,test,-22.689046693713554,-38.028177345771795,-7.349916041655312
12466,29-08-2026,KPZ,21,-23.0,test,-24.57867494657987,-40.07906524529417,-9.078284647865573
12466,29-08-2026,KOTA,22,-22.0,test,-23.566217786558198,-38.896225590575824,-8.236209982540569
12466,29-08-2026,NKOT,23,-30.0,test,-28.603811825060223,-45.7763958549542,-11.431227795166244
12466,29-08-2026,DARA,24,-29.0,test,-28.34405699810604,-43.114849695209905,-13.573264301002176
12466,29-08-2026,RMA,25,-32.0,test,-30.38490524090897,-45.670351852661334,-15.09945862915661
12466,29-08-2026,BWM,26,-35.0,test,-33.3060014075293,-48.00645068220264,-18.605552132855962
12466,29-08-2026,GOH,27,-36.0,test,-34.65756460100004,-49.155767038993986,-20.15936216300609
12466,29-08-2026,SGZ,28,-38.0,test,-35.043654730525326,-49.62559663682525,-20.4617128242254
12466,29-08-2026,SVA,29,-40.0,test,-37.07012054904771,-51.79713432202578,-22.34310677606964
12466,29-08-2026,CMU,30,-41.0,test,-37.32561478393716,-52.63332013819895,-22.017909429675377
12466,29-08-2026,VMA,31,-34.0,test,-31.081076954359236,-46.18706017698398,-15.975093731734493
12466,29-08-2026,MEP,32,-28.0,test,-25.36956855459662,-39.781199767411096,-10.957937341782143
12466,29-08-2026,NAD,33,-21.0,test,-21.683458069595023,-35.68518099246971,-7.681735146720333
12466,29-08-2026,UJN,34,-27.0,test,-22.05135795992914,-33.072271290269015,-11.030444629589262
12466,29-08-2026,DWX,35,-31.0,test,-25.220128218369883,-34.50987209730888,-15.930384339430885
12466,30-08-2026,BGKT,1,-31.0,test,-13.306324121356566,-30.164543387074318,3.5518951443611844
12466,30-08-2026,JU,2,-51.0,test,-19.990929772973278,-36.1545652936381,-3.8272942523084517
12466,30-08-2026,RKB,3,-62.0,test,-24.852240102322725,-40.98370146264647,-8.720778741998977
12466,30-08-2026,GOTN,4,-67.0,test,-32.89769828576479,-47.79537124778882,-18.000025323740758
12466,30-08-2026,MTD,5,-67.0,test,-33.16910495198411,-48.02853601342832,-18.309673890539898
12466,30-08-2026,REN,6,-69.0,test,-44.38166133068657,-62.41116152070015,-26.35216114067299
12466,30-08-2026,DNA,7,-54.0,test,-30.094275322983457,-46.83273117176553,-13.355819474201382
12466,30-08-2026,MKN,8,-56.0,test,-32.758683525802155,-50.42847574235526,-15.088891309249046
12466,30-08-2026,KMNC,9,-56.0,test,-34.541240733676936,-51.83741714299727,-17.24506432435661
12466,30-08-2026,NAC,10,-52.0,test,-31.10774608107997,-48.33373817496114,-13.881753987198795
12466,30-08-2026,SBR,11,-36.0,test,-18.997844153681708,-34.29918769320269,-3.6965006141607244
12466,30-08-2026,FL,12,-48.0,test,-25.09315075726071,-41.14956102737108,-9.036740487150336
12466,30-08-2026,JP,13,-46.0,test,-29.523978125403293,-45.03751336891263,-14.010442881893955
12466,30-08-2026,DPA,14,-47.0,test,-30.421857887386555,-46.2334995836685,-14.61021619110461
12466,30-08-2026,BNLW,15,-41.0,test,-31.539847549319596,-48.06272109958729,-15.0169739990519
12466,30-08-2026,ISA,16,-44.0,test,-33.08145831309103,-48.807475657255445,-17.355440968926608
12466,30-08-2026,CKB,17,-45.0,test,-34.83491841911785,-49.32035768571852,-20.349479152517176
12466,30-08-2026,SWM,18,-28.0,test,-17.897775389069754,-33.79884749828799,-1.9967032798515163
12466,30-08-2026,IDG,19,-34.0,test,-23.9468399204627,-39.03205718731427,-8.861622653611127
12466,30-08-2026,LKE,20,-33.0,test,-22.794872358289297,-38.13400301033648,-7.455741706242113
12466,30-08-2026,KPZ,21,-39.0,test,-26.716199061268995,-42.21658935998132,-11.215808762556668
12466,30-08-2026,KOTA,22,-36.0,test,-25.150902610646355,-40.48091041466374,-9.82089480662897
12466,30-08-2026,NKOT,23,-38.0,test,-28.011327982776432,-45.183912012670376,-10.838743952882488
12466,30-08-2026,DARA,24,-36.0,test,-27.18500626934255,-41.95579896644641,-12.414213572238696
12466,30-08-2026,RMA,25,-39.0,test,-29.205236936355384,-44.49068354810774,-13.919790324603024
12466,30-08-2026,BWM,26,-42.0,test,-32.155252906724094,-46.85570218139743,-17.45480363205076
12466,30-08-2026,GOH,27,-45.0,test,-34.17239437929175,-48.6705968172857,-19.674191941297803
12466,30-08-2026,SGZ,28,-47.0,test,-34.683324886806574,-49.2652667931065,-20.10138298050665
12466,30-08-2026,SVA,29,-49.0,test,-36.71629640564488,-51.44331018004992,-21.989282631239842
12466,30-08-2026,CMU,30,-51.0,test,-37.29650622547802,-52.60421158009686,-21.988800870859176
12466,30-08-2026,VMA,31,-43.0,test,-30.754479437483024,-45.86046266027562,-15.648496214690423
12466,30-08-2026,MEP,32,-37.0,test,-25.001010431276526,-39.41264164412729,-10.589379218425764
12466,30-08-2026,NAD,33,-31.0,test,-21.642729720264047,-35.64445264408697,-7.641006796441127
12466,30-08-2026,UJN,34,-31.0,test,-19.873927657123435,-30.894840987647143,-8.853014326599725
12466,30-08-2026,DWX,35,-33.0,test,-22.234224200911562,-31.52396807985056,-12.944480321972565
12466,31-08-2026,BGKT,1,-5.0,test,-12.560869561859366,-29.419088827577117,4.297349703858384
12466,31-08-2026,JU,2,-4.0,test,-13.705416247776867,-29.869051768441693,2.458219272887959
12466,31-08-2026,RKB,3,-7.0,test,-15.337595682256646,-31.469057042580395,0.7938656780671014
12466,31-08-2026,GOTN,4,-9.0,test,-20.01126519872288,-34.908938160746914,-5.113592236698851
12466,31-08-2026,MTD,5,-8.0,test,-19.998513986241242,-34.857945047685455,-5.139082924797032
12466,31-08-2026,REN,6,-33.0,test,-39.2676397725426,-57.29713996255618,-21.238139582529023
12466,31-08-2026,DNA,7,-20.0,test,-26.664310939975778,-43.40276678875785,-9.925855091193704
12466,31-08-2026,MKN,8,-22.0,test,-29.213814720067784,-46.88360693662089,-11.544022503514675
12466,31-08-2026,KMNC,9,-25.0,test,-31.91228856906342,-49.208464978383745,-14.616112159743093
12466,31-08-2026,NAC,10,-23.0,test,-29.29303890022999,-46.51903099411116,-12.067046806348817
12466,31-08-2026,SBR,11,-11.0,test,-18.65337216347311,-33.95471570299409,-3.352028623952128
12466,31-08-2026,FL,12,-19.0,test,-23.64679991596349,-39.70321018607386,-7.590389645853119
12466,31-08-2026,JP,13,-18.0,test,-28.05436160070011,-43.56789684420944,-12.54082635719077
12466,31-08-2026,DPA,14,-20.0,test,-29.246978669382692,-45.05862036566464,-13.435336973100748
12466,31-08-2026,BNLW,15,-20.0,test,-32.65659316727891,-49.17946671754661,-16.133719617011216
12466,31-08-2026,ISA,16,-21.0,test,-33.53587827728233,-49.26189562144675,-17.80986093311791
12466,31-08-2026,CKB,17,-34.0,test,-39.352326981254194,-53.837766247854866,-24.866887714653522
12466,31-08-2026,SWM,18,-13.0,test,-21.50977710297352,-37.410849212191756,-5.608704993755282
12466,31-08-2026,IDG,19,-21.0,test,-28.084763893191564,-43.169981160043136,-12.99954662633999
12466,31-08-2026,LKE,20,-21.0,test,-27.2643155172199,-42.60344616926708,-11.925184865172715
12466,31-08-2026,KPZ,21,-23.0,test,-29.820561994563143,-45.32095229327547,-14.320171695850815
12466,31-08-2026,KOTA,22,-17.0,test,-27.034682293634848,-42.36469009765223,-11.704674489617464
12466,31-08-2026,NKOT,23,-20.0,test,-30.179561671536028,-47.352145701429976,-13.006977641642084
12466,31-08-2026,DARA,24,-17.0,test,-29.05356918031017,-43.82436187741403,-14.282776483206314
12466,31-08-2026,RMA,25,-21.0,test,-31.39967722568711,-46.68512383743947,-16.11423061393475
12466,31-08-2026,BWM,26,-23.0,test,-34.037203624263896,-48.73765289893723,-19.33675434959056
12466,31-08-2026,GOH,27,-25.0,test,-35.70246125014201,-50.20066368813596,-21.20425881214806
12466,31-08-2026,SGZ,28,-26.0,test,-35.810533123465476,-50.3924750297654,-21.22859121716555
12466,31-08-2026,SVA,29,-29.0,test,-38.13346048290922,-52.860474257314266,-23.40644670850418
12466,31-08-2026,CMU,30,-30.0,test,-38.44303764225044,-53.75074299686928,-23.135332287631595
12466,31-08-2026,VMA,31,-23.0,test,-32.204890725982004,-47.310873948774606,-17.098907503189402
12466,31-08-2026,MEP,32,-17.0,test,-26.491421550365573,-40.90305276321634,-12.07979033751481
12466,31-08-2026,NAD,33,-14.0,test,-24.133459304911582,-38.1351822287345,-10.131736381088663
12466,31-08-2026,UJN,34,-22.0,test,-25.42348046278942,-36.44439379331313,-14.40256713226571
12466,31-08-2026,DWX,35,-36.0,test,-32.2115421627058,-41.501286041644796,-22.921798283766798
12468,28-08-2026,JP,0,7.0,test,-5.324793368004072,-25.41697311169389,14.767386375685742
12468,28-08-2026,KKU,1,5.0,test,-9.016737370640218,-29.56099479051394,11.527520049233505
12468,28-08-2026,JOB,2,2.0,test,-11.138986264973333,-31.955843648174024,9.677871118227358
12468,28-08-2026,FL,3,7.0,test,-5.6817663546233454,-24.815580206945878,13.452047497699187
12468,28-08-2026,SBR,4,7.0,test,-6.02919868173173,-27.070507471191476,15.012110107728015
12468,28-08-2026,NAC,5,7.0,test,-6.406596351074283,-26.917254772058833,14.104062069910265
12468,28-08-2026,KMNC,6,7.0,test,-6.607374543523531,-27.286762165713014,14.072013078665954
12468,28-08-2026,MKN,7,7.0,test,-7.055864551675343,-27.631228060409754,13.519498957059069
12468,28-08-2026,GCH,8,7.0,test,-6.286877733542979,-27.482785272571853,14.909029805485893
12468,28-08-2026,DNA,9,6.0,test,-7.895800852594377,-28.96324572449038,13.171644019301628
12468,28-08-2026,REN,10,7.0,test,-7.237401438554876,-28.347239145121584,13.872436268011832
12468,28-08-2026,MTDB,11,7.0,test,-9.787350182038441,-30.76911845866125,11.194418094584368
12468,28-08-2026,MDW,12,-3.0,test,-15.352684234914166,-36.69464909926042,5.989280629432082
12468,28-08-2026,NGO,13,7.0,test,-11.157558284025585,-34.60283676363765,12.287720195586475
12468,28-08-2026,NOK,14,-18.0,test,-29.617505887332772,-53.79145494511306,-5.4435568295524845
12468,28-08-2026,DSO,15,-9.0,test,-16.242666932385784,-37.27797841548441,4.79264455071284
12468,28-08-2026,BKN,16,-7.0,test,-12.99701263667491,-31.382670363629657,5.388645090279837
12468,28-08-2026,LGH,17,-12.0,test,-18.12437251466498,-37.24660383208036,0.9978588027504003
12468,28-08-2026,KLYT,18,-20.0,test,-27.87768762805075,-45.704819862657345,-10.050555393444156
12468,28-08-2026,PLCJ,19,-7.0,test,-11.960963196725155,-27.116747587315245,3.194821193864936
12468,28-08-2026,RDRA,20,-14.0,test,-18.718922784586542,-30.5458215162964,-6.892024052876684
12468,28-08-2026,POK,21,-24.0,test,-20.576816174966645,-30.147024686578085,-11.006607663355204
12468,28-08-2026,SBLT,22,-19.0,test,-20.91108397183305,-27.826605542269284,-13.995562401396818
12468,29-08-2026,JP,0,-20.0,test,-6.070247927501272,-26.162421986972404,14.021926131969858
12468,29-08-2026,KKU,1,-24.0,test,-10.370262525470205,-30.914514516965774,10.173989466025366
12468,29-08-2026,JOB,2,-27.0,test,-12.652281903928934,-33.46913414920608,8.16457034134821
12468,29-08-2026,FL,3,-23.0,test,-7.539759404060167,-26.67356820657707,11.594049398456736
12468,29-08-2026,SBR,4,-20.0,test,-7.0205877845527525,-28.061892292134658,14.020716723029153
12468,29-08-2026,NAC,5,-18.0,test,-6.437479192276758,-26.948133262209108,14.073174877655592
12468,29-08-2026,KMNC,6,-18.0,test,-6.554986130030483,-27.23436969842952,14.124397438368558
12468,29-08-2026,MKN,7,-18.0,test,-7.009588487303183,-27.58494817454262,13.565771199936254
12468,29-08-2026,GCH,8,-19.0,test,-6.61808629870971,-27.813989882022483,14.577817284603064
12468,29-08-2026,DNA,9,-19.0,test,-7.929407385738951,-28.996848633741415,13.138033862263512
12468,29-08-2026,REN,10,-18.0,test,-7.226755114367158,-28.336589231811285,13.883079003076968
12468,29-08-2026,MTDB,11,-18.0,test,-9.778610428159153,-30.76037540080388,11.203154544485573
12468,29-08-2026,MDW,12,-24.0,test,-13.962405050150583,-35.30436689906104,7.379556798759868
12468,29-08-2026,NGO,13,-18.0,test,-10.980616636081649,-34.42589256728327,12.464659295119972
12468,29-08-2026,NOK,14,-45.0,test,-30.35587950216978,-54.5298256258837,-6.181933378455863
12468,29-08-2026,DSO,15,-24.0,test,-12.69586841976437,-33.731177262258115,8.339440422729375
12468,29-08-2026,BKN,16,-19.0,test,-8.088330681357917,-26.473985876561517,10.297324513845684
12468,29-08-2026,LGH,17,-27.0,test,-13.9292792027102,-33.051508201176844,5.1929497957564426
12468,29-08-2026,KLYT,18,-34.0,test,-23.724699657457677,-41.55182941505656,-5.897569899858791
12468,29-08-2026,PLCJ,19,-18.0,test,-6.739824020398469,-21.895605858039282,8.415957817242342
12468,29-08-2026,RDRA,20,-18.0,test,-10.919324243648775,-22.74622196338862,0.9075734760910716
12468,29-08-2026,SBLT,22,-19.0,test,-11.380422543525366,-18.2959441139616,-4.464900973089132
12468,30-08-2026,JP,0,-15.0,test,-6.442975207249873,-26.53515495093969,13.649204536439942
12468,30-08-2026,KKU,1,-19.0,test,-10.743066124910934,-31.287323544784655,9.80119129496279
12468,30-08-2026,JOB,2,-22.0,test,-13.025051824982636,-33.841909208183324,7.791805558218055
12468,30-08-2026,FL,3,-17.0,test,-7.567674196198816,-26.701488048521348,11.566139656123717
12468,30-08-2026,SBR,4,-17.0,test,-7.9092114052545694,-28.950520194714315,13.132097384205174
12468,30-08-2026,NAC,5,-19.0,test,-8.982716986604148,-29.493375407588694,11.5279414343804
12468,30-08-2026,KMNC,6,-19.0,test,-9.24778596683204,-29.927173589021525,11.431601655357444
12468,30-08-2026,MKN,7,-19.0,test,-9.694253514171601,-30.26961702290601,10.881109994562811
12468,30-08-2026,GCH,8,-16.0,test,-7.842151180115133,-29.038058719144004,13.35375635891374
12468,30-08-2026,DNA,9,-22.0,test,-11.042328113505242,-32.10977298540125,10.025116758390762
12468,30-08-2026,REN,10,-21.0,test,-10.63387566409007,-31.743713370656778,10.475962042476638
12468,30-08-2026,MTDB,11,-18.0,test,-12.139860624177798,-33.12162890080061,8.84190765244501
12468,30-08-2026,MDW,12,-47.0,test,-24.15453001729054,-45.49649488163679,-2.812565152944291
12468,30-08-2026,NGO,13,-57.0,test,-27.519779011682175,-50.96505749129423,-4.074500532070115
12468,30-08-2026,NOK,14,-63.0,test,-39.770292845473456,-63.94424190325374,-15.596343787693169
12468,30-08-2026,DSO,15,-45.0,test,-22.718551184534398,-43.75386266763302,-1.6832397014357738
12468,30-08-2026,BKN,16,-26.0,test,-13.206445915180627,-31.592103642135374,5.17921181177412
12468,30-08-2026,LGH,17,-32.0,test,-18.227483728224637,-37.34971504564002,0.894747589190743
12468,30-08-2026,KLYT,18,-41.0,test,-28.40846354748313,-46.235595782089725,-10.581331312876536
12468,30-08-2026,PLCJ,19,-21.0,test,-10.079842648164245,-25.235627038754338,5.0759417424258455
12468,30-08-2026,RDRA,20,-18.0,test,-13.158348916083241,-24.985247647793102,-1.3314501843733826
12468,30-08-2026,POK,21,-20.0,test,-12.427314555865909,-21.99752306747735,-2.8571060442544685
12468,30-08-2026,SBLT,22,-18.0,test,-13.291195905743923,-20.206717476180156,-6.375674335307688
12468,31-08-2026,JP,0,-11.0,test,-5.697520647752673,-25.789700391442487,14.394659095937143
12468,31-08-2026,KKU,1,-14.0,test,-9.693538107901276,-30.237795527775,10.850719311972448
12468,31-08-2026,JOB,2,-17.0,test,-11.895655405103685,-32.71251278830438,8.921201978097006
12468,31-08-2026,FL,3,-14.0,test,-7.1283419272189175,-26.26215577954145,12.005471925103615
12468,31-08-2026,SBR,4,-13.0,test,-7.250356733172022,-28.291665522631767,13.790952056287722
12468,31-08-2026,NAC,5,-12.0,test,-7.196355098330061,-27.707013519314607,13.314303322654487
12468,31-08-2026,KMNC,6,-10.0,test,-6.6724944232123775,-27.35188204540186,14.006893198977107
12468,31-08-2026,MKN,7,-10.0,test,-7.023079549763668,-27.59844305849808,13.552283958970744
12468,31-08-2026,GCH,8,-10.0,test,-6.256228884764031,-27.452136423792904,14.939678654264842
12468,31-08-2026,DNA,9,-10.0,test,-7.5407869317534155,-28.60823180364942,13.526657940142588
12468,31-08-2026,REN,10,-12.0,test,-7.910035757896883,-29.01987346446359,13.199801948669826
12468,31-08-2026,MDW,12,-13.0,test,-12.860370431758101,-34.20235033708297,8.481609473566769
12468,31-08-2026,NGO,13,-25.0,test,-16.01683251188981,-39.46211621594818,7.428451192168559
12468,31-08-2026,NOK,14,-29.0,test,-27.70309848444063,-51.87704793825277,-3.529149030628492
12468,31-08-2026,DSO,15,-16.0,test,-12.518687896220255,-33.553999422162015,8.516623629721506
12468,31-08-2026,BKN,16,-13.0,test,-8.83032839579724,-27.2159861295631,9.555329337968617
12468,31-08-2026,LGH,17,-17.0,test,-13.705125379286176,-32.82735670131855,5.417105942746197
12468,31-08-2026,KLYT,18,-25.0,test,-23.35601705786104,-41.18314929282377,-5.528884822898316
12468,31-08-2026,PLCJ,19,-10.0,test,-6.736892404065206,-21.892676794657035,8.41889198652662
12468,31-08-2026,RDRA,20,-25.0,test,-16.437076941632615,-28.263975673342483,-4.610178209922747
12468,31-08-2026,POK,21,-15.0,test,-12.278480889036633,-21.848689400648077,-2.708272377425189
12468,31-08-2026,SBLT,22,-18.0,test,-13.981997142901285,-20.89751871333752,-7.066475572465051
12481,28-08-2026,DLI,0,-10.0,test,-9.338339883094504,-24.177091887743785,5.500412121554779
12481,28-08-2026,SSB,1,-20.0,test,-18.22552738569442,-45.12035549356895,8.669300722180115
12481,28-08-2026,BGZ,2,-27.0,test,-20.87115062217669,-33.25141039245784,-8.490890851895534
12481,28-08-2026,SPZ,3,-28.0,test,-22.788122586743143,-35.95993842874215,-9.616306744744136
12481,28-08-2026,ROK,4,-26.0,test,-24.117889049844127,-45.519388797187744,-2.716389302500513
12481,28-08-2026,JIND,5,-34.0,test,-31.498035213987812,-55.378929741815284,-7.617140686160344
12481,28-08-2026,NRW,6,-34.0,test,-30.720725814428608,-44.443319734548744,-16.99813189430847
12481,28-08-2026,TUN,7,-37.0,test,-36.01036042743801,-57.35703344966234,-14.663687405213675
12481,28-08-2026,JHL,8,-38.0,test,-36.45168555501443,-57.52640655003913,-15.376964559989727
12481,28-08-2026,BLZ,9,-38.0,test,-34.993174494059815,-51.23802555940975,-18.748323428709877
12481,28-08-2026,MSZ,10,-38.0,test,-35.3958369083656,-51.469627653127944,-19.32204616360326
12481,28-08-2026,MAUR,11,-40.0,test,-37.46388311181511,-57.49414327902447,-17.43362294460574
12481,28-08-2026,BTI,12,-9.0,test,-11.749277180737536,-32.21739637204085,8.718842010565783
12481,28-08-2026,GDB,13,-16.0,test,-13.426087096951514,-23.339881489650484,-3.5122927042525447
12481,28-08-2026,MOT,14,-18.0,test,-14.520552483057799,-23.885352849583683,-5.155752116531916
12481,28-08-2026,ABS,15,-18.0,test,-15.875835623277826,-20.267522646403552,-11.4841486001521
12481,29-08-2026,DLI,0,-19.0,test,-14.929249079323506,-29.767994806556622,-0.09050335209038884
12481,29-08-2026,BTI,12,-4.0,test,-12.024053160785654,-32.492184871187575,8.444078549616266
12481,29-08-2026,GDB,13,-11.0,test,-13.95156200300217,-23.865357232861165,-4.0377667731431774
12481,29-08-2026,MOT,14,-11.0,test,-14.310710536480588,-23.675511006660507,-4.945910066300669
12481,29-08-2026,ABS,15,-11.0,test,-15.519523974698958,-19.911210997824686,-11.12783695157323
12481,30-08-2026,DLI,0,-1.0,test,-9.338339883094504,-24.177091887743785,5.500412121554779
12481,30-08-2026,SSB,1,-1.0,test,-15.143010477640892,-42.03783858551543,11.751817630233642
12481,30-08-2026,BGZ,2,-12.0,test,-18.429742649007395,-30.81000241928855,-6.04948287872624
12481,30-08-2026,SPZ,3,-14.0,test,-20.821770599250343,-33.99358644124935,-7.6499547572513364
12481,30-08-2026,ROK,4,-15.0,test,-23.284504356008682,-44.686004103352296,-1.8830046086650682
12481,30-08-2026,JIND,5,-26.0,test,-31.876149131315724,-55.75704365914319,-7.995254603488256
12481,30-08-2026,NRW,6,-29.0,test,-32.20670627646186,-45.92930019658199,-18.484112356341726
12481,30-08-2026,TUN,7,-39.0,test,-40.022741757564695,-61.369414779789025,-18.676068735340362
12481,30-08-2026,JHL,8,-41.0,test,-40.98209909705751,-62.056820092082205,-19.907378102032805
12481,30-08-2026,MSZ,10,-44.0,test,-40.93698194059583,-57.01077564829215,-24.863188232899503
12481,30-08-2026,MAUR,11,-46.0,test,-43.1041534545989,-63.134414318887615,-23.073892590310187
12481,30-08-2026,BTI,12,-6.0,test,-14.132202785408689,-34.60032203016857,6.335916459351191
12481,30-08-2026,GDB,13,-11.0,test,-14.890662491366186,-24.804456892038736,-4.976868090693637
12481,30-08-2026,MOT,14,-15.0,test,-16.60910143606812,-25.973901803656275,-7.244301068479961
12481,30-08-2026,ABS,15,-15.0,test,-18.09081110533145,-22.482498128457177,-13.699124082205724
12481,31-08-2026,DLI,0,-7.0,test,-13.811067240077705,-28.649819244726988,1.0276847645715783
12481,31-08-2026,SSB,1,-16.0,test,-22.39000305187227,-49.2848311597468,4.5048250560022645
12481,31-08-2026,BGZ,2,-18.0,test,-23.227447231096058,-35.607707001377214,-10.847187460814903
12481,31-08-2026,SPZ,3,-18.0,test,-24.606794752054267,-37.778610594053276,-11.43497891005526
12481,31-08-2026,ROK,4,-17.0,test,-26.25751031004879,-47.65901005739241,-4.856010562705176
12481,31-08-2026,JIND,5,-26.0,test,-34.08414951708991,-57.96504404491738,-10.203254989262444
12481,31-08-2026,NRW,6,-26.0,test,-33.33054913343882,-47.053143053558955,-19.60795521331869
12481,31-08-2026,TUN,7,-38.0,test,-41.80764920227333,-63.15432222449766,-20.460976180049
12481,31-08-2026,JHL,8,-39.0,test,-42.51694616422977,-63.59166715925447,-21.44222516920507
12481,31-08-2026,BLZ,9,-39.0,test,-41.04439135471063,-57.289242420060575,-24.799540289360696
12481,31-08-2026,MSZ,10,-40.0,test,-41.74723060390547,-57.82102134866781,-25.67343985914313
12481,31-08-2026,MAUR,11,-41.0,test,-43.49831942604442,-63.52857959325378,-23.46805925883505
12481,31-08-2026,BTI,12,0.0,test,-14.148386127423905,-34.61650531872722,6.319733063879415
12481,31-08-2026,GDB,13,-6.0,test,-15.23051851724914,-25.14431290994811,-5.31672412455017
12481,31-08-2026,MOT,14,-7.0,test,-15.976218599978168,-25.341018966504052,-6.6114182334522855
12481,31-08-2026,ABS,15,-17.0,test,-20.86520686934042,-25.256893892466145,-16.473519846214693
12964,28-08-2026,UDZ,1,-1.0,test,2.445454548463686,-7.516475908354978,12.40738500528235
12964,28-08-2026,RPZ,2,-3.0,test,-0.017461441179270842,-9.74743795019253,9.712515067833987
12964,28-08-2026,MVJ,3,-2.0,test,0.45504315965511277,-9.085775732406153,9.995862051716378
12964,28-08-2026,KIN,4,-4.0,test,-2.282885771572486,-12.165932466945987,7.600160923801015
12964,28-08-2026,COR,5,-3.0,test,1.1580823672699414,-9.232986005072751,11.549150739612633
12964,28-08-2026,MLGH,6,-5.0,test,0.1294650110797131,-11.838570864408169,12.097500886567595
12964,28-08-2026,BUDI,7,-9.0,test,-2.3075241344971062,-14.224742786760451,9.60969451776624
12964,28-08-2026,KOTA,8,-11.0,test,-13.273531175248213,-24.512792546247688,-2.034269804248739
12964,28-08-2026,SWM,9,-9.0,test,-11.976440407865322,-27.364783076450802,3.411902260720158
12964,28-08-2026,GGC,10,-13.0,test,-14.543466389802191,-30.691986999755173,1.605054220150791
12964,28-08-2026,SMVJ,11,-15.0,test,-17.700216687933285,-34.31897346647702,-1.0814599093895545
12964,28-08-2026,HAN,12,-14.0,test,-17.094332141532714,-32.95014913790449,-1.2385151451609406
12964,28-08-2026,BXN,13,-13.0,test,-17.3269256008803,-32.87317022876806,-1.780680972992542
12964,28-08-2026,BTE,14,-12.0,test,-17.887670576597724,-34.35210398972458,-1.423237163470862
12964,28-08-2026,MTJ,15,-3.0,test,-3.2049422105345067,-11.590802783475946,5.180918362406933
12964,28-08-2026,KSV,16,-11.0,test,-15.664177572178367,-23.11092055704423,-8.217434587312503
12964,28-08-2026,BVH,17,-1.0,test,0.7490863896073473,-4.772498694613099,6.270671473827794
12964,29-08-2026,UDZ,1,-1.0,test,2.445454548463686,-7.5164703879629355,12.407379484890306
12964,29-08-2026,RPZ,2,-4.0,test,-0.2696636147165235,-9.999634387949312,9.460307158516263
12964,29-08-2026,MVJ,3,-2.0,test,0.4404839456322571,-9.100329056393276,9.98129694765779
12964,29-08-2026,KIN,4,-3.0,test,-1.9150895224986495,-11.798130729133009,7.96795168413571
12964,29-08-2026,MLGH,6,-1.0,test,1.6552879296020004,-10.312859243968752,13.623435103172753
12964,29-08-2026,BUDI,7,-1.0,test,0.6795189355749066,-11.237702853960245,12.596740725110058
12964,29-08-2026,KOTA,8,-14.0,test,-14.270866839482526,-25.51012844108883,-3.031605237876219
12964,29-08-2026,SWM,9,-10.0,test,-12.401290180234039,-27.7896328473379,2.9870524868698194
12964,29-08-2026,GGC,10,-16.0,test,-15.663955150462819,-31.812475766768852,0.4845654658432146
12964,29-08-2026,SMVJ,11,-17.0,test,-18.478986238786934,-35.09774301847942,-1.8602294590944517
12964,29-08-2026,HAN,12,-16.0,test,-17.834578016895588,-33.69039501348557,-1.9787610203056083
12964,29-08-2026,BXN,13,-14.0,test,-17.709126871061805,-33.25537149897371,-2.1628822431499035
12964,29-08-2026,BTE,14,-12.0,test,-17.887988258099206,-34.35242167122735,-1.4235548449710613
12964,29-08-2026,MTJ,15,-11.0,test,-6.071739911153556,-14.457600484095146,2.314120661788034
12964,29-08-2026,KSV,16,-16.0,test,-17.612628400021112,-25.059371386266715,-10.16588541377551
12964,29-08-2026,BVH,17,-1.0,test,0.7222893013737991,-4.799295782846648,6.243874385594245
12964,30-08-2026,UDZ,1,17.0,test,2.0727272687150853,-7.889203188103578,12.034657725533748
12964,30-08-2026,RPZ,2,13.0,test,-0.894613985158319,-10.624590494171578,8.83536252385494
12964,30-08-2026,MVJ,3,15.0,test,-0.3107133072881911,-9.851532199349457,9.230105584773074
12964,30-08-2026,KIN,4,14.0,test,-2.667180200241422,-12.550226895614923,7.2158664951320795
12964,30-08-2026,COR,5,15.0,test,0.7943527463510802,-9.596715625991612,11.185421118693773
12964,30-08-2026,MLGH,6,18.0,test,1.6105379378564588,-10.357497937631424,13.57857381334434
12964,30-08-2026,BUDI,7,17.0,test,0.3174082592130646,-11.599810393050282,12.23462691147641
12964,30-08-2026,KOTA,8,4.0,test,-14.6455551372667,-25.884816508266173,-3.4062937662672255
12964,30-08-2026,SWM,9,3.0,test,-14.634195296643723,-30.022537965229205,0.7541473719417571
12964,30-08-2026,GGC,10,-3.0,test,-17.90886993174743,-34.057390541700414,-1.7603493217944468
12964,30-08-2026,SMVJ,11,-6.0,test,-21.427904370890744,-38.04666114943447,-4.8091475923470135
12964,30-08-2026,HAN,12,-7.0,test,-21.546523649243895,-37.402340645615666,-5.690706652872121
12964,30-08-2026,BXN,13,-8.0,test,-22.550762750711886,-38.09700737859964,-7.004518122824127
12964,30-08-2026,BTE,14,-6.0,test,-22.772606399131167,-39.23703981225803,-6.308172986004305
12964,30-08-2026,MTJ,15,3.0,test,-8.055666355196484,-16.441526928137925,0.33019421774495505
12964,30-08-2026,KSV,16,-10.0,test,-22.32570434185249,-29.772447326718353,-14.878961356986625
12964,30-08-2026,BVH,17,2.0,test,-5.2471408203534295,-10.768725904573877,0.27444426386701704
12964,31-08-2026,UDZ,1,5.0,test,2.445454548463686,-7.516475908354978,12.40738500528235
12964,31-08-2026,RPZ,2,3.0,test,-0.017461441179270842,-9.74743795019253,9.712515067833987
12964,31-08-2026,MVJ,3,3.0,test,0.0910178344379659,-9.449801057623299,9.631836726499232
12964,31-08-2026,KIN,4,2.0,test,-2.3003699523307843,-12.183416647704286,7.582676743042716
12964,31-08-2026,COR,5,4.0,test,1.526269618051552,-8.86479875429114,11.917337990394245
12964,31-08-2026,MLGH,6,5.0,test,1.6221800121813068,-10.345855863306575,13.590215887669189
12964,31-08-2026,BUDI,7,5.0,test,0.682742380432909,-11.234476271830436,12.599961032696255
12964,31-08-2026,KOTA,8,-8.0,test,-14.26919193108329,-25.508453302082764,-3.029930560083816
12964,31-08-2026,SWM,9,-8.0,test,-13.888723809930502,-29.277066478515984,1.4996188586549781
12964,31-08-2026,GGC,10,-15.0,test,-17.533123514299714,-33.6816441242527,-1.3846029043467318
12964,31-08-2026,SMVJ,11,-17.0,test,-20.70701010120249,-37.32576687974622,-4.088253322658758
12964,31-08-2026,HAN,12,-18.0,test,-20.79114961450788,-36.64696661087965,-4.935332618136107
12964,31-08-2026,BXN,13,-23.0,test,-23.232628609116308,-38.77887323700406,-7.686383981228548
12964,31-08-2026,BTE,14,-26.0,test,-25.361360011705713,-41.825793424832575,-8.896926598578851
12964,31-08-2026,MTJ,15,-11.0,test,-8.555249063823153,-16.941109636764594,-0.1693884908817136
12964,31-08-2026,KSV,16,-18.0,test,-20.49453944929838,-27.941282434164243,-13.047796464432516
12964,31-08-2026,BVH,17,4.0,test,0.33294894542846176,-5.188636138791985,5.854534029648908
12974,28-08-2026,JP,1,3.0,test,-1.9558441819233723,-8.852205573984508,4.940517210137763
12974,28-08-2026,DPA,2,-3.0,test,-7.552340942353803,-14.64990027437079,-0.4547816103368172
12974,28-08-2026,SWM,3,9.0,test,-4.120433833975868,-16.139975985564085,7.899108317612347
12974,28-08-2026,KOTA,4,2.0,test,-9.216301869121173,-23.056484180707322,4.623880442464978
12974,28-08-2026,RMA,5,-8.0,test,-18.51374722986996,-38.572054588709655,1.544560128969735
12974,28-08-2026,NAD,6,8.0,test,-5.294339770537172,-15.743622173367797,5.154942632293454
12974,28-08-2026,UJN,7,4.0,test,-8.65434345241033,-13.750141487473869,-3.5585454173467914
12974,28-08-2026,DWX,8,0.0,test,-13.57922340680824,-20.509124511853987,-6.649322301762491
12974,30-08-2026,JP,1,-9.0,test,-2.3285714616719724,-9.224932853733108,4.5677899303891625
12974,30-08-2026,DPA,2,-13.0,test,-7.337329560595894,-14.434888892612879,-0.23977022857890784
12974,30-08-2026,SWM,3,-6.0,test,-5.598527458204984,-17.6180696097932,6.421014693383231
12974,30-08-2026,KOTA,4,-15.0,test,-11.456636239872452,-25.296818551458603,2.383546071713699
12974,30-08-2026,RMA,5,-21.0,test,-19.26820956424706,-39.32651692308676,0.7900977945926364
12974,30-08-2026,NAD,6,-13.0,test,-9.0109545857704,-19.460236988601025,1.4383278170602267
12974,30-08-2026,UJN,7,-17.0,test,-12.389782421284753,-17.48558045634829,-7.293984386221214
12974,30-08-2026,DWX,8,-21.0,test,-17.30950769516853,-24.239408800214278,-10.379606590122783
12980,28-08-2026,JP,1,8.0,test,4.246464657386712,-17.23762607678224,25.73055539155566
12980,28-08-2026,DPA,2,-6.0,test,-8.352636826737362,-27.895016769821126,11.189743116346405
12980,28-08-2026,SWM,3,1.0,test,-1.3035373111710125,-26.418553820776495,23.81147919843447
12980,28-08-2026,KOTA,4,5.0,test,-4.267228373675714,-34.54628811136325,26.011831364011822
12980,28-08-2026,NAD,5,8.0,test,4.871456740401279,-16.28550879635619,26.028422277158747
12980,28-08-2026,RTM,6,7.0,test,2.064204860859771,-20.95829142497857,25.08670114669811
12980,28-08-2026,MGN,7,5.0,test,-1.3847747888269728,-25.13015890253735,22.360609324883402
12980,28-08-2026,DHD,8,6.0,test,-2.427966053539435,-26.445511653211852,21.58957954613298
12980,28-08-2026,GDA,9,8.0,test,4.917396262614087,-17.169442126274454,27.004234651502628
12980,28-08-2026,BRC,10,-19.0,test,-11.603374112610975,-33.35400215755966,10.147253932337716
12980,28-08-2026,ST,11,-5.0,test,-10.509021676990429,-26.835603814567534,5.817560460586677
12980,28-08-2026,NVS,12,-12.0,test,-16.98021202350048,-34.150815339622085,0.19039129262112198
12980,28-08-2026,BL,13,-40.0,test,-30.278027207755148,-44.5173397842772,-16.038714631233095
12980,28-08-2026,VAPI,14,-35.0,test,-27.138031508829684,-41.280883823738144,-12.995179193921222
12980,28-08-2026,PLG,15,-31.0,test,-30.308033595379218,-39.99333578798294,-20.622731402775493
12980,28-08-2026,BVI,16,-22.0,test,-21.060729948886692,-30.24517538130757,-11.876284516465816
12980,28-08-2026,ADH,17,-21.0,test,-19.789308930978706,-27.067397866956338,-12.511219995001074
12980,31-08-2026,JP,1,-26.0,test,1.2646464193979097,-20.219444314771042,22.74873715356686
12980,31-08-2026,DPA,2,-33.0,test,-9.23759987029191,-28.779979813375675,10.304780072791855
12980,31-08-2026,SWM,3,-22.0,test,-0.13306116122507083,-25.248077670830554,24.98195534838041
12980,31-08-2026,KOTA,4,-25.0,test,-5.767463122427609,-36.04652286011515,24.511596615259926
12980,31-08-2026,NAD,5,-18.0,test,4.871703360236237,-16.28526217652123,26.028668896993707
12980,31-08-2026,RTM,6,-18.0,test,2.4428994186002515,-20.579596867238088,25.465395704438592
12980,31-08-2026,MGN,7,-21.0,test,-1.3768110566944922,-25.12219517040487,22.368573057015883
12980,31-08-2026,DHD,8,-20.0,test,-2.430720682821208,-26.448266282493623,21.58682491685121
12980,31-08-2026,GDA,9,-18.0,test,4.9164708737435685,-17.170367515144974,27.003309262632108
12980,31-08-2026,BRC,10,-26.0,test,-4.54230824080537,-26.29293628575406,17.208319804143322
12980,31-08-2026,ST,11,-19.0,test,-6.0025656774729335,-22.32914781505004,10.324016460104172
12980,31-08-2026,NVS,12,-25.0,test,-12.148609522588616,-29.31921283871022,5.021993793532987
12980,31-08-2026,BL,13,-27.0,test,-15.972012728275477,-30.21132530479753,-1.7327001517534235
12980,31-08-2026,VAPI,14,-27.0,test,-14.143581147357121,-28.286433462265585,-0.0007288324486598441
12980,31-08-2026,PLG,15,-26.0,test,-18.70394565136864,-28.389247843972363,-9.018643458764918
12980,31-08-2026,BVI,16,-19.0,test,-10.244263222768254,-19.42870865518913,-1.0598177903473776
12980,31-08-2026,ADH,17,-18.0,test,-8.998724933210532,-16.276813869188164,-1.7206359972329013
12985,28-08-2026,JP,1,15.0,test,7.974703568302157,-4.3588870071290255,20.30829414373334
12985,28-08-2026,GADJ,2,8.0,test,1.9005289302968067,-8.632157016699667,12.43321487729328
12985,28-08-2026,DO,3,5.0,test,-0.18469529137723378,-12.334872841315917,11.965482258561451
12985,28-08-2026,AWR,4,-5.0,test,-4.734768073207164,-17.160360055911163,7.690823909496833
12985,28-08-2026,GGN,5,9.0,test,2.599695246138886,-7.861976519151561,13.061367011429333
12985,29-08-2026,JP,1,21.0,test,6.8565217290563565,-5.477068846374826,19.19011230448754
12985,29-08-2026,GADJ,2,13.0,test,0.508351564596214,-10.024334382400259,11.041037511592688
12985,29-08-2026,DO,3,15.0,test,0.15287577993973628,-11.997301769998948,12.30305332987842
12985,29-08-2026,AWR,4,15.0,test,-0.64468741906269,-13.070279401766687,11.780904563641307
12985,29-08-2026,GGN,5,16.0,test,1.8856013810367769,-8.57607038425367,12.347273146327224
12985,30-08-2026,JP,1,0.0,test,7.229249008804956,-5.104339753004478,19.56283777061439
12985,30-08-2026,DO,3,-8.0,test,-0.19827248724668894,-12.348451033758604,11.951906059265227
12985,30-08-2026,AWR,4,-8.0,test,-1.0241481872758182,-13.449740177272787,11.40144380272115
12985,30-08-2026,GGN,5,-3.0,test,2.998105142467103,-7.463566622823344,13.45977690775755
12985,31-08-2026,JP,1,-9.0,test,7.974703568302157,-4.3588870071290255,20.30829414373334
12985,31-08-2026,GADJ,2,-16.0,test,1.9005289302968067,-8.632157016699667,12.43321487729328
12985,31-08-2026,DO,3,-16.0,test,0.9158574294125332,-11.234320120526151,13.066034979351217
12985,31-08-2026,AWR,4,-16.0,test,0.09676658814836703,-12.32882539455563,12.522358570852365
12985,31-08-2026,GGN,5,-9.0,test,4.859605959234903,-5.602065806055544,15.32127772452535
12991,28-08-2026,UDZ,0,0.0,test,-2.5438735165654607,-11.14770200744152,6.0599549743106
12991,28-08-2026,RPZ,1,-3.0,test,-5.217832031895814,-13.855549245704625,3.4198851819129974
12991,28-08-2026,MVJ,2,-2.0,test,-7.6323269668845155,-18.910434120638644,3.6457801868696125
12991,28-08-2026,FAN,3,-7.0,test,-11.700287684829672,-22.772137481844894,-0.6284378878144476
12991,28-08-2026,KIN,4,-8.0,test,-13.456510884336117,-25.56086321630012,-1.3521585523721118
12991,28-08-2026,COR,5,-17.0,test,-18.00862866939247,-28.567218349315922,-7.450038989469016
12991,28-08-2026,BHL,6,-13.0,test,-15.706780438627213,-26.778593251365898,-4.63496762588853
12991,28-08-2026,MDL,7,-12.0,test,-15.07313170852031,-25.966705459927834,-4.1795579571127845
12991,28-08-2026,BJNR,9,-12.0,test,-17.035913750293414,-26.203291063459375,-7.868536437127453
12991,28-08-2026,NSD,10,-15.0,test,-21.277911525617824,-31.404898858331723,-11.150924192903926
12991,28-08-2026,AII,11,-2.0,test,-4.902143165120519,-15.161625436137573,5.357339105896536
12991,28-08-2026,KSG,12,-2.0,test,-9.810113234598147,-16.826693068022617,-2.7935334011736748
12991,28-08-2026,FL,13,-1.0,test,-11.024543170437124,-18.703160416093244,-3.345925924781003
12991,28-08-2026,JOB,14,-3.0,test,-12.621657958528807,-20.184456639014652,-5.058859278042962
12991,29-08-2026,UDZ,0,-7.0,test,-2.1711462368168606,-10.77496504530297,6.43267257166925
12991,29-08-2026,RPZ,1,-9.0,test,-4.5950424130668015,-13.232749878673818,4.042665052540215
12991,29-08-2026,MVJ,2,-22.0,test,-11.942112700576716,-23.22021266423784,-0.6640127369155895
12991,29-08-2026,FAN,3,-26.0,test,-15.987043505429838,-27.058887000016938,-4.9152000108427405
12991,29-08-2026,KIN,4,-25.0,test,-16.96246422366356,-29.066811352871618,-4.858117094455499
12991,29-08-2026,COR,5,-31.0,test,-20.310832254605142,-30.86941606115338,-9.752248448056905
12991,29-08-2026,BHL,6,-29.0,test,-18.660486019596952,-29.73229297544178,-7.588679063752124
12991,29-08-2026,MDL,7,-28.0,test,-18.058243137113564,-28.951812218674796,-7.164674055552334
12991,29-08-2026,BJNR,9,-23.0,test,-18.18386106490362,-27.351233331910258,-9.016488797896981
12991,29-08-2026,NSD,10,-26.0,test,-22.3733948372694,-32.50037924325413,-12.246410431284673
12991,29-08-2026,KSG,12,-15.0,test,-11.476920385394392,-18.493501230758227,-4.460339540030555
12991,29-08-2026,FL,13,-11.0,test,-11.806725860970591,-19.48534311347392,-4.1281086084672625
12991,29-08-2026,JOB,14,-24.0,test,-17.124835338520022,-24.687634019005866,-9.562036658034177
12991,30-08-2026,UDZ,0,-15.0,test,-2.1711462368168606,-10.774974727692921,6.432682254059199
12991,30-08-2026,RPZ,1,-20.0,test,-5.345313922666836,-13.983031136475647,3.2924032911419747
12991,30-08-2026,MVJ,2,-22.0,test,-9.097484251987257,-20.375591405741385,2.1806229017668706
12991,30-08-2026,FAN,3,-26.0,test,-12.91259243056155,-23.98444222757677,-1.8407426335463253
12991,30-08-2026,KIN,4,-26.0,test,-14.24923322328188,-26.353585555245886,-2.144880891317875
12991,30-08-2026,COR,5,-30.0,test,-16.957430530763805,-27.51602021068726,-6.398840850840353
12991,30-08-2026,BHL,6,-23.0,test,-13.450995223642064,-24.522808036380745,-2.379182410903381
12991,30-08-2026,MDL,7,-25.0,test,-13.763943801556888,-24.657517552964414,-2.870370050149363
12991,30-08-2026,BJNR,9,-21.0,test,-14.457896480495904,-23.625273793661865,-5.290519167329943
12991,30-08-2026,NSD,10,-28.0,test,-20.115887686717446,-30.242875019431345,-9.988900354003547
12991,30-08-2026,AII,11,-15.0,test,-3.8125353388308696,-14.072017609847924,6.446946932186185
12991,30-08-2026,KSG,12,-16.0,test,-9.064634675659685,-16.081214509084155,-2.0480548422352127
12991,30-08-2026,FL,13,-18.0,test,-11.387516839987391,-19.06613408564351,-3.708899594331271
12991,30-08-2026,JOB,14,-21.0,test,-13.363946056597785,-20.92674473708363,-5.801147376111939
12991,31-08-2026,UDZ,0,-3.0,test,-2.5438735165654607,-11.14770200744152,6.0599549743106
12991,31-08-2026,RPZ,1,-5.0,test,-4.967727446636002,-13.605444660444814,3.669989767172809
12991,31-08-2026,MVJ,2,-4.0,test,-7.255535347696917,-18.533642501451045,4.022571806057211
12991,31-08-2026,FAN,3,-9.0,test,-11.318922327608025,-22.390772124623247,-0.247072530592801
12991,31-08-2026,KIN,4,-9.0,test,-12.727735897792025,-24.83208822975603,-0.6233835658280196
12991,31-08-2026,COR,5,-12.0,test,-15.097749886156866,-25.65633956608032,-4.539160206233413
12991,31-08-2026,BHL,6,-9.0,test,-13.046327592669993,-24.118140405408674,-1.9745147799313099
12991,31-08-2026,MDL,7,-8.0,test,-12.441487926493034,-23.33506167790056,-1.5479141750855092
12991,31-08-2026,BJNR,9,-10.0,test,-15.15687531948115,-24.32425263264711,-5.9894980063151895
12991,31-08-2026,NSD,10,-19.0,test,-21.612170022529824,-31.739157355243723,-11.485182689815925
12991,31-08-2026,AII,11,-2.0,test,-3.9496524231897707,-14.209134694206824,6.309829847827284
12991,31-08-2026,KSG,12,-6.0,test,-10.09602293206554,-17.112602765490013,-3.079443098641069
12991,31-08-2026,FL,13,-4.0,test,-11.051395004700892,-18.730012250357014,-3.372777759044771
12991,31-08-2026,JOB,14,-15.0,test,-15.705836830808156,-23.268635511294,-8.143038150322312
14602,28-08-2026,HMH,1,-5.0,test,-6.663223145283137,-19.366838811713183,6.040392521146909
14602,28-08-2026,SDS,2,-13.0,test,-10.674945629908956,-20.925010889156766,-0.42488037066114615
14602,28-08-2026,SGNR,3,-6.0,test,-8.424864135272705,-15.997094899702729,-0.8526333708426801
14602,28-08-2026,ABS,4,-4.0,test,-5.589392420940311,-13.284560449052497,2.105775607171875
14602,28-08-2026,CWDA,5,-4.0,test,-5.14705307488501,-13.248757439347797,2.954651289577777
14602,28-08-2026,KUKA,6,-4.0,test,-4.981072706109893,-13.179147513759723,3.2170021015399364
14602,28-08-2026,FKA,7,-12.0,test,-11.294499880270408,-18.390686345949387,-4.198313414591428
14602,28-08-2026,LDK,8,-11.0,test,-10.55412258280494,-17.06505134714342,-4.04319381846646
14602,28-08-2026,JBD,9,-17.0,test,-12.240008200322025,-17.47062782021366,-7.00938858043039
14602,28-08-2026,GHS,10,-12.0,test,-10.35632428473478,-15.720295527353635,-4.992353042115926
14602,28-08-2026,FZP,11,-9.0,test,-8.159416285316004,-12.398622177655636,-3.9202103929763714
14602,29-08-2026,HMH,1,5.0,test,-5.917768585785936,-18.621384241070587,6.785847069498715
14602,29-08-2026,SDS,2,5.0,test,-7.053118121784956,-17.30318336817024,3.1969471246003307
14602,29-08-2026,SGNR,3,1.0,test,-8.5610070002446,-16.133237750760284,-0.9887762497289172
14602,29-08-2026,ABS,4,6.0,test,-4.93494811647222,-12.630116133330455,2.7602199003860157
14602,29-08-2026,CWDA,5,5.0,test,-4.746069176912628,-12.847773532880773,3.3556351790555157
14602,29-08-2026,FKA,7,3.0,test,-8.9353830996085,-16.031570530275907,-1.8391956689410955
14602,29-08-2026,LDK,8,3.0,test,-8.22946554048054,-14.740394730763892,-1.718536350197187
14602,29-08-2026,GHS,10,3.0,test,-7.49338797503248,-12.857359675518682,-2.129416274546278
14602,29-08-2026,FZP,11,-10.0,test,-11.266705285502931,-15.505911177842563,-7.027499393163299
14602,30-08-2026,HMH,1,-4.0,test,-5.917768585785936,-18.621384252215982,6.7858470806441105
14602,30-08-2026,SDS,2,-14.0,test,-10.648584423138296,-20.898649682386107,-0.3985191638904855
14602,30-08-2026,SGNR,3,-8.0,test,-8.798944930307378,-16.371175694737403,-1.226714165877354
14602,30-08-2026,ABS,4,-4.0,test,-5.254072773223525,-12.949240801335712,2.441095254888661
14602,30-08-2026,CWDA,5,-5.0,test,-5.08899078400073,-13.190695148463517,3.012713580462057
14602,30-08-2026,KUKA,6,-6.0,test,-5.288908002588388,-13.486982810238217,2.9091668050614414
14602,30-08-2026,FKA,7,-9.0,test,-10.056900856791808,-17.15308732247079,-2.9607143911128277
14602,30-08-2026,LDK,8,-10.0,test,-9.690794277482578,-16.201723041821058,-3.1798655131440983
14602,30-08-2026,JBD,9,-10.0,test,-9.42668161080282,-14.657301230694454,-4.196061990911185
14602,30-08-2026,GHS,10,-8.0,test,-8.315890985144673,-13.679862227763527,-2.951919742525819
14602,30-08-2026,FZP,11,-5.0,test,-6.271010794789631,-10.510216687129263,-2.0318049024499985
14602,31-08-2026,HMH,1,-2.0,test,-5.917768585785936,-18.621384248500682,6.785847076928809
14602,31-08-2026,SDS,2,-15.0,test,-11.727223476305008,-21.97728873126508,-1.4771582213449364
14602,31-08-2026,SGNR,3,-5.0,test,-8.513010577175557,-16.08524133696717,-0.9407798173839437
14602,31-08-2026,ABS,4,-2.0,test,-5.22229814230854,-12.91746616666909,2.4728698820520094
14602,31-08-2026,CWDA,5,-2.0,test,-4.75868730604419,-12.860391667675163,3.343017055586782
14602,31-08-2026,FKA,7,-9.0,test,-10.652680178730414,-17.74886761418671,-3.5564927432741174
14602,31-08-2026,LDK,8,-9.0,test,-10.123505937965742,-16.6344351323655,-3.6125767435659846
14602,31-08-2026,JBD,9,-10.0,test,-10.158150766307966,-15.388770485805654,-4.927531046810277
14602,31-08-2026,GHS,10,-11.0,test,-10.08948447324853,-15.453455731070594,-4.725513215426468
14602,31-08-2026,FZP,11,-9.0,test,-8.53035427023902,-12.769560162578653,-4.291148377899387
14662,28-08-2026,JAT,1,-1.0,test,1.0692640759510479,-9.732718961872436,11.871247113774533
14662,28-08-2026,SMBX,2,-3.0,test,-9.530119859288549,-21.29545109753557,2.2352113789584696
14662,28-08-2026,MSKT,3,-5.0,test,-3.362854889500623,-17.501190183116606,10.775480404115358
14662,28-08-2026,DZA,6,-7.0,test,-7.582095268395539,-24.92379783290994,9.759607296118864
14662,28-08-2026,JRC,7,-1.0,test,-0.39554426114986807,-15.334595532961632,14.543507010661894
14662,28-08-2026,PGW,8,-4.0,test,-1.9091642936750075,-17.17853007461619,13.360201487266174
14662,28-08-2026,LDH,9,-4.0,test,-2.478321647730731,-19.759020074368628,14.802376778907167
14662,28-08-2026,KNN,10,-1.0,test,-0.08048359820773987,-15.369192013104287,15.208224816688807
14662,28-08-2026,SIR,11,-8.0,test,-6.782497516973881,-20.52311112830005,6.958116094352291
14662,28-08-2026,RPJ,12,-4.0,test,-3.3770680163982365,-16.107688695306663,9.353552662510191
14662,28-08-2026,UBC,13,-3.0,test,-1.615484098532043,-13.899534081802754,10.668565884738667
14662,28-08-2026,UMB,14,-13.0,test,-3.8635976514620616,-16.83721410510885,9.110018802184724
14662,28-08-2026,JUDW,15,-18.0,test,-8.623309663632519,-22.886762174994256,5.640142847729219
14662,28-08-2026,YJUD,16,-19.0,test,-9.8800134580169,-24.115294856329044,4.355267940295244
14662,28-08-2026,SRE,17,-1.0,test,0.6427838030383664,-10.138557003505452,11.424124609582185
14662,28-08-2026,DBD,18,-3.0,test,-0.56775049195671,-12.580640509398584,11.445139525485164
14662,28-08-2026,MOZ,19,-4.0,test,-2.332480631882874,-16.75024984304717,12.08528857928142
14662,28-08-2026,KAT,20,-5.0,test,-3.161839379574679,-17.294371133082723,10.970692373933367
14662,28-08-2026,SKF,21,-10.0,test,-9.608463133070977,-24.018324430511676,4.801398164369724
14662,28-08-2026,MUT,22,-11.0,test,-11.346836686577614,-26.449644796219864,3.7559714230646364
14662,28-08-2026,MTC,23,-9.0,test,-11.266272498561786,-24.95051974878784,2.417974751664266
14662,28-08-2026,MDNR,24,-13.0,test,-15.556011680949899,-29.690931471931087,-1.4210918899687108
14662,28-08-2026,MUD,25,-16.0,test,-19.403560402527553,-33.80975333401006,-4.997367471045047
14662,28-08-2026,GZB,27,-26.0,test,-28.401811719222234,-40.90254715430452,-15.901076284139949
14662,28-08-2026,DLI,28,-27.0,test,-34.61810377101136,-50.31282225539399,-18.923385286628736
14662,28-08-2026,DEE,29,-28.0,test,-38.96307210320879,-54.859804086603575,-23.066340119814
14662,28-08-2026,DEC,30,-28.0,test,-39.947355461430114,-55.54606459356703,-24.348646329293196
14662,28-08-2026,PM,31,-29.0,test,-40.9972111645656,-56.735676852884176,-25.25874547624702
14662,28-08-2026,GGN,32,-28.0,test,-40.27643612991085,-54.69448606191695,-25.858386197904746
14662,28-08-2026,GHH,33,-31.0,test,-44.57700002757662,-59.17617108106909,-29.97782897408414
14662,28-08-2026,PTRD,34,-23.0,test,-38.077282329365154,-53.17450972587367,-22.98005493285664
14662,28-08-2026,KIP,35,-26.0,test,-41.57306234766287,-62.215347338537875,-20.930777356787864
14662,28-08-2026,RE,36,-5.0,test,-19.83261021869522,-40.93247670732694,1.267256269936503
14662,28-08-2026,BWL,37,-4.0,test,-20.923801691599408,-42.56345378343694,0.7158504002381285
14662,28-08-2026,KRH,39,-9.0,test,-28.05348427860662,-51.393156826008365,-4.713811731204874
14662,28-08-2026,AWR,40,-11.0,test,-29.843553506496537,-53.87127631207636,-5.815830700916713
14662,28-08-2026,MKH,41,-9.0,test,-27.713516762694788,-52.17662210658078,-3.2504114188087954
14662,28-08-2026,RHG,42,-10.0,test,-29.586366793190727,-53.97269964747271,-5.200033938908749
14662,28-08-2026,BU,43,-9.0,test,-29.003646296568178,-52.74262552688831,-5.264667066248045
14662,28-08-2026,BKI,44,-10.0,test,-30.747688871893658,-53.97037431710686,-7.525003426680456
14662,28-08-2026,DO,45,-11.0,test,-33.42339454342439,-56.05069621125517,-10.796092875593615
14662,28-08-2026,GTJT,46,-16.0,test,-41.57600657683364,-63.36139531667786,-19.79061783698943
14662,28-08-2026,GADJ,47,-16.0,test,-42.30987204198806,-64.65407578762859,-19.965668296347523
14662,28-08-2026,JP,48,-6.0,test,-29.47279372475636,-53.55653557288321,-5.389051876629509
14662,28-08-2026,JOB,49,-4.0,test,-29.57473718525379,-56.01404468947996,-3.135429681027624
14662,28-08-2026,FL,50,-1.0,test,-16.793518634836566,-42.01742451420669,8.430387244533556
14662,28-08-2026,KMNC,51,-1.0,test,-14.330033986323533,-39.36702042243884,10.706952449791777
14662,28-08-2026,MKN,52,-1.0,test,-15.26195082826346,-39.609045863198446,9.085144206671528
14662,28-08-2026,DNA,53,-1.0,test,-12.005709153945647,-35.084912504617456,11.07349419672616
14662,28-08-2026,MTD,54,-1.0,test,-12.964224045737378,-40.03174238926636,14.103294297791606
14662,28-08-2026,RKB,55,-15.0,test,-22.81244082642563,-54.93560406326602,9.310722410414762
14662,28-08-2026,JU,56,-6.0,test,-20.23842174014707,-52.17183735882115,11.694993878527004
14662,28-08-2026,BANE,57,-8.0,test,-22.39789843748,-55.84474151564724,11.04894464068725
14662,28-08-2026,LUNI,58,-2.0,test,-17.768021920867287,-51.073078728821514,15.537034887086936
14662,28-08-2026,DOR,59,-20.0,test,-22.26697586135076,-48.17276046977544,3.6388087470739237
14662,28-08-2026,SMR,60,-16.0,test,-21.895413399435395,-45.955975033727185,2.1651482348563995
14662,28-08-2026,BLT,61,-12.0,test,-15.811166574875008,-30.29084845382861,-1.3314846959214055
14662,28-08-2026,BUT,62,-16.0,test,-18.24862332208719,-31.783229016598064,-4.71401762757632
14662,28-08-2026,UTL,63,-23.0,test,-23.58420889134982,-25.826790921574293,-21.34162686112535
14662,29-08-2026,JAT,1,-3.0,test,1.0692640759510479,-9.732721021870764,11.871249173772862
14662,29-08-2026,SMBX,2,-8.0,test,-10.632308760684383,-22.397641956659385,1.1330244352906185
14662,29-08-2026,MSKT,3,-10.0,test,-4.526405474150467,-18.664742295709182,9.611931347408248
14662,29-08-2026,PTKC,4,-12.0,test,-5.87214075995343,-23.562462927658373,11.818181407751512
14662,29-08-2026,MEX,5,-12.0,test,-8.213665324795818,-25.634435671141404,9.20710502154977
14662,29-08-2026,DZA,6,-12.0,test,-8.677299249616212,-26.01832210871582,8.663723609483398
14662,29-08-2026,JRC,7,-5.0,test,-1.115956753297076,-16.05495261319158,13.823039106597427
14662,29-08-2026,PGW,8,-7.0,test,-2.274879682679835,-17.544233060995168,12.994473695635499
14662,29-08-2026,LDH,9,-10.0,test,-3.9333758479103165,-21.214073213637338,13.347321517816706
14662,29-08-2026,KNN,10,-10.0,test,-2.708230816619304,-17.996939284204053,12.580477650965443
14662,29-08-2026,SIR,11,-18.0,test,-9.79904745283094,-23.539661180889688,3.941566275227805
14662,29-08-2026,RPJ,12,-19.0,test,-8.21824416835199,-20.948864985352863,4.512376648648884
14662,29-08-2026,UBC,13,-15.0,test,-5.506852243755919,-17.790902365309357,6.777197877797521
14662,29-08-2026,UMB,14,-3.0,test,-0.8875886529087442,-13.861205230293788,12.086027924476298
14662,29-08-2026,JUDW,15,-6.0,test,-3.107760045355233,-17.37121270469501,11.155692613984545
14662,29-08-2026,YJUD,16,-7.0,test,-4.4158925745222515,-18.651174095009473,9.819388945964969
14662,29-08-2026,SRE,17,-3.0,test,1.1034509960018433,-9.677889954273462,11.884791946277149
14662,29-08-2026,DBD,18,-6.0,test,-1.0901712040808489,-13.103061363211452,10.922718955049753
14662,29-08-2026,MOZ,19,-5.0,test,-2.1052977424206123,-16.523067061634485,12.31247157679326
14662,29-08-2026,KAT,20,-6.0,test,-2.8197465107331268,-16.952278367555927,11.312785346089672
14662,29-08-2026,SKF,21,-11.0,test,-9.248673871819,-23.65853526361156,5.161187519973561
14662,29-08-2026,MUT,22,-13.0,test,-11.330630435310479,-26.433438632992,3.772177762371042
14662,29-08-2026,MTC,23,-14.0,test,-12.098401279504941,-25.782648623670973,1.585846064661089
14662,29-08-2026,MDNR,24,-13.0,test,-14.983804578203372,-29.1187244595067,-0.8488846969000416
14662,29-08-2026,MUD,25,-18.0,test,-19.291208921859173,-33.69740193786242,-4.885015905855926
14662,29-08-2026,GZB,27,-15.0,test,-24.031492476893277,-36.53222800644724,-11.530756947339311
14662,29-08-2026,DLI,28,-59.0,test,-44.59314186916721,-60.287860430372255,-28.89842330796217
14662,29-08-2026,DEE,29,-59.0,test,-49.99403504538906,-65.89076710259158,-34.09730298818655
14662,29-08-2026,DEC,30,-62.0,test,-52.303982685222934,-67.90269188912958,-36.70527348131629
14662,29-08-2026,PM,31,-64.0,test,-53.7321220974274,-69.47058785447817,-37.993656340376624
14662,29-08-2026,GGN,32,-63.0,test,-53.13257189004278,-67.55062189635736,-38.71452188372821
14662,29-08-2026,GHH,33,-66.0,test,-57.3050032431873,-71.90417436837515,-42.70583211799945
14662,29-08-2026,PTRD,34,-64.0,test,-52.73110669393735,-67.82833416286294,-37.633879225011746
14662,29-08-2026,KIP,35,-65.0,test,-55.718408377479726,-76.3606934194673,-35.076123335492156
14662,29-08-2026,RE,36,-41.0,test,-32.85938163538073,-53.959248172069074,-11.759515098692383
14662,29-08-2026,BWL,37,-41.0,test,-34.00596050492984,-55.64561264320247,-12.366308366657211
14662,29-08-2026,HSI,38,-55.0,test,-42.09714619514756,-65.3592653372425,-18.835027053052606
14662,29-08-2026,KRH,39,-58.0,test,-45.699986791501296,-69.03963477525315,-22.360338807749443
14662,29-08-2026,AWR,40,-65.0,test,-49.308722660497104,-73.33643761818317,-25.281007702811035
14662,29-08-2026,MKH,41,-67.0,test,-48.64233676083471,-73.10543981300535,-24.17923370866408
14662,29-08-2026,RHG,42,-69.0,test,-50.96602910831239,-75.35236124112652,-26.579696975498262
14662,29-08-2026,BU,43,-69.0,test,-50.712467934255415,-74.45144682743961,-26.973489041071215
14662,29-08-2026,BKI,44,-68.0,test,-51.83421302535665,-75.05689832567306,-28.611527725040233
14662,29-08-2026,DO,45,-70.0,test,-54.698333910009815,-77.32563554913732,-32.07103227088231
14662,29-08-2026,GTJT,46,-73.0,test,-62.102324192571395,-83.8877129435126,-40.31693544163019
14662,29-08-2026,GADJ,47,-74.0,test,-63.0889559907438,-85.43315977759472,-40.74475220389287
14662,29-08-2026,JP,48,-57.0,test,-48.360795452600655,-72.44453733030777,-24.27705357489354
14662,29-08-2026,JOB,49,-56.0,test,-48.12093327646318,-74.56024078367501,-21.681625769251337
14662,29-08-2026,FL,50,-41.0,test,-31.220662671518685,-56.444568549782645,-5.996756793254725
14662,29-08-2026,KMNC,51,-30.0,test,-24.312950954393934,-49.349937381046104,0.7240354722582367
14662,29-08-2026,MKN,52,-30.0,test,-25.113462282618695,-49.4605573127287,-0.7663672525086866
14662,29-08-2026,DNA,53,-48.0,test,-28.559824440743874,-51.63902779100236,-5.480621090485389
14662,29-08-2026,MTD,54,-52.0,test,-31.287393028209372,-58.354911371720284,-4.2198746846984605
14662,29-08-2026,RKB,55,-54.0,test,-36.64775932514553,-68.77092256198583,-4.5245960883052305
14662,29-08-2026,JU,56,-53.0,test,-35.87132554354484,-67.80474116221885,-3.937909924870837
14662,29-08-2026,BANE,57,-57.0,test,-39.608453239906865,-73.05529631807408,-6.161610161739638
14662,29-08-2026,LUNI,58,-57.0,test,-37.54882970619502,-70.85388651414924,-4.243772898240806
14662,29-08-2026,DOR,59,-39.0,test,-29.52425457627685,-55.43003918470153,-3.6184699678521675
14662,29-08-2026,SMR,60,-36.0,test,-28.287879191551923,-52.34844082584372,-4.227317557260129
14662,29-08-2026,BLT,61,-20.0,test,-18.030929483080953,-32.51061136203455,-3.551247604127351
14662,29-08-2026,BUT,62,-20.0,test,-18.888640442394795,-32.42324613690567,-5.354034747883924
14662,29-08-2026,UTL,63,-27.0,test,-24.256840021468957,-26.49942205169343,-22.014257991244484
14662,30-08-2026,JAT,1,23.0,test,-3.776190560780755,-14.578175658602568,7.025794537041058
14662,30-08-2026,SMBX,2,14.0,test,-16.947419791685405,-28.71275298766041,-5.182086595710404
14662,30-08-2026,MSKT,3,13.0,test,-10.556764065138818,-24.69510088669753,3.581572756419897
14662,30-08-2026,PTKC,4,9.0,test,-12.584300977375392,-30.274623145080334,5.10602119032955
14662,30-08-2026,MEX,5,6.0,test,-16.056184267527016,-33.47695461387261,1.3645860788185722
14662,30-08-2026,DZA,6,-10.0,test,-22.148731697331993,-39.489754556431606,-4.807708838232383
14662,30-08-2026,JRC,7,-2.0,test,-14.775214400807185,-29.71421026070169,0.16378145908731945
14662,30-08-2026,PGW,8,-4.0,test,-15.824882630268302,-31.094236008583636,-0.5555292519529687
14662,30-08-2026,LDH,9,9.0,test,-11.476867957578461,-28.757565323305485,5.803829408148561
14662,30-08-2026,KNN,10,16.0,test,-7.405691985972586,-22.694400453557336,7.883016481612161
14662,30-08-2026,SIR,11,16.0,test,-11.624598213712797,-25.36521194177154,2.116015514345948
14662,30-08-2026,RPJ,12,17.0,test,-9.109051317730394,-21.839672134731266,3.62156949927048
14662,30-08-2026,UBC,13,23.0,test,-5.726535701309317,-18.010585822862758,6.5575144202441225
14662,30-08-2026,UMB,14,35.0,test,-1.09137641200269,-14.064992989387733,11.882240165382353
14662,30-08-2026,JUDW,15,31.0,test,-3.7732551286574036,-18.03670778799718,10.490197530682375
14662,30-08-2026,YJUD,16,30.0,test,-5.134402011974621,-19.369683532461842,9.100879508512598
14662,30-08-2026,SRE,17,36.0,test,1.0694959883283985,-9.711844961946907,11.850836938603704
14662,30-08-2026,DBD,18,35.0,test,-0.32371689276834914,-12.336607051898952,11.689173266362253
14662,30-08-2026,MOZ,19,34.0,test,-2.0324293828231035,-16.450198702036978,12.38533993639077
14662,30-08-2026,KAT,20,30.0,test,-3.8926218891831654,-18.025153746005966,10.239909967639633
14662,30-08-2026,SKF,21,26.0,test,-10.107503335616974,-24.517364727409536,4.302358056175587
14662,30-08-2026,MUT,22,25.0,test,-11.764005351986548,-26.866813549668066,3.338802845694973
14662,30-08-2026,MTC,23,26.0,test,-11.939379176163413,-25.623626520329445,1.7448681680026166
14662,30-08-2026,MDNR,24,22.0,test,-16.32877106693635,-30.46369094823968,-2.1938511856330205
14662,30-08-2026,MUD,25,19.0,test,-20.17743155427148,-34.58362457027472,-5.771238538268232
14662,30-08-2026,GZB,27,12.0,test,-28.1608452494721,-40.66158077902607,-15.660109719918134
14662,30-08-2026,DLI,28,-5.0,test,-39.79767051504589,-55.49238907625093,-24.102951953840844
14662,30-08-2026,DEE,29,-33.0,test,-51.81307028906512,-67.70980234626762,-35.9163382318626
14662,30-08-2026,DEC,30,-35.0,test,-56.45923414442308,-72.05794334832973,-40.860524940516434
14662,30-08-2026,PM,31,-43.0,test,-59.87022736933077,-75.60869312638155,-44.131761612279995
14662,30-08-2026,GGN,32,-43.0,test,-60.48327239483487,-74.90132240114944,-46.0652223885203
14662,30-08-2026,GHH,33,-47.0,test,-65.06083093355156,-79.66000205873941,-50.461659808363706
14662,30-08-2026,PTRD,34,-45.0,test,-60.45869871231265,-75.55592618123825,-45.36147124338705
14662,30-08-2026,KIP,35,-47.0,test,-63.686739951948866,-84.32902499393643,-43.0444549099613
14662,30-08-2026,RE,36,-23.0,test,-40.831600202522324,-61.93146673921067,-19.73173366583398
14662,30-08-2026,BWL,37,-23.0,test,-41.93798658664108,-63.57763872491371,-20.298334448368454
14662,30-08-2026,HSI,38,-35.0,test,-49.276256583954336,-72.53837572604928,-26.014137441859383
14662,30-08-2026,KRH,39,-40.0,test,-53.40133872634328,-76.74098671009514,-30.06169074259143
14662,30-08-2026,AWR,40,-49.0,test,-57.871939144974796,-81.89965410266086,-33.84422418728873
14662,30-08-2026,MKH,41,-47.0,test,-55.872595277073536,-80.33569832924417,-31.409492224902905
14662,30-08-2026,RHG,42,-49.0,test,-58.023733667626566,-82.41006580044069,-33.63740153481244
14662,30-08-2026,BU,43,-49.0,test,-57.759080626152866,-81.49805951933706,-34.02010173296867
14662,30-08-2026,BKI,44,-57.0,test,-61.82616365211908,-85.04884895243549,-38.603478351802664
14662,30-08-2026,DO,45,-60.0,test,-65.59764874927515,-88.22495038840265,-42.97034711014765
14662,30-08-2026,GTJT,46,-86.0,test,-81.44300361328246,-103.22839236422365,-59.657614862341255
14662,30-08-2026,GADJ,47,-90.0,test,-83.5427075349712,-105.88691132182213,-61.198503748120274
14662,30-08-2026,JP,48,-76.0,test,-69.9563042588002,-94.04004613650731,-45.87256238109309
14662,30-08-2026,JOB,49,-74.0,test,-69.59944251940965,-96.03875002662149,-43.16013501219781
14662,30-08-2026,FL,50,-56.0,test,-51.55469109418451,-76.77859697244847,-26.330785215920553
14662,30-08-2026,KMNC,51,-45.0,test,-44.44861583658812,-69.48560226324028,-19.411629409935948
14662,30-08-2026,MKN,52,-45.0,test,-45.238635643257155,-69.58573067336717,-20.891540613147146
14662,30-08-2026,DNA,53,-37.0,test,-39.17222797168134,-62.25143132193982,-16.093024621422853
14662,30-08-2026,MTD,54,-35.0,test,-39.36200619586241,-66.42952453937332,-12.294487852351502
14662,30-08-2026,RKB,55,-46.0,test,-48.1419669902685,-80.2651302271088,-16.0188037534282
14662,30-08-2026,JU,56,-45.0,test,-47.41712578056425,-79.35054139923825,-15.483710161890244
14662,30-08-2026,BANE,57,-46.0,test,-50.28674163967324,-83.73358471784047,-16.83989856150601
14662,30-08-2026,LUNI,58,-41.0,test,-46.16541408722759,-79.4704708951818,-12.860357279273373
14662,30-08-2026,DOR,59,-32.0,test,-41.165805268353125,-67.07158987677781,-15.260020659928443
14662,30-08-2026,SMR,60,-26.0,test,-39.2030827158575,-63.26364435014929,-15.142521081565704
14662,30-08-2026,BLT,61,-8.0,test,-28.131197598662432,-42.61087947761604,-13.65151571970883
14662,30-08-2026,BUT,62,-31.0,test,-37.33404975276976,-50.86865544728063,-23.799444058258885
14662,30-08-2026,UTL,63,-25.0,test,-38.3266923213816,-40.569274351606076,-36.084110291157124
14662,31-08-2026,JAT,1,-2.0,test,0.6965367962024476,-10.105430632377512,11.498504224782408
14662,31-08-2026,SMBX,2,-6.0,test,-10.637963141065413,-22.403279545747548,1.1273532636167225
14662,31-08-2026,MSKT,3,-9.0,test,-4.87742649435736,-19.015750211400047,9.260897222685326
14662,31-08-2026,PTKC,4,-10.0,test,-5.887149735849982,-23.577461771353903,11.803162299653941
14662,31-08-2026,MEX,5,-12.0,test,-8.933342145527812,-26.354102435480755,8.48741814442513
14662,31-08-2026,DZA,6,-13.0,test,-9.799026947371226,-27.140040554345696,7.541986659603241
14662,31-08-2026,JRC,7,-1.0,test,-0.3929634796208865,-15.331943944926389,14.546016985684615
14662,31-08-2026,PGW,8,-3.0,test,-1.4901892576110907,-16.75953099438061,13.779152479158432
14662,31-08-2026,LDH,9,-2.0,test,-1.6867492672333864,-18.96743658026633,15.593938045799556
14662,31-08-2026,KNN,10,-2.0,test,-0.42331151005332945,-15.712007890059017,14.865384869952358
14662,31-08-2026,SIR,11,-8.0,test,-6.826190590805533,-20.56679319152221,6.914412009911143
14662,31-08-2026,RPJ,12,-5.0,test,-3.7378668190378233,-16.468476335795906,8.992742697720258
14662,31-08-2026,UBC,13,-3.0,test,-1.6459330754076882,-13.929972150532247,10.63810599971687
14662,31-08-2026,UMB,14,-2.0,test,-0.4854585009917106,-13.459065226506953,12.488148224523533
14662,31-08-2026,JUDW,15,-10.0,test,-5.474102100279703,-19.73754302820213,8.789338827642723
14662,31-08-2026,YJUD,16,-12.0,test,-7.169022658569798,-21.404294496132046,7.06624917899245
14662,31-08-2026,SRE,17,-3.0,test,0.1227831811972005,-10.658546379077913,10.904112741472316
14662,31-08-2026,DBD,18,-3.0,test,-0.716797719080758,-12.72967665165466,11.296081213493146
14662,31-08-2026,MOZ,19,-4.0,test,-2.3911630877444656,-16.808923846535354,12.026597671046424
14662,31-08-2026,KAT,20,-5.0,test,-3.1878756513722943,-17.320399323593946,10.944648020849359
14662,31-08-2026,SKF,21,-9.0,test,-9.307989155095674,-23.717843072604573,5.101864762413225
14662,31-08-2026,MUT,22,-11.0,test,-11.317864930598617,-26.42066615463679,3.7849362934395554
14662,31-08-2026,MTC,23,-11.0,test,-11.810424341314206,-25.494664244578495,1.8738155619500816
14662,31-08-2026,MDNR,24,-21.0,test,-18.42455056006691,-32.559463287642686,-4.2896378324911275
14662,31-08-2026,MUD,25,-25.0,test,-22.834408495653637,-37.24059481771559,-8.428222173591681
14662,31-08-2026,GZB,27,-39.0,test,-33.25111282365986,-45.75184087166464,-20.75038477565508
14662,31-08-2026,DLI,28,-42.0,test,-40.32925394568374,-56.023966423637034,-24.634541467730443
14662,31-08-2026,DEE,29,-48.0,test,-46.0357236712027,-61.932449883992525,-30.13899745841288
14662,31-08-2026,DEC,30,-50.0,test,-48.1738066292583,-63.77251015038593,-32.57510310813067
14662,31-08-2026,PM,31,-52.0,test,-49.6564560807817,-65.3949163956741,-33.9179957658893
14662,31-08-2026,GGN,32,-52.0,test,-49.44043096179568,-63.85847508484591,-35.02238683874545
14662,31-08-2026,GHH,33,-56.0,test,-54.06617803290039,-68.66534348201452,-39.467012583786264
14662,31-08-2026,PTRD,34,-49.0,test,-47.91391742519677,-63.011139161551796,-32.81669568884175
14662,31-08-2026,KIP,35,-49.0,test,-50.427433089881504,-71.0697140860448,-29.785152093718214
14662,31-08-2026,RE,36,-26.0,test,-27.83262133884354,-48.93248407184453,-6.732758605842555
14662,31-08-2026,BWL,37,-26.0,test,-29.07345861545719,-50.713107078741686,-7.433810152172697
14662,31-08-2026,HSI,38,-26.0,test,-32.268851866692174,-55.530967402194236,-9.006736331190112
14662,31-08-2026,KRH,39,-30.0,test,-35.75443482151322,-59.094079379805635,-12.414790263220812
14662,31-08-2026,AWR,40,-33.0,test,-38.009179172550546,-62.03689064140512,-13.981467703695966
14662,31-08-2026,MKH,41,-32.0,test,-36.268467637904465,-60.73156748438045,-11.80536779142848
14662,31-08-2026,RHG,42,-33.0,test,-38.18250730786744,-62.56883642308669,-13.796178192648192
14662,31-08-2026,BKI,44,-43.0,test,-42.87620142287909,-66.0988979094065,-19.65350493635168
14662,31-08-2026,DO,45,-45.0,test,-46.21214641057268,-68.83944902160192,-23.584843799543442
14662,31-08-2026,GTJT,46,-53.0,test,-55.41659466865578,-77.20197972346364,-33.63120961384793
14662,31-08-2026,GADJ,47,-54.0,test,-56.449064972645715,-78.79326532466284,-34.10486462062859
14662,31-08-2026,JP,48,-37.0,test,-41.725235764921806,-65.80897478482746,-17.64149674501615
14662,31-08-2026,JOB,49,-38.0,test,-42.17790461331436,-68.61720959556088,-15.738599631067846
14662,31-08-2026,FL,50,-17.0,test,-23.226574989476436,-48.45047861300497,1.9973286340520957
14662,31-08-2026,KMNC,51,-7.0,test,-16.43181466456808,-41.468798548556975,8.605169219420812
14662,31-08-2026,MKN,52,-6.0,test,-16.930442881112093,-41.277535728742706,7.416649966518516
14662,31-08-2026,DNA,53,-5.0,test,-13.387243583169088,-36.46644459076306,9.691957424424881
14662,31-08-2026,MTD,54,-2.0,test,-13.31445408811762,-40.38197064215563,13.753062465920392
14662,31-08-2026,RKB,55,-2.0,test,-17.967809925601962,-50.09097141077002,14.155351559566093
14662,31-08-2026,JU,56,-3.0,test,-17.665464237694373,-49.59887816990707,14.267949694518318
14662,31-08-2026,BANE,57,-4.0,test,-20.757395601818217,-54.204237525608875,12.68944632197244
14662,31-08-2026,DOR,59,-15.0,test,-20.828619097550884,-46.734405670974205,5.077167475872436
14662,31-08-2026,SMR,60,-16.0,test,-21.755786642674018,-45.81634870202675,2.3047754166787158
14662,31-08-2026,BLT,61,-11.0,test,-15.461457573589449,-29.94113951045908,-0.9817756367198154
14662,31-08-2026,BUT,62,-12.0,test,-16.781580622396692,-30.31618631836504,-3.246974926428342
14662,31-08-2026,UTL,63,-24.0,test,-23.879864673763105,-26.122446703987578,-21.637282643538633
14701,28-08-2026,SGNR,1,-20.0,test,-2.540909087398427,-20.20881318536009,15.126995010563236
14701,28-08-2026,SDS,2,-25.0,test,-7.6420386126268935,-26.79239413059851,11.50831690534472
14701,28-08-2026,HMH,3,-28.0,test,-12.575507422164709,-38.77304871542361,13.6220338710942
14701,28-08-2026,HMO,4,-28.0,test,-12.59307856194796,-38.10256362344074,12.916406499544818
14701,28-08-2026,ENB,5,-23.0,test,-10.58567215430805,-34.56856544467814,13.39722113606204
14701,28-08-2026,NHR,6,-20.0,test,-8.285411503907556,-32.243318183595036,15.672495175779927
14701,28-08-2026,GAMI,7,-21.0,test,-13.774398380539921,-23.9819248630819,-3.56687189799794
14701,28-08-2026,TSD,8,-24.0,test,-13.883330313742551,-38.08967918694016,10.323018559455054
14701,28-08-2026,SDLP,9,-31.0,test,-9.161702080214056,-29.052637079151737,10.729232918723625
14701,28-08-2026,CUR,10,-29.0,test,-10.696633103399044,-29.72432138199828,8.331055175200191
14701,28-08-2026,BUB,11,-33.0,test,-14.747890357407824,-33.902195261480124,4.406414546664477
14701,28-08-2026,RSWT,12,-31.0,test,-13.372586763563772,-32.944033876090764,6.198860348963221
14701,28-08-2026,FPS,13,-38.0,test,-21.611197637999553,-40.55398552833738,-2.668409747661727
14701,28-08-2026,LNH,14,-38.0,test,-22.804932111948386,-41.54828152564784,-4.061582698248934
14701,28-08-2026,SIKR,15,-30.0,test,-18.113194091543534,-40.704870008856176,4.478481825769109
14701,28-08-2026,PLSN,16,-30.0,test,-18.914374153561855,-41.121699667333786,3.292951360210079
14701,28-08-2026,RGS,17,-30.0,test,-20.645509961528752,-43.044630128311596,1.7536102052540947
14701,28-08-2026,GND,18,-33.0,test,-24.00709477779412,-46.274361116441554,-1.739828439146688
14701,28-08-2026,COM,19,-32.0,test,-23.920566658635565,-46.32309683327013,-1.5180364840009979
14701,28-08-2026,DKBJ,20,-29.0,test,-22.995575316123,-40.448063335717116,-5.543087296528881
14701,28-08-2026,JP,21,-20.0,test,-12.77830207239883,-29.560454403115514,4.003850258317854
14701,28-08-2026,JOB,22,-21.0,test,-18.140473170207066,-35.75128931393648,-0.5296570264776541
14701,28-08-2026,FL,23,-26.0,test,-20.582453877463784,-39.133830041846,-2.0310777130815723
14701,28-08-2026,NRI,24,-27.0,test,-20.282877490882782,-38.37981119454906,-2.1859437872165017
14701,28-08-2026,KSG,25,-27.0,test,-19.79008620842606,-37.68948458816435,-1.8906878286877742
14701,28-08-2026,AII,26,-22.0,test,-10.848647744505099,-27.822274563381498,6.124979074371302
14701,28-08-2026,BER,27,-21.0,test,-11.576819757694803,-30.345035314859434,7.191395799469827
14701,28-08-2026,SOD,28,-21.0,test,-10.191419554444256,-27.806201458830166,7.423362349941655
14701,28-08-2026,MJ,29,-21.0,test,-5.960687990357111,-25.147975107443084,13.22659912672886
14701,28-08-2026,SOS,30,-23.0,test,-6.3483935793991995,-26.016177684428786,13.319390525630386
14701,28-08-2026,JAL,31,-22.0,test,-7.431608334626469,-27.19673206177079,12.333515392517848
14701,28-08-2026,RANI,32,-23.0,test,-8.258974559777947,-27.89775342858511,11.379804309029215
14701,28-08-2026,FA,33,-22.0,test,-7.05785173320761,-26.51940021599774,12.403696749582522
14701,28-08-2026,SJWB,34,-24.0,test,-8.938437294835719,-28.36999194244909,10.493117352777652
14701,28-08-2026,MOI,35,-24.0,test,-8.913143446320056,-28.376950534376572,10.55066364173646
14701,28-08-2026,NANA,36,-23.0,test,-9.138315335339415,-29.018140647723897,10.741509977045064
14701,28-08-2026,PDWA,37,-23.0,test,-10.043659102880344,-29.376594601206385,9.289276395445697
14701,28-08-2026,SRPJ,38,-24.0,test,-10.493484686981986,-30.234756744540555,9.247787370576582
14701,28-08-2026,ABR,39,-21.0,test,-5.201010826105309,-25.702050206409353,15.300028554198734
14701,28-08-2026,PNU,40,-20.0,test,-3.474560650053291,-22.416567465405773,15.46744616529919
14701,28-08-2026,CHP,41,-20.0,test,-3.6330425741993406,-22.817158722226075,15.551073573827395
14701,28-08-2026,SID,42,-20.0,test,-3.855078142346071,-22.860049971963733,15.149893687271591
14701,28-08-2026,UJA,43,-20.0,test,-9.995139887064283,-18.24347401911126,-1.7468057550173057
14701,28-08-2026,MSH,44,-20.0,test,-5.2637006619197155,-24.918266073480098,14.390864749640665
14701,28-08-2026,KLL,45,-20.0,test,-4.707700616370174,-25.052355008662374,15.636953775922029
14701,28-08-2026,SBIB,46,-36.0,test,-17.13345613362933,-39.45936458577822,5.19245231851956
14701,28-08-2026,ADI,47,-39.0,test,-18.11221788141708,-34.72217788578452,-1.5022578770496473
14701,28-08-2026,ND,48,-24.0,test,-7.645550497446839,-21.523461160079563,6.232360165185883
14701,28-08-2026,BRC,50,-28.0,test,-11.734702761478042,-31.62683145773135,8.157425934775267
14701,28-08-2026,ST,52,-20.0,test,-6.0967812034862945,-27.394639318370096,15.201076911397507
14701,28-08-2026,NVS,53,-28.0,test,-17.206709692770687,-39.229191646761585,4.815772261220211
14701,28-08-2026,DRD,55,-26.0,test,-18.531358040572467,-39.307473392457204,2.24475731131227
14701,28-08-2026,BVI,56,-32.0,test,-22.38332525771928,-30.4389510888064,-14.327699426632162
14701,28-08-2026,ADH,57,-26.0,test,-17.17500304412634,-24.423502434381284,-9.926503653871391
14701,29-08-2026,SGNR,1,-4.0,test,-2.9136363671470273,-20.581544035163883,14.754271300869828
14701,29-08-2026,SDS,2,-17.0,test,-10.96117066869007,-30.11152957982106,8.18918824244092
14701,29-08-2026,HMH,3,-17.0,test,-14.927902275234445,-41.12544608583448,11.26964153536559
14701,29-08-2026,HMO,4,-16.0,test,-14.571965061127475,-40.08145254817868,10.937522425923731
14701,29-08-2026,ENB,5,-10.0,test,-12.06471348436984,-36.04760943194429,11.918182463204609
14701,29-08-2026,NHR,6,-6.0,test,-9.382354724731291,-33.34026393505009,14.575554485587508
14701,29-08-2026,GAMI,7,-34.0,test,-24.74627521713527,-34.95380724490995,-14.538743189360588
14701,29-08-2026,TSD,8,-36.0,test,-25.246432759212528,-49.45278376299972,-1.0400817554253337
14701,29-08-2026,SDLP,9,-26.0,test,-13.823139857708078,-33.714078637976506,6.06779892256035
14701,29-08-2026,CUR,10,-13.0,test,-10.980999418209318,-30.008691559943866,8.04669272352523
14701,29-08-2026,BUB,11,-17.0,test,-14.93740441189371,-34.0917124114095,4.216903587622081
14701,29-08-2026,RSWT,12,-18.0,test,-14.602272050112484,-34.17372169108081,4.969177590855837
14701,29-08-2026,FPS,13,-26.0,test,-23.441511005310552,-42.38430128901871,-4.4987207216024
14701,29-08-2026,LNH,14,-28.0,test,-25.408326813989536,-44.15167859368862,-6.66497503429045
14701,29-08-2026,SIKR,15,-21.0,test,-21.139702042183895,-43.73138001924386,1.4519759348760672
14701,29-08-2026,PLSN,16,-20.0,test,-21.577914670338664,-43.785242274816554,0.6294129341392214
14701,29-08-2026,RGS,17,-21.0,test,-23.621275859109446,-46.02039798416392,-1.2221537340549737
14701,29-08-2026,GND,18,-24.0,test,-27.008824747426278,-49.27609293003657,-4.741556564815987
14701,29-08-2026,COM,19,-24.0,test,-27.24661154458582,-49.649143445913566,-4.844079643258073
14701,29-08-2026,DKBJ,20,-21.0,test,-26.377690978495746,-43.830181333369,-8.925200623622494
14701,29-08-2026,JP,21,-13.0,test,-16.417696159359767,-33.19985085804623,0.36445853932669436
14701,29-08-2026,JOB,22,-14.0,test,-21.8931413313017,-39.50396006970047,-4.282322592902926
14701,29-08-2026,FL,23,-23.0,test,-25.73589797859876,-44.28727631277148,-7.1845196444260395
14701,29-08-2026,NRI,24,-24.0,test,-25.58873689230172,-43.68567263200511,-7.491801152598335
14701,29-08-2026,KSG,25,-24.0,test,-25.06563145850304,-42.965032353591226,-7.166230563414857
14701,29-08-2026,AII,26,-6.0,test,-11.3715023783916,-28.345131531473214,5.602126774690014
14701,29-08-2026,BER,27,-4.0,test,-11.447156619823435,-30.215374712294974,7.321061472648104
14701,29-08-2026,SOD,28,-6.0,test,-10.900125750144088,-28.514910573075635,6.714659072787459
14701,29-08-2026,MJ,29,-3.0,test,-5.625679672801346,-24.812968676414155,13.56160933081146
14701,29-08-2026,SOS,30,-3.0,test,-5.20445542710349,-24.872241175470283,14.463330321263303
14701,29-08-2026,JAL,31,-5.0,test,-7.1774312089861585,-26.94255643719694,12.587694019224626
14701,29-08-2026,RANI,32,-6.0,test,-8.246700185400108,-27.885480441523903,11.392080070723686
14701,29-08-2026,FA,33,-4.0,test,-6.738747074644391,-26.200296893569483,12.722802744280703
14701,29-08-2026,SJWB,34,-5.0,test,-8.225587537835402,-27.657143492853272,11.205968417182468
14701,29-08-2026,MOI,35,-5.0,test,-8.150017473774879,-27.613825813709262,11.313790866159506
14701,29-08-2026,NANA,36,-6.0,test,-9.024637890881744,-28.904464391806734,10.855188610043244
14701,29-08-2026,PDWA,37,-6.0,test,-10.055988474357303,-29.388925205314003,9.276948256599397
14701,29-08-2026,SRPJ,38,-6.0,test,-10.17100605895472,-29.912279315868673,9.570267197959232
14701,29-08-2026,ABR,39,-3.0,test,-4.826585128205096,-25.32762573167149,15.674455475261297
14701,29-08-2026,PNU,40,-3.0,test,-3.467441264402493,-22.40944970514083,15.474567176335846
14701,29-08-2026,CHP,41,-3.0,test,-3.6411048891185,-22.825222320951987,15.543012542714985
14701,29-08-2026,SID,42,-4.0,test,-4.196510697484426,-23.201483647781835,14.808462252812985
14701,29-08-2026,UJA,43,-3.0,test,-10.054689012553533,-18.303025518981755,-1.806352506125311
14701,29-08-2026,MSH,44,-4.0,test,-5.617340294060047,-25.271906700137365,14.037226112017272
14701,29-08-2026,KLL,45,-3.0,test,-4.723882551842305,-25.068538084288196,15.620772980603586
14701,29-08-2026,SBIB,46,-7.0,test,-12.91485036148643,-35.24075967509458,9.41105895212172
14701,29-08-2026,ADI,47,-11.0,test,-13.795804759933162,-30.405765834170094,2.8141563143037693
14701,29-08-2026,ND,48,-3.0,test,-5.9872976469256525,-19.865209800316848,7.890614506465543
14701,29-08-2026,ANND,49,-13.0,test,-11.512017749882578,-30.857964770572043,7.8339292708068875
14701,29-08-2026,BRC,50,-4.0,test,-9.316739715270067,-29.208848208764113,10.575368778223979
14701,29-08-2026,BH,51,-3.0,test,-10.104165479627518,-31.653694757502823,11.445363798247786
14701,29-08-2026,ST,52,-4.0,test,-6.434387239941958,-27.73221151653938,14.863437036655462
14701,29-08-2026,NVS,53,-12.0,test,-17.650633394241474,-39.67311333162998,4.371846543147033
14701,29-08-2026,VAPI,54,-19.0,test,-16.619974937213676,-38.82341421197296,5.583464337545607
14701,29-08-2026,DRD,55,-22.0,test,-23.462883205875126,-44.23899343745122,-2.686772974299032
14701,29-08-2026,BVI,56,-34.0,test,-29.445881106893207,-37.50150693380769,-21.390255279978724
14701,29-08-2026,ADH,57,-28.0,test,-24.281739387948175,-31.53023877820312,-17.03323999769323
14701,30-08-2026,SGNR,1,1.0,test,-2.540909087398427,-20.20881027964418,15.126992104847327
14701,30-08-2026,SDS,2,-3.0,test,-7.2737774011873295,-26.424130157479716,11.876575355105055
14701,30-08-2026,HMH,3,-16.0,test,-15.909412913721345,-42.106952158179496,10.288126330736803
14701,30-08-2026,HMO,4,-15.0,test,-15.814942878877561,-41.32442596627781,9.694540208522683
14701,30-08-2026,ENB,5,-9.0,test,-13.294877760991803,-37.2777688887997,10.68801336681609
14701,30-08-2026,NHR,6,-5.0,test,-10.548571804686222,-34.50647642487479,13.409332815502342
14701,30-08-2026,GAMI,7,-6.0,test,-16.002588967916,-26.210110937690402,-5.795066998141602
14701,30-08-2026,TSD,8,-10.0,test,-16.456720367977844,-40.66306750730203,7.749626771346339
14701,30-08-2026,SDLP,9,-14.0,test,-10.65918933282506,-30.55012125468135,9.23174258903123
14701,30-08-2026,CUR,10,-10.0,test,-11.421743338736501,-30.44942847386646,7.605941796393456
14701,30-08-2026,BUB,11,-13.0,test,-15.11972592806067,-34.27402831337113,4.034576457249788
14701,30-08-2026,RSWT,12,-12.0,test,-14.02699163317063,-33.59843668832897,5.5444534219877095
14701,30-08-2026,FPS,13,-20.0,test,-22.694747110733797,-41.637533053650486,-3.751961167817111
14701,30-08-2026,LNH,14,-21.0,test,-24.293103086392403,-43.036450574985615,-5.549755597799191
14701,30-08-2026,SIKR,15,-13.0,test,-19.632968959334136,-42.2246432007785,2.958705282110234
14701,30-08-2026,PLSN,16,-14.0,test,-20.784677061724278,-42.99200087449671,1.422646751048159
14701,30-08-2026,RGS,17,-15.0,test,-22.89139030017916,-45.29050887375737,-0.4922717266009542
14701,30-08-2026,GND,18,-19.0,test,-26.626288418134248,-48.893553256610524,-4.359023579657972
14701,30-08-2026,COM,19,-20.0,test,-27.229810124732698,-49.632338894623125,-4.82728135484227
14701,30-08-2026,DKBJ,20,-18.0,test,-26.77705373040405,-44.229539850208894,-9.324567610599203
14701,30-08-2026,JP,21,-11.0,test,-17.094826853345644,-33.87697725768842,-0.31267644900287195
14701,30-08-2026,JOB,22,-13.0,test,-23.049811300498977,-40.66062533354899,-5.438997267448961
14701,30-08-2026,FL,23,-15.0,test,-24.43465481494451,-42.98602921432385,-5.883280415565164
14701,30-08-2026,NRI,24,-15.0,test,-23.67404839858363,-41.77098044607582,-5.5771163510914405
14701,30-08-2026,AII,26,0.0,test,-10.505854473935788,-27.479779015077828,6.468070067206252
14701,30-08-2026,BER,27,-3.0,test,-12.606891560215699,-31.375125814178134,6.161342693746738
14701,30-08-2026,SOD,28,1.0,test,-9.815451409363629,-27.4302315825305,7.799328763803242
14701,30-08-2026,MJ,29,1.0,test,-5.557010471368795,-24.744296122906906,13.630275180169317
14701,30-08-2026,SOS,30,0.0,test,-5.597182182374213,-25.264964960139636,14.070600595391213
14701,30-08-2026,JAL,31,-18.0,test,-12.562152114343126,-32.327274625359586,7.202970396673331
14701,30-08-2026,RANI,32,-19.0,test,-14.85670034500854,-34.4954780873411,4.78207739732402
14701,30-08-2026,FA,33,-19.0,test,-14.069311232546408,-33.53085862964382,5.392236164550997
14701,30-08-2026,MOI,35,-20.0,test,-15.483118021069687,-34.94695160598542,3.980715563846042
14701,30-08-2026,NANA,36,-21.0,test,-16.257273812763355,-36.137115726021335,3.6225681004946253
14701,30-08-2026,PDWA,37,-21.0,test,-17.222595248159646,-36.55553669508183,2.110346198762535
14701,30-08-2026,SRPJ,38,-21.0,test,-17.301024733478435,-37.042298293541876,2.4402488265850053
14701,30-08-2026,ABR,39,-10.0,test,-9.0760199147823,-29.577059054407485,11.425019224842885
14701,30-08-2026,PNU,40,1.0,test,-3.4509487021123055,-22.3929547142961,15.491057310071486
14701,30-08-2026,CHP,41,1.0,test,-3.4937158244661326,-22.677831307222288,15.690399658290023
14701,30-08-2026,SID,42,0.0,test,-4.086708853087613,-23.091680110307315,14.918262404132092
14701,30-08-2026,UJA,43,1.0,test,-9.982615067177564,-18.23094798084496,-1.7342821535101702
14701,30-08-2026,MSH,44,1.0,test,-5.227573301021206,-24.882138203013145,14.426991600970734
14701,30-08-2026,KLL,45,1.0,test,-4.691564417263265,-25.036218226047303,15.653089391520773
14701,30-08-2026,SBIB,46,-6.0,test,-13.965104146966238,-36.29101215722783,8.360803863295358
14701,30-08-2026,ADI,47,-18.0,test,-17.24392666309815,-33.85388613612134,-0.6339671900749622
14701,30-08-2026,ND,48,-10.0,test,-10.20300820734344,-24.080918109573282,3.674901694886403
14701,30-08-2026,BRC,50,1.0,test,-8.85736470768645,-28.749492874717035,11.034763459344134
14701,30-08-2026,BH,51,0.0,test,-10.451664613213278,-32.00119314161314,11.097863915186586
14701,30-08-2026,NVS,53,-14.0,test,-19.775049583537395,-41.797546440254095,2.2474472731793007
14701,30-08-2026,VAPI,54,-34.0,test,-23.728042239710966,-45.93148188393394,-1.5246025954879912
14701,30-08-2026,DRD,55,-36.0,test,-30.246427278661866,-51.02253751848917,-9.470317038834555
14701,30-08-2026,BVI,56,-18.0,test,-25.05739482307741,-33.11302065003347,-17.00176899612135
14701,30-08-2026,ADH,57,-20.0,test,-22.32680582127974,-29.57530521153469,-15.078306431024794
14701,31-08-2026,SGNR,1,-15.0,test,-2.9136363671470273,-20.581544035163883,14.754271300869828
14701,31-08-2026,SDS,2,-19.0,test,-7.64645344395579,-26.79681235508678,11.503905467175201
14701,31-08-2026,HMH,3,-20.0,test,-11.816932101019185,-38.01447591161922,14.38061170958085
14701,31-08-2026,HMO,4,-20.0,test,-11.80091895763128,-37.310406444682485,13.708568529419926
14701,31-08-2026,ENB,5,-17.0,test,-10.554113363196443,-34.53700931077089,13.428782584378006
14701,31-08-2026,NHR,6,-30.0,test,-14.218677304135245,-38.176586514454044,9.739231906183555
14701,31-08-2026,GAMI,7,-40.0,test,-23.300549210320135,-33.50808123809482,-13.093017182545452
14701,31-08-2026,TSD,8,-40.0,test,-22.542385618662486,-46.748736622449684,1.6639653851247083
14701,31-08-2026,SDLP,9,-24.0,test,-8.851191239510396,-28.742130019778823,11.039747540758032
14701,31-08-2026,CUR,10,-23.0,test,-10.5937810360764,-29.621473177810948,8.433911105658147
14701,31-08-2026,BUB,11,-25.0,test,-14.014518989340747,-33.16882698885654,5.139789010175043
14701,31-08-2026,RSWT,12,-24.0,test,-12.877606544043935,-32.44905618501225,6.693843096924386
14701,31-08-2026,FPS,13,-32.0,test,-21.550441397973746,-40.4932316816819,-2.607651114265593
14701,31-08-2026,LNH,14,-34.0,test,-23.513940218895595,-42.25729199859468,-4.7705884391965085
14701,31-08-2026,SIKR,15,-26.0,test,-18.89693149721186,-41.488609474271826,3.694746479848103
14701,31-08-2026,PLSN,16,-25.0,test,-19.319482036916128,-41.52680964139401,2.887845567561758
14701,31-08-2026,RGS,17,-31.0,test,-23.16378569730918,-45.562907822363655,-0.7646635722547082
14701,31-08-2026,GND,18,-33.0,test,-26.371703264228948,-48.638971446839236,-4.104435081618657
14701,31-08-2026,COM,19,-35.0,test,-27.215256861450158,-49.617788762777906,-4.812724960122409
14701,31-08-2026,DKBJ,20,-33.0,test,-26.80131084260069,-44.25380119747394,-9.348820487727437
14701,31-08-2026,JP,21,-20.0,test,-15.549505433485894,-32.33166013217236,1.2326492652005676
14701,31-08-2026,JOB,22,-18.0,test,-19.282875582687403,-36.89369432108617,-1.6720568442886297
14701,31-08-2026,FL,23,-26.0,test,-22.69603502597978,-41.2474133601525,-4.144656691807057
14701,31-08-2026,NRI,24,-25.0,test,-21.87639342540812,-39.97332916511151,-3.7794576857047346
14701,31-08-2026,KSG,25,-23.0,test,-20.530865324311772,-38.430266219399954,-2.6314644292235876
14701,31-08-2026,AII,26,-19.0,test,-11.926358869389206,-28.899988022470822,5.0472702836924075
14701,31-08-2026,BER,27,-28.0,test,-16.408523241460614,-35.176741333932156,2.359694851010925
14701,31-08-2026,SOD,28,-23.0,test,-13.220869368712847,-30.835654191644394,4.3939154542187
14701,31-08-2026,MJ,29,-26.0,test,-10.007604763732733,-29.19489376734554,9.179684239880075
14701,31-08-2026,SOS,30,-26.0,test,-9.761414096533516,-29.42919984490031,9.906371651833277
14701,31-08-2026,JAL,31,-29.0,test,-12.03153378469769,-31.796659012908474,7.733591443513095
14701,31-08-2026,RANI,32,-30.0,test,-13.15556575227341,-32.794346008397206,6.483214503850384
14701,31-08-2026,FA,33,-28.0,test,-11.633040981536114,-31.094590800461205,7.828508837388979
14701,31-08-2026,SJWB,34,-31.0,test,-13.783587882982113,-33.21514383799998,5.6479680720357575
14701,31-08-2026,MOI,35,-31.0,test,-13.787213736279357,-33.251022076213744,5.676594603655028
14701,31-08-2026,NANA,36,-32.0,test,-14.666751491461692,-34.54657799238668,5.213075009463296
14701,31-08-2026,PDWA,37,-33.0,test,-16.024644354579735,-35.35758108553644,3.308292376376965
14701,31-08-2026,SRPJ,38,-34.0,test,-16.512816904545033,-36.25409016145899,3.2284563523689194
14701,31-08-2026,ABR,39,-25.0,test,-9.057125721355561,-29.558166324821954,11.443914882110832
14701,31-08-2026,PNU,40,-14.0,test,-3.475622209255346,-22.417630649993683,15.466386231482993
14701,31-08-2026,CHP,41,-16.0,test,-4.197241264423272,-23.381358696256758,14.986876167410212
14701,31-08-2026,SID,42,-16.0,test,-4.539801753430967,-23.54477470372838,14.465171196866443
14701,31-08-2026,UJA,43,-15.0,test,-10.380208511313338,-18.62854501774156,-2.131872004885116
14701,31-08-2026,MSH,44,-15.0,test,-5.609082839334841,-25.26364924541216,14.045483566742478
14701,31-08-2026,KLL,45,-14.0,test,-4.70174877537453,-25.04640430782042,15.642906757071362
14701,31-08-2026,SBIB,46,-38.0,test,-19.927831357551636,-42.25374067115979,2.3980779560565146
14701,31-08-2026,ADI,47,-28.0,test,-17.429435634541015,-34.03939670877794,-0.8194745603040836
14701,31-08-2026,ND,48,-19.0,test,-7.92612605022077,-21.804038203611967,5.951786103170425
14701,31-08-2026,ANND,49,-25.0,test,-11.967662481090786,-31.31360950178025,7.378284539598679
14701,31-08-2026,BRC,50,-14.0,test,-8.901817961560074,-28.79392645505412,10.990290531933972
14701,31-08-2026,BH,51,-14.0,test,-10.072708373799742,-31.622237651675047,11.476820904075563
14701,31-08-2026,ST,52,-15.0,test,-6.4318413588760155,-27.729665635473438,14.865982917721405
14701,31-08-2026,NVS,53,-32.0,test,-20.899566488321316,-42.92204642570982,1.122913449067191
14701,31-08-2026,VAPI,54,-23.0,test,-14.134679935379515,-36.3381192101388,8.068759339379769
14701,31-08-2026,DRD,55,-26.0,test,-20.811287222856446,-41.58739745443254,-0.0351769912803519
14701,31-08-2026,BVI,56,-33.0,test,-24.976384185161745,-33.03201001207623,-16.920758358247262
14701,31-08-2026,ADH,57,-28.0,test,-20.11341760212947,-27.361916992384415,-12.864918211874523
14707,28-08-2026,HMH,0,-5.0,test,7.3731404840591726,-24.465459018283404,39.21173998640175
14707,28-08-2026,PGK,1,-8.0,test,1.3068374816745107,-31.44153448211465,34.055209445463674
14707,28-08-2026,SOG,2,-5.0,test,1.770013761781466,-31.06266639576266,34.60269391932559
14707,28-08-2026,LKS,3,-16.0,test,-12.996243271934151,-44.82168053200467,18.829193988136367
14707,28-08-2026,LGH,4,-14.0,test,-4.196061557954051,-36.07520509727332,27.68308198136522
14707,28-08-2026,BKN,5,-5.0,test,5.855071287924434,-25.28248464901848,36.99262722486735
14707,28-08-2026,DSO,6,0.0,test,9.460349591640997,-22.578220359980037,41.49891954326203
14707,28-08-2026,NOK,7,-11.0,test,-3.77797749574846,-36.83674499654789,29.280790005050974
14707,28-08-2026,NGO,8,-39.0,test,-27.412850887946085,-60.27730426311146,5.45160248721929
14707,28-08-2026,MDW,9,-39.0,test,-27.483876261221393,-59.63556888269221,4.667816360249422
14707,28-08-2026,MTD,10,-32.0,test,-23.522603917273145,-57.114102791364594,10.068894956818305
14707,28-08-2026,GOTN,11,-29.0,test,-20.158758717894504,-53.79779236370938,13.480274927920373
14707,28-08-2026,RKB,12,-38.0,test,-30.385121409365922,-66.18995045134066,5.419707632608819
14707,28-08-2026,JU,13,-34.0,test,-24.578169389364035,-60.06534574597942,10.90900696725135
14707,28-08-2026,LUNI,14,-22.0,test,-16.66575286728733,-55.28307388244149,21.95156814786683
14707,28-08-2026,PMY,15,-14.0,test,-11.827240246412575,-52.57269483494461,28.918214342119466
14707,28-08-2026,MJ,16,-5.0,test,-4.194997540928689,-45.557172677856364,37.167177595998986
14707,28-08-2026,SOS,17,-6.0,test,-5.632225738294268,-47.109956169626955,35.84550469303842
14707,28-08-2026,RANI,18,-9.0,test,-8.239263002379776,-51.311273176815604,34.83274717205606
14707,28-08-2026,FA,19,-7.0,test,-8.142908331272325,-50.39924858015068,34.113431917606036
14707,28-08-2026,SJWB,20,-7.0,test,-8.811788729288304,-51.51153474722065,33.887957288644046
14707,28-08-2026,PDWA,21,-12.0,test,-10.34523183736661,-53.341410681832194,32.65094700709897
14707,28-08-2026,ABR,22,0.0,test,1.4612215020825587,-41.97477729583849,44.89722030000361
14707,28-08-2026,PNU,23,1.0,test,7.460253844016771,-30.771069603266,45.69157729129954
14707,28-08-2026,MSH,25,1.0,test,8.998101109158085,-25.368441530194445,43.364643748510616
14707,28-08-2026,KLL,26,0.0,test,6.248614732398455,-31.766124266401615,44.26335373119852
14707,28-08-2026,SBIB,27,-8.0,test,-1.0139744441143161,-36.99797165876025,34.970022770531614
14707,28-08-2026,ADI,28,-11.0,test,2.1993146476863443,-30.218837535810408,34.617466831183094
14707,28-08-2026,ND,29,-13.0,test,-1.562743933672372,-35.32138543977088,32.195897572426134
14707,28-08-2026,ANND,30,-20.0,test,-9.084046429774547,-42.53603312780974,24.367940268260647
14707,28-08-2026,BRC,31,-11.0,test,-4.3266486201322465,-36.20020840148711,27.546911161222617
14707,28-08-2026,BH,32,1.0,test,-0.5432409237551097,-31.50747740338781,30.42099555587759
14707,28-08-2026,ST,33,1.0,test,7.011199812782927,-23.54870483160679,37.571104457172645
14707,28-08-2026,NVS,34,-10.0,test,-6.53954762077171,-28.987967271652717,15.908872030109297
14707,28-08-2026,BL,35,-11.0,test,-4.531798946243084,-26.110699192428285,17.04710129994212
14707,28-08-2026,VAPI,36,-3.0,test,0.9072056465562408,-17.663268155331515,19.477679448444
14707,28-08-2026,PLG,37,-9.0,test,-7.946562168521192,-25.680594904297735,9.78747056725535
14707,28-08-2026,BVI,38,-29.0,test,-22.18077537784855,-28.62589529330175,-15.735655462395354
14707,29-08-2026,HMH,0,-47.0,test,-2.690496069153033,-34.52909557149561,29.148103433189547
14707,29-08-2026,PGK,1,-51.0,test,-9.120396561608803,-41.86876852539797,23.627975402180358
14707,29-08-2026,SOG,2,-50.0,test,-9.410255538131935,-42.24293569567606,23.42242461941219
14707,29-08-2026,LKS,3,-52.0,test,-20.81955600035189,-52.64499326042241,11.005881259718628
14707,29-08-2026,LGH,4,-26.0,test,-2.942720392955723,-34.821863932274994,28.936423146363545
14707,29-08-2026,BKN,5,-17.0,test,7.261207120654672,-23.876348816288242,38.398763057597584
14707,29-08-2026,DSO,6,-14.0,test,10.04863372237681,-21.989936229244226,42.08720367399785
14707,29-08-2026,NOK,7,-21.0,test,-1.8847342819636204,-34.94350178276305,31.174033218835813
14707,29-08-2026,NGO,8,-37.0,test,-21.030764761834774,-53.89521813700015,11.833688613330601
14707,29-08-2026,MDW,9,-36.0,test,-20.620995261283213,-52.77268788275403,11.530697360187602
14707,29-08-2026,MTD,10,-45.0,test,-22.633326184868206,-56.22482505895965,10.958172689223243
14707,29-08-2026,GOTN,11,-41.0,test,-19.21701421588932,-52.8560478617042,14.422019429925555
14707,29-08-2026,RKB,12,-42.0,test,-26.31816144319155,-62.12299048516629,9.486667598783193
14707,29-08-2026,JU,13,-38.0,test,-20.459036851131312,-55.946213207746695,15.028139505484074
14707,29-08-2026,LUNI,14,-29.0,test,-13.649753266134004,-52.26707428128817,24.967567749020155
14707,29-08-2026,PMY,15,-21.0,test,-8.871264450751566,-49.61671903928361,31.874190137780474
14707,29-08-2026,MJ,16,-14.0,test,-1.954651088060233,-43.316826224987906,39.407524048867444
14707,29-08-2026,SOS,17,-16.0,test,-3.789060249151907,-45.2667906804846,37.68867018218078
14707,29-08-2026,RANI,18,-19.0,test,-6.407606331943338,-49.47961650637917,36.66440384249249
14707,29-08-2026,FA,19,-18.0,test,-6.639204501549996,-48.89554475042836,35.61713574732836
14707,29-08-2026,SJWB,20,-19.0,test,-7.691211824662123,-50.390957842594474,35.00853419327022
14707,29-08-2026,PDWA,21,-19.0,test,-7.430421669911524,-50.42660051437711,35.56575717455406
14707,29-08-2026,ABR,22,-14.0,test,1.890777607558527,-41.545221190362525,45.32677640547958
14707,29-08-2026,PNU,23,-14.0,test,7.426670569189319,-30.80465287809345,45.65799401647209
14707,29-08-2026,MSH,25,-15.0,test,8.612105568474526,-25.754437070878005,42.97864820782706
14707,29-08-2026,KLL,26,-16.0,test,5.867466096561875,-32.14727290223819,43.88220509536195
14707,29-08-2026,SBIB,27,-16.0,test,1.4272070857239831,-34.556790128921946,37.41120430036992
14707,29-08-2026,ADI,28,-19.0,test,4.895225521701285,-27.522926661795466,37.313377705198036
14707,29-08-2026,ND,29,-25.0,test,-0.33146046079325997,-34.090101966891766,33.42718104530525
14707,29-08-2026,ANND,30,-35.0,test,-8.99848065006216,-42.45046734809735,24.453506047973033
14707,29-08-2026,BRC,31,-32.0,test,-6.541696331877364,-38.415256113232225,25.3318634494775
14707,29-08-2026,BH,32,-35.0,test,-8.375162089048434,-39.33939856868113,22.589074390584265
14707,29-08-2026,ST,33,-20.0,test,4.6801293515363005,-25.879775292853417,35.24003399592602
14707,29-08-2026,NVS,34,-24.0,test,-6.177602300348091,-28.6260219512291,16.270817350532916
14707,29-08-2026,BL,35,-20.0,test,-2.2477446246403137,-23.82664487082552,19.331155621544887
14707,29-08-2026,VAPI,36,-14.0,test,2.52511896051847,-16.04535484136929,21.095592762406227
14707,29-08-2026,PLG,37,-19.0,test,-6.07511370193992,-23.80914643771646,11.658919033836622
14707,29-08-2026,BVI,38,-34.0,test,-18.473798034773164,-24.918917950226362,-12.028678119319967
14707,30-08-2026,HMH,0,-7.0,test,9.236776882802173,-22.60177489296477,41.07532865856911
14707,30-08-2026,PGK,1,-9.0,test,3.531048487522397,-29.217277098329717,36.27937407337451
14707,30-08-2026,SOG,2,-8.0,test,3.29297113219598,-29.539665344190134,36.125607608582094
14707,30-08-2026,LKS,3,-22.0,test,-12.643981315328379,-44.469330936127626,19.18136830547087
14707,30-08-2026,LGH,4,-20.0,test,-3.8286176785952364,-35.70769695448182,28.05046159729135
14707,30-08-2026,BKN,5,-16.0,test,4.887416600097319,-26.250077606830942,36.024910807025584
14707,30-08-2026,DSO,6,-25.0,test,2.7400614998454937,-29.29846683527922,34.77858983497021
14707,30-08-2026,NOK,7,-29.0,test,-8.233839284773738,-41.29256878715182,24.82489021760435
14707,30-08-2026,NGO,8,-46.0,test,-27.466261025282293,-60.33066992736913,5.398147876804543
14707,30-08-2026,MDW,9,-42.0,test,-25.95207621402867,-58.103732100683246,6.199579672625912
14707,30-08-2026,MTD,10,-42.0,test,-24.499113660331,-58.09057531169312,9.092347991031126
14707,30-08-2026,GOTN,11,-38.0,test,-20.945705907973696,-54.584707713840345,12.693295897892952
14707,30-08-2026,RKB,12,-38.0,test,-27.77381070422075,-63.57858986383184,8.030968455390337
14707,30-08-2026,JU,13,-31.0,test,-21.210404757587575,-56.69753220965796,14.276722694482807
14707,30-08-2026,LUNI,14,-22.0,test,-13.983700614274309,-52.60099359385097,24.633592365302352
14707,30-08-2026,PMY,15,-16.0,test,-9.956130893165483,-50.70155947687908,30.789297690548114
14707,30-08-2026,MJ,16,-17.0,test,-5.992955849407747,-47.35510862769429,35.36919692887879
14707,30-08-2026,SOS,17,-18.0,test,-7.637622878374625,-49.11533271240249,33.84008695565325
14707,30-08-2026,RANI,18,-20.0,test,-9.830445540776822,-52.90243731441356,33.24154623285992
14707,30-08-2026,FA,19,-20.0,test,-10.346004385855315,-52.602327503170116,31.910318731459483
14707,30-08-2026,SJWB,20,-22.0,test,-11.778262288439397,-54.47799230762723,30.921467730748436
14707,30-08-2026,PDWA,21,-21.0,test,-11.189619822820653,-54.18577974633042,31.806540100689112
14707,30-08-2026,ABR,22,-8.0,test,1.1091994462556602,-42.326780038019926,44.54517893053124
14707,30-08-2026,PNU,23,-6.0,test,7.476613981372333,-30.75468806113622,45.707916023880884
14707,30-08-2026,UJA,24,-6.0,test,0.8426550329944593,-37.717994651559174,39.40330471754809
14707,30-08-2026,MSH,25,-12.0,test,7.029761910620261,-27.336720235882474,41.39624405712299
14707,30-08-2026,KLL,26,-11.0,test,4.644492501581901,-33.370226608003186,42.65921161116699
14707,30-08-2026,SBIB,27,-24.0,test,-4.301207297159195,-40.2851899626015,31.68277536828311
14707,30-08-2026,ADI,28,-12.0,test,3.0794808211852165,-29.338656792033344,35.497618434403776
14707,30-08-2026,ND,29,-19.0,test,-1.0648973403963975,-34.82352329928661,32.693728618493815
14707,30-08-2026,ANND,30,-26.0,test,-8.659866225924675,-42.111840431684264,24.792107979834917
14707,30-08-2026,BRC,31,-33.0,test,-9.736279637938061,-41.60982673711257,22.13726746123645
14707,30-08-2026,BH,32,-21.0,test,-6.2197559779472815,-37.183977160078264,24.744465204183705
14707,30-08-2026,ST,33,-7.0,test,6.580342978740429,-23.97955088389169,37.14023684137255
14707,30-08-2026,NVS,34,-6.0,test,-2.5108307870004616,-24.959240981836764,19.93757940783584
14707,30-08-2026,BL,35,-14.0,test,-2.8226321983134754,-24.401524682061705,18.756260285434756
14707,30-08-2026,VAPI,36,-10.0,test,0.9952478261130411,-17.575219481807817,19.565715134033898
14707,30-08-2026,PLG,37,-23.0,test,-10.555696715924126,-28.289726487516944,7.1783330556686895
14707,31-08-2026,HMH,0,4.0,test,7.745867763807773,-24.092731895558995,39.584467423174544
14707,31-08-2026,PGK,1,-1.0,test,0.9523745054319532,-31.79599761100203,33.70074662186594
14707,31-08-2026,SOG,2,1.0,test,1.0002802709387555,-31.832400030427767,33.832960572305275
14707,31-08-2026,LKS,3,-17.0,test,-16.38518161870981,-48.21061916779115,15.440255930371524
14707,31-08-2026,LGH,4,-13.0,test,-6.814366055123752,-38.69350980663134,25.06477769638384
14707,31-08-2026,BKN,5,-1.0,test,4.0608820902572145,-27.076674050522726,35.19843823103715
14707,31-08-2026,DSO,6,5.0,test,8.396599187268562,-23.64197090184434,40.435169276381465
14707,31-08-2026,NOK,7,-8.0,test,-5.566170381904806,-38.62493800832325,27.49259724451364
14707,31-08-2026,NGO,8,-30.0,test,-27.04518136986634,-59.90963489221588,5.819272152483194
14707,31-08-2026,MDW,9,-31.0,test,-27.396954071566313,-59.54864681466505,4.754738671532422
14707,31-08-2026,MTD,10,-38.0,test,-28.679004905142683,-62.27050390260297,4.912494092317601
14707,31-08-2026,GOTN,11,-35.0,test,-25.55100192669596,-59.190035678097686,8.088031824705766
14707,31-08-2026,RKB,12,-38.0,test,-33.4116633933661,-69.21649260117205,2.393165814439854
14707,31-08-2026,JU,13,-36.0,test,-28.034184766726497,-63.52136128593283,7.452991752479832
14707,31-08-2026,LUNI,14,-26.0,test,-21.137159637392923,-59.75448074585924,17.48016147107339
14707,31-08-2026,PMY,15,-17.0,test,-15.964981350014007,-56.71043602523219,24.780473325204177
14707,31-08-2026,MJ,16,-1.0,test,-5.750052877623237,-47.11222808917398,35.6121223339275
14707,31-08-2026,SOS,17,-6.0,test,-8.477995314715434,-49.95572581487738,32.99973518544651
14707,31-08-2026,RANI,18,-8.0,test,-10.863666190971157,-53.93567642696663,32.20834404502431
14707,31-08-2026,FA,19,-7.0,test,-11.084789101909411,-53.34112940814373,31.171551204324903
14707,31-08-2026,SJWB,20,-7.0,test,-11.803225341096898,-54.502971412638125,30.89652073044433
14707,31-08-2026,PDWA,21,-6.0,test,-11.144448756929037,-54.14062766493413,31.851730151076055
14707,31-08-2026,ABR,22,7.0,test,1.1268408599764177,-42.309158002987196,44.56283972294003
14707,31-08-2026,PNU,23,8.0,test,7.1083985631394935,-31.122924956489996,45.339722082768986
14707,31-08-2026,UJA,24,7.0,test,0.09662442614558753,-38.464043836794374,38.65729268908555
14707,31-08-2026,MSH,25,9.0,test,9.098210823033822,-25.268288000249463,43.46470964631711
14707,31-08-2026,KLL,26,8.0,test,6.232230929422389,-31.782504049264997,44.24696590810977
14707,31-08-2026,SBIB,27,8.0,test,1.7851233259920973,-34.19887305760249,37.76911970958668
14707,31-08-2026,ADI,28,-3.0,test,2.963426191194558,-29.45472546153652,35.38157784392563
14707,31-08-2026,ND,29,-5.0,test,-1.560991653386199,-35.31963312112803,32.197649814355636
14707,31-08-2026,ANND,30,-14.0,test,-9.803410282455676,-43.25539697485351,23.648576409942162
14707,31-08-2026,BRC,31,-5.0,test,-5.108234071172745,-36.9817938542956,26.765325711950112
14707,31-08-2026,BH,32,8.0,test,-0.9286729088968846,-31.892909393217533,30.03556357542376
14707,31-08-2026,ST,33,7.0,test,6.269698308592387,-24.29020633592461,36.82960295310939
14707,31-08-2026,NVS,34,4.0,test,-4.403529757225168,-26.85194940894742,18.044889894497082
14707,31-08-2026,BL,35,-3.0,test,-4.39953625746194,-25.978436505248265,17.179363990324386
14707,31-08-2026,VAPI,36,-4.0,test,-2.296670335074329,-20.867144138482292,16.273803468333636
14707,31-08-2026,PLG,37,-13.0,test,-12.467706170724291,-30.20173890762252,5.266326566173937
14707,31-08-2026,BVI,38,-29.0,test,-25.20328306587229,-31.64840298132549,-18.758163150419094
14709,28-08-2026,HMH,1,1.0,test,-10.975889318599712,-27.559871167321262,5.608092530121837
14709,28-08-2026,HMO,2,0.0,test,-12.226956045673607,-28.660714871079033,4.20680277973182
14709,28-08-2026,ENB,4,-6.0,test,-16.875361453287926,-31.002697644602208,-2.7480252619736447
14709,28-08-2026,NHR,5,-8.0,test,-20.18525986989128,-40.70406811259793,0.33354837281537186
14709,28-08-2026,DPLN,6,-5.0,test,-20.70554802812672,-40.33316434868623,-1.0779317075672097
14709,28-08-2026,GAMI,7,-5.0,test,-19.65527688459899,-39.625847600055735,0.3152938308577582
14709,28-08-2026,TSD,8,-3.0,test,-18.060708000356836,-38.69434257371988,2.5729265730062068
14709,28-08-2026,AUS,9,-3.0,test,-18.37253011447702,-38.95811761930493,2.2130573903508903
14709,28-08-2026,SDMK,10,-3.0,test,-18.145460345428074,-39.16391156756656,2.872990876710414
14709,28-08-2026,SDLP,11,2.0,test,-9.671510183306703,-23.88862086035642,4.545600493743013
14709,28-08-2026,RMB,12,-2.0,test,-14.86949196746779,-29.639801018173735,-0.09918291676184232
14709,28-08-2026,LHU,13,1.0,test,-9.866124020034283,-23.951319798139345,4.219071758070781
14709,28-08-2026,SRGH,14,2.0,test,-9.988369494032991,-23.631755708948027,3.6550167208820437
14709,28-08-2026,CRWA,15,2.0,test,-10.214283422695175,-24.253301296643023,3.8247344512526738
14709,28-08-2026,RSH,16,2.0,test,-12.500250581295115,-25.834656578989822,0.834155416399593
14709,28-08-2026,JJN,17,-16.0,test,-22.4195774006061,-35.849291449028065,-8.98986335218414
14709,28-08-2026,NUA,18,-14.0,test,-24.018747635430532,-37.55942702589747,-10.478068244963595
14709,28-08-2026,DOB,19,-14.0,test,-23.130148379486126,-36.98945025738318,-9.270846501589073
14709,28-08-2026,NWH,20,-11.0,test,-21.87828954405204,-35.34995293558418,-8.406626152519907
14709,28-08-2026,SIKR,21,-8.0,test,-20.449226686441254,-34.36374366876777,-6.534709704114743
14709,28-08-2026,PLSN,22,-2.0,test,-14.059263424065943,-28.304504841900773,0.18597799376888524
14709,28-08-2026,RGS,23,0.0,test,-15.562439918684285,-30.146690785659693,-0.9781890517088794
14709,28-08-2026,GND,24,-17.0,test,-21.58365352587309,-34.698538134552905,-8.468768917193271
14709,28-08-2026,COM,25,-16.0,test,-23.626756507881584,-31.990655539578764,-15.262857476184404
14709,28-08-2026,DKBJ,26,-19.0,test,-29.35827735025876,-35.55731493354224,-23.159239766975283
14709,29-08-2026,HMH,1,-20.0,test,-10.603162038851112,-27.18714388757266,5.980819809870438
14709,29-08-2026,HMO,2,-22.0,test,-12.132411925587558,-28.566170750992985,4.301346899817869
14709,29-08-2026,ENB,4,-20.0,test,-13.984164252081689,-28.11150044339597,0.14317193923259275
14709,29-08-2026,NHR,5,-20.0,test,-16.41683662269407,-36.93564486540072,4.101971620012581
14709,29-08-2026,DPLN,6,-20.0,test,-17.76172765905827,-37.38934397961778,1.8658886615012413
14709,29-08-2026,GAMI,7,-20.0,test,-17.014136869387855,-36.9847075848446,2.9564338460688937
14709,29-08-2026,TSD,8,-21.0,test,-16.450166658795006,-37.08380123215805,4.183467914568038
14709,29-08-2026,AUS,9,-21.0,test,-16.92530846403697,-37.51089596886488,3.6602790407909396
14709,29-08-2026,SDMK,10,-20.0,test,-16.381165931112164,-37.39961715325065,4.637285291026323
14709,29-08-2026,SDLP,11,-21.0,test,-9.965938843141785,-24.183049520191503,4.2511718339079305
14709,29-08-2026,RMB,12,-28.0,test,-16.367226988546573,-31.13753603925252,-1.596917937840626
14709,29-08-2026,LHU,13,-22.0,test,-10.396637388181121,-24.481833166286187,3.6885583899239425
14709,29-08-2026,SRGH,14,-23.0,test,-11.049983295084008,-24.693369509999044,2.5934029198310267
14709,29-08-2026,CRWA,15,-24.0,test,-11.668417850140484,-25.707435724088334,2.3706000238073646
14709,29-08-2026,RSH,16,-34.0,test,-17.314018120778613,-30.648424118473322,-3.979612123083905
14709,29-08-2026,JJN,17,-36.0,test,-22.489543709134583,-35.919257757556544,-9.059829660712621
14709,29-08-2026,NUA,18,-34.0,test,-23.295747883595922,-36.836427274062856,-9.755068493128984
14709,29-08-2026,DOB,19,-35.0,test,-22.60215967512237,-36.46146155301942,-8.742857797225316
14709,29-08-2026,NWH,20,-35.0,test,-22.39837206186975,-35.87003545340188,-8.926708670337616
14709,29-08-2026,SIKR,21,-32.0,test,-21.184508305992214,-35.09902528831873,-7.269991323665703
14709,29-08-2026,PLSN,22,-25.0,test,-14.458624051709053,-28.70386546954388,-0.2133826338742253
14709,29-08-2026,RGS,23,-25.0,test,-16.62412715667314,-31.208378023648546,-2.039876289697734
14709,29-08-2026,GND,24,-27.0,test,-17.669263272738775,-30.78414788141859,-4.554378664058957
14709,29-08-2026,COM,25,-27.0,test,-19.364069947193208,-27.727968978890388,-11.000170915496028
14709,29-08-2026,DKBJ,26,-31.0,test,-25.45647629196489,-31.655513875248367,-19.257438708681413
14709,30-08-2026,HMH,1,-5.0,test,-10.975889318599712,-27.559871167321262,5.608092530121837
14709,30-08-2026,HMO,2,-6.0,test,-12.226956045673607,-28.660714871079033,4.20680277973182
14709,30-08-2026,ENB,4,-4.0,test,-13.976531233989311,-28.10386742530359,0.15080495732497035
14709,30-08-2026,NHR,5,-23.0,test,-23.24715542317193,-43.76596366587858,-2.7283471804652777
14709,30-08-2026,DPLN,6,-19.0,test,-23.869277254224027,-43.49689357478354,-4.241660933664516
14709,30-08-2026,GAMI,7,-19.0,test,-22.796388870165778,-42.76695958562253,-2.8258181547090295
14709,30-08-2026,TSD,8,-19.0,test,-21.806692344502164,-42.44032691786521,-1.1730577711391206
14709,30-08-2026,AUS,9,-19.0,test,-22.185947046642944,-42.77153455147085,-1.6003595418150347
14709,30-08-2026,SDMK,10,-19.0,test,-21.941481120235142,-42.959932342373634,-0.9230298980966545
14709,30-08-2026,SDLP,11,-5.0,test,-10.221741007057032,-24.438851684106748,3.9953696699926837
14709,30-08-2026,RMB,12,-12.0,test,-16.24286208476054,-31.013171135466486,-1.4725530340545916
14709,30-08-2026,LHU,13,-5.0,test,-9.960758614123703,-24.045954392228765,4.12443716398136
14709,30-08-2026,SRGH,14,-5.0,test,-10.274306508256752,-23.917692723171786,3.369079706658283
14709,30-08-2026,CRWA,15,-8.0,test,-11.504252755605357,-25.543270629553206,2.5347651183424915
14709,30-08-2026,RSH,16,-12.0,test,-15.312454673354795,-28.646860671049502,-1.9780486756600872
14709,30-08-2026,JJN,17,-6.0,test,-17.553670945302734,-30.983384993724698,-4.123956896880772
14709,30-08-2026,NUA,18,-6.0,test,-18.57030474764293,-32.11098413810987,-5.029625357175991
14709,30-08-2026,DOB,19,-8.0,test,-18.286387821648674,-32.14568969954573,-4.427085943751621
14709,30-08-2026,NWH,20,-8.0,test,-18.20287087147032,-31.674534263002457,-4.7312074799381865
14709,30-08-2026,SIKR,21,-5.0,test,-17.04336285499122,-30.95787983731773,-3.1288458726647086
14709,30-08-2026,PLSN,22,-22.0,test,-18.80645464779032,-33.05169606562515,-4.561213229955493
14709,30-08-2026,RGS,23,-25.0,test,-22.731441365015222,-37.315692231990624,-8.147190498039816
14709,30-08-2026,GND,24,-24.0,test,-22.84256492459383,-35.957449533273646,-9.727680315914013
14709,30-08-2026,COM,25,-27.0,test,-25.2914590931589,-33.65535812485608,-16.92756006146172
14709,30-08-2026,DKBJ,26,-31.0,test,-31.50626586423462,-37.7053034475181,-25.307228280951144
14709,31-08-2026,HMH,1,-13.0,test,-13.212252997091314,-29.79622136174121,3.371715367558581
14709,31-08-2026,HMO,2,-16.0,test,-15.019303542157374,-31.45304882104234,1.4144417367275928
14709,31-08-2026,ENB,4,-28.0,test,-22.04403010837,-36.171350760517406,-7.916709456222593
14709,31-08-2026,NHR,5,-33.0,test,-26.551852042920274,-47.07065072494365,-6.033053360896897
14709,31-08-2026,DPLN,6,-33.0,test,-27.97919661804125,-47.60680368255622,-8.351589553526278
14709,31-08-2026,GAMI,7,-30.0,test,-26.17259774770636,-46.14316046284503,-6.202035032567686
14709,31-08-2026,TSD,8,-30.0,test,-25.112205844837543,-45.74583336198616,-4.4785783276889255
14709,31-08-2026,AUS,9,-30.0,test,-25.49857390800682,-46.08415481495507,-4.912993001058567
14709,31-08-2026,SDMK,10,-30.0,test,-25.26689676557014,-46.28534193988424,-4.2484515912560425
14709,31-08-2026,SDLP,11,-7.0,test,-10.351957575602562,-24.569058807839262,3.865143656634137
14709,31-08-2026,RMB,12,-12.0,test,-15.445593007669661,-30.215893856309307,-0.6752921590300129
14709,31-08-2026,LHU,13,-11.0,test,-11.198442404755037,-25.283630812863294,2.8867460033532204
14709,31-08-2026,SRGH,14,-12.0,test,-12.11640869737192,-25.75978823961448,1.5269708448706378
14709,31-08-2026,CRWA,15,-16.0,test,-13.735498564075309,-27.774510604285872,0.3035134761352527
14709,31-08-2026,RSH,16,-19.0,test,-17.274678735153245,-30.609079159736012,-3.940278310570477
14709,31-08-2026,JJN,17,-26.0,test,-23.740295356163916,-37.17000436033924,-10.310586351988592
14709,31-08-2026,NUA,18,-28.0,test,-26.046038953214847,-39.586713796896625,-12.505364109533067
14709,31-08-2026,DOB,19,-28.0,test,-25.312264977519497,-39.171562825406276,-11.45296712963272
14709,31-08-2026,NWH,20,-29.0,test,-25.40101169269065,-38.872671354034985,-11.929352031346314
14709,31-08-2026,SIKR,21,-32.0,test,-26.322212077483233,-40.236725869858596,-12.407698285107871
14709,31-08-2026,PLSN,22,-26.0,test,-20.105676107240022,-34.350915261013554,-5.8604369534664915
14709,31-08-2026,RGS,23,-27.0,test,-22.62176987627963,-37.20601936438632,-8.037520388172934
14709,31-08-2026,GND,24,-26.0,test,-22.670723100849013,-35.785606865590324,-9.555839336107704
14709,31-08-2026,COM,25,-25.0,test,-23.905900325098187,-32.26979868725991,-15.542001962936471
14715,28-08-2026,HSR,0,-8.0,test,-12.35810280221033,-25.196731944923307,0.4805263405026441
14715,28-08-2026,STD,1,-9.0,test,-14.936833772320284,-29.8124982679469,-0.061169276693666674
14715,28-08-2026,HNS,2,-11.0,test,-17.867083899662816,-33.481166882098705,-2.253000917226931
14715,28-08-2026,JKZ,4,-13.0,test,-19.34085331859077,-33.90712946219976,-4.774577174981783
14715,28-08-2026,BWK,5,-14.0,test,-21.916305169781722,-34.39562321611838,-9.436987123445064
14715,28-08-2026,BNW,6,-8.0,test,-17.551895941122662,-30.454793400038554,-4.648998482206769
14715,28-08-2026,MHU,7,-9.0,test,-19.78187016057217,-35.28544625712239,-4.278294064021953
14715,28-08-2026,CKD,8,-9.0,test,-19.77731423302458,-36.22007485984362,-3.3345536062055423
14715,28-08-2026,JRL,9,-9.0,test,-19.654859646856618,-36.304809071046144,-3.0049102226670925
14715,28-08-2026,SDRA,10,-8.0,test,-18.969558529748063,-35.830450465554236,-2.1086665939418907
14715,28-08-2026,KSI,11,-8.0,test,-18.311305384592927,-35.66960659777156,-0.953004171414289
14715,28-08-2026,JTS,13,-5.0,test,-15.677988251782764,-31.837172727188626,0.48119622362309755
14715,28-08-2026,KGBS,14,-5.0,test,-15.84382369913903,-31.77634043889803,0.08869304061996885
14715,28-08-2026,RE,15,-6.0,test,-16.88740492935087,-29.531315683168636,-4.243494175533103
14715,28-08-2026,BWL,16,-47.0,test,-44.34225529195777,-60.23058753876973,-28.453923045145807
14715,28-08-2026,AIA,18,-49.0,test,-51.810257103525075,-66.10225582937179,-37.51825837767836
14715,28-08-2026,HSI,20,-60.0,test,-58.52903130573655,-71.77818780175221,-45.279874809720894
14715,28-08-2026,KRH,21,-45.0,test,-42.147981264648976,-55.31159952514649,-28.984363004151465
14715,28-08-2026,PSL,23,-49.0,test,-46.07815645459907,-59.33930770271587,-32.817005206482264
14715,28-08-2026,AWR,24,-53.0,test,-50.78200422862642,-64.33753626938459,-37.226472187868254
14715,28-08-2026,MWW,25,-53.0,test,-51.32476537103453,-65.19723124285558,-37.45229949921348
14715,28-08-2026,MKH,26,-52.0,test,-49.88538871925372,-63.90287180297336,-35.86790563553408
14715,28-08-2026,DGW,27,-59.0,test,-54.218223341931356,-68.92217735184035,-39.514269332022366
14715,28-08-2026,RHG,28,-77.0,test,-61.841984871758946,-79.49016238356955,-44.19380735994834
14715,28-08-2026,BU,30,-78.0,test,-71.09722567348625,-91.00736411203042,-51.18708723494208
14715,28-08-2026,BKI,32,-76.0,test,-72.93124972452392,-92.70363546758915,-53.158863981458694
14715,28-08-2026,ARNA,33,-75.0,test,-77.1277486125509,-90.32164799849528,-63.93384922660652
14715,28-08-2026,DO,35,-81.0,test,-81.32984016856986,-89.79329457800738,-72.86638575913234
14715,28-08-2026,BAI,37,-70.0,test,-71.17814414934409,-76.60471469645702,-65.75157360223116
14715,28-08-2026,KWP,38,-67.0,test,-67.4467490599396,-72.95976422400702,-61.93373389587219
14715,28-08-2026,GTJT,39,-45.0,test,-44.51229012920169,-50.653535608182516,-38.37104465022086
14715,28-08-2026,GADJ,40,-35.0,test,-35.63227416618203,-41.162575431003305,-30.101972901360753
14715,29-08-2026,HSR,0,-47.0,test,-65.28537652651156,-78.12400458193169,-52.446748471091425
14715,29-08-2026,STD,1,-49.0,test,-68.17902442341385,-83.05468802656091,-53.30336082026679
14715,29-08-2026,HNS,2,-51.0,test,-71.17585301780724,-86.789935247765,-55.56177078784948
14715,29-08-2026,JKZ,4,-51.0,test,-72.04539672646348,-86.61167212660231,-57.479121326324645
14715,29-08-2026,BWK,5,-52.0,test,-74.47281918226979,-86.95213641660806,-61.99350194793153
14715,29-08-2026,BNW,6,-59.0,test,-74.50686350685285,-87.409760196119,-61.6039668175867
14715,29-08-2026,MHU,7,-62.0,test,-77.95291561586879,-93.45649110650223,-62.44934012523535
14715,29-08-2026,CKD,8,-64.0,test,-78.75559300525507,-95.19835309300322,-62.31283291750691
14715,29-08-2026,JRL,9,-64.0,test,-78.71176967118788,-95.3617185913075,-62.061820751068275
14715,29-08-2026,SDRA,10,-63.0,test,-77.99570291902725,-94.85659438342952,-61.13481145462498
14715,29-08-2026,KSI,11,-63.0,test,-77.31054716103556,-94.66884793817383,-59.95224638389728
14715,29-08-2026,JTS,13,-63.0,test,-75.5925626674634,-91.75174669704364,-59.43337863788315
14715,29-08-2026,KGBS,14,-63.0,test,-75.92860602612423,-91.8611223343271,-59.99608971792135
14715,29-08-2026,RE,15,-79.0,test,-81.40019534921896,-94.04410558302477,-68.75628511541315
14715,29-08-2026,BWL,16,-79.0,test,-96.54858396309436,-112.4369158085935,-80.66025211759522
14715,29-08-2026,AIA,18,-81.0,test,-102.04883834014865,-116.34083664491638,-87.75684003538092
14715,29-08-2026,HSI,20,-83.0,test,-105.6408650378785,-118.89002110957985,-92.39170896617715
14715,29-08-2026,KRH,21,-64.0,test,-87.61157051367935,-100.77518837294741,-74.4479526544113
14715,29-08-2026,PSL,23,-67.0,test,-90.83225023437605,-104.09340111017778,-77.57109935857432
14715,29-08-2026,AWR,24,-70.0,test,-95.23221626939556,-108.7877479748948,-81.67668456389633
14715,29-08-2026,MWW,25,-71.0,test,-96.09731290004437,-109.96977846939937,-82.22484733068937
14715,29-08-2026,MKH,26,-69.0,test,-94.47303425018015,-108.4905170604119,-80.4555514399484
14715,29-08-2026,DGW,27,-69.0,test,-96.62490784005678,-111.32886161239642,-81.92095406771713
14715,29-08-2026,RHG,28,-70.0,test,-99.08592038295902,-116.73409771072532,-81.43774305519271
14715,29-08-2026,BU,30,-69.0,test,-106.0805304056365,-125.99066869692844,-86.17039211434455
14715,29-08-2026,BKI,32,-66.0,test,-107.23121646423746,-127.0036020762535,-87.45883085222142
14715,29-08-2026,ARNA,33,-79.0,test,-115.34755844152329,-128.54145764799802,-102.15365923504856
14715,29-08-2026,BAI,37,-69.0,test,-109.10213028584495,-114.52870109345594,-103.67555947823396
14715,29-08-2026,KWP,38,-64.0,test,-104.7620751435336,-110.27509029184706,-99.24905999522012
14715,29-08-2026,GADJ,40,-15.0,test,-67.45401749745972,-72.98431876228099,-61.92371623263844
14715,30-08-2026,HSR,0,1.0,test,-13.103557361707532,-25.942186498431195,-0.26492822498386914
14715,30-08-2026,STD,1,-3.0,test,-16.626959255066694,-31.502623745776738,-1.7512947643566488
14715,30-08-2026,HNS,2,-4.0,test,-19.430434713130825,-35.044517691420985,-3.8163517348406657
14715,30-08-2026,JKZ,4,-3.0,test,-19.95304254824221,-34.519318687754804,-5.38676640872961
14715,30-08-2026,BWK,5,-15.0,test,-25.727395504005724,-38.20671354586802,-13.248077462143426
14715,30-08-2026,BNW,6,-9.0,test,-22.10785146846125,-35.010748923135395,-9.204954013787106
14715,30-08-2026,MHU,7,-11.0,test,-24.71002977392347,-40.21360586713384,-9.206453680713098
14715,30-08-2026,CKD,8,-10.0,test,-24.403614923274098,-40.846375547121276,-7.96085429942692
14715,30-08-2026,JRL,9,-12.0,test,-24.85525138489665,-41.505200806306775,-8.20530196348653
14715,30-08-2026,SDRA,10,-11.0,test,-24.24176418445864,-41.10265611766524,-7.380872251252036
14715,30-08-2026,KSI,11,-9.0,test,-23.029288939023555,-40.38759014979742,-5.670987728249692
14715,30-08-2026,JTS,13,-13.0,test,-22.39060931106727,-38.54979378401397,-6.231424838120567
14715,30-08-2026,RE,15,-15.0,test,-24.325543564920412,-36.969456393689974,-11.68163073615085
14715,30-08-2026,BWL,16,-48.0,test,-49.261815553562705,-65.15014865260738,-33.373482454518026
14715,30-08-2026,AIA,18,-48.0,test,-55.65502362492836,-69.94702278032561,-41.36302446953111
14715,30-08-2026,HSI,20,-49.0,test,-59.00376726272568,-72.25292395514532,-45.754610570306035
14715,30-08-2026,KRH,21,-29.0,test,-40.57425882320968,-53.73787719365475,-27.410640452764618
14715,30-08-2026,PSL,23,-36.0,test,-44.95964753695987,-58.22079882165713,-31.69849625226261
14715,30-08-2026,AWR,24,-44.0,test,-51.10758970094718,-64.663121754344,-37.552057647550356
14715,30-08-2026,MWW,25,-49.0,test,-53.4476103447304,-67.3200762234899,-39.575144465970894
14715,30-08-2026,MKH,26,-48.0,test,-52.4672857042738,-66.4847687909015,-38.44980261764611
14715,30-08-2026,DGW,27,-50.0,test,-55.32349730232461,-70.02745131245712,-40.61954329219211
14715,30-08-2026,RHG,28,-67.0,test,-62.371643845148405,-80.0198213576995,-44.72346633259731
14715,30-08-2026,BU,30,-75.0,test,-73.62324124241927,-93.53337968125348,-53.71310280358506
14715,30-08-2026,BKI,32,-77.0,test,-77.1829784456919,-96.95536418885618,-57.41059270252762
14715,30-08-2026,ARNA,33,-77.0,test,-81.92535160172405,-95.11925098775077,-68.73145221569732
14715,30-08-2026,DO,35,-78.0,test,-84.56745576519297,-93.03091017464976,-76.10400135573619
14715,30-08-2026,BAI,37,-67.0,test,-74.18346859851336,-79.61003914562761,-68.7568980513991
14715,30-08-2026,KWP,38,-63.0,test,-70.09643077978924,-75.60944594385674,-64.58341561572175
14715,30-08-2026,GTJT,39,-38.0,test,-46.27829349918343,-52.41953897799959,-40.13704802036726
14715,30-08-2026,GADJ,40,-28.0,test,-37.14955087780862,-42.6798521426299,-31.619249612987346
14715,31-08-2026,HSR,0,-1.0,test,-11.98537552246173,-24.824004665174705,0.8532536202512446
14715,31-08-2026,STD,1,-2.0,test,-14.564106492571684,-29.4397709881983,0.31155800305493386
14715,31-08-2026,HNS,2,-5.0,test,-17.82077013128862,-33.4348531137245,-2.2066871488527333
14715,31-08-2026,JKZ,4,-6.0,test,-19.043863579747505,-33.6101397233565,-4.477587436138517
14715,31-08-2026,BWK,5,-15.0,test,-24.051763558946384,-36.53108160528304,-11.572445512609725
14715,31-08-2026,BNW,6,-10.0,test,-20.585048352350526,-33.48794581126642,-7.682150893434633
14715,31-08-2026,MHU,7,-11.0,test,-22.885316434592777,-38.38889253114299,-7.381740338042562
14715,31-08-2026,CKD,8,-11.0,test,-22.85553625901522,-39.29829688583426,-6.412775632196183
14715,31-08-2026,JRL,9,-12.0,test,-23.03061768830284,-39.68056711249237,-6.380668264113314
14715,31-08-2026,SDRA,10,-11.0,test,-22.375200267961937,-39.23609220376811,-5.514308332155764
14715,31-08-2026,KSI,11,-11.0,test,-21.715062287680777,-39.073363500859415,-4.356761074502138
14715,31-08-2026,JTS,13,-7.0,test,-18.76236121867337,-34.92154569407923,-2.6031767432675075
14715,31-08-2026,KGBS,14,-7.0,test,-18.853138983745712,-34.78565572350471,-2.9206222439867133
14715,31-08-2026,RE,15,-15.0,test,-21.936578429975043,-34.58048918379281,-9.292667676157278
14715,31-08-2026,BWL,16,-40.0,test,-44.6862757118457,-60.574607958657666,-28.79794346503374
14715,31-08-2026,AIA,18,-39.0,test,-50.43944046287582,-64.73143918872253,-36.147441737029105
14715,31-08-2026,HSI,20,-40.0,test,-53.69840687804496,-66.94756337406062,-40.449250382029305
14715,31-08-2026,KRH,21,-20.0,test,-35.27530022909829,-48.43891848959581,-22.11168196860078
14715,31-08-2026,PSL,23,-24.0,test,-38.68906210206294,-51.95021335017974,-25.42791085394614
14715,31-08-2026,AWR,24,-29.0,test,-43.741798265520934,-57.2973303062791,-30.186266224762768
14715,31-08-2026,MWW,25,-29.0,test,-44.408195068378184,-58.28066094019923,-30.535729196557135
14715,31-08-2026,MKH,26,-27.0,test,-42.720873688587865,-56.738356772307505,-28.703390604868225
14715,31-08-2026,DGW,27,-30.0,test,-45.7845219097273,-60.488475919636294,-31.080567899818313
14715,31-08-2026,RHG,28,-32.0,test,-48.69254412083288,-66.3407216326435,-31.04436660902227
14715,31-08-2026,BU,30,-60.0,test,-64.8423815927035,-84.75252003124768,-44.93224315415933
14715,31-08-2026,BKI,32,-59.0,test,-68.59285409865456,-88.36523984171978,-48.82046835558933
14715,31-08-2026,ARNA,33,-75.0,test,-77.84370023892696,-91.03759962487133,-64.64980085298258
14715,31-08-2026,DO,35,-85.0,test,-85.17125927662563,-93.63471368606315,-76.70780486718812
14715,31-08-2026,BAI,37,-74.0,test,-75.17225434689728,-80.5988248940102,-69.74568379978435
14715,31-08-2026,KWP,38,-68.0,test,-70.34455334899332,-75.85756851306073,-64.8315381849259
14715,31-08-2026,GTJT,39,-45.0,test,-46.94912894710043,-53.090374426081254,-40.8078834681196
14715,31-08-2026,GADJ,40,-35.0,test,-37.93334574114053,-43.4636470059618,-32.40304447631925
14734,28-08-2026,JP,0,-39.0,test,-21.52529644848797,-34.669103697678096,-8.381489199297846
14734,28-08-2026,GADJ,1,-43.0,test,-25.588231498249968,-38.66071737691484,-12.515745619585095
14734,28-08-2026,GTJT,2,-45.0,test,-26.760841725875963,-39.298174289743315,-14.223509162008613
14734,28-08-2026,KWP,3,-46.0,test,-28.309592892258152,-40.09933795133363,-16.519847833182673
14734,28-08-2026,BAI,4,-49.0,test,-29.49113895535113,-41.677808236908376,-17.304469673793882
14734,28-08-2026,DO,6,-50.0,test,-31.42010554820326,-43.91019382046081,-18.93001727594571
14734,28-08-2026,ARNA,8,-51.0,test,-31.06665594399364,-43.72221808159742,-18.411093806389864
14734,28-08-2026,BKI,9,-66.0,test,-45.4729778325993,-58.71782202161558,-32.228133643583014
14734,28-08-2026,BU,11,-66.0,test,-48.50423852363139,-62.92113956851669,-34.08733747874609
14734,28-08-2026,RHG,13,-66.0,test,-52.619744888851486,-69.35953598062503,-35.879953797077945
14734,28-08-2026,DGW,14,-79.0,test,-59.9578825823797,-80.54222374873783,-39.37354141602159
14734,28-08-2026,MKH,15,-82.0,test,-65.66431712376402,-82.37654083081749,-48.952093416710554
14734,28-08-2026,MWW,16,-83.0,test,-68.04281070160938,-84.15193563451967,-51.93368576869909
14734,28-08-2026,AWR,17,-63.0,test,-48.93451267224914,-65.72404839550276,-32.14497694899552
14734,28-08-2026,PSL,18,-65.0,test,-50.91985484756488,-68.52295963732064,-33.31675005780912
14734,28-08-2026,KRH,20,-66.0,test,-52.406714793283584,-75.61387969416236,-29.199549892404807
14734,28-08-2026,HSI,21,-85.0,test,-61.01351385025166,-84.09922896076704,-37.92779873973629
14734,28-08-2026,AIA,23,-85.0,test,-64.59056495234579,-85.52126487452736,-43.65986503016421
14734,28-08-2026,BWL,25,-86.0,test,-64.34448211460223,-84.25840152977254,-44.43056269943192
14734,28-08-2026,RE,26,-47.0,test,-30.601761632117118,-51.87102731448733,-9.332495949746907
14734,28-08-2026,KGBS,27,-49.0,test,-31.942131691208264,-54.79139691612744,-9.092866466289092
14734,28-08-2026,JTS,28,-49.0,test,-33.47167396003237,-56.477843059337886,-10.465504860726849
14734,28-08-2026,KSI,30,-49.0,test,-32.63203912398586,-54.85676913372248,-10.407309114249244
14734,28-08-2026,SDRA,31,-51.0,test,-35.95868159145643,-59.13881746989429,-12.778545713018577
14734,28-08-2026,JRL,32,-54.0,test,-40.340585387443014,-62.0279030340636,-18.65326774082243
14734,28-08-2026,CKD,33,-55.0,test,-41.168672660205466,-62.48232435209535,-19.855020968315586
14734,28-08-2026,MHU,34,-57.0,test,-42.35456500493613,-64.2474275911896,-20.461702418682652
14734,28-08-2026,BNW,35,-55.0,test,-46.13788695529707,-67.96187040547235,-24.313903505121786
14734,28-08-2026,BWK,36,-57.0,test,-47.829396999700165,-69.7182801110256,-25.940513888374728
14734,28-08-2026,JKZ,37,-59.0,test,-49.99576633197672,-73.86008316750744,-26.13144949644599
14734,28-08-2026,HNS,39,-61.0,test,-54.134769959910635,-76.43636298611412,-31.833176933707144
14734,28-08-2026,STD,40,-63.0,test,-54.93061484410535,-79.75732975723459,-30.103899930976116
14734,28-08-2026,HSR,41,-66.0,test,-47.01608943794359,-71.48232890943574,-22.549849966451447
14734,28-08-2026,ADR,42,-66.0,test,-49.10265012734656,-73.66951361469779,-24.53578663999532
14734,28-08-2026,BHT,43,-70.0,test,-52.90993441594816,-78.12081792933074,-27.69905090256558
14734,28-08-2026,DING,44,-70.0,test,-53.86092542692814,-79.73705788656557,-27.98479296729072
14734,28-08-2026,SSA,45,-51.0,test,-39.01553763932509,-65.83308224127693,-12.197993037373255
14734,28-08-2026,KNL,46,-52.0,test,-40.88420893866457,-67.68867709011593,-14.079740787213204
14734,28-08-2026,RMN,47,-60.0,test,-49.17360390683813,-73.37732590037776,-24.96988191329851
14734,29-08-2026,JP,0,-5.0,test,-20.779841888990774,-33.9236491381809,-7.6360346398006484
14734,29-08-2026,GADJ,1,-9.0,test,-24.842776938752767,-37.91526281741764,-11.770291060087894
14734,29-08-2026,GTJT,2,-10.0,test,-25.740873695855772,-38.27820625972312,-13.203541131988421
14734,29-08-2026,KWP,3,-12.0,test,-27.480621779770217,-39.270366838845696,-15.690876720694739
14734,29-08-2026,BAI,4,-16.0,test,-29.072187300293606,-41.25885658185085,-16.88551801873636
14734,29-08-2026,DO,6,-17.0,test,-31.061733417047552,-43.55182168930511,-18.571645144789997
14734,29-08-2026,ARNA,8,-18.0,test,-30.704933436515855,-43.36049557411963,-18.049371298912078
14734,29-08-2026,BKI,9,-29.0,test,-43.95972229294133,-57.20456648195761,-30.714878103925045
14734,29-08-2026,BU,11,-31.0,test,-47.27138361219742,-61.68828465708272,-32.85448256731212
14734,29-08-2026,RHG,13,-46.0,test,-56.209582312343436,-72.94937340411697,-39.4697912205699
14734,29-08-2026,DGW,14,-60.0,test,-64.71955477618286,-85.30389594254098,-44.135213609824746
14734,29-08-2026,MKH,15,-61.0,test,-70.13397915336238,-86.84620286041584,-53.42175544630891
14734,29-08-2026,MWW,16,-60.0,test,-71.74830196355234,-87.85742689646263,-55.639177030642045
14734,29-08-2026,AWR,17,-41.0,test,-52.7464109357608,-69.53594665901443,-35.95687521250717
14734,29-08-2026,PSL,18,-44.0,test,-55.05815811805965,-72.66126290781541,-37.45505332830389
14734,29-08-2026,KRH,20,-47.0,test,-57.24434610347669,-80.45151100435547,-34.03718120259791
14734,29-08-2026,HSI,21,-81.0,test,-70.37017954468229,-93.45589465519765,-47.284464434166914
14734,29-08-2026,AIA,23,-82.0,test,-75.495542277781,-96.42624219996257,-54.564842355599424
14734,29-08-2026,BWL,25,-89.0,test,-77.39069383989302,-97.30461325506333,-57.476774424722706
14734,29-08-2026,RE,26,-59.0,test,-46.94332989804571,-68.21259558041592,-25.6740642156755
14734,29-08-2026,KGBS,27,-61.0,test,-48.654404258781405,-71.50366948370058,-25.805139033862233
14734,29-08-2026,JTS,28,-61.0,test,-50.21840981382621,-73.22457891313174,-27.212240714520693
14734,29-08-2026,KSI,30,-60.0,test,-48.99904353213789,-71.22377354187451,-26.774313522401272
14734,29-08-2026,SDRA,31,-61.0,test,-51.91837986886124,-75.09851574729909,-28.73824399042338
14734,29-08-2026,JRL,32,-61.0,test,-55.276079555896196,-76.96339720251677,-33.58876190927561
14734,29-08-2026,CKD,33,-63.0,test,-56.10824637483938,-77.42189806672926,-34.7945946829495
14734,29-08-2026,MHU,34,-63.0,test,-56.63438070245987,-78.52724328871335,-34.74151811620639
14734,29-08-2026,BNW,35,-59.0,test,-59.649454294247676,-81.47343774442297,-37.82547084407239
14734,29-08-2026,BWK,36,-67.0,test,-63.245003568939325,-85.13388668026477,-41.35612045761388
14734,29-08-2026,JKZ,37,-69.0,test,-65.65892511887212,-89.52324195440285,-41.79460828334139
14734,29-08-2026,HNS,39,-71.0,test,-69.83784525231545,-92.13943827851894,-47.536252226111955
14734,29-08-2026,STD,40,-71.0,test,-69.98870615357582,-94.81542106670506,-45.16199124044658
14734,29-08-2026,HSR,41,-60.0,test,-57.567179952495515,-82.03341942398765,-33.10094048100337
14734,29-08-2026,ADR,42,-58.0,test,-57.94685954760626,-82.5137230349575,-33.379996060255024
14734,29-08-2026,BHT,43,-60.0,test,-61.0226244495822,-86.23350796296478,-35.81174093619963
14734,29-08-2026,DING,44,-59.0,test,-61.61008913388764,-87.48622159352506,-35.73395667425022
14734,29-08-2026,SSA,45,-47.0,test,-49.18011568591105,-75.99766028786289,-22.362571083959214
14734,29-08-2026,KNL,46,-47.0,test,-50.97699758492352,-77.78146573637488,-24.17252943347215
14734,29-08-2026,RMN,47,-50.0,test,-57.60697520584845,-81.81069719938807,-33.403253212308826
14734,30-08-2026,JP,0,-39.0,test,-21.152569168739372,-34.296376417929494,-8.008761919549247
14734,30-08-2026,GADJ,1,-47.0,test,-26.320491929449723,-39.392977808114594,-13.24800605078485
14734,30-08-2026,GTJT,2,-49.0,test,-27.82773215347547,-40.36506471734282,-15.29039958960812
14734,30-08-2026,KWP,3,-50.0,test,-29.47861379632331,-41.26835885539879,-17.68886873724783
14734,30-08-2026,BAI,4,-55.0,test,-31.35020355281354,-43.53687283437078,-19.163534271256292
14734,30-08-2026,DO,6,-54.0,test,-32.631867913099796,-45.12195618535735,-20.141779640842245
14734,30-08-2026,ARNA,8,-54.0,test,-31.850104089708296,-44.50566622731207,-19.194541952104522
14734,30-08-2026,BKI,9,-64.0,test,-44.78042326928077,-58.02526745829705,-31.535579080264483
14734,30-08-2026,BU,11,-65.0,test,-47.66703966823679,-62.08394071312209,-33.25013862335149
14734,30-08-2026,RHG,13,-67.0,test,-52.42029628731587,-69.1600873790894,-35.68050519554234
14734,30-08-2026,DGW,14,-81.0,test,-60.17728223326261,-80.76162339962073,-39.592941066904494
14734,30-08-2026,MKH,15,-81.0,test,-65.07847048673267,-81.79069419378614,-48.3662467796792
14734,30-08-2026,MWW,16,-80.0,test,-66.65645162335456,-82.76557655626485,-50.547326690444265
14734,30-08-2026,AWR,17,-60.0,test,-47.39751848634087,-64.18705420959449,-30.607982763087247
14734,30-08-2026,PSL,18,-62.0,test,-49.36111592482322,-66.96422071457897,-31.75801113506746
14734,30-08-2026,KRH,20,-66.0,test,-51.85986256298858,-75.06702746386736,-28.652697662109805
14734,30-08-2026,HSI,21,-66.0,test,-54.99731525944085,-78.08303036995622,-31.91160014892548
14734,30-08-2026,AIA,23,-76.0,test,-60.256159168714284,-81.18685909089587,-39.3254592465327
14734,30-08-2026,BWL,25,-78.0,test,-60.744156367595565,-80.65807578276588,-40.83023695242525
14734,30-08-2026,RE,26,-42.0,test,-28.17436894076977,-49.443634623139985,-6.90510325839956
14734,30-08-2026,KGBS,27,-48.0,test,-30.87390234833426,-53.723167573253434,-8.024637123415086
14734,30-08-2026,JTS,28,-49.0,test,-33.06132328331563,-56.067492382621154,-10.05515418401011
14734,30-08-2026,KSI,30,-49.0,test,-32.35552526242092,-54.58025527215754,-10.130795252684301
14734,30-08-2026,SDRA,31,-51.0,test,-35.681682493667935,-58.86181837210579,-12.50154661523008
14734,30-08-2026,JRL,32,-55.0,test,-40.34755362838934,-62.03487127500993,-18.660235981768757
14734,30-08-2026,CKD,33,-56.0,test,-41.23930242655417,-62.55295411844405,-19.925650734664288
14734,30-08-2026,MHU,34,-58.0,test,-42.41270223823286,-64.30556482448634,-20.519839651979385
14734,30-08-2026,BNW,35,-56.0,test,-46.178201085021385,-68.00218453519668,-24.3542176348461
14734,30-08-2026,BWK,36,-65.0,test,-50.227159648846815,-72.11604276017225,-28.338276537521377
14734,30-08-2026,JKZ,37,-67.0,test,-52.676017685872324,-76.54033452140305,-28.811700850341595
14734,30-08-2026,HNS,39,-70.0,test,-57.149830296446545,-79.45142332265004,-34.848237270243054
14734,30-08-2026,STD,40,-75.0,test,-58.970889281117884,-83.79760419424711,-34.144174367988654
14734,30-08-2026,HSR,41,-63.0,test,-46.52132911007343,-70.98756858156557,-22.055089638581286
14734,30-08-2026,ADR,42,-63.0,test,-47.54817674667403,-72.11504023402527,-22.981313259322793
14734,30-08-2026,BHT,43,-75.0,test,-54.018852707815256,-79.22973622119784,-28.80796919443268
14734,30-08-2026,DING,44,-75.0,test,-55.350682838328595,-81.22681529796601,-29.474550378691173
14734,30-08-2026,SSA,45,-68.0,test,-44.734738811797506,-71.55228341374934,-17.917194209845672
14734,30-08-2026,KNL,46,-65.0,test,-45.54863845756737,-72.35310660901874,-18.744170306116004
14734,30-08-2026,RMN,47,-65.0,test,-51.07944623609609,-75.2831682296357,-26.87572424255647
14734,31-08-2026,JP,0,-13.0,test,-20.40711460924217,-33.5509218584323,-7.263307360052046
14734,31-08-2026,GADJ,1,-17.0,test,-24.470049659004165,-37.54253553766904,-11.397563780339292
14734,31-08-2026,GTJT,2,-17.0,test,-25.09363294558418,-37.63096550945153,-12.556300381716829
14734,31-08-2026,KWP,3,-17.0,test,-26.17799463791571,-37.96773969699119,-14.388249578840231
14734,31-08-2026,BAI,4,-19.0,test,-26.867931176575194,-39.05460045813244,-14.681261895017947
14734,31-08-2026,DO,6,-20.0,test,-28.757318785971034,-41.24740705822859,-16.26723051371348
14734,31-08-2026,ARNA,8,-19.0,test,-27.725395075288308,-40.380957212892085,-15.069832937684533
14734,31-08-2026,BKI,9,-37.0,test,-42.941477336450035,-56.18632152546632,-29.69663314743375
14734,31-08-2026,BU,11,-53.0,test,-51.43566035330956,-65.85256139819487,-37.01875930842426
14734,31-08-2026,RHG,13,-67.0,test,-60.9614149518833,-77.70120604365684,-44.22162386010976
14734,31-08-2026,DGW,14,-67.0,test,-65.51390376955541,-86.09824493591353,-44.9295626031973
14734,31-08-2026,MKH,15,-68.0,test,-69.62962886039219,-86.34185256744566,-52.91740515333872
14734,31-08-2026,MWW,16,-67.0,test,-70.97120496051818,-87.08032989342847,-54.86208002760789
14734,31-08-2026,AWR,17,-47.0,test,-51.62972564771049,-68.41926137096411,-34.840189924456865
14734,31-08-2026,PSL,18,-52.0,test,-54.514286191709786,-72.11739098146555,-36.911181401954025
14734,31-08-2026,KRH,20,-63.0,test,-59.486634242663555,-82.69379914354234,-36.279469341784775
14734,31-08-2026,HSI,21,-63.0,test,-62.94653596823807,-86.03225107875343,-39.86082085772269
14734,31-08-2026,AIA,23,-76.0,test,-69.21594634895732,-90.14664627113889,-48.28524642677574
14734,31-08-2026,BWL,25,-86.0,test,-72.43002236211042,-92.34394177728073,-52.51610294694011
14734,31-08-2026,RE,26,-65.0,test,-45.30361420393933,-66.57287988630955,-24.03434852156912
14734,31-08-2026,KGBS,27,-64.0,test,-46.614798925963896,-69.46406415088308,-23.765533701044724
14734,31-08-2026,JTS,28,-64.0,test,-48.059273514888886,-71.06544261419441,-25.053104415583366
14734,31-08-2026,KSI,30,-63.0,test,-46.80077564159459,-69.0255056513312,-24.576045631857973
14734,31-08-2026,SDRA,31,-63.0,test,-49.42567638043563,-72.60581225887348,-26.245540501997777
14734,31-08-2026,JRL,32,-65.0,test,-53.27766653857029,-74.96498418519087,-31.590348891949702
14734,31-08-2026,CKD,33,-64.0,test,-53.272157426858904,-74.58580911874878,-31.958505734969023
14734,31-08-2026,MHU,34,-65.0,test,-53.975883293635654,-75.86874587988913,-32.083020707382175
14734,31-08-2026,BNW,35,-63.0,test,-57.67772154485946,-79.50170499503474,-35.853738094684175
14734,31-08-2026,BWK,36,-64.0,test,-59.0245910068004,-80.91347411812583,-37.135707895474965
14734,31-08-2026,JKZ,37,-65.0,test,-60.843933911052744,-84.70825074658347,-36.979617075522015
14734,31-08-2026,HNS,39,-71.0,test,-66.12303086823961,-88.4246238944431,-43.82143784203612
14734,31-08-2026,STD,40,-72.0,test,-66.89633357325052,-91.72304848637975,-42.06961866012128
14734,31-08-2026,HSR,41,-61.0,test,-54.58920007622594,-79.0554395477181,-30.122960604733798
14734,31-08-2026,ADR,42,-59.0,test,-54.983717501139935,-79.55058098849118,-30.416854013788697
14734,31-08-2026,BHT,43,-63.0,test,-58.72735699008475,-83.93824050346733,-33.516473476702174
14734,31-08-2026,DING,44,-61.0,test,-59.08132505823595,-84.95745751787337,-33.20519259859853
14734,31-08-2026,SSA,45,-67.0,test,-52.85259832108869,-79.67014292304053,-26.035053719136858
14734,31-08-2026,KNL,46,-71.0,test,-56.66705898771038,-83.47152713916174,-29.86259083625901
14734,31-08-2026,RMN,47,-70.0,test,-62.04148177993183,-86.24520377347145,-37.83775978639221
14801,28-08-2026,JU,0,-13.0,test,-15.16758895234393,-22.46234946414309,-7.872828440544768
14801,28-08-2026,BGKT,1,-15.0,test,-18.621069354334622,-25.729028560898755,-11.513110147770492
14801,28-08-2026,BANE,2,-15.0,test,-18.16631489198846,-25.785785256073716,-10.546844527903204
14801,28-08-2026,LUNI,3,-13.0,test,-17.837475917758006,-26.37958689959247,-9.29536493592354
14801,28-08-2026,PMY,4,-20.0,test,-20.968599684961355,-30.019968614549082,-11.917230755373627
14801,28-08-2026,MJ,5,-21.0,test,-23.415191208834834,-35.122303343126944,-11.708079074542727
14801,28-08-2026,SOD,6,-22.0,test,-25.0864768071321,-37.008391396950145,-13.164562217314057
14801,28-08-2026,HP,7,-21.0,test,-25.046941573186484,-35.848320367259625,-14.245562779113344
14801,28-08-2026,SEU,8,-18.0,test,-23.011886755363726,-33.6832123200548,-12.340561190672652
14801,28-08-2026,BER,9,-17.0,test,-22.920903039374256,-34.350933535125286,-11.490872543623224
14801,28-08-2026,AII,10,-10.0,test,-16.30572024734633,-25.699694518447785,-6.911745976244875
14801,28-08-2026,NSD,11,-12.0,test,-19.92255030821552,-30.59807356932837,-9.247027047102671
14801,28-08-2026,BJNR,12,-17.0,test,-25.739321668389735,-38.73257431411928,-12.746069022660185
14801,28-08-2026,RLR,13,-18.0,test,-31.392696355406812,-43.88718435585497,-18.89820835495865
14801,28-08-2026,BHL,14,-13.0,test,-28.37957571979443,-42.972821195472335,-13.786330244116527
14801,28-08-2026,GGR,15,-10.0,test,-21.95825442570705,-32.308846449704106,-11.607662401709996
14801,28-08-2026,CNA,16,-12.0,test,-17.541385515703258,-26.737110212861793,-8.34566081854472
14801,28-08-2026,COR,17,-19.0,test,-19.06969341820711,-27.91197316400224,-10.227413672411975
14801,28-08-2026,SMP,18,-16.0,test,-17.665955772409564,-25.860018202726863,-9.471893342092264
14801,28-08-2026,NBH,19,-26.0,test,-27.998352494200176,-36.88382461350322,-19.11288037489713
14801,28-08-2026,JWO,20,-27.0,test,-29.81893431690623,-40.91943173064978,-18.718436903162683
14801,28-08-2026,NMH,21,-21.0,test,-23.748222955797893,-35.75398924739963,-11.742456664196151
14801,28-08-2026,MLG,22,-10.0,test,-15.58504681699735,-25.717832260688176,-5.452261373306522
14801,28-08-2026,PIP,23,-17.0,test,-21.724996731621644,-32.14977244156864,-11.300221021674641
14801,28-08-2026,MDS,24,-16.0,test,-21.258052255130917,-31.27451133944605,-11.241593170815781
14801,28-08-2026,DLD,25,-15.0,test,-20.25334658721462,-30.262343769015498,-10.24434940541374
14801,28-08-2026,DOD,26,-22.0,test,-27.832614540195518,-37.23042658391039,-18.434802496480643
14801,28-08-2026,JAO,27,-17.0,test,-22.919812923845605,-32.2844022603369,-13.555223587354314
14801,28-08-2026,NLI,28,-25.0,test,-26.062241258255572,-34.05050981506052,-18.07397270145062
14801,28-08-2026,RTM,29,-19.0,test,-22.61126627800213,-30.952097195514405,-14.270435360489856
14801,28-08-2026,RNJ,30,-15.0,test,-20.615091990491454,-27.471902772461974,-13.758281208520936
14801,28-08-2026,BNG,31,-28.0,test,-27.748358023705563,-33.48834409244914,-22.008371954961987
14801,28-08-2026,GPX,32,-18.0,test,-20.306928463174177,-22.868056953844665,-17.74579997250369
14801,28-08-2026,FTD,33,-21.0,test,-22.917989742210366,-25.67049610778955,-20.165483376631183
14801,28-08-2026,LMNR,34,-19.0,test,-20.04842248248796,-22.094017901221306,-18.002827063754616
14801,29-08-2026,JU,0,-16.0,test,-14.04940711309813,-21.344167624897292,-6.754646601298968
14801,29-08-2026,BGKT,1,-17.0,test,-17.24004579529216,-24.348005001856293,-10.132086588728031
14801,29-08-2026,BANE,2,-19.0,test,-17.176571293323562,-24.796041657408818,-9.557100929238306
14801,29-08-2026,LUNI,3,-20.0,test,-18.165392085139562,-26.707503066974027,-9.623281103305096
14801,29-08-2026,PMY,4,-23.0,test,-19.92281555544059,-28.974184485028317,-10.871446625852862
14801,29-08-2026,MJ,5,-23.0,test,-21.920973871092798,-33.6280860053849,-10.213861736800691
14801,29-08-2026,SOD,6,-26.0,test,-24.27687396283046,-36.19878855264851,-12.354959373012417
14801,29-08-2026,HP,7,-27.0,test,-25.037678176820272,-35.83905697089341,-14.236299382747132
14801,29-08-2026,SEU,8,-26.0,test,-23.74011869974461,-34.41144426443569,-13.068793135053536
14801,29-08-2026,BER,9,-27.0,test,-24.380452625424418,-35.81048312117545,-12.950422129673386
14801,29-08-2026,AII,10,-17.0,test,-16.743887844089326,-26.137862115190778,-7.349913572987871
14801,29-08-2026,NSD,11,-16.0,test,-19.24471228983751,-29.92023555095036,-8.56918902872466
14801,29-08-2026,BJNR,12,-20.0,test,-24.590859259949095,-37.58411190567865,-11.597606614219545
14801,29-08-2026,RLR,13,-25.0,test,-31.701345441409472,-44.19583344185763,-19.20685744096131
14801,29-08-2026,BHL,14,-19.0,test,-28.41866111965507,-43.011906595332974,-13.825415643977166
14801,29-08-2026,GGR,15,-15.0,test,-21.603797236571086,-31.954389260568142,-11.253205212574033
14801,29-08-2026,CNA,16,-17.0,test,-17.159205586955963,-26.354930284114502,-7.963480889797426
14801,29-08-2026,COR,17,-15.0,test,-16.01945804312494,-24.861737788920074,-7.177178297329805
14801,29-08-2026,SMP,18,-15.0,test,-14.833153734225629,-23.027216164542928,-6.639091303908328
14801,29-08-2026,NBH,19,-24.0,test,-24.93098036822743,-33.816452487530476,-16.045508248924385
14801,29-08-2026,JWO,20,-26.0,test,-27.065159825364944,-38.16565723910849,-15.964662411621399
14801,29-08-2026,NMH,21,-19.0,test,-20.75558699472889,-32.76135328633063,-8.749820703127149
14801,29-08-2026,MLG,22,-15.0,test,-15.02511338732589,-25.157898831016716,-4.8923279436350615
14801,29-08-2026,PIP,23,-23.0,test,-21.678692764230863,-32.103468474177866,-11.25391705428386
14801,29-08-2026,MDS,24,-22.0,test,-21.333561951606846,-31.350021035921984,-11.31710286729171
14801,29-08-2026,DLD,25,-21.0,test,-20.317470462353437,-30.326467644154317,-10.308473280552558
14801,29-08-2026,DOD,26,-27.0,test,-27.529011458462506,-36.92682350217738,-18.131199414747634
14801,29-08-2026,JAO,27,-23.0,test,-22.894539201821072,-32.25912853831236,-13.529949865329781
14801,29-08-2026,NLI,28,-27.0,test,-24.704260057509256,-32.692528614314206,-16.715991500704305
14801,29-08-2026,RTM,29,-22.0,test,-21.41873212634935,-29.759563043861625,-13.077901208837076
14801,29-08-2026,RNJ,30,-18.0,test,-19.474915301814146,-26.331726083784666,-12.618104519843628
14801,29-08-2026,BNG,31,-17.0,test,-21.927161294605668,-27.667147363349244,-16.18717522586209
14801,29-08-2026,GPX,32,-15.0,test,-16.46842552860514,-19.02955401927563,-13.907297037934656
14801,29-08-2026,FTD,33,-18.0,test,-19.469035921765947,-22.22154228734513,-16.716529556186764
14801,29-08-2026,LMNR,34,-19.0,test,-17.755294096590237,-19.800889515323583,-15.70969867785689
14801,30-08-2026,JU,0,1.0,test,-13.67667983334953,-20.97143938120837,-6.381920285490691
14801,30-08-2026,BGKT,1,-7.0,test,-18.70719285522346,-25.815151061280925,-11.599234649165997
14801,30-08-2026,BANE,2,-7.0,test,-18.726125112169473,-26.345594570207187,-11.10665565413176
14801,30-08-2026,LUNI,3,-6.0,test,-19.02345352054105,-27.565563743993987,-10.481343297088113
14801,30-08-2026,PMY,4,-7.0,test,-19.94530797581097,-28.996676102229934,-10.893939849392003
14801,30-08-2026,MJ,5,-8.0,test,-22.265685283202405,-33.9727968714948,-10.55857369491001
14801,30-08-2026,HP,7,-9.0,test,-24.292059991615734,-35.09353441582018,-13.490585567411285
14801,30-08-2026,SEU,8,-11.0,test,-24.020527686134407,-34.691884771685324,-13.349170600583488
14801,30-08-2026,BER,9,-11.0,test,-24.454060377768602,-35.88410257838073,-13.024018177156476
14801,30-08-2026,AII,10,0.0,test,-16.385402967370705,-25.77937831778533,-6.991427616956079
14801,30-08-2026,NSD,11,1.0,test,-18.86641707565216,-29.541940486612,-8.190893664692318
14801,30-08-2026,BJNR,12,-3.0,test,-24.21497830233657,-37.20823093084448,-11.221725673828656
14801,30-08-2026,RLR,13,-5.0,test,-30.238358470921398,-42.73284646205412,-17.743870479788676
14801,30-08-2026,BHL,14,0.0,test,-27.26028209199167,-41.853527561928274,-12.667036622055061
14801,30-08-2026,CNA,16,1.0,test,-16.65718376851129,-25.852938933423104,-7.461428603599474
14801,30-08-2026,COR,17,-3.0,test,-17.06318491824511,-25.905488619250168,-8.220881217240052
14801,30-08-2026,SMP,18,-2.0,test,-15.987763116779234,-24.181836990448765,-7.793689243109702
14801,30-08-2026,NBH,19,-13.0,test,-26.75894980675786,-35.6444250792645,-17.873474534251223
14801,30-08-2026,JWO,20,-14.0,test,-28.654874746032448,-39.75537331246286,-17.554376179602038
14801,30-08-2026,NMH,21,-7.0,test,-22.27926337264239,-34.285030047523676,-10.273496697761107
14801,30-08-2026,MLG,22,1.0,test,-15.125009912281492,-25.25779544353015,-4.992224381032832
14801,30-08-2026,PIP,23,-7.0,test,-21.65563129565082,-32.08040704504541,-11.230855546256228
14801,30-08-2026,MDS,24,-7.0,test,-21.6240470887491,-31.640506185165854,-11.607587992332348
14801,30-08-2026,DLD,25,-7.0,test,-20.998815394474455,-31.007812580287393,-10.98981820866152
14801,30-08-2026,DOD,26,-13.0,test,-28.27851550236142,-37.67632754707672,-18.88070345764612
14801,30-08-2026,JAO,27,-10.0,test,-23.982819740571774,-33.347409077346285,-14.618230403797263
14801,30-08-2026,NLI,28,-14.0,test,-25.838692632981378,-33.82696118985773,-17.850424076105032
14801,30-08-2026,RTM,29,-10.0,test,-22.87611739095169,-31.216948308486486,-14.535286473416894
14801,30-08-2026,RNJ,30,-26.0,test,-28.07871451698279,-34.935525298956144,-21.221903735009434
14801,30-08-2026,BNG,31,-26.0,test,-31.402250103200956,-37.142236171945214,-25.662264034456694
14801,30-08-2026,GPX,32,-16.0,test,-23.33768222097332,-25.89881071164414,-20.776553730302503
14801,30-08-2026,FTD,33,-20.0,test,-26.195188152331774,-28.947694517911007,-23.44268178675254
14801,30-08-2026,LMNR,34,-19.0,test,-23.744346382204828,-25.789941800938173,-21.698750963471483
14801,31-08-2026,JU,0,-5.0,test,-13.67667983334953,-20.971440156502542,-6.381919510196519
14801,31-08-2026,BGKT,1,-7.0,test,-17.13016113481329,-24.238120145574825,-10.022202124051752
14801,31-08-2026,BANE,2,-7.0,test,-16.675407195680496,-24.29487738244895,-9.055937008912043
14801,31-08-2026,LUNI,3,-6.0,test,-16.7033181570528,-25.24542899046782,-8.161207323637779
14801,31-08-2026,PMY,4,-6.0,test,-17.29706554680898,-26.348434319209467,-8.245696774408492
14801,31-08-2026,MJ,5,-12.0,test,-21.440501600205724,-33.147613627639366,-9.733389572772085
14801,31-08-2026,SOD,6,-13.0,test,-23.25217247469828,-35.17408697167444,-11.330257977722122
14801,31-08-2026,HP,7,-12.0,test,-23.205483299298493,-34.00686198939006,-12.404104609206927
14801,31-08-2026,SEU,8,-9.0,test,-21.160436465326065,-31.83176193679433,-10.489110993857798
14801,31-08-2026,BER,9,-8.0,test,-21.064592517950068,-32.49462293446632,-9.634562101433817
14801,31-08-2026,AII,10,-8.0,test,-17.017689639253227,-26.41166378376135,-7.6237154947451025
14801,31-08-2026,NSD,11,-12.0,test,-21.427681359877134,-32.10320453464354,-10.752158185110728
14801,31-08-2026,BJNR,12,-23.0,test,-29.474439263314373,-42.46769183669625,-16.4811866899325
14801,31-08-2026,RLR,13,-25.0,test,-35.550373242707366,-48.04486117776876,-23.055885307645973
14801,31-08-2026,BHL,14,-22.0,test,-33.24140501530236,-47.83465044120146,-18.64815958940326
14801,31-08-2026,GGR,15,-18.0,test,-26.478483462808352,-36.829075423728966,-16.12789150188774
14801,31-08-2026,CNA,16,-9.0,test,-18.37854487693242,-27.57426951309101,-9.182820240773829
14801,31-08-2026,COR,17,-8.0,test,-16.9915259826698,-25.83380567069355,-8.149246294646048
14801,31-08-2026,NBH,19,-17.0,test,-25.846125579463404,-34.731608527298775,-16.960642631628033
14801,31-08-2026,JWO,20,-19.0,test,-28.089281514257785,-39.18978430976465,-16.988778718750925
14801,31-08-2026,NMH,21,-12.0,test,-21.820326333756178,-33.826094572864974,-9.814558094647381
14801,31-08-2026,MLG,22,-5.0,test,-15.064684823179725,-25.19747072491664,-4.931898921442807
14801,31-08-2026,PIP,23,-10.0,test,-20.743769279963825,-31.16854521654144,-10.31899334338621
14801,31-08-2026,MDS,24,-15.0,test,-22.152808978822794,-32.169268133761136,-12.136349823884448
14801,31-08-2026,DLD,25,-16.0,test,-22.08437184939818,-32.093369054562146,-12.075374644234216
14801,31-08-2026,DOD,26,-22.0,test,-29.439695321450714,-38.83750737098286,-20.041883271918564
14801,31-08-2026,JAO,27,-18.0,test,-24.800783404654855,-34.16537274279226,-15.436194066517453
14801,31-08-2026,NLI,28,-26.0,test,-27.964802064333377,-35.95307062155322,-19.976533507113533
14801,31-08-2026,RTM,29,-18.0,test,-23.854690960402444,-32.1955218780456,-15.51386004275929
14801,31-08-2026,RNJ,30,-16.0,test,-22.436781937861674,-29.29359271984869,-15.579971155874661
14801,31-08-2026,BNG,31,-25.0,test,-28.27836431598117,-34.01835038472872,-22.53837824723362
14801,31-08-2026,GPX,32,-16.0,test,-20.979936820318056,-23.54106531099046,-18.41880832964565
14801,31-08-2026,FTD,33,-19.0,test,-23.63162766632345,-26.384134031902917,-20.879121300743982
14801,31-08-2026,LMNR,34,-18.0,test,-21.140141933526284,-23.18573735225963,-19.09454651479294
14813,28-08-2026,JU,0,9.0,test,13.422727248152626,-12.819315402865943,39.66476989917119
14813,28-08-2026,RKB,1,10.0,test,12.81081386560113,-13.616455021442807,39.23808275264507
14813,28-08-2026,BNO,3,8.0,test,10.54355571366087,-15.62220847045066,36.7093198977724
14813,28-08-2026,JWL,4,8.0,test,10.097768703261606,-16.391316554798294,36.58685396132151
14813,28-08-2026,AAS,5,3.0,test,7.081673055003632,-19.301837024286762,33.46518313429403
14813,28-08-2026,PPR,6,1.0,test,3.504205703973613,-23.413813795085414,30.422225203032642
14813,28-08-2026,UMED,7,-1.0,test,2.2100008128466007,-24.606856293864038,29.02685791955724
14813,28-08-2026,KXG,8,-1.0,test,2.02099519764437,-24.527838539400072,28.569828934688815
14813,28-08-2026,GOTN,9,-2.0,test,1.9734080122775515,-25.40173731300567,29.348553337560773
14813,28-08-2026,JOM,10,-3.0,test,0.4467287495927078,-28.285067506721667,29.178525005907083
14813,28-08-2026,MTD,11,-6.0,test,-3.903796173701796,-32.420916343521284,24.613323996117693
14813,28-08-2026,REN,12,-5.0,test,-2.213025024677601,-31.056962791453945,26.63091274209874
14813,28-08-2026,JAC,13,-7.0,test,-4.701892787294228,-34.195330814667976,24.791545240079518
14813,28-08-2026,DNA,14,-9.0,test,-8.204954743142597,-37.55030189223987,21.140392405954675
14813,28-08-2026,GCH,15,-5.0,test,-4.2989403076019395,-33.433450227927985,24.835569612724107
14813,28-08-2026,BSRL,16,-6.0,test,-5.228077994233887,-34.355745617612676,23.8995896291449
14813,28-08-2026,BOW,17,-10.0,test,-5.58459509012876,-35.636553264978055,24.46736308472054
14813,28-08-2026,MKN,18,-14.0,test,-10.607415974355325,-40.74408064751762,19.529248698806974
14813,28-08-2026,KMNC,19,-13.0,test,-10.225982099408645,-40.26652106680358,19.81455686798629
14813,28-08-2026,NYK,20,-12.0,test,-9.69768008663686,-39.625573738252655,20.230213564978932
14813,28-08-2026,NAC,21,-13.0,test,-9.788499311291861,-40.56203541154768,20.985036788963964
14813,28-08-2026,GA,22,-6.0,test,-2.970865438235057,-33.23917642469626,27.297445548226143
14813,28-08-2026,SBR,23,-5.0,test,-1.3552309878872628,-31.478247846282777,28.76778587050825
14813,28-08-2026,FL,24,12.0,test,11.194901119542155,-16.40788552889258,38.797687767976896
14813,28-08-2026,HDA,25,11.0,test,9.410876815233122,-18.64693381373027,37.46868744419652
14813,28-08-2026,JOB,27,7.0,test,4.367892601244923,-22.470323780538415,31.20610898302826
14813,28-08-2026,BOBS,28,5.0,test,1.6550932970858132,-25.72452382698466,29.034710421156287
14813,28-08-2026,DNK,30,-1.0,test,-2.2598794753594826,-30.089178512299814,25.569419561580847
14813,28-08-2026,KKU,31,-15.0,test,-14.879535238772288,-42.114580843593956,12.35551036604938
14813,28-08-2026,JP,32,1.0,test,-0.6510926224217504,-29.517857755028846,28.215672510185346
14813,28-08-2026,DPA,33,0.0,test,1.3437976720044118,-27.265646998911794,29.95324234292062
14813,28-08-2026,SNGN,34,-3.0,test,-2.623430253794372,-32.2381101204476,26.991249612858855
14813,28-08-2026,SAS,35,-3.0,test,-3.4413451021668147,-33.94052604872087,27.05783584438724
14813,28-08-2026,CKS,36,-2.0,test,-4.522964975880205,-33.46729297039822,24.421363018637813
14813,28-08-2026,CHNN,37,-3.0,test,-5.753051132026167,-35.24241662986906,23.73631436581673
14813,28-08-2026,BNLW,38,-1.0,test,-5.901141625455057,-35.50620552350336,23.703922272593246
14813,28-08-2026,SRAS,39,-7.0,test,-10.374199581895876,-42.636508523958895,21.88810936016714
14813,28-08-2026,ISA,40,-4.0,test,-9.430422858023412,-41.14119688804068,22.280351171993853
14813,28-08-2026,CKB,42,-4.0,test,-11.72192887214127,-42.755653661993215,19.311795917710675
14813,28-08-2026,DPZ,43,-9.0,test,-13.683616016800016,-44.83973016937664,17.4724981357766
14813,28-08-2026,SWM,44,11.0,test,5.426293623383565,-26.475383809078465,37.327971055845595
14813,28-08-2026,RWJ,45,9.0,test,2.8512117328087525,-29.245946176697377,34.94836964231488
14813,28-08-2026,AMLI,46,6.0,test,0.04819732363284146,-30.981902965613195,31.078297612878877
14813,28-08-2026,IDG,47,4.0,test,-2.425702679072675,-33.140209177168,28.28880381902265
14813,28-08-2026,LKE,48,4.0,test,-3.1389338748996867,-34.993033132936695,28.715165383137318
14813,28-08-2026,KPZ,49,8.0,test,-1.159462383576332,-32.73426491881785,30.415340151665188
14813,28-08-2026,KPTN,50,6.0,test,-6.134398852709248,-37.39990561440445,25.13110790898596
14813,28-08-2026,KOTA,51,13.0,test,2.867382823818298,-30.190753400542242,35.925519048178835
14813,28-08-2026,ATH,52,14.0,test,1.4914884129244674,-32.059823625359265,35.0428004512082
14813,28-08-2026,BAZ,53,1.0,test,-9.7612751210249,-35.3103402057486,15.787789963698804
14813,28-08-2026,ATRU,54,4.0,test,-4.273893542712571,-39.0238338856727,30.47604680024756
14813,28-08-2026,SYL,55,4.0,test,-4.900358146127822,-39.901472622216446,30.100756329960802
14813,28-08-2026,CAG,56,14.0,test,3.731118308360537,-31.717308793734304,39.179545410455376
14813,28-08-2026,RTA,57,-1.0,test,8.163702868326556,-16.97655506176481,33.30396079841792
14813,28-08-2026,GUNA,58,4.0,test,7.995106084193756,-12.59020215990522,28.580414328292733
14813,28-08-2026,PGA,59,0.0,test,4.968930202574124,-16.425809039752814,26.363669444901063
14813,28-08-2026,SHDR,60,-1.0,test,3.4014187763469828,-17.62360803567894,24.426445588372907
14813,28-08-2026,ASKN,61,-3.0,test,0.04621117261432506,-20.605299247370347,20.697721592598995
14813,28-08-2026,PIA,62,-12.0,test,-6.757202543454967,-28.103448839038208,14.589043752128276
14813,28-08-2026,MNV,63,-18.0,test,-11.143642868068067,-33.376995871132024,11.08971013499589
14813,28-08-2026,BINA,64,-31.0,test,-15.571523641646959,-40.38459079500339,9.24154351170947
14813,28-08-2026,MABA,65,-35.0,test,-21.243308799906327,-44.056066022379106,1.5694484225664525
14813,28-08-2026,KAH,66,-38.0,test,-23.923593061419908,-47.32159475422738,-0.5255913686124352
14813,28-08-2026,BET,67,-47.0,test,-28.704730651708232,-51.97254240843523,-5.436918894981229
14813,28-08-2026,BAQ,68,-48.0,test,-34.55999973500628,-57.48223658971088,-11.637762880301683
14813,28-08-2026,GLG,69,-52.0,test,-37.714924418955206,-60.59956511277498,-14.83028372513543
14813,28-08-2026,BHS,70,-44.0,test,-29.667544630309855,-50.45732231846219,-8.877766942157518
14813,28-08-2026,SCI,71,-43.0,test,-31.396471281157197,-52.43933158752092,-10.353610974793476
14813,28-08-2026,SMT,72,-45.0,test,-32.683989289659934,-52.84210977197098,-12.525868807348882
14813,29-08-2026,JU,0,41.0,test,14.913636367147026,-11.328406283871542,41.15567901816559
14813,29-08-2026,RKB,1,41.0,test,14.07263808059842,-12.354630806445517,40.49990696764236
14813,29-08-2026,BNO,3,39.0,test,11.670173454714696,-14.495590729396834,37.83593763882622
14813,29-08-2026,JWL,4,38.0,test,10.899100142718114,-15.589985115341788,37.38818540077801
14813,29-08-2026,AAS,5,33.0,test,7.800078944843173,-18.583431134447224,34.18358902413357
14813,29-08-2026,PPR,6,30.0,test,3.8756719346298873,-23.04234756442914,30.793691433688917
14813,29-08-2026,UMED,7,31.0,test,3.5884584543995155,-23.228398652311125,30.405315561110154
14813,29-08-2026,KXG,8,31.0,test,3.524536876324152,-23.02429686072029,30.073370613368596
14813,29-08-2026,GOTN,9,31.0,test,3.7906375403959256,-23.584507784887293,31.165782865679148
14813,29-08-2026,JOM,10,32.0,test,2.9762592692571164,-25.75553698705726,31.708055525571492
14813,29-08-2026,MTD,11,26.0,test,-2.184597632800191,-30.70171780261968,26.332522537019297
14813,29-08-2026,REN,12,30.0,test,0.33247805772498085,-28.511459709051362,29.176415824501323
14813,29-08-2026,JAC,13,28.0,test,-2.0513474325543117,-31.544785459928057,27.442090594819433
14813,29-08-2026,DNA,14,25.0,test,-5.8850943952087515,-35.230441544306025,23.46025275388852
14813,29-08-2026,GCH,15,30.0,test,-1.7092752222150285,-30.843785142541073,27.42523469811102
14813,29-08-2026,BSRL,16,30.0,test,-2.2775525599190125,-31.4052201832978,26.850115063459775
14813,29-08-2026,BOW,17,30.0,test,-1.2797018549196988,-31.331660029768997,28.772256319929596
14813,29-08-2026,MKN,18,25.0,test,-6.364388051038949,-36.501052724201244,23.77227662212335
14813,29-08-2026,KMNC,19,26.0,test,-6.021206909768114,-36.06174587716305,24.01933205762682
14813,29-08-2026,NYK,20,27.0,test,-5.523222371300332,-35.451116022916125,24.404671280315462
14813,29-08-2026,NAC,21,27.0,test,-5.3436305954967995,-36.11716669575262,25.429905504759027
14813,29-08-2026,GA,22,34.0,test,1.5514447114184993,-28.716866275042705,31.8197556978797
14813,29-08-2026,SBR,23,35.0,test,3.1633933883543945,-26.95962347004112,33.28641024674991
14813,29-08-2026,FL,24,42.0,test,12.735066086101634,-14.867720562333103,40.33785273453637
14813,29-08-2026,HDA,25,40.0,test,9.84426784039712,-18.213542788566276,37.90207846936052
14813,29-08-2026,JOB,27,36.0,test,4.557973040131497,-22.28024334165184,31.396189421914833
14813,29-08-2026,BOBS,28,30.0,test,0.6490087369318767,-26.7306083871386,28.02862586100235
14813,29-08-2026,DNK,30,30.0,test,-1.6585622332968608,-29.48786127023719,26.17073680364347
14813,29-08-2026,KKU,31,18.0,test,-13.276387303983725,-40.51143290880539,13.958658300837943
14813,29-08-2026,JP,32,37.0,test,2.0901563941556716,-26.776608738451426,30.956921526762766
14813,29-08-2026,DPA,33,39.0,test,5.230914667508322,-23.378530003407885,33.84035933842453
14813,29-08-2026,SNGN,34,36.0,test,1.5278199936053523,-28.086859873047874,31.142499860258578
14813,29-08-2026,SAS,35,36.0,test,0.7950911683849622,-29.70408977816909,31.29427211493902
14813,29-08-2026,CKS,36,36.0,test,-0.6499893144377333,-29.59431730895575,28.294338680080283
14813,29-08-2026,CHNN,37,26.0,test,-4.836941010329603,-34.3263065081725,24.652424487513294
14813,29-08-2026,BNLW,38,28.0,test,-5.603165851128039,-35.20822974917634,24.001898046920264
14813,29-08-2026,SRAS,39,25.0,test,-9.17283364756092,-41.435142589623936,23.089475294502094
14813,29-08-2026,ISA,40,24.0,test,-9.319208985828055,-41.02998301584532,22.39156504418921
14813,29-08-2026,CKB,42,18.0,test,-13.843389382433696,-44.877114172285644,17.19033540741825
14813,29-08-2026,DPZ,43,17.0,test,-14.787565734722278,-45.9436798872989,16.36854841785434
14813,29-08-2026,SWM,44,38.0,test,4.886783560094098,-27.01489387236793,36.788460992556125
14813,29-08-2026,RWJ,45,35.0,test,2.1157321598439855,-29.981425749662144,34.21289006935012
14813,29-08-2026,AMLI,46,33.0,test,-0.41538608483275397,-31.44548637407879,30.614714204413282
14813,29-08-2026,IDG,47,32.0,test,-2.484420976902422,-33.198927474997745,28.230085521192905
14813,29-08-2026,LKE,48,32.0,test,-3.1257474661434275,-34.97984672418043,28.72835179189358
14813,29-08-2026,KPZ,49,35.0,test,-1.4918526819454723,-33.06665521718699,30.08294985329605
14813,29-08-2026,KPTN,50,33.0,test,-6.507037871957134,-37.77254463365234,24.758468889738072
14813,29-08-2026,KOTA,51,41.0,test,2.8180239319313394,-30.2401122924292,35.876160156291874
14813,29-08-2026,ATH,52,38.0,test,0.041559859970127455,-33.509752178313605,33.59287189825386
14813,29-08-2026,BAZ,53,37.0,test,-7.069736533580961,-32.618801618304666,18.479328551142743
14813,29-08-2026,ATRU,54,39.0,test,-1.521730899234445,-36.27167124219457,33.22820944372569
14813,29-08-2026,SYL,55,39.0,test,-2.1976572526072857,-37.19877172869591,32.80345722348134
14813,29-08-2026,CAG,56,42.0,test,4.041611538619808,-31.406815563475032,39.490038640714644
14813,29-08-2026,RTA,57,28.0,test,8.472673499465742,-16.667584430625624,33.61293142955711
14813,29-08-2026,GUNA,58,35.0,test,9.019930161786,-11.565378082312975,29.605238405884975
14813,29-08-2026,PGA,59,30.0,test,5.763086012749568,-15.63165322957737,27.157825255076506
14813,29-08-2026,SHDR,60,29.0,test,4.150651901729634,-16.87437491029629,25.17567871375556
14813,29-08-2026,ASKN,61,27.0,test,0.789035671688592,-19.86247474829608,21.440546091673262
14813,29-08-2026,PIA,62,22.0,test,-4.609113789837803,-25.955360085421045,16.73713250574544
14813,29-08-2026,MNV,63,20.0,test,-7.503955252577456,-29.737308255641413,14.729397750486502
14813,29-08-2026,BINA,64,22.0,test,-6.479643683934677,-31.292710837291104,18.333423469421753
14813,29-08-2026,MABA,65,11.0,test,-14.08235875988881,-36.89511598236159,8.730398462583969
14813,29-08-2026,KAH,66,10.0,test,-16.471800641872434,-39.8698023346799,6.926201050935038
14813,29-08-2026,BET,67,10.0,test,-18.452701875533993,-41.720513632260996,4.81510988119301
14813,29-08-2026,BAQ,68,-14.0,test,-30.72866380012987,-53.650900654834466,-7.806426945425272
14813,29-08-2026,GLG,69,-14.0,test,-34.14530368867642,-57.0299443824962,-11.260662994856645
14813,29-08-2026,BHS,70,-8.0,test,-26.744624244129895,-47.534401932282236,-5.954846555977557
14813,29-08-2026,SCI,71,-8.0,test,-28.812278410234498,-49.85513871659822,-7.769418103870777
14813,29-08-2026,SMT,72,-8.0,test,-29.577111611090213,-49.735232093401265,-9.418991128779162
14813,30-08-2026,JU,0,3.0,test,9.695454450666624,-16.54658819276871,35.93749709410196
14813,30-08-2026,RKB,1,5.0,test,9.312625823574509,-17.11464305580398,35.739894702953
14813,30-08-2026,BNO,3,2.0,test,6.852750566190979,-19.313013610851115,33.01851474323307
14813,30-08-2026,JWL,4,3.0,test,6.674147779012181,-19.81493747258906,33.163233030613426
14813,30-08-2026,AAS,5,-1.0,test,4.048413598305427,-22.335096474893888,30.43192367150474
14813,30-08-2026,PPR,6,-2.0,test,0.8937092410850704,-26.02431025207814,27.81172873424828
14813,30-08-2026,UMED,7,-3.0,test,-0.006567390732708844,-26.823424491421306,26.81028970995589
14813,30-08-2026,KXG,8,-1.0,test,0.47874522676166986,-26.070088504442584,27.027578957965925
14813,30-08-2026,GOTN,9,-2.0,test,0.5453502706833775,-26.829795049163277,27.920495590530034
14813,30-08-2026,JOM,10,-2.0,test,-0.6492879973670103,-29.381084248668508,28.082508253934485
14813,30-08-2026,MTD,11,-12.0,test,-7.177320192350814,-35.694440357220934,21.3397999725193
14813,30-08-2026,REN,12,-13.0,test,-6.6637459478685575,-35.5076837096147,22.18019181387759
14813,30-08-2026,JAC,13,-16.0,test,-9.613727035023128,-39.107165057557864,19.879710987511608
14813,30-08-2026,DNA,14,-23.0,test,-14.821216813699625,-44.166563958034956,14.524130330635703
14813,30-08-2026,GCH,15,-19.0,test,-11.162107310673132,-40.29661722625481,17.97240260490855
14813,30-08-2026,BSRL,16,-20.0,test,-12.0782166766869,-41.20588429546105,17.049450942087248
14813,30-08-2026,BOW,17,-19.0,test,-10.783961830098924,-40.835920000610955,19.267996340413106
14813,30-08-2026,MKN,18,-23.0,test,-15.506679467966244,-45.643344136931404,14.62998520099892
14813,30-08-2026,KMNC,19,-23.0,test,-15.352818563713077,-45.39335752695788,14.687720399531722
14813,30-08-2026,NYK,20,-21.0,test,-14.567445740331953,-44.49533938786702,15.360447907203111
14813,30-08-2026,NAC,21,-20.0,test,-14.03265497462472,-44.80619107100726,16.740881121757827
14813,30-08-2026,GA,22,-11.0,test,-6.345555715269274,-36.61386669770772,23.922755267169173
14813,30-08-2026,SBR,23,-11.0,test,-4.92858660828845,-35.05160346274096,25.194430246164053
14813,30-08-2026,FL,24,11.0,test,9.041041938679934,-18.56174470557321,36.64382858293308
14813,30-08-2026,HDA,25,10.0,test,7.62557743320098,-20.43223319174678,35.683388058148736
14813,30-08-2026,JOB,27,-7.0,test,-1.415985782189145,-28.25420215983718,25.42223059545889
14813,30-08-2026,BOBS,28,-18.0,test,-7.66957761526951,-35.049194735363855,19.71003950482483
14813,30-08-2026,DNK,30,-20.0,test,-11.267092541069651,-39.09639157412439,16.562206491985087
14813,30-08-2026,KKU,31,-23.0,test,-20.298350839959014,-47.533396440860585,6.936694760942554
14813,30-08-2026,JP,32,-2.0,test,-3.739007900642836,-32.60577302961874,25.127757228333067
14813,30-08-2026,DPA,33,3.0,test,0.5579261563184662,-28.051518511009018,29.16737082364595
14813,30-08-2026,SNGN,34,3.0,test,-2.0746683686978677,-31.6893482319575,27.540011494561764
14813,30-08-2026,SAS,35,-2.0,test,-4.069611637444054,-34.56879258059443,26.429569305706323
14813,30-08-2026,CKS,36,-2.0,test,-5.767646436173513,-34.711974427124474,23.17668155477745
14813,30-08-2026,CHNN,37,-3.0,test,-7.139296361651501,-36.628661856090005,22.350069132787002
14813,30-08-2026,BNLW,38,-4.0,test,-8.338376579733874,-37.94344047443238,21.266687314964635
14813,30-08-2026,SRAS,39,-5.0,test,-11.386755174117072,-43.64906411319884,20.8755537649647
14813,30-08-2026,ISA,40,-6.0,test,-11.455643901373206,-43.16641792842997,20.255130125683564
14813,30-08-2026,CKB,42,-15.0,test,-17.027197466889504,-48.06092225369322,14.006527319914213
14813,30-08-2026,SWM,44,6.0,test,1.959300313754368,-29.942383680396258,33.86098430790499
14813,30-08-2026,RWJ,45,-1.0,test,-2.202618832681363,-34.299780277382084,29.894542612019354
14813,30-08-2026,AMLI,46,-3.0,test,-4.921515726512028,-35.951618351275684,26.10858689825163
14813,30-08-2026,IDG,47,-4.0,test,-7.0271184766545325,-37.741626023936185,23.68738907062712
14813,30-08-2026,LKE,48,-3.0,test,-7.339231579736165,-39.193331324970046,24.514868165497713
14813,30-08-2026,KPZ,49,-10.0,test,-9.129198404430582,-40.704001053837615,22.445604244976447
14813,30-08-2026,KPTN,50,-12.0,test,-14.454948191760685,-45.720454982174935,16.810558598653564
14813,30-08-2026,KOTA,51,-16.0,test,-9.03923007036839,-42.09736630394507,24.018906163208293
14813,30-08-2026,ATH,52,-20.0,test,-12.796826791076661,-46.34813882790164,20.75448524574832
14813,30-08-2026,BAZ,53,-22.0,test,-20.20815648389481,-45.75722156609709,5.340908598307461
14813,30-08-2026,ATRU,54,-19.0,test,-14.271817819801097,-49.02175816090711,20.478122521304915
14813,30-08-2026,SYL,55,-20.0,test,-15.227745991625905,-50.22886046770864,19.773368484456828
14813,30-08-2026,CAG,56,-11.0,test,-7.0089822821616625,-42.45740938362487,28.43944481930155
14813,30-08-2026,RTA,57,18.0,test,13.240852987685473,-11.899404939487143,38.38111091485809
14813,30-08-2026,GUNA,58,-17.0,test,0.2339739529796372,-20.351334288453977,20.819282194413255
14813,30-08-2026,PGA,59,-22.0,test,-4.808184109156522,-26.202923351374043,16.586555133061
14813,30-08-2026,SHDR,60,-23.0,test,-6.612008839080391,-27.6370356509179,14.413017972757114
14813,30-08-2026,ASKN,61,-25.0,test,-9.8904475173939,-30.54195793729623,10.761062902508433
14813,30-08-2026,PIA,62,-26.0,test,-13.770701303827359,-35.11694759916844,7.575544991513727
14813,30-08-2026,MNV,63,-33.0,test,-18.185847780529496,-40.419200783495086,4.047505222436097
14813,30-08-2026,BINA,64,-27.0,test,-15.930362654245364,-40.74342980717184,8.882704498681115
14813,30-08-2026,MABA,65,-33.0,test,-21.72180045212373,-44.534557674620956,1.0909567703734915
14813,30-08-2026,KAH,66,-36.0,test,-24.488693105104584,-47.8866947978878,-1.0906914123213696
14813,30-08-2026,BET,67,-37.0,test,-26.881056720762643,-50.14886847747319,-3.613244964052104
14813,30-08-2026,BAQ,68,-40.0,test,-32.821211551977555,-55.743448406674865,-9.898974697280245
14813,30-08-2026,GLG,69,-43.0,test,-35.72599701315159,-58.61063770697021,-12.84135631933297
14813,30-08-2026,BHS,70,-36.0,test,-28.047941258737545,-48.83771894688981,-7.258163570585278
14813,30-08-2026,SCI,71,-36.0,test,-30.148560527936848,-51.19142083423773,-9.105700221635963
14813,30-08-2026,SMT,72,-37.0,test,-31.236920332722022,-51.39504081503307,-11.07879985041097
14813,31-08-2026,JU,0,9.0,test,14.913636367147026,-11.328406283871542,41.15567901816559
14813,31-08-2026,RKB,1,10.0,test,14.30172298459553,-12.125545902448406,40.728991871639465
14813,31-08-2026,BNO,3,7.0,test,11.706641340659996,-14.459122843451535,37.87240552477152
14813,31-08-2026,JWL,4,6.0,test,10.89874146842509,-15.590343789634812,37.38782672648499
14813,31-08-2026,AAS,5,6.0,test,9.381724085001323,-17.001785994289072,35.76523416429172
14813,31-08-2026,PPR,6,-5.0,test,3.0893306762663415,-23.828688822792685,30.00735017532537
14813,31-08-2026,UMED,7,-6.0,test,1.7307524854358147,-25.086104621274824,28.547609592146454
14813,31-08-2026,KXG,8,-7.0,test,1.2439536684707853,-25.30488006857366,27.792787405515227
14813,31-08-2026,GOTN,9,-8.0,test,1.1564164360043476,-26.21872888927887,28.53156176128757
14813,31-08-2026,JOM,10,-8.0,test,-0.05400349912382718,-28.7857997554382,28.67779275719055
14813,31-08-2026,MTD,11,-7.0,test,-3.0431980588125835,-31.56031822863207,25.473922111006907
14813,31-08-2026,REN,12,-11.0,test,-2.7645609256545507,-31.608498692430892,26.079376841121793
14813,31-08-2026,JAC,13,-13.0,test,-5.458825728069135,-34.95226375544288,24.034612299304612
14813,31-08-2026,DNA,14,-16.0,test,-9.31803717684253,-38.6633843259398,20.02730997225474
14813,31-08-2026,GCH,15,-12.0,test,-5.459261755256997,-34.59377167558304,23.67524816506905
14813,31-08-2026,BSRL,16,-12.0,test,-6.058278729698779,-35.18594635307757,23.069388893680006
14813,31-08-2026,BOW,17,-15.0,test,-6.021200271665739,-36.07315844651504,24.030757903183556
14813,31-08-2026,MKN,18,-19.0,test,-10.97656469966697,-41.11322937282927,19.160099973495328
14813,31-08-2026,KMNC,19,-18.0,test,-10.575785889766973,-40.616324857161906,19.46475307762796
14813,31-08-2026,NYK,20,-18.0,test,-10.362428526953611,-40.290322178569404,19.565465124662182
14813,31-08-2026,NAC,21,-18.0,test,-10.232334485176043,-41.005870585431865,20.541201615079782
14813,31-08-2026,GA,22,-13.0,test,-4.0150198697705255,-34.28333085623173,26.253291116690676
14813,31-08-2026,SBR,23,-13.0,test,-2.7795384563514705,-32.902555314746984,27.343478402044042
14813,31-08-2026,FL,24,7.0,test,10.567113765863969,-17.03567288257077,38.16990041429871
14813,31-08-2026,HDA,25,5.0,test,8.701700646134542,-19.356109982828855,36.759511275097935
14813,31-08-2026,JOB,27,-18.0,test,-2.300652755638833,-29.13886913742217,24.537563626144504
14813,31-08-2026,BOBS,28,-20.0,test,-6.262066843295026,-33.6416839673655,21.117550280775447
14813,31-08-2026,DNK,30,-25.0,test,-10.134786001315852,-37.96408503825619,17.694513035624478
14813,31-08-2026,KKU,31,-30.0,test,-19.839574782012253,-47.07462038683392,7.395470822809415
14813,31-08-2026,JP,32,-8.0,test,-3.110347678902607,-31.977112811509702,25.75641745370449
14813,31-08-2026,DPA,33,-3.0,test,1.2393180100119834,-27.370126660904223,29.848762680928193
14813,31-08-2026,SNGN,34,-5.0,test,-1.910434976081476,-31.525114842734702,27.70424489057175
14813,31-08-2026,SAS,35,-7.0,test,-3.1063397485044226,-33.60552069505848,27.392841198049634
14813,31-08-2026,CKS,36,-7.0,test,-4.66563864877395,-33.60996664329197,24.278689345744066
14813,31-08-2026,CHNN,37,-9.0,test,-6.3346957598925755,-35.82406125773547,23.15466973795032
14813,31-08-2026,BNLW,38,-9.0,test,-7.2638148698392975,-36.8688787678876,22.341249028209006
14813,31-08-2026,SRAS,39,-11.0,test,-10.587474063056472,-42.84978300511949,21.674834879006543
14813,31-08-2026,ISA,40,-13.0,test,-11.040250325248229,-42.75102435526549,20.67052370476904
14813,31-08-2026,CKB,42,-18.0,test,-15.310651674053315,-46.34437646390526,15.72307311579863
14813,31-08-2026,DPZ,43,-19.0,test,-16.236503031043227,-47.39261718361985,14.91961112153339
14813,31-08-2026,SWM,44,-6.0,test,0.8940981498860309,-31.007579282576,32.795775582348064
14813,31-08-2026,RWJ,45,-12.0,test,-3.42714304003994,-35.52430094954607,28.67001486946619
14813,31-08-2026,AMLI,46,-14.0,test,-6.139906610498058,-37.170006899744095,24.890193678747977
14813,31-08-2026,IDG,47,-16.0,test,-8.551759241276885,-39.26626573937221,22.16274725681844
14813,31-08-2026,LKE,48,-16.0,test,-9.215441816833629,-41.069541074870635,22.638657441203378
14813,31-08-2026,KPZ,49,-12.0,test,-7.18635400483951,-38.76115654008103,24.38844853040201
14813,31-08-2026,KPTN,50,-19.0,test,-13.863519460829236,-45.129026222524445,17.40198730086597
14813,31-08-2026,KOTA,51,-17.0,test,-6.673329146282877,-39.73146537064341,26.38480707807766
14813,31-08-2026,ATH,52,-19.0,test,-9.398073790519835,-42.94938582880357,24.1532382477639
14813,31-08-2026,BAZ,53,-21.0,test,-16.797030816297838,-42.34609590102154,8.752034268425867
14813,31-08-2026,ATRU,54,-18.0,test,-10.890008669156135,-45.63994901211626,23.859931673803995
14813,31-08-2026,SYL,55,-18.0,test,-11.526831647354502,-46.52794612344313,23.474282828734122
14813,31-08-2026,CAG,56,-9.0,test,-3.260673197286313,-38.709100299381156,32.187753904808524
14813,31-08-2026,RTA,57,10.0,test,13.370924190179094,-11.769333739912271,38.51118212027046
14813,31-08-2026,GUNA,58,4.0,test,10.115258943781635,-10.47004930031734,30.70056718788061
14813,31-08-2026,PGA,59,-1.0,test,6.268911740510283,-15.125827501816655,27.663650982837222
14813,31-08-2026,SHDR,60,-2.0,test,4.539031271212582,-16.48599554081334,25.564058083238507
14813,31-08-2026,ASKN,61,-5.0,test,0.8253960789068694,-19.8261143410778,21.47690649889154
14813,31-08-2026,PIA,62,-7.0,test,-3.569748654581193,-24.915994950164436,17.77649764100205
14813,31-08-2026,MNV,63,-10.0,test,-6.70922293656678,-28.942575939630736,15.524130066497177
14813,31-08-2026,BINA,64,-26.0,test,-12.079111795099884,-36.89217894845631,12.733955358256544
14813,31-08-2026,MABA,65,-29.0,test,-17.527102442732744,-40.33985966520552,5.285654779740035
14813,31-08-2026,KAH,66,-29.0,test,-19.270409080484562,-42.66841077329204,4.1275926123229105
14813,31-08-2026,BET,67,-30.0,test,-21.396972907311667,-44.66478466403867,1.8708388494153354
14813,31-08-2026,BAQ,68,-31.0,test,-26.652319313328043,-49.57455616803264,-3.7300824586234462
14813,31-08-2026,GLG,69,-31.0,test,-28.372738807130816,-51.25737950095059,-5.48809811331104
14813,31-08-2026,BHS,70,-17.0,test,-18.149340990155096,-38.93911867830744,2.6404366979972416
14813,31-08-2026,SCI,71,-19.0,test,-20.603683216862546,-41.64654352322627,0.4391770895011753
14813,31-08-2026,SMT,72,-20.0,test,-21.796121904382897,-41.95424238669395,-1.638001422071845
15013,28-08-2026,JSM,1,-8.0,test,15.343722948403828,-19.627963147032496,50.315409043840155
15013,28-08-2026,POK,2,-23.0,test,1.6560877763119568,-35.15228484986024,38.46446040248415
15013,28-08-2026,RDRA,3,-19.0,test,1.4052209023333038,-36.77014149616673,39.58058330083334
15013,28-08-2026,PLCJ,4,-19.0,test,-1.418394996268638,-40.27602298185182,37.43923298931454
15013,28-08-2026,MWT,5,-51.0,test,-30.23029095456727,-70.0626146568593,9.602032747724753
15013,28-08-2026,RKB,6,-26.0,test,-14.894845144192598,-54.44038315244062,24.65069286405542
15013,28-08-2026,JU,7,-23.0,test,-7.919679909920929,-48.50753750513456,32.6681776852927
15013,28-08-2026,BGKT,8,-24.0,test,-9.216978896269776,-50.52080776599645,32.08684997345689
15013,28-08-2026,LUNI,9,-21.0,test,-5.990924929424134,-46.22663256962076,34.2447827107725
15013,28-08-2026,PMY,10,-34.0,test,-12.184012268697792,-54.39520104965327,30.027176512257682
15013,28-08-2026,MJ,11,-18.0,test,3.184764335874024,-38.15429020725035,44.52381887899839
15013,28-08-2026,BER,12,-14.0,test,5.47053696625972,-36.74958677239901,47.69066070491846
15013,28-08-2026,AII,13,-8.0,test,10.212767216462488,-28.26296340412007,48.68849783704505
15013,28-08-2026,KSG,14,-8.0,test,7.4740061144644,-28.314682108526746,43.26269433745555
15013,28-08-2026,JP,15,-15.0,test,6.712318076537921,-27.797496605196244,41.22213275827208
15013,28-08-2026,GADJ,16,-17.0,test,5.041951918075972,-29.840345280017075,39.92424911616902
15013,28-08-2026,DO,17,-28.0,test,-5.748902754797065,-40.54267975301715,29.044874243423017
15013,28-08-2026,BKI,18,-34.0,test,-11.10435237898098,-45.737223314130844,23.52851855616888
15013,28-08-2026,RHG,19,-35.0,test,-12.030375818574015,-46.41368635548999,22.352934718341963
15013,28-08-2026,AWR,20,-30.0,test,-7.844528686346556,-42.76413894239519,27.07508156970208
15013,28-08-2026,KRH,21,-35.0,test,-10.977845515627186,-45.55237366035698,23.596682629102602
15013,28-08-2026,BWL,22,-29.0,test,-10.208126458747437,-45.88058907664959,25.46433615915472
15013,28-08-2026,RE,23,-18.0,test,4.089997208592468,-31.87288787438938,40.05288229157432
15013,28-08-2026,PTRD,24,-23.0,test,-3.2247137567709774,-39.2594018111216,32.80997429757965
15013,28-08-2026,GGN,25,-32.0,test,-14.42672473023496,-48.797714167063425,19.944264706593508
15013,28-08-2026,DEE,26,-37.0,test,-27.926272811486474,-60.314548608447126,4.462002985474182
15013,28-08-2026,DLI,27,-18.0,test,-1.506031991653984,-27.033638898265817,24.02157491495785
15013,28-08-2026,SBB,28,-30.0,test,-15.551517710419036,-42.556236102031974,11.453200681193904
15013,28-08-2026,GZB,29,-36.0,test,-17.425560170858432,-42.393218020739084,7.542097679022216
15013,28-08-2026,HPU,30,-32.0,test,-20.329618083601282,-45.10273875625003,4.443502589047462
15013,28-08-2026,MB,31,-10.0,test,-4.2103253163300245,-25.13578671215386,16.71513607949381
15013,28-08-2026,RMU,32,-8.0,test,-2.3066454157233647,-21.952806939385653,17.339516107938927
15013,28-08-2026,BLQR,33,-15.0,test,-8.734176917559475,-30.830608894153677,13.362255059034728
15013,28-08-2026,RUPC,34,-16.0,test,-10.717300818264269,-31.69594712976584,10.261345493237302
15013,28-08-2026,LKU,35,-17.0,test,-12.82247702448718,-34.081112283411976,8.436158234437615
15013,28-08-2026,HDW,36,-8.0,test,3.810645638064428,-9.63990474744556,17.261196023574417
15013,29-08-2026,JSM,1,-5.0,test,14.970995668655227,-20.000690426781098,49.94268176409155
15013,29-08-2026,POK,2,-44.0,test,-7.712392682841261,-44.520765309013456,29.09597994333093
15013,29-08-2026,RDRA,3,-40.0,test,-8.08267630224224,-46.258038700742276,30.092686096257793
15013,29-08-2026,PLCJ,4,-71.0,test,-22.417751876950632,-61.27537986253381,16.439876108632546
15013,29-08-2026,MWT,5,-80.0,test,-43.05695339521472,-82.88927709750675,-3.224629692922697
15013,29-08-2026,RKB,6,-64.0,test,-30.478279549105086,-70.0238175573531,9.06725845914293
15013,29-08-2026,JU,7,-50.0,test,-20.933601370782622,-61.521458965996246,19.654256224431006
15013,29-08-2026,BGKT,8,-49.0,test,-20.453909568585857,-61.75773843831253,20.849919301140815
15013,29-08-2026,LUNI,9,-42.0,test,-15.10201338628842,-55.33772102648505,25.13369425390821
15013,29-08-2026,PMY,10,-40.0,test,-15.803168754941494,-58.01435753589697,26.40802002601398
15013,29-08-2026,MJ,11,-26.0,test,-1.0495064453469989,-42.38856098847137,40.28954809777737
15013,29-08-2026,BER,12,-21.0,test,1.407694025313123,-40.812429713345615,43.627817763971855
15013,29-08-2026,AII,13,-11.0,test,7.6143285168718835,-30.861402103710677,46.090059137454446
15013,29-08-2026,KSG,14,-11.0,test,4.905349487341643,-30.883338735649506,40.69403771033279
15013,29-08-2026,JP,15,-15.0,test,5.22970435898231,-29.280110322751852,39.73951904071647
15013,29-08-2026,GADJ,16,-16.0,test,3.865541309313756,-31.016755888779294,38.747838507406804
15013,29-08-2026,DO,17,-21.0,test,-4.617695988933947,-39.41147298715403,30.176081009286136
15013,29-08-2026,BKI,18,-29.0,test,-10.653265037891709,-45.28613597304157,23.979605897258153
15013,29-08-2026,RHG,19,-27.0,test,-10.592220339797201,-44.97553087671318,23.791090197118777
15013,29-08-2026,AWR,20,-21.0,test,-5.959284832437543,-40.878895088486175,28.960325423611092
15013,29-08-2026,KRH,21,-28.0,test,-9.80188793968613,-44.37641608441592,24.772640205043658
15013,29-08-2026,BWL,22,-31.0,test,-12.33592382035899,-48.00838643826115,23.336538797543163
15013,29-08-2026,RE,23,-11.0,test,4.773025499853046,-31.189859583128804,40.7359105828349
15013,29-08-2026,PTRD,24,-22.0,test,-4.171296779898684,-40.20598483424931,31.863391274451942
15013,29-08-2026,GGN,25,-27.0,test,-14.137561985489292,-48.50855142231776,20.233427451339175
15013,29-08-2026,DEE,26,-45.0,test,-32.139474667869614,-64.52775046483026,0.24880112909104213
15013,29-08-2026,DLI,27,-20.0,test,-4.447802971838762,-29.975409878450595,21.07980393477307
15013,29-08-2026,SBB,28,-33.0,test,-18.271423535488758,-45.2761419271017,8.733294856124182
15013,29-08-2026,GZB,29,-25.0,test,-15.985469267828263,-40.95312711770891,8.982188582052386
15013,29-08-2026,HPU,30,-26.0,test,-19.40253475625849,-44.175655428907234,5.3705859163902545
15013,29-08-2026,MB,31,-14.0,test,-7.147027761627331,-28.072489157451166,13.778433634196503
15013,29-08-2026,RMU,32,-11.0,test,-4.9537923090714795,-24.599953832733767,14.69236921459081
15013,29-08-2026,BLQR,33,-18.0,test,-11.345575575625986,-33.44200755222019,10.750856400968217
15013,29-08-2026,RUPC,34,-23.0,test,-14.67561902786404,-35.65426533936561,6.303027283637531
15013,29-08-2026,LKU,35,-25.0,test,-17.301628957025287,-38.560264215950085,3.957006301899508
15013,29-08-2026,HDW,36,-5.0,test,2.953030984080108,-10.49751940142988,16.403581369590096
15013,30-08-2026,JSM,1,54.0,test,14.970995668655227,-20.000685112577713,49.94267644988817
15013,30-08-2026,RDRA,3,53.0,test,4.890658843688257,-33.284890746688994,43.06620843406551
15013,30-08-2026,PLCJ,4,54.0,test,2.311148700154785,-36.546494429251936,41.16879182956151
15013,30-08-2026,MWT,5,46.0,test,-17.700755255124676,-57.53308099611879,22.13157048586944
15013,30-08-2026,RKB,6,30.0,test,-17.387549051727852,-56.93308713687044,22.157989033414736
15013,30-08-2026,JU,7,42.0,test,-8.483438425384552,-49.071296204072226,32.10441935330313
15013,30-08-2026,BGKT,8,43.0,test,-8.32613626148065,-49.62996531118189,32.977692788220594
15013,30-08-2026,LUNI,9,51.0,test,-2.5847490714837207,-42.82045673319862,37.65095859023118
15013,30-08-2026,PMY,10,46.0,test,-5.757402743572186,-47.96859152635588,36.45378603921151
15013,30-08-2026,MJ,11,54.0,test,6.741049363779116,-34.59800519058115,48.080103918139386
15013,30-08-2026,BER,12,55.0,test,7.682375386115621,-34.53774832909093,49.90249910132218
15013,30-08-2026,AII,13,55.0,test,10.194136238964951,-28.281594392745795,48.6698668706757
15013,30-08-2026,KSG,14,55.0,test,7.411458433329121,-28.377229788878882,43.200146655537125
15013,30-08-2026,JP,15,39.0,test,3.344676664483837,-31.165138009863565,37.85449133883124
15013,30-08-2026,GADJ,16,38.0,test,1.9263843458553827,-32.95591292481429,36.80868161652506
15013,30-08-2026,DO,17,31.0,test,-7.251622161493241,-42.04539916912829,27.542154846141802
15013,30-08-2026,BKI,18,26.0,test,-12.202147478170653,-46.83501841105072,22.430723454709415
15013,30-08-2026,RHG,19,23.0,test,-13.824828167170246,-48.208138704201225,20.558482369860734
15013,30-08-2026,AWR,20,28.0,test,-9.71670478995638,-44.63631504010289,25.20290546019013
15013,30-08-2026,KRH,21,17.0,test,-14.9930651462047,-49.56759328958556,19.58146299717616
15013,30-08-2026,BWL,22,24.0,test,-14.01591006063991,-49.68837268022045,21.656552558940632
15013,30-08-2026,RE,23,50.0,test,5.376685780755731,-30.586199303633894,41.339570865145355
15013,30-08-2026,PTRD,24,25.0,test,-8.166315446111273,-44.201003500554464,27.868372608331914
15013,30-08-2026,GGN,25,22.0,test,-17.958624951314977,-52.329614388142275,16.412364485512317
15013,30-08-2026,DEE,26,-27.0,test,-46.88674318035736,-79.27501897731703,-14.498467383397681
15013,30-08-2026,DLI,27,14.0,test,-15.7026695168597,-41.23027642347057,9.82493738975117
15013,30-08-2026,SBB,28,4.0,test,-27.03603964665076,-54.04075803826336,-0.03132125503816141
15013,30-08-2026,GZB,29,-8.0,test,-30.16653291911551,-55.13419076899595,-5.198875069235072
15013,30-08-2026,HPU,30,-11.0,test,-35.9555379624351,-60.728658635083825,-11.182417289786379
15013,30-08-2026,MB,31,1.0,test,-23.616280155487985,-44.541741551311816,-2.6908187596641504
15013,30-08-2026,RMU,32,-1.0,test,-23.172198166913645,-42.81835969057593,-3.5260366432513557
15013,30-08-2026,BLQR,33,-8.0,test,-29.678914946636795,-51.775346923231,-7.582482970042591
15013,30-08-2026,RUPC,34,-4.0,test,-29.95061262357337,-50.92925893477478,-8.971966312371958
15013,30-08-2026,LKU,35,-9.0,test,-33.15854737703282,-54.417182635952976,-11.89991211811266
15013,30-08-2026,HDW,36,-6.0,test,-18.689805570812265,-32.14035595632225,-5.239255185302277
15013,31-08-2026,JSM,1,-11.0,test,14.598268388906629,-20.373415367976452,49.56995214578971
15013,31-08-2026,POK,2,-30.0,test,-0.5886267535076499,-37.396994996505406,36.21974148949011
15013,31-08-2026,RDRA,3,-29.0,test,-1.86017419993524,-40.03553348445099,36.31518508458051
15013,31-08-2026,PLCJ,4,-31.0,test,-5.583073936921975,-44.44069959881114,33.27455172496719
15013,31-08-2026,MWT,5,-48.0,test,-28.89317116156259,-68.7254930128361,10.939150689710921
15013,31-08-2026,JU,7,-21.0,test,-7.67644798433892,-48.26431690394392,32.91142093526608
15013,31-08-2026,BGKT,8,-22.0,test,-8.237272934970042,-49.54112988360899,33.0665840136689
15013,31-08-2026,LUNI,9,-14.0,test,-2.911542004448492,-43.1472544384215,37.324170429524514
15013,31-08-2026,PMY,10,-17.0,test,-5.391149710399533,-47.602338359108636,36.82003893830957
15013,31-08-2026,MJ,11,-9.0,test,7.133052470818987,-34.20600155792817,48.472106499566145
15013,31-08-2026,BER,12,-9.0,test,7.686745951934449,-34.5333768987501,49.906868802618995
15013,31-08-2026,AII,13,-10.0,test,9.8186965279149,-28.657033423089025,48.29442647891883
15013,31-08-2026,KSG,14,-14.0,test,5.5783762376908665,-30.210311441633195,41.36706391701493
15013,31-08-2026,JP,15,-16.0,test,6.6739397694508185,-27.835873952528992,41.18375349143063
15013,31-08-2026,GADJ,16,-17.0,test,5.338189772961729,-29.544106632089555,40.22048617801301
15013,31-08-2026,DO,17,-26.0,test,-4.616738344481384,-39.41051479733417,30.177038108371406
15013,31-08-2026,BKI,18,-33.0,test,-10.323740672572997,-44.956611199884186,24.309129854738195
15013,31-08-2026,RHG,19,-30.0,test,-9.870567581918209,-44.25387776980106,24.51274260596464
15013,31-08-2026,AWR,20,-23.0,test,-4.839807848915571,-39.7594177528442,30.07980205501306
15013,31-08-2026,KRH,21,-26.0,test,-7.237953655286713,-41.81248148773494,27.33657417716152
15013,31-08-2026,BWL,22,-27.0,test,-8.956689625654704,-44.629151960431564,26.715772709122156
15013,31-08-2026,RE,23,-12.0,test,6.502208260793177,-29.46067657865249,42.46509310023884
15013,31-08-2026,PTRD,24,-11.0,test,1.481796269340931,-34.552891561028574,37.51648409971044
15013,31-08-2026,GGN,25,-17.0,test,-8.429677226085087,-42.800666435421434,25.941311983251257
15013,31-08-2026,DLI,27,-10.0,test,1.0550999448764973,-24.472508636325877,26.582708526078868
15013,31-08-2026,SBB,28,-21.0,test,-11.998455423864266,-39.00317488661119,15.006264038882657
15013,31-08-2026,GZB,29,-11.0,test,-9.0127544413968,-33.980413060110116,15.95490417731652
15013,31-08-2026,HPU,30,-23.0,test,-16.21330872791711,-40.9864294971121,8.559812041277876
15013,31-08-2026,MB,31,-9.0,test,-3.450004690384363,-24.37546608688797,17.475456706119246
15013,31-08-2026,RMU,32,-9.0,test,-2.309519625900178,-21.95568114958096,17.336641897780602
15013,31-08-2026,BLQR,33,-14.0,test,-8.069155898844286,-30.165587875439478,14.027276077750905
15013,31-08-2026,RUPC,34,-16.0,test,-10.31407038809295,-31.292716699594642,10.66457592340874
15013,31-08-2026,LKU,35,-19.0,test,-13.131654604924497,-34.3902898638493,8.126980654000304
15013,31-08-2026,HDW,36,-9.0,test,3.744547950083268,-9.70600243542672,17.195098335593258
19056,28-08-2026,UDN,1,-19.0,test,-1.2285123753110812,-16.661290391328386,14.204265640706222
19056,28-08-2026,NVS,2,-29.0,test,-15.083511997728227,-31.009337994434734,0.8423139989782804
19056,28-08-2026,VDH,3,-29.0,test,-14.557202358918257,-30.538245586893098,1.4238408690565834
19056,28-08-2026,BIM,4,-32.0,test,-15.780706401868775,-31.33656775777787,-0.2248450459596789
19056,28-08-2026,BL,5,-22.0,test,-6.366458954425337,-21.33816079234862,8.605242883497947
19056,28-08-2026,ATUL,6,-26.0,test,-10.434782410444905,-25.229717757443254,4.360152936553446
19056,28-08-2026,PAD,7,-26.0,test,-10.555220444729365,-25.429002413656463,4.318561524197733
19056,28-08-2026,UVD,8,-26.0,test,-11.56973018244026,-26.05172936541379,2.9122690005332714
19056,28-08-2026,VAPI,9,-27.0,test,-11.706694654730766,-29.05875004858906,5.645360739127531
19056,28-08-2026,BLD,11,-27.0,test,-14.303159364366774,-31.25452189197328,2.6482031632397316
19056,28-08-2026,SJN,12,-29.0,test,-15.783130157399697,-33.26711927748172,1.7008589626823252
19056,28-08-2026,UBR,13,-29.0,test,-17.448120913714668,-36.94080964076059,2.044567813331259
19056,28-08-2026,GVD,15,-17.0,test,-10.893406445447535,-29.850697778250517,8.063884887355446
19056,28-08-2026,DRD,16,-17.0,test,-8.464638965431261,-24.35770133502481,7.428423404162288
19056,28-08-2026,VGN,17,-29.0,test,-14.290552452380986,-27.586894333821604,-0.9942105709403659
19056,28-08-2026,BOR,18,-31.0,test,-16.927504383738743,-30.67139583266794,-3.1836129348095437
19056,28-08-2026,PLG,19,-30.0,test,-18.47205414776085,-27.822420627873253,-9.121687667648448
19056,28-08-2026,KLV,20,-29.0,test,-17.482208632616086,-26.99681136834653,-7.96760589688564
19056,28-08-2026,SAH,21,-29.0,test,-17.40678454998214,-26.56949093660748,-8.244078163356805
19056,28-08-2026,VTN,22,-29.0,test,-17.722796733435096,-26.38163458239366,-9.063958884476534
19056,28-08-2026,VR,23,-28.0,test,-18.645420705077292,-25.61022375062032,-11.680617659534263
19056,28-08-2026,BSR,24,-27.0,test,-18.540450906656176,-24.382553999606824,-12.698347813705528
19056,28-08-2026,BVI,25,-37.0,test,-26.5930364656087,-33.23422698249753,-19.95184594871987
19056,28-08-2026,ADH,26,-37.0,test,-26.70438319118002,-35.60468426037345,-17.80408212198659
19056,29-08-2026,UDN,1,5.0,test,-0.48305781581388074,-15.915835718275193,14.949720086647432
19056,29-08-2026,NVS,2,-6.0,test,-14.690669510402095,-30.61649540698039,1.235156386176202
19056,29-08-2026,VDH,3,-7.0,test,-14.497379188395634,-30.478422327447802,1.4836639506565366
19056,29-08-2026,BIM,4,-9.0,test,-15.475425204470078,-31.03128648099455,0.08043607205439329
19056,29-08-2026,BL,5,3.0,test,-5.327832558153336,-20.29953432148917,9.643869205182495
19056,29-08-2026,PAD,7,-2.0,test,-9.681560172390318,-24.555342571038118,5.1922222262574795
19056,29-08-2026,UVD,8,-5.0,test,-11.61394040498336,-26.095939918663966,2.868059108697244
19056,29-08-2026,VAPI,9,-4.0,test,-11.448078673849869,-28.80013421279638,5.90397686509664
19056,29-08-2026,BLD,11,-8.0,test,-15.224840945606388,-32.17620351761581,1.7265216264030343
19056,29-08-2026,SJN,12,-9.0,test,-16.620779254473845,-34.1047683690488,0.8632098601011045
19056,29-08-2026,UBR,13,-13.0,test,-19.34531542209971,-38.83800413428391,0.14737329008449507
19056,29-08-2026,GVD,15,-31.0,test,-22.242767417194905,-41.200058726439444,-3.285476107950366
19056,29-08-2026,DRD,16,-19.0,test,-18.325525213756567,-34.2185875518646,-2.4324628756485343
19056,29-08-2026,VGN,17,-23.0,test,-21.128845539258585,-34.42518738391885,-7.832503694598312
19056,29-08-2026,BOR,18,-25.0,test,-23.13554457776031,-36.87943599409152,-9.391653161429096
19056,29-08-2026,PLG,19,-24.0,test,-24.5119657577398,-33.86233219595512,-15.16159931952448
19056,29-08-2026,KLV,20,-24.0,test,-23.778576308775204,-33.2931790085736,-14.263973608976803
19056,29-08-2026,SAH,21,-23.0,test,-23.477431284980913,-32.64013763864043,-14.314724931321395
19056,29-08-2026,VTN,22,-22.0,test,-23.434904176626024,-32.093741995641864,-14.776066357610183
19056,29-08-2026,VR,23,-25.0,test,-25.433000506372156,-32.39780352130857,-18.468197491435745
19056,29-08-2026,ADH,26,-24.0,test,-30.314190852048704,-39.214491921242136,-21.41388978285527
19056,30-08-2026,UDN,1,-8.0,test,-1.2285123753110812,-16.661290277772395,14.20426552715023
19056,30-08-2026,NVS,2,-20.0,test,-15.788716204936538,-31.714542101514837,0.13710969164175957
19056,30-08-2026,VDH,3,-19.0,test,-15.016597832701416,-30.997640971753587,0.9644453063507541
19056,30-08-2026,BIM,4,-22.0,test,-16.170976795429976,-31.726838071954447,-0.6151155189055046
19056,30-08-2026,BL,5,-11.0,test,-6.402565276624475,-21.37426703996031,8.569136486711356
19056,30-08-2026,ATUL,6,-16.0,test,-10.719056520732199,-25.513991797460932,4.075878755996536
19056,30-08-2026,PAD,7,-16.0,test,-10.900575824979901,-25.77435772762474,3.973206077664935
19056,30-08-2026,UVD,8,-20.0,test,-13.03277977990011,-27.51477889893117,1.4492193391309502
19056,30-08-2026,VAPI,9,-17.0,test,-12.336091201038727,-29.68814654540442,5.015964143326968
19056,30-08-2026,BLD,11,-23.0,test,-16.614456363603562,-33.565818844126895,0.33690611691977423
19056,30-08-2026,SJN,12,-24.0,test,-18.113958221892524,-35.59794729982233,-0.6299691439627182
19056,30-08-2026,UBR,13,-24.0,test,-19.760011124834588,-39.25269981623208,-0.2673224334370943
19056,30-08-2026,GVD,15,-35.0,test,-20.15898396706342,-39.1162752661581,-1.2016926679687394
19056,30-08-2026,DRD,16,-23.0,test,-15.650730963963381,-31.54379329701994,0.24233136909317388
19056,30-08-2026,VGN,17,-21.0,test,-16.455112130979355,-29.75145397346657,-3.158770288492139
19056,30-08-2026,BOR,18,-24.0,test,-18.44673192381048,-32.19062333923864,-4.7028405083823195
19056,30-08-2026,PLG,19,-24.0,test,-20.180022788274073,-29.530389226012183,-10.829656350535963
19056,30-08-2026,KLV,20,-24.0,test,-19.551538195274798,-29.06614089486697,-10.036935495682625
19056,30-08-2026,SAH,21,-25.0,test,-19.852426348961643,-29.015132702509476,-10.689719995413812
19056,30-08-2026,VTN,22,-25.0,test,-20.285863833589623,-28.94470165255011,-11.62702601462914
19056,30-08-2026,VR,23,-24.0,test,-21.24338859463555,-28.208191609544194,-14.278585579726908
19056,30-08-2026,ADH,26,-25.0,test,-26.534569646607682,-35.43487071580111,-17.634268577414254
19056,31-08-2026,UDN,1,5.0,test,-0.48305781581388074,-15.915835718275193,14.949720086647432
19056,31-08-2026,NVS,2,-7.0,test,-15.043261645439337,-30.969087542017633,0.8825642511389606
19056,31-08-2026,VDH,3,-10.0,test,-15.48694071014477,-31.46798384919694,0.4941024289074001
19056,31-08-2026,BIM,4,-12.0,test,-16.621930094098747,-32.17779137062322,-1.0660688175742763
19056,31-08-2026,BL,5,-4.0,test,-7.841637966347276,-22.813339729683108,7.130063796988555
19056,31-08-2026,ATUL,6,-10.0,test,-12.548667717854794,-27.343602994583527,2.2462675588739405
19056,31-08-2026,PAD,7,-9.0,test,-12.556462364926311,-27.430244267571148,2.317319537718525
19056,31-08-2026,UVD,8,-9.0,test,-13.525411676104042,-28.0074107951351,0.9565874429270185
19056,31-08-2026,VAPI,9,-9.0,test,-13.327868145156108,-30.679923489521805,4.024187199209587
19056,31-08-2026,BLD,11,-13.0,test,-17.09472432469202,-34.04608680521535,-0.14336184416868392
19056,31-08-2026,SJN,12,-20.0,test,-20.39116196884568,-37.875151046775485,-2.9071728909158736
19056,31-08-2026,UBR,13,-21.0,test,-22.61151543579415,-42.10420412719164,-3.1188267443966566
19056,31-08-2026,GVD,15,-35.0,test,-24.114052982961113,-43.07134428205579,-5.156761683866431
19056,31-08-2026,DRD,16,-22.0,test,-19.535907725631198,-35.42897005868775,-3.6428453925746425
19056,31-08-2026,VGN,17,-22.0,test,-20.929616187003,-34.225958029490215,-7.633274344515783
19056,31-08-2026,BOR,18,-22.0,test,-22.086402534231933,-35.83029394966009,-8.342511118803774
19056,31-08-2026,PLG,19,-21.0,test,-23.290253886158617,-32.64062032389673,-13.939887448420507
19056,31-08-2026,KLV,20,-21.0,test,-22.55416650882379,-32.068769208415965,-13.039563809231618
19056,31-08-2026,SAH,21,-19.0,test,-21.99042016401189,-31.15312651755972,-12.82771381046406
19056,31-08-2026,VTN,22,-18.0,test,-21.87848485699364,-30.537322675954123,-13.219647038033157
19056,31-08-2026,VR,23,-13.0,test,-21.512176331538516,-28.47697934644716,-14.547373316629873
19056,31-08-2026,ADH,26,-9.0,test,-24.660240587072636,-33.56054165626607,-15.759939517879205
19330,28-08-2026,ASV,1,-16.529999999999973,test,-15.580667954422324,-35.6723842427496,4.511048333904949
19330,28-08-2026,SDGM,2,-16.200000000000045,test,-19.810785289037256,-39.264956622150606,-0.35661395592390477
19330,28-08-2026,NRD,3,-24.5,test,-17.129210699675596,-36.779450481526254,2.5210290821750583
19330,28-08-2026,NHM,4,1.8400000000000318,test,-14.50211053857617,-36.291287699705315,7.287066622552976
19330,28-08-2026,TOD,5,7.449999999999932,test,-15.439850069017066,-37.17417959759409,6.294479459559959
19330,28-08-2026,PRJ,6,-8.949999999999932,test,-17.194047306186818,-38.78568150381638,4.397586891442742
19330,28-08-2026,HMT,7,32.379999999999995,test,-22.591185033682486,-44.122228958847444,-1.0601411085175236
19330,28-08-2026,SJS,8,-6.340000000000032,test,-17.29017846914291,-38.862917705127586,4.2825607668417724
19330,28-08-2026,BHWA,9,-38.319999999999936,test,-21.19753742243381,-43.1172379567181,0.7221631118504774
19330,28-08-2026,DNRP,10,-4.75,test,-15.414276551394408,-37.16841347569944,6.339860372910621
19330,28-08-2026,RDP,11,-22.159999999999968,test,-5.743266667254645,-26.130585110058426,14.644051775549137
19330,28-08-2026,SES,12,-11.079999999999984,test,-8.230714050143192,-31.235897485664346,14.774469385377962
19330,28-08-2026,JYM,13,-44.52000000000004,test,-7.638647092111523,-30.604070557467548,15.326776373244503
19330,28-08-2026,ZW,14,-40.870000000000005,test,-9.430968071291742,-32.82990310812086,13.967966965537373
19330,28-08-2026,UMRA,15,-30.50999999999999,test,-13.172220370015971,-36.6174410163559,10.273000276323955
19330,28-08-2026,UDZ,16,-25.97999999999999,test,-7.473740519759636,-31.115936614843875,16.1684555753246
19330,28-08-2026,RPZ,17,-12.140000000000015,test,-7.405066016726576,-29.805067652574763,14.994935619121613
19330,28-08-2026,MVJ,18,-17.689999999999998,test,-12.260929294197194,-36.24554979492862,11.72369120653423
19330,28-08-2026,FAN,19,-19.370000000000005,test,-7.762880473320568,-31.586100655644913,16.060339709003777
19330,28-08-2026,KIN,20,-11.100000000000001,test,-8.433664323847712,-32.591041797756105,15.723713150060686
19330,28-08-2026,COR,21,-13.0,test,-7.169947884444692,-22.940333535264728,8.600437766375341
19330,29-08-2026,ASV,1,-16.200000000000045,test,-20.616213503825914,-40.70792979215319,-0.5244972154986414
19330,29-08-2026,SDGM,2,-24.5,test,-17.660788665444805,-37.114959998558156,1.7933826676685456
19330,29-08-2026,NRD,3,1.8400000000000318,test,-15.3626639230515,-35.01290370490216,4.287575858799155
19330,29-08-2026,NHM,4,7.4500000000000455,test,-15.791798299671495,-37.580975460800644,5.997378861457651
19330,29-08-2026,TOD,5,-8.960000000000036,test,-16.247417097363925,-37.98174662594095,5.486912431213099
19330,29-08-2026,PRJ,6,32.379999999999995,test,-22.154322076791356,-43.74595627442092,-0.5626878791617962
19330,29-08-2026,HMT,7,-6.340000000000032,test,-17.473215579241927,-39.00425950440689,4.057828345923035
19330,29-08-2026,SJS,8,-38.31000000000006,test,-22.265315879577294,-43.83805511556197,-0.6925766435926128
19330,29-08-2026,BHWA,9,-4.75,test,-17.16825311780301,-39.0879536520873,4.751447416481277
19330,29-08-2026,DNRP,10,-22.160000000000082,test,-6.7935282538290025,-28.547665178134032,14.960608670476027
19330,29-08-2026,RDP,11,-11.090000000000032,test,-10.927452922213266,-31.314771365017048,9.459865520590515
19330,29-08-2026,SES,12,-44.51999999999998,test,-7.775143380882317,-30.78032681640347,15.230040054638838
19330,29-08-2026,JYM,13,-40.870000000000005,test,-7.535025831499243,-30.50044929685527,15.430397633856781
19330,29-08-2026,ZW,14,-30.510000000000048,test,-13.13362834499032,-36.532563381819436,10.265306691838795
19330,29-08-2026,UMRA,15,-25.97999999999996,test,-6.26720688492775,-29.712427531267675,17.178013761412178
19330,29-08-2026,UDZ,16,-12.129999999999995,test,-8.75531190677858,-32.39750800186282,14.886884188305658
19330,29-08-2026,RPZ,17,-17.69999999999999,test,-9.582927566523537,-31.982929202371725,12.81707406932465
19330,29-08-2026,MVJ,18,-19.370000000000005,test,-7.4154737065537635,-31.400094207285186,16.569146794177662
19330,29-08-2026,FAN,19,-11.100000000000009,test,-8.437676084643359,-32.260896266967706,15.385544097680986
19330,29-08-2026,KIN,20,-40.34,test,-13.36057078419769,-37.51794825810609,10.796806689710706
19330,29-08-2026,COR,21,-13.0,test,-10.756762425503503,-26.527148076323535,5.013623225316531
19330,30-08-2026,ASV,1,-24.5,test,-16.322395241122038,-36.414111529449315,3.769321047205235
19330,30-08-2026,SDGM,2,1.8399999999999181,test,-16.11716992400749,-35.57134125712084,3.3370014091058593
19330,30-08-2026,NRD,3,7.4500000000000455,test,-16.298759922548797,-35.948999704399455,3.3514798593018575
19330,30-08-2026,NHM,4,-8.959999999999923,test,-17.18484321264542,-38.974020373774565,4.604333948483728
19330,30-08-2026,TOD,5,32.370000000000005,test,-21.82022948214679,-43.554559010723814,-0.08589995356976488
19330,30-08-2026,PRJ,6,-6.340000000000032,test,-17.63162441391301,-39.22325861154257,3.9600097837165507
19330,30-08-2026,HMT,7,-38.31000000000006,test,-22.02320368561774,-43.5542476107827,-0.492159760452779
19330,30-08-2026,SJS,8,-4.75,test,-18.269308461038086,-39.842047697022764,3.3034307749465945
19330,30-08-2026,BHWA,9,-22.159999999999968,test,-8.711841157599824,-30.631541691884113,13.207859376684464
19330,30-08-2026,DNRP,10,-11.090000000000032,test,-11.653573291370614,-33.40771021567564,10.100563632934415
19330,30-08-2026,RDP,11,-44.52999999999997,test,-10.484807253847803,-30.872125696651587,9.902511188955978
19330,30-08-2026,SES,12,-40.870000000000005,test,-7.670831623542643,-30.676015059063797,15.334351811978511
19330,30-08-2026,JYM,13,-30.50999999999999,test,-12.1346538944514,-35.10007735980743,10.830769570904625
19330,30-08-2026,ZW,14,-25.980000000000018,test,-7.713220746558111,-31.112155783387227,15.685714290271005
19330,30-08-2026,UMRA,15,-12.129999999999995,test,-8.510350915572118,-31.955571561912045,14.934869730767808
19330,30-08-2026,UDZ,16,-17.69999999999999,test,-11.290700601471787,-34.93289669655603,12.35149549361245
19330,30-08-2026,RPZ,17,-19.379999999999995,test,-6.9855415422832525,-29.385543178131442,15.414460093564935
19330,30-08-2026,MVJ,18,-11.099999999999994,test,-8.721785871106704,-32.70640637183813,15.26283462962472
19330,30-08-2026,FAN,19,-40.34,test,-13.038416671221832,-36.86163685354617,10.784803511102513
19330,30-08-2026,KIN,20,-34.160000000000004,test,-16.919165702779413,-41.07654317668781,7.238211771128984
19330,30-08-2026,COR,21,-13.0,test,0.939750179226106,-14.830635471593927,16.71013583004614
19330,31-08-2026,ASV,1,1.8399999999999181,test,-15.599304318409754,-35.69102060673703,4.492411969917519
19330,31-08-2026,SDGM,2,7.449999999999932,test,-17.34620392244475,-36.8003752555581,2.1079674106686
19330,31-08-2026,NRD,3,-8.960000000000036,test,-17.434319752081738,-37.08455953393239,2.2159200297689168
19330,31-08-2026,NHM,4,32.370000000000005,test,-22.544912584809992,-44.33408974593914,-0.7557354236808465
19330,31-08-2026,TOD,5,-6.350000000000023,test,-16.621044038761678,-38.3553735673387,5.113285489815347
19330,31-08-2026,PRJ,6,-38.309999999999945,test,-21.822255242568477,-43.413889440198034,-0.23062104493891766
19330,31-08-2026,HMT,7,-4.75,test,-18.487653733334948,-40.01869765849991,3.0433901918300137
19330,31-08-2026,SJS,8,-22.149999999999977,test,-9.847864366929954,-31.420603602914635,11.724874869054727
19330,31-08-2026,BHWA,9,-11.079999999999927,test,-13.977883606542559,-35.89758414082685,7.94181692774173
19330,31-08-2026,DNRP,10,-44.52999999999997,test,-11.988428988284696,-33.742565912589725,9.765707936020334
19330,31-08-2026,RDP,11,-40.879999999999995,test,-10.381673800957618,-30.7689922437614,10.005644641846164
19330,31-08-2026,SES,12,-30.50999999999999,test,-12.256089467999452,-35.261272903520606,10.749093967521702
19330,31-08-2026,JYM,13,-25.970000000000027,test,-3.9948722688570877,-26.960295734213112,18.97055119649894
19330,31-08-2026,ZW,14,-12.130000000000052,test,-8.223109858660134,-31.62204489548925,15.175825178168981
19330,31-08-2026,UMRA,15,-17.689999999999998,test,-10.844444894587184,-34.28966554092711,12.600775751752742
19330,31-08-2026,UDZ,16,-19.379999999999995,test,-7.386042828240704,-31.028238923324942,16.256153266843533
19330,31-08-2026,RPZ,17,-11.110000000000014,test,-6.590525068171084,-28.990526704019274,15.809476567677104
19330,31-08-2026,MVJ,18,-40.33999999999999,test,-13.544616367331612,-37.52923686806304,10.440004133399812
19330,31-08-2026,FAN,19,-34.150000000000006,test,-16.686156075124465,-40.50937625744881,7.13706410719988
19330,31-08-2026,KIN,20,-25.370000000000005,test,-5.599173206738462,-29.75655068064686,18.558204267169934
19330,31-08-2026,COR,21,-13.0,test,-8.553056019004565,-24.323441669824597,7.217329631815469
19412,28-08-2026,DLPC,1,-19.0,test,-12.631168830500133,-21.64389795286595,-3.618439708134318
19412,28-08-2026,AADR,2,-22.0,test,-16.173593070583934,-25.348874191135003,-6.998311950032864
19412,28-08-2026,UHL,3,-22.0,test,-17.05560217875563,-25.89254738332913,-8.218656974182133
19412,28-08-2026,NLDM,4,-19.0,test,-13.950217650088803,-24.402058624113224,-3.49837667606438
19412,28-08-2026,ANSB,5,-26.0,test,-20.209046200872017,-30.958525409480707,-9.459566992263328
19412,28-08-2026,RPAR,6,-30.0,test,-24.86417217242709,-36.012322381403145,-13.716021963451036
19412,28-08-2026,MRND,7,-27.0,test,-21.445590727750787,-32.13884321386628,-10.752338241635297
19412,28-08-2026,SASN,8,-29.0,test,-23.136873213531707,-33.926589844881384,-12.347156582182032
19412,28-08-2026,CDG,9,-19.0,test,-18.771699291771554,-36.39683127980089,-1.1465673037422164
19412,28-08-2026,UMB,10,-19.0,test,-17.887415164105402,-38.70338868446622,2.9285583562554116
19412,28-08-2026,KKDE,11,-45.0,test,-51.619720071449905,-78.4494801672048,-24.789959975695012
19412,28-08-2026,KLE,12,-86.0,test,-70.31544553245749,-94.3062654056453,-46.32462565926967
19412,28-08-2026,NRW,13,-90.0,test,-68.51725822669934,-94.06504529598628,-42.9694711574124
19412,28-08-2026,UCA,14,-90.0,test,-69.82868113277777,-96.15148421215436,-43.50587805340119
19412,28-08-2026,JIND,15,-89.0,test,-70.97030128017131,-97.20223961915896,-44.73836294118367
19412,28-08-2026,JNA,16,-103.0,test,-80.12106032020586,-108.7735994447066,-51.46852119570511
19412,28-08-2026,ROK,17,-96.0,test,-77.65066400873464,-104.7677638455763,-50.533564171892976
19412,28-08-2026,JHJ,18,-100.0,test,-83.21181549727403,-116.68864734204153,-49.73498365250653
19412,28-08-2026,RE,19,-46.0,test,-33.753441345468794,-61.83607252271001,-5.670810168227575
19412,28-08-2026,KRH,20,-44.0,test,-32.66213364038856,-60.609766986532705,-4.714500294244413
19412,28-08-2026,AWR,21,-50.0,test,-36.590630364527755,-64.73815161885038,-8.443109110205128
19412,28-08-2026,RHG,22,-48.0,test,-34.99521710014866,-63.060634192211026,-6.929800008086289
19412,28-08-2026,BKI,23,-48.0,test,-36.543646327232686,-64.15217035562381,-8.935122298841563
19412,28-08-2026,DO,24,-51.0,test,-40.926591741778715,-69.1245845239505,-12.728598959606927
19412,28-08-2026,GADJ,25,-52.0,test,-43.246441276179745,-70.86177159575203,-15.631110956607465
19412,28-08-2026,JP,26,-51.0,test,-38.965912508666264,-64.83198037169633,-13.0998446456362
19412,28-08-2026,FL,27,-56.0,test,-46.37978529968992,-71.90783483401934,-20.851735765360498
19412,28-08-2026,KSG,28,-49.0,test,-43.49434168442454,-70.27515115699643,-16.713532211852655
19412,28-08-2026,AII,29,-46.0,test,-35.04194296750457,-56.86870452596669,-13.215181409042444
19412,28-08-2026,BER,30,-40.0,test,-34.4135859209521,-55.54224027923675,-13.284931562667449
19412,28-08-2026,SOD,31,-40.0,test,-34.92900913482236,-55.928985392448226,-13.929032877196494
19412,28-08-2026,MJ,32,-29.0,test,-24.543179966759258,-40.83592773989015,-8.25043219362836
19412,28-08-2026,RANI,33,-38.0,test,-32.92597350595802,-50.26748090040127,-15.584466111514775
19412,28-08-2026,FA,34,-34.0,test,-29.638954278236447,-46.71661926752876,-12.561289288944131
19412,28-08-2026,SJWB,35,-38.0,test,-32.708138872924025,-50.45089870911783,-14.96537903673022
19412,28-08-2026,NANA,36,-36.0,test,-30.61532790844648,-48.308419787923285,-12.922236028969678
19412,28-08-2026,PDWA,37,-38.0,test,-32.84754679756055,-49.85750296125839,-15.8375906338627
19412,28-08-2026,SRPJ,38,-39.0,test,-34.17643088926229,-51.12027122188718,-17.2325905566374
19412,28-08-2026,ABR,39,-31.0,test,-26.211230406934842,-40.8047215011372,-11.617739312732484
19412,28-08-2026,PNU,40,-19.0,test,-16.99307695406687,-26.141702012133212,-7.844451896000525
19412,28-08-2026,SID,41,-19.0,test,-17.46604047448437,-24.613499091175303,-10.318581857793436
19412,28-08-2026,UJA,42,-20.0,test,-19.377618614633583,-26.799612936387074,-11.955624292880092
19412,28-08-2026,MSH,43,-21.0,test,-20.361081264414235,-27.724908483661295,-12.997254045167175
19412,28-08-2026,KLL,44,-19.0,test,-15.305172785303064,-19.052098455388187,-11.558247115217942
19412,29-08-2026,DLPC,1,-21.0,test,-13.003896110248732,-22.016625232614548,-3.9911669878829166
19412,29-08-2026,AADR,2,-24.0,test,-16.546320350332532,-25.721601470883602,-7.371039229781463
19412,29-08-2026,UHL,3,-24.0,test,-17.428329458504233,-26.265274663077733,-8.591384253930736
19412,29-08-2026,NLDM,4,-21.0,test,-14.322944929837403,-24.774785903861826,-3.8711039558129805
19412,29-08-2026,ANSB,5,-23.0,test,-18.806021372280767,-29.555500580889458,-8.056542163672079
19412,29-08-2026,RPAR,6,-33.0,test,-25.47709437519479,-36.625244584170844,-14.328944166218735
19412,29-08-2026,MRND,7,-32.0,test,-22.941279766866277,-33.63453225298177,-12.248027280750787
19412,29-08-2026,SASN,8,-33.0,test,-24.329989604807984,-35.11970623615766,-13.54027297345831
19412,29-08-2026,CDG,9,-28.0,test,-21.51257764028566,-39.137709628314994,-3.8874456522563214
19412,29-08-2026,UMB,10,-20.0,test,-17.99899615022418,-38.81496967058499,2.816977370136634
19412,29-08-2026,KKDE,11,-46.0,test,-51.587553395643226,-78.41731349139812,-24.757793299888334
19412,29-08-2026,KLE,12,-53.0,test,-57.627910904826756,-81.61873077801457,-33.637091031638946
19412,29-08-2026,NRW,13,-39.0,test,-48.88659169663573,-74.43437876592267,-23.338804627348793
19412,29-08-2026,UCA,14,-39.0,test,-49.98788595616146,-76.31068903553805,-23.66508287678488
19412,29-08-2026,JIND,15,-37.0,test,-50.937367778464406,-77.16930611745205,-24.705429439476756
19412,29-08-2026,JNA,16,-52.0,test,-60.56052186270282,-89.21306098720356,-31.907982738202072
19412,29-08-2026,ROK,17,-49.0,test,-59.66701299009163,-86.7841128269333,-32.54991315324997
19412,29-08-2026,JHJ,18,-58.0,test,-67.1847623256105,-100.66159417037801,-33.707930480843004
19412,29-08-2026,RE,19,-21.0,test,-24.04763609902474,-52.130267276265954,4.034995078216479
19412,29-08-2026,KRH,20,-22.0,test,-24.243350419988726,-52.190983766132874,3.7042829261554218
19412,29-08-2026,AWR,21,-27.0,test,-27.757538559778336,-55.905059814100966,0.38998269454429035
19412,29-08-2026,RHG,22,-25.0,test,-26.076374726475116,-54.141791818537484,1.9890423655872524
19412,29-08-2026,BKI,23,-25.0,test,-27.607976249524487,-55.216500277915614,0.0005477788666361505
19412,29-08-2026,DO,24,-28.0,test,-31.984830434225678,-60.182823216397466,-3.7868376520538902
19412,29-08-2026,GADJ,25,-28.0,test,-33.932421651977066,-61.547751971549346,-6.317091332404786
19412,29-08-2026,JP,26,-23.0,test,-28.49708723330662,-54.36315509633668,-2.6310193702765545
19412,29-08-2026,FL,27,-26.0,test,-34.78663246669052,-60.314682001019946,-9.258582932361097
19412,29-08-2026,KSG,28,-21.0,test,-32.652475126324326,-59.43328459889621,-5.871665653752441
19412,29-08-2026,AII,29,-22.0,test,-25.67807317630893,-47.50483473477105,-3.8513116178468074
19412,29-08-2026,BER,30,-20.0,test,-26.608268354584578,-47.73692271286923,-5.479613996299925
19412,29-08-2026,SOD,31,-20.0,test,-27.129311994987752,-48.12928825261362,-6.129335737361888
19412,29-08-2026,MJ,32,-22.0,test,-21.33677702721603,-37.62952480034693,-5.044029254085132
19412,29-08-2026,RANI,33,-32.0,test,-30.44161059193673,-47.78311798637998,-13.100103197493485
19412,29-08-2026,FA,34,-29.0,test,-27.458132431581216,-44.535797420873536,-10.3804674422889
19412,29-08-2026,SJWB,35,-30.0,test,-29.521025307727484,-47.26378514392129,-11.778265471533679
19412,29-08-2026,NANA,36,-28.0,test,-27.26269997109759,-44.95579185057439,-9.569608091620786
19412,29-08-2026,PDWA,37,-29.0,test,-29.1422147354223,-46.15217089912015,-12.132258571724453
19412,29-08-2026,SRPJ,38,-29.0,test,-30.09063334615279,-47.03447367877768,-13.146793013527898
19412,29-08-2026,ABR,39,-23.0,test,-22.791206388282376,-37.38469748248473,-8.197715294080018
19412,29-08-2026,PNU,40,-20.0,test,-16.926712753650097,-26.07533781171644,-7.7780876955837535
19412,29-08-2026,SID,41,-20.0,test,-17.52512363051117,-24.672582247202104,-10.377665013820238
19412,29-08-2026,UJA,42,-20.0,test,-19.090826562333397,-26.51282088408689,-11.668832240579906
19412,29-08-2026,MSH,43,-21.0,test,-20.000561875965676,-27.364389095212736,-12.636734656718616
19412,29-08-2026,KLL,44,-20.0,test,-15.295119077739,-19.04204474782412,-11.548193407653878
19412,30-08-2026,DLPC,1,-21.0,test,-13.003896110248732,-22.016625232614548,-3.9911669878829166
19412,30-08-2026,AADR,2,-24.0,test,-16.546320350332532,-25.721601470883602,-7.371039229781463
19412,30-08-2026,UHL,3,-23.0,test,-17.06513520897481,-25.902080413548305,-8.228190004401311
19412,30-08-2026,NLDM,4,-21.0,test,-14.278335305113744,-24.730176279138167,-3.8264943310893216
19412,30-08-2026,ANSB,5,-25.0,test,-19.522405959252833,-30.27188516786152,-8.772926750644144
19412,30-08-2026,RPAR,6,-36.0,test,-26.627115030731517,-37.77526523970757,-15.478964821755463
19412,30-08-2026,MRND,7,-32.0,test,-23.0321868550248,-33.72543934114029,-12.33893436890931
19412,30-08-2026,SASN,8,-31.0,test,-23.57528198078785,-34.364998612137526,-12.785565349438174
19412,30-08-2026,CDG,9,-27.0,test,-21.022996941617844,-38.648128929647186,-3.397864953588506
19412,30-08-2026,UMB,10,-20.0,test,-17.97635600460535,-38.79232952496616,2.8396175157554637
19412,30-08-2026,KKDE,11,-51.0,test,-53.44949543119172,-80.27925552694661,-26.61973533543683
19412,30-08-2026,KLE,12,-52.0,test,-57.29763563181389,-81.2884555050017,-33.30681575862607
19412,30-08-2026,NRW,13,-46.0,test,-51.441578563654836,-76.98936563294177,-25.893791494367896
19412,30-08-2026,UCA,14,-47.0,test,-53.04182264614284,-79.36462572551943,-26.719019566766256
19412,30-08-2026,JIND,15,-49.0,test,-55.419812643235566,-81.65175098222322,-29.187874304247917
19412,30-08-2026,JNA,16,-57.0,test,-62.636720676612946,-91.2892598011137,-33.9841815521122
19412,30-08-2026,ROK,17,-61.0,test,-64.04819334748389,-91.16529318432555,-36.93109351064223
19412,30-08-2026,JHJ,18,-66.0,test,-70.23830766077064,-103.71513950553815,-36.76147581600314
19412,30-08-2026,RE,19,-20.0,test,-23.699960714246096,-51.782591891487314,4.382670462995122
19412,30-08-2026,KRH,20,-21.0,test,-23.788897280246054,-51.736530626390206,4.158736065898093
19412,30-08-2026,AWR,21,-25.0,test,-26.984639051490742,-55.13216030581337,1.1628822028318844
19412,30-08-2026,RHG,22,-23.0,test,-25.305664397703257,-53.37108148976563,2.7597526943591113
19412,30-08-2026,BKI,23,-22.0,test,-26.493935951645383,-54.10245998003651,1.11458807674574
19412,30-08-2026,DO,24,-25.0,test,-30.84768300211815,-59.04567578428994,-2.6496902199463612
19412,30-08-2026,GADJ,25,-26.0,test,-33.17690457993001,-60.79223489950229,-5.56157426035773
19412,30-08-2026,JP,26,-28.0,test,-29.755727973677686,-55.62179583670775,-3.889660110647622
19412,30-08-2026,FL,27,-32.0,test,-37.09171566076574,-62.61976519509517,-11.56366612643632
19412,30-08-2026,KSG,28,-27.0,test,-34.92281521337138,-61.70362468594327,-8.142005740799494
19412,30-08-2026,AII,29,-31.0,test,-29.007114945385503,-50.83387650384763,-7.180353386923379
19412,30-08-2026,BER,30,-31.0,test,-30.730185928236065,-51.85884028652072,-9.601531569951412
19412,30-08-2026,SOD,31,-29.0,test,-30.50495268610208,-51.50492894372795,-9.504976428476215
19412,30-08-2026,MJ,32,-21.0,test,-21.139248171570664,-37.43199594470156,-4.846500398439765
19412,30-08-2026,RANI,33,-26.0,test,-28.130009855795826,-45.471517250239074,-10.788502461352582
19412,30-08-2026,FA,34,-24.0,test,-25.453793030159822,-42.53145801945214,-8.376128040867506
19412,30-08-2026,SJWB,35,-26.0,test,-27.942560365928372,-45.68532020212218,-10.199800529734567
19412,30-08-2026,NANA,36,-24.0,test,-25.761082272922195,-43.454174152399,-8.067990393445392
19412,30-08-2026,PDWA,37,-25.0,test,-27.650650580980894,-44.660606744678745,-10.640694417283047
19412,30-08-2026,SRPJ,38,-26.0,test,-28.938885970192455,-45.882726302817346,-11.995045637567564
19412,30-08-2026,ABR,39,-21.0,test,-22.036799412077965,-36.630290506280325,-7.443308317875607
19412,30-08-2026,PNU,40,-20.0,test,-16.924178036883504,-26.072803094949847,-7.77555297881716
19412,30-08-2026,SID,41,-20.0,test,-17.543250998115752,-24.690709614806686,-10.395792381424819
19412,30-08-2026,UJA,42,-23.0,test,-20.090423768348558,-27.51241809010205,-12.668429446595066
19412,30-08-2026,MSH,43,-28.0,test,-22.54390240674716,-29.90772962599422,-15.180075187500101
19412,30-08-2026,KLL,44,-20.0,test,-15.430723398054356,-19.17764906813948,-11.683797727969234
19412,31-08-2026,DLPC,1,-17.0,test,-12.631168830500133,-21.643889481749184,-3.6184481792510805
19412,31-08-2026,AADR,2,-20.0,test,-16.173593070583934,-25.34886587009519,-6.998320271072677
19412,31-08-2026,UHL,3,-20.0,test,-17.055627894263075,-25.892564550382158,-8.218691238143993
19412,31-08-2026,NLDM,4,-17.0,test,-13.950263625351623,-24.402098046701447,-3.4984292040017984
19412,31-08-2026,ANSB,5,-21.0,test,-19.14367989702338,-29.893152963161803,-8.394206830884954
19412,31-08-2026,RPAR,6,-28.0,test,-24.78956805288948,-35.937711934685126,-13.641424171093835
19412,31-08-2026,MRND,7,-23.0,test,-20.74616923541186,-31.439415544346094,-10.052922926477624
19412,31-08-2026,SASN,8,-29.0,test,-23.822342864650825,-34.61205330806748,-13.032632421234167
19412,31-08-2026,CDG,9,-28.0,test,-22.424850241563856,-40.04997870059532,-4.799721782532394
19412,31-08-2026,UMB,10,-17.0,test,-18.095128094502385,-38.91109803431817,2.720841845313398
19412,31-08-2026,KKDE,11,-57.0,test,-56.79856081553835,-83.62831811856947,-29.96880351250723
19412,31-08-2026,KLE,12,-61.0,test,-61.84319785026962,-85.83401449459456,-37.85238120594468
19412,31-08-2026,NRW,13,-69.0,test,-61.15088213009172,-86.69866660323868,-35.603097656944776
19412,31-08-2026,UCA,14,-71.0,test,-63.322822436006426,-89.64562338092475,-37.000021491088106
19412,31-08-2026,JIND,15,-77.0,test,-67.07945477053298,-93.3113911567072,-40.84751838435875
19412,31-08-2026,JNA,16,-82.0,test,-73.27926693837463,-101.93180424956208,-44.62672962718719
19412,31-08-2026,JHJ,18,-84.0,test,-78.02328768815063,-111.50021674516212,-44.54635863113914
19412,31-08-2026,RE,19,-26.0,test,-27.061260840487922,-55.14390435526565,1.0213826742898071
19412,31-08-2026,KRH,20,-24.0,test,-25.921576382339442,-53.869210534215995,2.0260577695371147
19412,31-08-2026,AWR,21,-31.0,test,-30.22959372497853,-58.377115081154116,-2.0820723688029403
19412,31-08-2026,RHG,22,-30.0,test,-29.03169509597706,-57.097112194226554,-0.9662779977275697
19412,31-08-2026,BKI,23,-29.0,test,-30.240409891327026,-57.84893391672293,-2.6318858659311246
19412,31-08-2026,DO,24,-32.0,test,-34.58546893555022,-62.78346171312988,-6.387476157970557
19412,31-08-2026,GADJ,25,-38.0,test,-38.754886280889394,-66.37021659430047,-11.139555967478323
19412,31-08-2026,JP,26,-26.0,test,-31.389726328710143,-57.255794185741465,-5.523658471678818
19412,31-08-2026,FL,27,-29.0,test,-36.98245418301659,-62.510503711211186,-11.454404654822003
19412,31-08-2026,KSG,28,-27.0,test,-35.977642364868764,-62.75845183229433,-9.196832897443205
19412,31-08-2026,AII,29,-18.0,test,-25.45005029123958,-47.27681184491669,-3.623288737562465
19412,31-08-2026,BER,30,-23.0,test,-28.727760821051298,-49.85641517395514,-7.5991064681474505
19412,31-08-2026,SOD,31,-22.0,test,-29.00305596462101,-50.0030322169443,-8.003079712297719
19412,31-08-2026,MJ,32,-23.0,test,-22.84487442180559,-39.13762219567191,-6.552126647939264
19412,31-08-2026,RANI,33,-30.0,test,-30.81921811962008,-48.1607255163726,-13.477710722867556
19412,31-08-2026,FA,34,-27.0,test,-27.79962307662311,-44.87728806496585,-10.721958088280367
19412,31-08-2026,SJWB,35,-29.0,test,-30.20976674573208,-47.95252657991358,-12.467006911550573
19412,31-08-2026,NANA,36,-27.0,test,-28.008123802973323,-45.70121568018243,-10.315031925764217
19412,31-08-2026,PDWA,37,-30.0,test,-30.57022405701678,-47.580180218508886,-13.560267895524674
19412,31-08-2026,SRPJ,38,-32.0,test,-32.28428738055189,-49.228127711890735,-15.340447049213036
19412,31-08-2026,ABR,39,-23.0,test,-24.01283746208832,-38.60632855561157,-9.419346368565071
19412,31-08-2026,PNU,40,-17.0,test,-16.947000949334086,-26.095626004405368,-7.798375894262806
19412,31-08-2026,SID,41,-24.0,test,-20.006782744074485,-27.154241358279336,-12.859324129869634
19412,31-08-2026,UJA,42,-25.0,test,-22.088631655403713,-29.51062597540752,-14.666637335399905
19412,31-08-2026,MSH,43,-26.0,test,-23.05021538568207,-30.41404260380029,-15.686388167563848
19412,31-08-2026,KLL,44,-18.0,test,-15.774989341890901,-19.521915011976024,-12.028063671805779
19574,28-08-2026,JP,1,-16.529999999999973,test,-17.06418972145799,-37.15120028270036,3.0228208397843765
19574,28-08-2026,FL,2,-16.210000000000036,test,-14.375575788582031,-33.8259291191323,5.074777541968237
19574,28-08-2026,KSG,3,-24.50999999999999,test,-25.463334878541932,-45.110735648771595,-5.81593410831227
19574,28-08-2026,AII,4,1.8400000000001455,test,-10.012590788596805,-31.798497587824684,11.773316010631072
19574,28-08-2026,BER,5,7.4500000000000455,test,-6.996000377247866,-28.724249814476288,14.732249059980553
19574,28-08-2026,SOD,6,-8.960000000000036,test,-13.298479373307396,-34.88428420038924,8.287325453774448
19574,28-08-2026,MJ,7,32.370000000000005,test,-19.32849417444544,-40.85475072268642,2.1977623737955447
19574,28-08-2026,FA,8,-6.349999999999909,test,-16.33935952188021,-37.91045466970695,5.231735625946534
19574,28-08-2026,SJWB,9,-38.31000000000006,test,-7.766747699270618,-29.684096633255958,14.150601234714724
19574,28-08-2026,ABR,10,-4.75,test,-13.630187802716904,-35.37845136203571,8.118075756601904
19574,28-08-2026,PNU,11,-22.159999999999968,test,-14.903110668090285,-35.24676306178146,5.4405417256008874
19574,28-08-2026,SID,12,-11.089999999999918,test,-9.711275138799518,-32.71538285766083,13.292832580061795
19574,28-08-2026,MSH,13,-44.52999999999997,test,-7.305471187255412,-30.27087144747673,15.659929072965904
19574,28-08-2026,VG,14,-40.870000000000005,test,-5.505920169316764,-28.907301422055426,17.8954610834219
19574,28-08-2026,SUNR,15,-30.50999999999999,test,-9.183029953338673,-32.62867738220577,14.262617475528424
19574,28-08-2026,RJT,16,-25.980000000000018,test,-8.01258374504723,-31.653814838274606,15.628647348180145
19574,28-08-2026,HAPA,17,-12.129999999999995,test,-14.366841185051602,-36.76713327106258,8.03345090095938
19574,28-08-2026,JAM,18,-17.69999999999999,test,-10.475066588753762,-34.45908168000689,13.508948502499369
19574,28-08-2026,KMBL,19,-19.370000000000005,test,-14.766507620206326,-38.58973216375712,9.05671692334447
19574,28-08-2026,DWK,20,-11.100000000000001,test,-11.703202567183537,-35.86077818757487,12.454373053207798
19574,28-08-2026,OKHA,21,-13.0,test,-7.514439432792418,-23.284825083612454,8.255946218027615
19574,29-08-2026,JP,1,-16.210000000000036,test,-14.22773512257114,-34.314745683813506,5.859275438671226
19574,29-08-2026,FL,2,-24.5,test,-26.777185295412785,-46.22753862596305,-7.326831964862517
19574,29-08-2026,KSG,3,1.8300000000001546,test,-10.552835252216571,-30.200236022446234,9.094565518013091
19574,29-08-2026,AII,4,7.4500000000000455,test,-7.517045366707648,-29.302952165935526,14.268861432520229
19574,29-08-2026,BER,5,-8.950000000000045,test,-12.844572545864638,-34.57282198309306,8.883676891363782
19574,29-08-2026,SOD,6,32.36999999999989,test,-18.93985727604679,-40.52566210312864,2.6459475510350536
19574,29-08-2026,MJ,7,-6.340000000000032,test,-16.86644130786155,-38.39269785610253,4.659815240379434
19574,29-08-2026,FA,8,-38.319999999999936,test,-8.180916523027683,-29.752011670854426,13.39017862479906
19574,29-08-2026,SJWB,9,-4.75,test,-14.701505622594674,-36.61885455658002,7.2158433113906675
19574,29-08-2026,ABR,10,-22.149999999999977,test,-16.276896156741625,-38.02515971606043,5.471367402577183
19574,29-08-2026,PNU,11,-11.080000000000041,test,-12.619843516306737,-32.96349590999791,7.723808877384435
19574,29-08-2026,SID,12,-44.52999999999997,test,-7.7031927300067,-30.70730044886801,15.300914988854613
19574,29-08-2026,MSH,13,-40.879999999999995,test,-3.1403069088298388,-26.105707169051154,19.825093351391477
19574,29-08-2026,VG,14,-30.50999999999999,test,-9.361346833464475,-32.76272808620314,14.040034419274187
19574,29-08-2026,SUNR,15,-25.980000000000018,test,-7.85665673207277,-31.30230416093987,15.588990696794328
19574,29-08-2026,RJT,16,-12.129999999999995,test,-15.809978178907063,-39.451209272134435,7.831252914320313
19574,29-08-2026,HAPA,17,-17.69999999999999,test,-6.634654575278848,-29.03494666128983,15.765637510732134
19574,29-08-2026,JAM,18,-19.379999999999995,test,-13.331737079594461,-37.31575217084759,10.65227801165867
19574,29-08-2026,KMBL,19,-11.099999999999994,test,-11.7199139013435,-35.543138444894296,12.103310642207298
19574,29-08-2026,DWK,20,-40.34,test,-13.921598565643478,-38.07917418603481,10.235977054747856
19574,29-08-2026,OKHA,21,-13.0,test,-5.21517343260159,-20.985559083421624,10.555212218218443
19574,30-08-2026,JP,1,-24.5,test,-26.669371720579413,-46.75638228182178,-6.582361159337047
19574,30-08-2026,FL,2,1.8399999999999181,test,-11.735287389012612,-31.18564071956288,7.715065941537656
19574,30-08-2026,KSG,3,7.4500000000000455,test,-8.56492079117416,-28.212321561403822,11.082479979055503
19574,30-08-2026,AII,4,-8.950000000000045,test,-13.234597333518213,-35.02050413274609,8.551309465709664
19574,30-08-2026,BER,5,32.36999999999989,test,-18.61959073973049,-40.34784017695891,3.10865869749793
19574,30-08-2026,SOD,6,-6.3400000000001455,test,-16.188026395684254,-37.7738312227661,5.39777843139759
19574,30-08-2026,MJ,7,-38.32000000000005,test,-8.926006641310217,-30.4522631895512,12.600249906930767
19574,30-08-2026,FA,8,-4.759999999999991,test,-16.13046965964447,-37.701564807471215,5.440625488182274
19574,30-08-2026,SJWB,9,-22.149999999999977,test,-17.618764760874594,-39.536113694859935,4.298584173110747
19574,30-08-2026,ABR,10,-11.079999999999927,test,-13.879672490764316,-35.62793605008312,7.868591068554492
19574,30-08-2026,PNU,11,-44.52999999999997,test,-10.665419122169714,-31.00907151586089,9.678233271521458
19574,30-08-2026,SID,12,-40.86999999999989,test,-3.567233606971155,-26.571341325832467,19.43687411189016
19574,30-08-2026,MSH,13,-30.519999999999982,test,-6.834722688755806,-29.800122948977123,16.130677571465508
19574,30-08-2026,VG,14,-25.970000000000027,test,-8.093849284051297,-31.49523053678996,15.307531968687366
19574,30-08-2026,SUNR,15,-12.129999999999995,test,-15.62659567763787,-39.07224310650497,7.819051751229228
19574,30-08-2026,RJT,16,-17.689999999999998,test,-8.075596108619145,-31.71682720184652,15.56563498460823
19574,30-08-2026,HAPA,17,-19.379999999999995,test,-12.227194187555504,-34.62748627356649,10.173097898455477
19574,30-08-2026,JAM,18,-11.109999999999985,test,-11.890340396669615,-35.87435548792274,12.093674694583516
19574,30-08-2026,KMBL,19,-40.34,test,-13.796967171550584,-37.620191715101384,10.026257372000213
19574,30-08-2026,DWK,20,-34.160000000000004,test,-11.402053912137106,-35.55962953252844,12.755521708254228
19574,30-08-2026,OKHA,21,-13.0,test,-3.0944081092399744,-18.864793760060007,12.675977541580059
19574,31-08-2026,JP,1,1.8399999999999181,test,-11.555280526773677,-31.642291088016044,8.531730034468689
19574,31-08-2026,FL,2,7.4500000000000455,test,-10.115749184656714,-29.566102515206982,9.334604145893554
19574,31-08-2026,KSG,3,-8.959999999999809,test,-14.491225571621662,-34.13862634185132,5.156175198608
19574,31-08-2026,AII,4,32.38000000000011,test,-19.00831170437696,-40.79421850360484,2.7775950948509163
19574,31-08-2026,BER,5,-6.339999999999918,test,-15.93035926764036,-37.65860870486878,5.79789016958806
19574,31-08-2026,SOD,6,-38.320000000000164,test,-8.123349327847167,-29.70915415492901,13.462455499234677
19574,31-08-2026,MJ,7,-4.759999999999991,test,-16.37291574490854,-37.89917229314952,5.153340803332444
19574,31-08-2026,FA,8,-22.159999999999968,test,-18.829705671610142,-40.40080081943688,2.7413894762166002
19574,31-08-2026,SJWB,9,-11.080000000000041,test,-15.665374270492915,-37.582723204478256,6.251974663492426
19574,31-08-2026,ABR,10,-44.52999999999997,test,-11.884020255146266,-33.632283814465076,9.864243304172541
19574,31-08-2026,PNU,11,-40.870000000000005,test,-6.464897090804008,-26.80854948449518,13.878755302887164
19574,31-08-2026,SID,12,-30.50999999999999,test,-7.244905445803729,-30.249013164665044,15.759202273057584
19574,31-08-2026,MSH,13,-25.980000000000018,test,-5.753634512160792,-28.71903477238211,17.21176574806052
19574,31-08-2026,VG,14,-12.129999999999995,test,-15.846876511393802,-39.24825776413246,7.554504741344861
19574,31-08-2026,SUNR,15,-17.689999999999998,test,-7.963768907908941,-31.40941633677604,15.481878520958157
19574,31-08-2026,RJT,16,-19.379999999999995,test,-13.65410890501871,-37.295339998246085,9.987122188208666
19574,31-08-2026,HAPA,17,-11.110000000000014,test,-8.923002995412972,-31.323295081423954,13.47728909059801
19574,31-08-2026,JAM,18,-40.349999999999994,test,-12.953791122261498,-36.93780621351463,11.030223968991633
19574,31-08-2026,KMBL,19,-34.150000000000006,test,-11.368210424688856,-35.191434968239655,12.455014118861941
19574,31-08-2026,DWK,20,-25.370000000000005,test,-9.338668909474514,-33.49624452986585,14.81890671091682
19574,31-08-2026,OKHA,21,-13.0,test,-6.82103320664047,-22.591418857460503,8.949352444179564
19601,29-08-2026,UDZ,1,45.0,test,1.0155174930575832,-47.086945069884464,49.11798005599964
19601,29-08-2026,RPZ,2,41.0,test,-0.03020502582591078,-48.13268161935123,48.07227156769942
19601,29-08-2026,MVJ,3,42.0,test,-0.15359210829918624,-48.25609003196914,47.948905815370765
19601,29-08-2026,KIN,4,42.0,test,-0.12677882741961,-48.22926340114397,47.97570574630474
19601,29-08-2026,CNA,5,43.0,test,0.26419871249962057,-47.83824175504776,48.366639180047
19601,29-08-2026,BHL,6,46.0,test,1.413321068024782,-46.68918836410762,49.51583050015719
19601,29-08-2026,BJNR,7,35.0,test,-2.756121554349857,-50.858789315367105,45.3465462066674
19601,29-08-2026,NSD,8,22.0,test,-7.720778744964485,-55.8231831088903,40.38162561896133
19601,29-08-2026,AII,9,44.0,test,0.22249678660149463,-47.87975338382559,48.32474695702858
19601,29-08-2026,JP,10,40.0,test,-0.7374004630281235,-48.84043481576944,47.365633889713195
19601,29-08-2026,AWR,11,36.0,test,-2.355414737300027,-50.45812266669401,45.74729319209396
19601,29-08-2026,RE,12,39.0,test,-1.209377091849328,-49.311702367440056,46.8929481837414
19601,29-08-2026,GGN,13,20.0,test,-8.387126334961238,-56.48926781268076,39.71501514275828
19601,29-08-2026,DLI,14,7.0,test,-13.329228356398358,-61.431244580861204,34.77278786806448
19601,29-08-2026,MB,15,-8.0,test,-18.86456289415422,-66.96708666039432,29.23796087208588
19601,29-08-2026,BE,16,-6.0,test,-18.00350414230087,-66.10559125332989,30.098582968728152
19601,29-08-2026,LKO,17,-41.0,test,-31.090883785383873,-79.19320233999693,17.011434769229183
19601,29-08-2026,BBK,18,-28.0,test,-26.163240235477485,-74.26504056932427,21.938560098369305
19601,29-08-2026,GKP,19,-5.0,test,-17.55930594252954,-65.66125769446575,30.542645809406658
19601,29-08-2026,DEOS,20,-31.0,test,-27.35965075584675,-75.46135010232777,20.742048590634262
19601,29-08-2026,SV,21,-39.0,test,-30.427632800634868,-78.52932042919554,17.674054827925794
19601,29-08-2026,CPR,22,-30.0,test,-27.008161713215983,-75.10982692298381,21.093503496551847
19601,29-08-2026,HJP,23,-23.0,test,-24.323291610751845,-72.4249396584817,23.778356436978015
19601,29-08-2026,MFP,24,-37.0,test,-29.442044963256052,-77.54368256295996,18.659592636447847
19601,29-08-2026,SPJ,25,-41.0,test,-31.08162974770791,-79.18325898693061,17.019999491514792
19601,29-08-2026,SLNA,26,-53.0,test,-35.49973998903918,-83.6013621940653,12.601882215986947
19601,29-08-2026,KGG,27,-28.0,test,-26.754660894355595,-74.8562777314437,21.3469559427325
19601,29-08-2026,KIR,28,-21.0,test,-23.49142033257672,-71.59303188654225,24.610191221388813
19601,29-08-2026,KNE,29,-48.0,test,-33.56780984931562,-81.66941863972237,14.53379894109112
19609,29-08-2026,UDZ,1,-21.0,test,29.29818182379888,-5.126832019735186,63.723195667332945
19609,29-08-2026,RPZ,2,-24.0,test,25.701478703914773,-9.42492196711958,60.82787937494913
19609,29-08-2026,MVJ,3,-21.0,test,24.62031271752215,-18.333586446607168,67.57421188165146
19609,29-08-2026,FAN,4,-22.0,test,21.76697981382072,-21.633869366100058,65.1678289937415
19609,29-08-2026,BSJ,5,-26.0,test,19.92411831456608,-23.182415145968008,63.03065177510017
19609,29-08-2026,KIN,6,-27.0,test,19.825521667018464,-23.573403034766493,63.22444636880342
19609,29-08-2026,COR,7,-30.0,test,28.64834496595585,12.968985990249765,44.32770394166194
19609,29-08-2026,GGR,8,-22.0,test,21.647816046631814,-23.268712502586663,66.56434459585029
19609,29-08-2026,HMG,9,-22.0,test,21.582293282527225,-23.441966812807102,66.60655337786156
19609,29-08-2026,BHL,10,-22.0,test,22.779106056955087,-21.515093001165283,67.07330511507546
19609,29-08-2026,MDL,11,-21.0,test,36.00926786171609,19.65074658586414,52.36778913756804
19609,29-08-2026,BJNR,12,-38.0,test,6.258767323553453,-35.65972342375942,48.17725807086633
19609,29-08-2026,NSD,13,-43.0,test,2.7945717434314425,-37.88905711064992,43.4782005975128
19609,29-08-2026,AII,14,-21.0,test,43.918008192426875,30.95299085985282,56.88302552500093
19609,29-08-2026,KSG,15,-19.0,test,29.365065233896797,-10.286012760526102,69.01614322831969
19609,29-08-2026,FL,16,-29.0,test,23.557042481099607,-14.229639182429558,61.34372414462877
19609,29-08-2026,JOB,17,-33.0,test,18.8398269831933,-20.480535922209068,58.16018988859567
19609,29-08-2026,JP,18,-26.0,test,23.36965186103781,-15.393270889309072,62.13257461138469
19609,29-08-2026,GADJ,19,-25.0,test,24.30427836330334,-14.139527544938524,62.7480842715452
19609,29-08-2026,DO,20,-26.0,test,21.80629195872063,-19.444583922326014,63.057167839767274
19609,29-08-2026,BKI,21,-36.0,test,14.882886944491261,-26.768180721978666,56.53395461096119
19609,29-08-2026,RHG,22,-35.0,test,14.329544254828114,-26.143501591791313,54.80259010144754
19609,29-08-2026,AWR,23,-27.0,test,20.37672475425554,-27.203303894803447,67.95675340331454
19609,29-08-2026,RE,24,-25.0,test,26.71214547063829,-11.407689917933325,64.8319808592099
19609,29-08-2026,DEC,25,-44.0,test,-20.389605255265224,-50.0137335754409,9.234523064910455
19609,29-08-2026,DLI,26,-40.0,test,-16.518705947956498,-39.163559824190024,6.126147928277028
19609,29-08-2026,DSA,27,-41.0,test,-23.873644619104468,-49.431867994945726,1.6845787567367907
19609,29-08-2026,BTU,28,-42.0,test,-34.376196713407346,-61.95891135402876,-6.793482072785931
19609,29-08-2026,KQL,29,-40.0,test,-34.66701712473686,-67.60023813827931,-1.7337961111944011
19609,29-08-2026,SMQL,30,-34.0,test,-32.23012956842551,-63.43123953706964,-1.0290195997813854
19609,29-08-2026,RPMN,31,-19.0,test,-24.75966586122845,-50.95577460888149,1.4364428864245937
19609,29-08-2026,TPZ,32,-19.0,test,-10.737146864966569,-38.35258101714459,16.87828728721145
19609,29-08-2026,RK,33,-19.0,test,-3.875857978293258,-38.25763018369939,30.50591422711287
19609,29-08-2026,HW,34,-28.0,test,-12.395981077636172,-24.384251610959833,-0.4077105443125113
19609,29-08-2026,MOTC,35,-29.0,test,-7.170613689539344,-14.340704930259317,-0.0005224488193720234
19609,29-08-2026,RWL,36,-25.0,test,-1.0971391038183889,-6.871454781544517,4.677176573907739
19609,29-08-2026,VRH,37,-21.0,test,-0.04964067911944525,-2.915385399083176,2.8161040408442854
19609,31-08-2026,UDZ,1,30.0,test,29.67090910354748,-4.7541047399865874,64.09592294708155
19609,31-08-2026,RPZ,2,26.0,test,25.820084883518508,-9.306315787515846,60.946485554552865
19609,31-08-2026,MVJ,3,29.0,test,24.612941425061088,-18.34095773906823,67.5668405891904
19609,31-08-2026,FAN,4,25.0,test,20.750013268628724,-22.650835911292052,64.1508624485495
19609,31-08-2026,BSJ,5,25.0,test,20.073096153445256,-23.033437307088832,63.179629613979344
19609,31-08-2026,KIN,6,23.0,test,19.870847233687098,-23.52807746809786,63.26977193547205
19609,31-08-2026,COR,7,17.0,test,27.571633870236933,11.892274894530848,43.25099284594302
19609,31-08-2026,GGR,8,21.0,test,19.082661415760136,-25.83386713345834,63.99918996497861
19609,31-08-2026,HMG,9,22.0,test,19.217397790428073,-25.806862304906254,64.24165788576241
19609,31-08-2026,BHL,10,24.0,test,21.17352346100752,-23.12067559711285,65.46772251912789
19609,31-08-2026,MDL,11,24.0,test,34.18657656507567,17.82805528922372,50.54509784092762
19609,31-08-2026,BJNR,12,4.0,test,3.282238374165646,-38.63625237314723,45.20072912147852
19609,31-08-2026,NSD,13,3.0,test,1.2724850308682178,-39.411143823213145,41.95611388494958
19609,31-08-2026,AII,14,29.0,test,43.8756519583421,30.910634625768044,56.84066929091615
19609,31-08-2026,KSG,15,22.0,test,26.220103844577874,-13.430974149845024,65.87118183900077
19609,31-08-2026,FL,16,26.0,test,25.31597994339567,-12.470701720133494,63.10266160692484
19609,31-08-2026,JOB,17,21.0,test,20.44758236308438,-18.87278054231799,59.76794526848675
19609,31-08-2026,JP,18,21.0,test,22.345995594453274,-16.416927155893607,61.10891834480016
19609,31-08-2026,GADJ,19,22.0,test,23.143942432464858,-15.299863475777006,61.587748340706725
19609,31-08-2026,DO,20,21.0,test,20.648056874956623,-20.602819006090023,61.89893275600327
19609,31-08-2026,BKI,21,13.0,test,14.471419717834586,-27.179647948635342,56.12248738430451
19609,31-08-2026,RHG,22,12.0,test,13.269434361945711,-27.203611484673715,53.74248020856514
19609,31-08-2026,AWR,23,5.0,test,13.810141464181688,-33.7698871848773,61.39017011324068
19609,31-08-2026,RE,24,23.0,test,25.845897592140414,-12.273937796431202,63.96573298071203
19609,31-08-2026,DEC,25,-63.0,test,-45.96625938275204,-75.59038770292773,-16.342131062576364
19609,31-08-2026,DLI,26,-76.0,test,-48.34121050873715,-70.98606438497067,-25.696356632503623
19609,31-08-2026,DSA,27,-83.0,test,-58.26849060527991,-83.82671398112117,-32.71026722943865
19609,31-08-2026,BTU,28,-94.0,test,-72.76166695573401,-100.34438159635543,-45.178952315112596
19609,31-08-2026,KQL,29,-109.0,test,-78.99131937767976,-111.92454039122222,-46.0580983641373
19609,31-08-2026,SMQL,30,-105.0,test,-77.60669555560857,-108.8078055242527,-46.40558558696444
19609,31-08-2026,RPMN,31,-98.0,test,-72.97136820742098,-99.16747695507402,-46.77525945976794
19609,31-08-2026,TPZ,32,-74.0,test,-50.83530042209375,-78.45073457427176,-23.219866269915734
19609,31-08-2026,RK,33,-54.0,test,-35.72512508051639,-70.10689728592251,-1.3433528751102628
19609,31-08-2026,HW,34,-42.0,test,-36.30842222220571,-48.296692755529364,-24.320151688882046
19609,31-08-2026,MOTC,35,-29.0,test,-27.04478038827835,-34.214871628998324,-19.874689147558378
19609,31-08-2026,RWL,36,-21.0,test,-18.359484588785335,-24.133800266511464,-12.585168911059206
19609,31-08-2026,VRH,37,-18.0,test,-16.958996968057203,-19.824741688020936,-14.093252248093473
19611,29-08-2026,AII,0,13.0,test,-1.9467532457502,-15.100797299430841,11.207290807930441
19611,29-08-2026,KSG,1,14.0,test,-1.9524908807653638,-14.220439272081395,10.315457510550667
19611,29-08-2026,FL,2,2.0,test,-9.154666191339665,-22.14122885758635,3.8318964749070172
19611,29-08-2026,JP,3,-1.0,test,-7.651229829026098,-20.246390996075156,4.943931338022958
19611,29-08-2026,GADJ,4,0.0,test,-7.124200419311101,-19.566210566714656,5.3178097280924534
19611,29-08-2026,GTJT,5,0.0,test,-7.6912366187139405,-19.814762032127973,4.432288794700094
19611,29-08-2026,DO,6,-2.0,test,-10.250639440365662,-20.6028971580301,0.10161827729877615
19611,29-08-2026,BKI,7,-14.0,test,-16.951067402438657,-27.310700220982227,-6.591434583895088
19611,29-08-2026,BU,8,-13.0,test,-16.825012688435134,-26.807761420009903,-6.842263956860364
19611,29-08-2026,RHG,9,-13.0,test,-17.247433532433977,-27.860526090147907,-6.634340974720045
19611,29-08-2026,AWR,10,-12.0,test,-18.775196274596592,-28.742250029431418,-8.808142519761766
19611,29-08-2026,KRH,11,-16.0,test,-22.307111709177644,-35.24493663169597,-9.369286786659318
19611,29-08-2026,RE,12,10.0,test,-5.545299180318029,-18.13383494291474,7.043236582278682
19611,29-08-2026,CKD,13,0.0,test,-12.521952304241973,-25.85572823575923,0.8118236272752863
19611,29-08-2026,BNW,14,-3.0,test,-21.270998469511753,-35.12255290968653,-7.419444029336971
19611,29-08-2026,HSR,15,-10.0,test,-17.28825128117196,-29.219557811388825,-5.356944750955096
19611,29-08-2026,SSA,16,4.0,test,-12.253144849416701,-25.06935937531874,0.5630696764853393
19611,29-08-2026,KNL,17,2.0,test,-14.791659930249113,-32.191953298810354,2.6086334383121272
19611,29-08-2026,BTI,18,14.0,test,-1.171759181331495,-14.85272956301733,12.50921120035434
19611,29-08-2026,GJUT,19,9.0,test,-7.60370848672265,-23.192590875984074,7.985173902538773
19611,29-08-2026,KKP,20,5.0,test,-10.40813281221105,-27.35291761598216,6.53665199156006
19611,29-08-2026,FDK,21,1.0,test,-14.486721181910905,-27.397012747079483,-1.5764296167423275
19611,29-08-2026,FZR,22,13.0,test,-3.9615719075744846,-16.506212068336318,8.58306825318735
19611,29-08-2026,TWB,23,9.0,test,-10.380398107296031,-29.461486249526732,8.70069003493467
19611,29-08-2026,MOGA,24,14.0,test,-6.0313898540990625,-24.624597472475692,12.561817764277569
19611,29-08-2026,JGN,25,10.0,test,-8.63513750314392,-26.160764289291826,8.890489283003987
19611,29-08-2026,LDH,26,-25.0,test,-28.660590146572055,-60.70791588471927,3.3867355915751602
19611,29-08-2026,PGW,27,-45.0,test,-45.43715293237739,-79.89539006260537,-10.978915802149395
19611,29-08-2026,JUC,28,-45.0,test,-40.1739969291708,-75.92012527918476,-4.427868579156829
19611,29-08-2026,BEAS,29,-41.0,test,-40.13314210621383,-73.5520111263177,-6.714273086109976
19613,31-08-2026,AII,1,12.0,test,-13.146969693459035,-21.597225255570187,-4.69671413134788
19613,31-08-2026,KSG,2,13.0,test,-13.858019313864194,-25.060661692554824,-2.655376935173564
19613,31-08-2026,FL,3,12.0,test,-14.374614058846621,-26.055818422729786,-2.6934096949634547
19613,31-08-2026,JP,4,13.0,test,-13.712026376955405,-24.447996271823975,-2.976056482086838
19613,31-08-2026,GADJ,5,10.0,test,-14.214327475048913,-24.55275214104499,-3.875902809052837
19613,31-08-2026,GTJT,6,9.0,test,-15.509068315753636,-25.359273243764587,-5.658863387742684
19613,31-08-2026,DO,7,6.0,test,-20.770042574821673,-32.33093211045488,-9.209153039188465
19613,31-08-2026,BKI,8,-12.0,test,-31.265009247576867,-40.01102731595182,-22.51899117920191
19613,31-08-2026,BU,9,-17.0,test,-35.89072617796741,-51.42773369408282,-20.353718661852
19613,31-08-2026,RHG,10,-17.0,test,-36.50949940110083,-53.79938397679436,-19.219614825407305
19613,31-08-2026,AWR,11,-17.0,test,-36.056115700018566,-53.62401667234583,-18.4882147276913
19613,31-08-2026,KRH,12,-18.0,test,-37.65852305276193,-52.15267389617928,-23.164372209344577
19613,31-08-2026,RE,13,3.0,test,-19.986240860055847,-28.76960261223677,-11.202879107874924
19613,31-08-2026,CKD,14,-2.0,test,-25.448206083146562,-37.29653916501782,-13.599873001275306
19613,31-08-2026,BNW,15,-2.0,test,-27.270601863671875,-38.137910892090275,-16.403292835253477
19613,31-08-2026,HSR,16,3.0,test,-21.42113037216526,-32.24298951895942,-10.599271225371101
19613,31-08-2026,JHL,17,8.0,test,-17.456785976190083,-28.22281324316397,-6.690758709216196
19613,31-08-2026,SAG,18,-11.0,test,-34.037027638059946,-43.76372875912527,-24.310326516994625
19613,31-08-2026,DUI,19,9.0,test,-17.845919839739018,-31.877361444802986,-3.8144782346750485
19613,31-08-2026,MET,20,7.0,test,-20.21891864824243,-30.961974997259645,-9.475862299225215
19613,31-08-2026,LDH,21,12.0,test,-12.534054835934295,-21.178931639785365,-3.889178032083226
19613,31-08-2026,PGW,22,3.0,test,-25.04058704155787,-31.98571367840025,-18.095460404715492
19613,31-08-2026,JUC,23,13.0,test,-12.858758724981358,-17.56184358676215,-8.155673863200564
19613,31-08-2026,BEAS,24,11.0,test,-14.134503160581971,-20.551041472164005,-7.717964848999938
19943,28-08-2026,UDZ,1,-16.529999999999973,test,-15.520553328759412,-35.60582862386669,4.564721966347868
19943,28-08-2026,KRCD,2,-16.19999999999999,test,-12.541583697908383,-31.992240828354422,6.909073432537657
19943,28-08-2026,ZW,3,-24.5,test,-12.563995026798521,-32.209573159116765,7.081583105519725
19943,28-08-2026,JYM,4,1.8400000000000034,test,-18.74162066897937,-40.52460542851546,3.041364090556719
19943,28-08-2026,DNRP,5,7.450000000000017,test,-15.211258990158013,-36.941779394199386,6.519261413883358
19943,28-08-2026,HMT,6,-8.960000000000008,test,-19.379981856281212,-40.96537028692997,2.2054065743675437
19943,28-08-2026,SDGM,7,32.379999999999995,test,-13.398465698208618,-34.92493940536326,8.12800800894603
19943,28-08-2026,ASV,8,-6.350000000000001,test,-17.60669332373628,-39.176490486249406,3.963103838776849
19943,28-08-2026,ADI,9,-13.0,test,-11.254441530682067,-24.24028904335282,1.7314059819886864
19943,29-08-2026,UDZ,1,-16.19999999999999,test,-12.25918963095916,-32.344464926066436,7.8260856641481205
19943,29-08-2026,KRCD,2,-24.5,test,-13.855432426334957,-33.306089556781,5.595224704111082
19943,29-08-2026,ZW,3,1.839999999999975,test,-20.047838139565336,-39.69341627188358,-0.4022600072470901
19943,29-08-2026,JYM,4,7.449999999999989,test,-16.694140161640778,-38.477124921176866,5.08884459789531
19943,29-08-2026,DNRP,5,-8.95999999999998,test,-19.159424258363725,-40.8899446624051,2.5710961456776467
19943,29-08-2026,HMT,6,32.370000000000005,test,-12.960979772430264,-34.54636820307902,8.624408658218492
19943,29-08-2026,SDGM,7,-6.340000000000003,test,-19.319146784143452,-40.8456204912981,2.2073269230111947
19943,29-08-2026,ASV,8,-38.32,test,-20.67165568428306,-42.24145284679619,0.8981414782300696
19943,29-08-2026,ADI,9,-4.75,test,-11.119546355838885,-24.105393868509637,1.8663011568318684
19943,30-08-2026,UDZ,1,-24.5,test,-13.988644208992666,-34.07391950409995,6.0966310861146145
19943,30-08-2026,KRCD,2,1.8400000000000318,test,-21.79337167834467,-41.24402880879071,-2.3427145478986304
19943,30-08-2026,ZW,3,7.449999999999989,test,-17.227132770836796,-36.87271090315504,2.4184453614814494
19943,30-08-2026,JYM,4,-8.950000000000017,test,-18.976143573563693,-40.75912833309978,2.806841185972395
19943,30-08-2026,DNRP,5,32.370000000000005,test,-12.805399188098606,-34.535919592139976,8.925121215942765
19943,30-08-2026,HMT,6,-6.340000000000003,test,-18.877004492482406,-40.46239292313116,2.7083839381663495
19943,30-08-2026,SDGM,7,-38.31,test,-21.106715180922485,-42.63318888807713,0.4197585262321617
19943,30-08-2026,ASV,8,-4.760000000000005,test,-19.52789832670989,-41.09769548922302,2.041898835803238
19943,30-08-2026,ADI,9,-13.0,test,-8.794523647675298,-21.78037116034605,4.191323864995455
19943,31-08-2026,UDZ,1,1.8400000000000318,test,-22.490553460058237,-42.57582875516552,-2.405278164950957
19943,31-08-2026,KRCD,2,7.460000000000036,test,-17.635712565578732,-37.086369696024775,1.8149445648673073
19943,31-08-2026,ZW,3,-8.960000000000036,test,-19.47193863346373,-39.11751676578197,0.17363949885451646
19943,31-08-2026,JYM,4,32.379999999999995,test,-14.332953956893762,-36.11593871642985,7.450030802642326
19943,31-08-2026,DNRP,5,-6.349999999999994,test,-18.38035891927756,-40.110879323318926,3.350161484763813
19943,31-08-2026,HMT,6,-38.32000000000001,test,-20.63516170322601,-42.22055013387477,0.9502267274227449
19943,31-08-2026,SDGM,7,-4.75,test,-18.883249808578153,-40.4097235157328,2.643223898576494
19943,31-08-2026,ASV,8,-22.160000000000004,test,-16.76885831231071,-38.33865547482384,4.800938850202421
19943,31-08-2026,ADI,9,-11.08,test,-11.258877287429897,-24.24472480010065,1.7269702252408567
20993,28-08-2026,JP,1,-31.0,test,-12.863241092676711,-27.777946979105117,2.0514647937516948
20993,28-08-2026,KKU,2,-36.0,test,-18.07562171163026,-33.2787362640972,-2.8725071591633213
20993,28-08-2026,FL,3,-38.0,test,-21.043506190923026,-35.371663341019186,-6.715349040826865
20993,28-08-2026,KSG,4,-39.0,test,-21.36690439655057,-35.942781115254625,-6.791027677846516
20993,28-08-2026,AII,5,-41.0,test,-21.346491180580276,-35.46118080681219,-7.231801554348367
20993,28-08-2026,NSD,6,-42.0,test,-22.035897828635036,-36.03580864472006,-8.035987012550006
20993,28-08-2026,BJNR,7,-46.0,test,-29.912062053913218,-45.0328929426412,-14.791231165185236
20993,28-08-2026,BHL,8,-61.0,test,-45.46407828703701,-58.90539818849125,-32.022758385582776
20993,28-08-2026,CNA,9,-36.0,test,-24.40853755615322,-34.21471492184029,-14.602360190466149
20993,28-08-2026,KIN,10,-30.0,test,-22.645772290120867,-29.555130380042804,-15.73641420019893
20993,28-08-2026,MVJ,11,-36.0,test,-29.873556400988413,-32.87622089435364,-26.87089190762319
20993,28-08-2026,RPZ,12,-29.0,test,-20.324071966922094,-21.94043494856361,-18.70770898528058
20993,29-08-2026,JP,1,-32.0,test,-13.608695652173912,-28.523401538602318,1.3060102342544937
20993,29-08-2026,KKU,2,-36.0,test,-18.51889830483196,-33.7220128572989,-3.3157837523650233
20993,29-08-2026,FL,3,-40.0,test,-22.13991149773061,-36.46806864782677,-7.811754347634448
20993,29-08-2026,KSG,4,-40.0,test,-22.123804967777005,-36.69968168648106,-7.547928249072951
20993,29-08-2026,AII,5,-39.0,test,-21.01462987968757,-35.129319505919476,-6.899940253455659
20993,29-08-2026,NSD,6,-40.0,test,-21.622187483678786,-35.62209829976382,-7.622276667593756
20993,29-08-2026,BJNR,7,-43.0,test,-29.154353361319803,-44.275184250047786,-14.033522472591821
20993,29-08-2026,BHL,8,-52.0,test,-42.494760158796936,-55.93608006025117,-29.053440257342704
20993,29-08-2026,CNA,9,-38.0,test,-25.435399253312948,-35.24157661900002,-15.629221887625876
20993,29-08-2026,KIN,10,-33.0,test,-24.19217764826576,-31.101535738187696,-17.28281955834382
20993,29-08-2026,MVJ,11,-37.0,test,-30.683955191698324,-33.68661968506355,-27.6812906983331
20993,29-08-2026,RPZ,12,-28.0,test,-20.351080950199165,-21.96744393184068,-18.73471796855765
20993,30-08-2026,JP,1,-32.0,test,-13.235968372425312,-28.15067425885372,1.6787375140030942
20993,30-08-2026,KKU,2,-36.0,test,-18.146171025083362,-33.3492855775503,-2.9430564726164246
20993,30-08-2026,FL,3,-39.0,test,-21.40097305855186,-35.729130208648016,-7.0728159084556985
20993,30-08-2026,KSG,4,-39.0,test,-21.372949205227602,-35.94882592393166,-6.797072486523549
20993,30-08-2026,AII,5,-36.0,test,-19.551067881383357,-33.66575750761527,-5.436378255151448
20993,30-08-2026,NSD,6,-35.0,test,-19.411316521500076,-33.4112273375851,-5.411405705415046
20993,30-08-2026,BJNR,7,-41.0,test,-27.974248256439285,-43.09507914516727,-12.853417367711303
20993,30-08-2026,BHL,8,-55.0,test,-43.22644464547234,-56.66776454692658,-29.78512474401811
20993,30-08-2026,CNA,9,-31.0,test,-22.534754244083913,-32.34093160977098,-12.728576878396842
20993,30-08-2026,KIN,10,-29.0,test,-22.229849460058745,-29.139207549980682,-15.320491370136807
20993,30-08-2026,MVJ,11,-32.0,test,-28.455385524139906,-31.45805001750513,-25.452721030774683
20993,30-08-2026,RPZ,12,-29.0,test,-20.264897908925285,-21.8812608905668,-18.64853492728377
20993,31-08-2026,JP,1,-19.0,test,-12.863241092676711,-27.777946979105117,2.0514647937516948
20993,31-08-2026,KKU,2,-25.0,test,-18.377799677925754,-33.58091423039269,-3.174685125458817
20993,31-08-2026,FL,3,-30.0,test,-22.523611240763394,-36.851768390859554,-8.195454090667234
20993,31-08-2026,KSG,4,-32.0,test,-23.246100798825353,-37.821977517529405,-8.670224080121299
20993,31-08-2026,AII,5,-40.0,test,-25.373362792609754,-39.48805241884166,-11.258673166377845
20993,31-08-2026,NSD,6,-38.0,test,-25.180593419410954,-39.18050423549599,-11.180682603325923
20993,31-08-2026,BJNR,7,-43.0,test,-33.27098603209889,-48.39181692082687,-18.15015514337091
20993,31-08-2026,BHL,8,-43.0,test,-43.28766134608017,-56.728981247534406,-29.84634144462594
20993,31-08-2026,CNA,9,-37.0,test,-29.084238118613982,-38.89041548430105,-19.278060752926912
20993,31-08-2026,KIN,10,-33.0,test,-28.323654906535914,-35.23301299645785,-21.414296816613977
20993,31-08-2026,MVJ,11,-35.0,test,-34.09283861798837,-37.095503111353594,-31.090174124623147
20993,31-08-2026,RPZ,12,-23.0,test,-22.62406950730498,-24.240432488946496,-21.007706525663465
22421,28-08-2026,DEE,1,41.0,test,-8.078925744622849,-20.38281711271953,4.22496562347383
22421,28-08-2026,DEC,2,15.0,test,-20.36272377951786,-36.62883409416227,-4.096613464873446
22421,28-08-2026,GGN,3,12.0,test,-24.107282378744795,-40.17678536398589,-8.037779393503698
22421,28-08-2026,PTRD,4,6.0,test,-30.761711799328133,-46.52113904344308,-15.002284555213187
22421,28-08-2026,RE,5,-3.0,test,-28.505130869796105,-49.22778575663351,-7.7824759829587045
22421,28-08-2026,MHRG,6,-22.0,test,-44.274468028847004,-68.67060680100192,-19.878329256692084
22421,28-08-2026,STNL,7,-26.0,test,-44.05491550719155,-65.82414634119054,-22.285684673192566
22421,28-08-2026,LHU,8,-19.0,test,-38.14461331222137,-59.06393803597011,-17.22528858847262
22421,28-08-2026,RMB,9,-22.0,test,-39.80333956787656,-60.38038585346622,-19.226293282286903
22421,28-08-2026,SDLP,10,-20.0,test,-39.04523587519097,-60.76833947238344,-17.3221322779985
22421,28-08-2026,CUR,11,-15.0,test,-33.461780777265886,-53.08865028487626,-13.834911269655514
22421,28-08-2026,RTGH,12,-3.0,test,-25.957924504251057,-41.794097282199935,-10.121751726302177
22421,28-08-2026,PIH,13,-11.0,test,-29.358300627571325,-44.68612131166565,-14.030479943476998
22421,28-08-2026,TLC,14,-16.0,test,-32.64722465594326,-48.04631254881366,-17.248136763072864
22421,28-08-2026,SUJH,15,-21.0,test,-36.33835694877148,-51.33330954888248,-21.343404348660474
22421,28-08-2026,LAU,16,-20.0,test,-35.30104996502609,-49.598243186550114,-21.003856743502062
22421,28-08-2026,DIA,17,-21.0,test,-35.46946119317805,-49.467131299306914,-21.471791087049183
22421,28-08-2026,DNA,19,-17.0,test,-42.53989601703846,-52.65586197029181,-32.42393006378511
22421,28-08-2026,MTD,20,-13.0,test,-38.787297968082115,-47.628163307099975,-29.946432629064255
22421,28-08-2026,GOTN,21,-16.0,test,-40.671091044007866,-49.728073865257755,-31.614108222757977
22421,29-08-2026,DEE,1,7.0,test,0.49380168959495574,-11.810089678501722,12.797693057691635
22421,29-08-2026,DEC,2,2.0,test,-5.357548777204665,-21.623659091849078,10.90856153743975
22421,29-08-2026,GGN,3,0.0,test,-7.1436413139390496,-23.213144299180147,8.925861671302048
22421,29-08-2026,PTRD,4,-10.0,test,-15.167709713409185,-30.92713695752413,0.5917175307057612
22421,29-08-2026,RE,5,-3.0,test,-7.514063580509547,-28.236718467346947,13.208591306327854
22421,29-08-2026,MHRG,6,-5.0,test,-16.621205073210625,-41.017343845365545,7.774933698944295
22421,29-08-2026,STNL,7,-14.0,test,-17.989369540599764,-39.75860037459875,3.7798612933992217
22421,29-08-2026,LHU,8,-12.0,test,-14.048277817525612,-34.96760254127436,6.871046906223135
22421,29-08-2026,RMB,9,-14.0,test,-15.643232264045333,-36.22027854963499,4.933814021544327
22421,29-08-2026,SDLP,10,-13.0,test,-15.203632430154652,-36.92673602734712,6.519471167037818
22421,29-08-2026,CUR,11,-8.0,test,-9.622490695767517,-29.24936020337789,10.004378811842855
22421,29-08-2026,RTGH,12,1.0,test,-3.2054774738754377,-19.04165025182432,12.630695304073441
22421,29-08-2026,PIH,13,1.0,test,-3.908763026558317,-19.236583710652646,11.41905765753601
22421,29-08-2026,TLC,14,-2.0,test,-6.19371596048739,-21.59280385335779,9.20537193238301
22421,29-08-2026,SUJH,15,-6.0,test,-9.428990509752156,-24.42394310986316,5.5659620903588465
22421,29-08-2026,LAU,16,-5.0,test,-8.351491902393578,-22.648685123917605,5.94570131913045
22421,29-08-2026,DIA,17,-6.0,test,-8.560848302336874,-22.55851840846574,5.436821803791993
22421,29-08-2026,DNA,19,-22.0,test,-23.033289512947995,-33.14925546620134,-12.917323559694648
22421,29-08-2026,MTD,20,-21.0,test,-20.572931280857013,-29.413796619874873,-11.732065941839153
22421,29-08-2026,GOTN,21,-23.0,test,-22.127465405506346,-31.184448226756235,-13.070482584256457
22421,30-08-2026,DEE,1,-3.0,test,0.49380168959495574,-11.810089678501722,12.797693057691635
22421,30-08-2026,DEC,2,-7.0,test,-5.051241750152503,-21.317352064796918,11.214868564491912
22421,30-08-2026,GGN,3,-9.0,test,-6.760398895519197,-22.829901880760296,9.3091040897219
22421,30-08-2026,PTRD,4,-15.0,test,-13.348995756625145,-29.10842300074009,2.4104314874898005
22421,30-08-2026,RE,5,-8.0,test,-5.599322393539809,-26.321977280377208,15.123332493297593
22421,30-08-2026,MHRG,6,-15.0,test,-16.56573988926926,-40.96187866142418,7.83039888288566
22421,30-08-2026,STNL,7,-30.0,test,-20.131086035230005,-41.90031686922899,1.6381447987689803
22421,30-08-2026,LHU,8,-25.0,test,-15.370169610998325,-36.289494334747076,5.549155112750423
22421,30-08-2026,RMB,9,-27.0,test,-16.80803630203457,-37.385082587624225,3.7690099835550903
22421,30-08-2026,SDLP,10,-27.0,test,-16.68965072104733,-38.4127543182398,5.033452876145141
22421,30-08-2026,CUR,11,-21.0,test,-10.755465224144139,-30.38233473175451,8.871404283466234
22421,30-08-2026,RTGH,12,-13.0,test,-4.6878900765409375,-20.524062854489816,11.148282701407943
22421,30-08-2026,PIH,13,-13.0,test,-5.4080412336352905,-20.73586191772962,9.919779450459036
22421,30-08-2026,TLC,14,-16.0,test,-7.691646689145014,-23.090734582015415,7.707441203725385
22421,30-08-2026,SUJH,15,-20.0,test,-10.924695272228213,-25.919647872339215,4.070257327882789
22421,30-08-2026,LAU,16,-20.0,test,-10.153393712822979,-24.450586934347008,4.143799508701049
22421,30-08-2026,DIA,17,-20.0,test,-10.080728267973205,-24.078398374102072,3.9169418381556618
22421,30-08-2026,DNA,19,-47.0,test,-28.566201779432614,-38.68216773268596,-18.450235826179266
22421,30-08-2026,MTD,20,-47.0,test,-26.570449752622785,-35.411315091640645,-17.729584413604925
22421,30-08-2026,GOTN,21,-40.0,test,-25.011209375527848,-34.06819219677774,-15.954226554277959
22421,31-08-2026,DEE,1,4.0,test,-0.25165286990224467,-12.555544237998923,12.052238498194434
22421,31-08-2026,DEC,2,-1.0,test,-6.103003336701865,-22.36911365134628,10.163106977942551
22421,31-08-2026,GGN,3,-4.0,test,-8.231918717207286,-24.301421702448383,7.837584268033812
22421,31-08-2026,PTRD,4,-12.0,test,-15.581795312747017,-31.341222556861965,0.17763193136792843
22421,31-08-2026,RE,5,1.0,test,-5.768823166007084,-26.491478052844485,14.953831720830316
22421,31-08-2026,MHRG,6,-5.0,test,-16.157428756329473,-40.55356752848439,8.238710015825447
22421,31-08-2026,STNL,7,-16.0,test,-18.31604508672156,-40.08527592072055,3.453185747277427
22421,31-08-2026,LHU,8,-15.0,test,-14.795003970956106,-35.714328694704854,6.1243207527926415
22421,31-08-2026,RMB,9,-17.0,test,-16.4293936483784,-37.00643993396806,4.147652637211259
22421,31-08-2026,SDLP,10,-16.0,test,-15.973368451389952,-37.69647204858242,5.749735145802518
22421,31-08-2026,CUR,11,-9.0,test,-9.639558190140113,-29.266427697750487,9.98731131747026
22421,31-08-2026,RTGH,12,-2.0,test,-3.9294859924297327,-19.765658770378614,11.906686785519147
22421,31-08-2026,PIH,13,-3.0,test,-5.012006682762947,-20.339827366857275,10.315814001331379
22421,31-08-2026,TLC,14,-5.0,test,-7.008216567246714,-22.407304460117114,8.390871325623685
22421,31-08-2026,SUJH,15,-9.0,test,-10.186933618988466,-25.181886219099468,4.808018981122537
22421,31-08-2026,LAU,16,-8.0,test,-9.099103445728467,-23.396296667252493,5.198089775795561
22421,31-08-2026,DIA,17,-8.0,test,-8.950553849687061,-22.948223955815926,5.0471162564418055
22421,31-08-2026,DNA,19,-54.0,test,-34.42414164137004,-44.54010759462339,-24.308175688116695
22421,31-08-2026,MTD,20,-43.0,test,-28.585347685370408,-37.42621302438827,-19.744482346352548
22421,31-08-2026,GOTN,21,-38.0,test,-27.513781161965547,-36.570763983215436,-18.456798340715658
22473,31-08-2026,BKN,1,-9.0,test,1.1696969603351999,-5.408550842398238,7.747944763068638
22473,31-08-2026,NOK,2,-20.0,test,-8.80521977985739,-22.0035020345072,4.393062474792419
22473,31-08-2026,NGO,3,-36.0,test,-27.720214499963852,-42.46399520627322,-12.976433793654484
22473,31-08-2026,MTD,4,-8.0,test,-5.539103239747849,-15.819590855589086,4.741384376093388
22473,31-08-2026,JU,5,-8.0,test,-1.361915993947213,-12.89741088347374,10.173578895579315
22473,31-08-2026,LUNI,6,-32.0,test,-14.499554210378852,-24.20432106828124,-4.794787352476465
22473,31-08-2026,PMY,7,-31.0,test,-17.299968999153222,-28.048611739109447,-6.551326259196996
22473,31-08-2026,MJ,8,-18.0,test,-2.406815864168893,-9.69491861903137,4.881286890693584
22473,31-08-2026,SJWB,9,-19.0,test,-7.391105152066446,-15.39543060344432,0.6132202993114273
22473,31-08-2026,ABR,10,-7.0,test,2.1356369051518804,-3.7381222692247773,8.009396079528539
22473,31-08-2026,PNU,11,-11.0,test,-1.8603182868182437,-13.033271468620097,9.31263489498361
22473,31-08-2026,UJA,12,-7.0,test,-0.8232006006275663,-15.621967521342196,13.975566320087061
22473,31-08-2026,MSH,13,-8.0,test,-2.1874096438682926,-19.587696115104265,15.21287682736768
22473,31-08-2026,ADI,14,-27.0,test,-14.057642849761285,-33.953494870541746,5.838209171019175
22473,31-08-2026,ANND,16,-25.0,test,-10.694048852144281,-23.89142572134544,2.5033280170568766
22473,31-08-2026,BH,18,-15.0,test,-7.151335873172979,-14.947049989103629,0.6443782427576714
22473,31-08-2026,ST,19,-12.0,test,-5.816469468184257,-19.01378998363242,7.380851047263905
22473,31-08-2026,NVS,20,-18.0,test,-15.403151405967082,-25.191534832385898,-5.614767979548267
22473,31-08-2026,BL,21,-16.0,test,-4.361124342163583,-12.600659552355964,3.878410868028798
22977,28-08-2026,JP,0,-4.0,test,-11.76086954842726,-23.898431456081656,0.3766923592271354
22977,28-08-2026,KKU,1,-7.0,test,-13.970747345398594,-24.727317981960354,-3.2141767088368365
22977,28-08-2026,FL,2,-5.0,test,-13.081856492935527,-25.04403547498195,-1.1196775108891046
22977,28-08-2026,NAC,3,-4.0,test,-13.476027296195895,-25.168673654093844,-1.7833809382979453
22977,28-08-2026,KMNC,4,-5.0,test,-13.989850856944784,-24.833237898277815,-3.1464638156117513
22977,28-08-2026,MKN,5,-9.0,test,-15.87122174425292,-26.296418773888597,-5.446024714617247
22977,28-08-2026,GCH,6,-8.0,test,-15.544646143780042,-26.281222238395507,-4.808070049164575
22977,28-08-2026,DNA,7,-9.0,test,-16.324806443350365,-26.972728954271727,-5.6768839324290035
22977,28-08-2026,REN,8,-10.0,test,-17.197726749959717,-27.531900786921575,-6.863552712997857
22977,28-08-2026,MTD,9,-11.0,test,-19.288135885697912,-29.66212066400437,-8.914151107391454
22977,28-08-2026,GOTN,10,-15.0,test,-21.867524646249084,-31.64783995788259,-12.08720933461558
22977,28-08-2026,RKB,11,-33.0,test,-36.14986889801029,-40.08912018234629,-32.21061761367429
22977,29-08-2026,JP,0,-15.0,test,-12.133596828175861,-24.271158735830255,0.003965079478534861
22977,29-08-2026,KKU,1,-19.0,test,-14.644520368621835,-25.401091005183595,-3.8879497320600773
22977,29-08-2026,FL,2,-18.0,test,-14.200952172179067,-26.16313115422549,-2.238773190132644
22977,29-08-2026,NAC,3,-18.0,test,-14.966043148438352,-26.6586895063363,-3.273396790540403
22977,29-08-2026,KMNC,4,-19.0,test,-15.499989333694492,-26.343376375027525,-4.656602292361459
22977,29-08-2026,MKN,5,-19.0,test,-16.090117735186578,-26.51531476482225,-5.664920705550903
22977,29-08-2026,GCH,6,-17.0,test,-15.153240597258895,-25.889816691874362,-4.416664502643428
22977,29-08-2026,DNA,7,-20.0,test,-16.57057866594261,-27.21850117686397,-5.922656155021247
22977,29-08-2026,REN,8,-21.0,test,-17.563705617369607,-27.89787965433147,-7.2295315804077465
22977,29-08-2026,MTD,9,-23.0,test,-20.00199090966128,-30.37597568796774,-9.628006131354823
22977,29-08-2026,GOTN,10,-25.0,test,-21.94054179896866,-31.720857110602164,-12.160226487335155
22977,29-08-2026,RKB,11,-33.0,test,-32.45414188458815,-36.39339316892415,-28.51489060025214
22977,30-08-2026,JP,0,-9.0,test,-12.133596828175861,-24.271158735830255,0.003965079478534861
22977,30-08-2026,KKU,1,-13.0,test,-14.644520368621835,-25.401091005183595,-3.8879497320600773
22977,30-08-2026,FL,2,-12.0,test,-14.200952172179067,-26.16313115422549,-2.238773190132644
22977,30-08-2026,NAC,3,-11.0,test,-14.606528411444103,-26.299174769342052,-2.9138820535461534
22977,30-08-2026,KMNC,4,-12.0,test,-15.11575678362397,-25.959143824957003,-4.2723697422909375
22977,30-08-2026,MKN,5,-12.0,test,-15.706784745199222,-26.131981774834898,-5.281587715563548
22977,30-08-2026,GCH,6,-11.0,test,-15.129301750401016,-25.865877845016485,-4.392725655785549
22977,30-08-2026,DNA,7,-13.0,test,-16.24395429270782,-26.89187680362918,-5.596031781786458
22977,30-08-2026,REN,8,-14.0,test,-17.186501659322513,-27.52067569628437,-6.852327622360653
22977,30-08-2026,MTD,9,-25.0,test,-22.663780755627513,-33.03776553393397,-12.289795977321056
22977,30-08-2026,GOTN,10,-27.0,test,-25.015918726706047,-34.79623403833955,-15.235603415072543
22977,30-08-2026,RKB,11,-34.0,test,-35.10796705169403,-39.047218336030035,-31.168715767358027
22977,31-08-2026,JP,0,-6.0,test,-13.25177866742166,-25.389340575076055,-1.114216759767265
22977,31-08-2026,KKU,1,-6.0,test,-14.558519233969072,-25.31508987053083,-3.801948597407314
22977,31-08-2026,FL,2,-8.0,test,-14.89175804268714,-26.85393702473356,-2.9295790606407177
22977,31-08-2026,NAC,3,-7.0,test,-15.351197123980858,-27.04384348187881,-3.658550766082909
22977,31-08-2026,KMNC,4,-8.0,test,-15.863624664908343,-26.707011706241374,-5.02023762357531
22977,31-08-2026,MKN,5,-10.0,test,-17.0980034205649,-27.523200450200576,-6.672806390929226
22977,31-08-2026,GCH,6,-9.0,test,-16.64379448606433,-27.380370580679795,-5.907218391448863
22977,31-08-2026,DNA,7,-11.0,test,-17.756730458516305,-28.404652969437667,-7.1088079475949435
22977,31-08-2026,REN,8,-13.0,test,-19.042196422215483,-29.376370459177345,-8.708022385253622
22977,31-08-2026,MTD,9,-15.0,test,-21.503358196291284,-31.87734297459774,-11.129373417984826
22977,31-08-2026,GOTN,10,-18.0,test,-23.782997585807642,-33.56331289744115,-14.002682274174138
22977,31-08-2026,RKB,11,-27.0,test,-34.6947412065791,-38.633992490915105,-30.755489922243097
22982,28-08-2026,SGNR,1,-5.0,test,-11.9787878799581,-19.23892304847836,-4.718652711437841
22982,28-08-2026,SDS,2,-10.0,test,-16.339767572077502,-23.558626958863783,-9.120908185291219
22982,28-08-2026,HMH,3,-5.0,test,-17.868971574175802,-36.829978412326184,1.0920352639745836
22982,28-08-2026,PGK,4,-9.0,test,-20.014857287295374,-41.463553176801696,1.433838602210951
22982,28-08-2026,SOG,5,-19.0,test,-28.520043846780975,-50.53216955658902,-6.507918136972933
22982,28-08-2026,MHJ,6,-18.0,test,-29.759790324278526,-51.42353238890192,-8.096048259655138
22982,28-08-2026,LGH,8,-35.0,test,-43.2819957300493,-65.3723311250997,-21.1916603349989
22982,28-08-2026,BKN,9,-10.0,test,-18.615119398474103,-38.032278717167245,0.8020399202190411
22982,28-08-2026,DSO,10,-6.0,test,-18.69515361840141,-35.82416046407444,-1.5661467727283807
22982,28-08-2026,NOK,11,-5.0,test,-20.089888582809635,-37.04362405941235,-3.1361531062069226
22982,28-08-2026,NGO,12,-33.0,test,-41.20488286867418,-59.47282167894723,-22.936944058401135
22982,28-08-2026,DNA,13,-41.0,test,-50.05092580057173,-67.81640538746895,-32.28544621367452
22982,28-08-2026,MKN,14,-42.0,test,-50.97026031776364,-69.4655945169518,-32.47492611857548
22982,28-08-2026,NAC,15,-30.0,test,-38.967322930169665,-57.34114018574627,-20.593505674593057
22982,28-08-2026,SBR,16,-17.0,test,-24.0192700237939,-41.087023610205264,-6.951516437382541
22982,28-08-2026,FL,17,-5.0,test,-17.03076608166363,-32.46290298314176,-1.5986291801854957
22982,28-08-2026,JOB,18,-6.0,test,-18.549822030986356,-33.224793227470926,-3.874850834501789
22982,28-08-2026,JP,19,-20.0,test,-32.289163282725525,-51.489865082612596,-13.088461482838454
22982,28-08-2026,DPA,20,-21.0,test,-33.13626610438758,-49.4769695183584,-16.795562690416755
22982,28-08-2026,BNLW,21,-17.0,test,-35.88983037438603,-51.238265483976996,-20.541395264795064
22982,28-08-2026,ISA,22,-22.0,test,-38.62095528976653,-52.56948867642183,-24.67242190311123
22982,28-08-2026,CKB,23,-17.0,test,-33.419857565075795,-47.9298038570194,-18.909911273132188
22982,28-08-2026,SWM,24,-4.0,test,-12.762559688439826,-20.721719424545743,-4.803399952333909
22982,28-08-2026,IDG,25,-7.0,test,-17.950357736271894,-25.05454690641236,-10.846168566131428
22982,28-08-2026,LKE,26,-9.0,test,-19.696785368580983,-26.845498743981928,-12.548071993180038
22982,30-08-2026,SGNR,1,-8.0,test,-11.6060606002095,-18.8661786116494,-4.345942588769598
22982,30-08-2026,HMH,3,-8.0,test,-17.430930919668796,-36.39202183097881,1.53015999164122
22982,30-08-2026,PGK,4,-13.0,test,-20.051110868017364,-41.499823612401016,1.3976018763662843
22982,30-08-2026,SOG,5,-30.0,test,-31.07293202450903,-53.085061755787876,-9.060802293230182
22982,30-08-2026,MHJ,6,-44.0,test,-38.00220887999831,-59.66595258466171,-16.338465175334907
22982,30-08-2026,LKS,7,-43.0,test,-40.83184487865329,-61.01099869803007,-20.652691059276513
22982,30-08-2026,LGH,8,-55.0,test,-49.22496983265132,-71.31523288768474,-27.134706777617886
22982,30-08-2026,BKN,9,-18.0,test,-21.46981682650692,-40.886907627068624,-2.052726025945219
22982,30-08-2026,DSO,10,-33.0,test,-26.94937882807475,-44.07837683238214,-9.820380823767358
22982,30-08-2026,NOK,11,-34.0,test,-29.523132951498717,-46.47686726792634,-12.569398635071096
22982,30-08-2026,NGO,12,-47.0,test,-45.09848419625132,-63.36642294446328,-26.830545448039356
22982,30-08-2026,DNA,13,-44.0,test,-49.65286836861516,-67.41834796496764,-31.887388772262682
22982,30-08-2026,MKN,14,-44.0,test,-50.17058944823801,-68.66592364796244,-31.67525524851358
22982,30-08-2026,NAC,15,-30.0,test,-37.471703198819675,-55.84552045445646,-19.097885943182884
22982,30-08-2026,SBR,16,-13.0,test,-21.084400527259167,-38.15215411368121,-4.01664694083712
22982,30-08-2026,FL,17,-8.0,test,-16.062370021129837,-31.494506922613983,-0.6302331196456912
22982,30-08-2026,JOB,18,-10.0,test,-18.507702731963306,-33.18267392908607,-3.832731534840539
22982,30-08-2026,JP,19,-22.0,test,-31.617515927034635,-50.818217728884285,-12.416814125184985
22982,30-08-2026,DPA,20,-24.0,test,-32.70843126876877,-49.0491346883062,-16.367727849231347
22982,30-08-2026,BNLW,21,-37.0,test,-41.76773486399457,-57.11616997503394,-26.419299752955194
22982,30-08-2026,ISA,22,-35.0,test,-42.21887290169439,-56.167406289812185,-28.270339513576594
22982,30-08-2026,CKB,23,-28.0,test,-36.078906362765274,-50.58885265561167,-21.56896006991888
22982,30-08-2026,SWM,24,-9.0,test,-13.246513146660915,-21.20567288296812,-5.2873534103537105
22982,30-08-2026,IDG,25,-17.0,test,-20.029395715009354,-27.13358488547283,-12.92520654454588
22982,30-08-2026,LKE,26,-19.0,test,-21.90750454081823,-29.056217916219175,-14.758791165417286
22982,31-08-2026,SGNR,1,-15.0,test,-11.9787878799581,-19.238926929888294,-4.718648830027907
22982,31-08-2026,SDS,2,-20.0,test,-16.33978349096868,-23.558646821002935,-9.120920160934428
22982,31-08-2026,HMH,3,-34.0,test,-24.808236623467202,-43.769244948308284,-5.847228298626121
22982,31-08-2026,PGK,4,-46.0,test,-30.188862906159876,-51.63755997259956,-8.740165839720191
22982,31-08-2026,SOG,5,-55.0,test,-38.46744712927258,-60.479573906164276,-16.455320352380877
22982,31-08-2026,MHJ,6,-55.0,test,-39.89010488640034,-61.553848411862504,-18.226361360938174
22982,31-08-2026,LKS,7,-55.0,test,-42.974879412304105,-63.154033228890654,-22.795725595717553
22982,31-08-2026,LGH,8,-57.0,test,-47.73268210902276,-69.82294515702277,-25.642419061022746
22982,31-08-2026,BKN,9,-24.0,test,-20.945206855330355,-40.36229764825332,-1.5281160624073955
22982,31-08-2026,DSO,10,-24.0,test,-21.517539672745492,-38.64653767084309,-4.388541674647893
22982,31-08-2026,NOK,11,-27.0,test,-24.464794585121286,-41.418528895791525,-7.511060274451047
22982,31-08-2026,NGO,12,-44.0,test,-41.6608790997358,-59.92881784212594,-23.39294035734567
22982,31-08-2026,DNA,13,-47.0,test,-48.52887198058647,-66.2943515705847,-30.763392390588244
22982,31-08-2026,MKN,14,-48.0,test,-49.44727388923814,-67.94260808331171,-30.951939695164572
22982,31-08-2026,NAC,15,-37.0,test,-37.82136757458541,-56.19518482874486,-19.447550320425965
22982,31-08-2026,SBR,16,-21.0,test,-21.8539509013168,-38.92170448559431,-4.786197317039289
22982,31-08-2026,FL,17,-14.0,test,-16.259671733335555,-31.69180863240915,-0.8275348342619591
22982,31-08-2026,JOB,18,-24.0,test,-21.25110923565511,-35.92608043021647,-6.576138041093751
22982,31-08-2026,JP,19,-32.0,test,-33.23678402162692,-52.43748582124298,-14.036082222010855
22982,31-08-2026,DPA,20,-34.0,test,-34.23761465821048,-50.578318072004365,-17.8969112444166
22982,31-08-2026,BNLW,21,-36.0,test,-39.22375459303841,-54.57218970183204,-23.875319484244777
22982,31-08-2026,ISA,22,-36.0,test,-40.25139964109451,-54.199933027805564,-26.302866254383453
22982,31-08-2026,CKB,23,-30.0,test,-34.5360797907446,-49.04602608265552,-20.02613349883368
22982,31-08-2026,SWM,24,-15.0,test,-13.1440085958262,-21.10316833100212,-5.184848860650281
22982,31-08-2026,IDG,25,-23.0,test,-20.072808351294213,-27.176997521415956,-12.968619181172471
22982,31-08-2026,LKE,26,-24.0,test,-21.627554620251242,-28.776267995652187,-14.478841244850297
22985,30-08-2026,UDZ,1,-27.0,test,-3.77954545981145,-29.35822075184764,21.799129832224743
22985,30-08-2026,MVJ,2,-29.0,test,-13.091819955564645,-39.60589259028269,13.422252679153406
22985,30-08-2026,CNA,3,-32.0,test,-14.986508245072422,-47.11194509828014,17.138928608135295
22985,30-08-2026,BHL,4,-37.0,test,-21.302068304108044,-48.458770099934306,5.854633491718218
22985,30-08-2026,AII,5,-26.0,test,-11.260370355415825,-34.74900757140292,12.228266860571273
22985,30-08-2026,FL,6,-28.0,test,-11.519562682711005,-37.07404770944353,14.03492234402152
22985,30-08-2026,RGS,7,-28.0,test,-14.67749141266487,-41.1371910957886,11.782208270458861
22985,30-08-2026,NNL,8,-26.0,test,-10.132676750447871,-36.342887302509396,16.077533801613658
22985,30-08-2026,RE,9,-28.0,test,-10.103004146923091,-19.863378959398275,-0.34262933444790633
