train_no,journey_date,station_sequence,station_code,remaining_delay_min,split,xgb_pred,xgb_low,xgb_high
12015,24-08-2026,1,NDLS,-23.0,val,-18.41449,-22.53476,-0.6281135
12015,24-08-2026,2,DEC,-27.0,val,-20.20557,-26.025166,-0.5991222
12015,24-08-2026,3,GGN,-32.0,val,-25.414097,-31.613815,-3.3751035
12015,24-08-2026,4,RE,-27.0,val,-21.184162,-26.404966,-3.5935597
12015,24-08-2026,5,AWR,-32.0,val,-27.254454,-32.303837,-7.825234
12015,24-08-2026,7,GADJ,-25.0,val,-23.975487,-27.286188,-9.7233715
12015,24-08-2026,8,JP,-22.0,val,-20.936588,-24.542187,-6.428508
12015,24-08-2026,9,KSG,-22.0,val,-22.124062,-25.23819,-7.039119
12015,24-08-2026,10,AII,-21.0,val,-19.59637,-23.531244,-5.213315
12015,25-08-2026,1,NDLS,-22.0,val,-17.77845,-22.149137,0.06969087
12015,25-08-2026,2,DEC,-23.0,val,-18.856958,-23.961945,-1.2402213
12015,25-08-2026,3,GGN,-23.0,val,-19.317585,-23.90776,-2.6545033
12015,25-08-2026,4,RE,-22.0,val,-18.78662,-23.623953,-3.8075683
12015,25-08-2026,5,AWR,-28.0,val,-22.912754,-27.8117,-6.2778516
12015,25-08-2026,6,BKI,-21.0,val,-20.063673,-25.400902,-7.0016737
12015,25-08-2026,7,GADJ,-32.0,val,-27.280542,-34.161045,-11.9524355
12015,25-08-2026,8,JP,-27.0,val,-23.577274,-26.267141,-7.388401
12015,25-08-2026,9,KSG,-31.0,val,-25.794876,-30.812338,-8.707887
12015,25-08-2026,10,AII,-21.0,val,-19.476454,-23.27818,-4.63789
12015,26-08-2026,1,NDLS,-20.0,val,-17.78607,-22.13732,-0.41158363
12015,26-08-2026,2,DEC,-21.0,val,-18.941334,-23.571177,-1.2062721
12015,26-08-2026,3,GGN,-22.0,val,-19.61754,-24.09022,-2.940437
12015,26-08-2026,4,RE,-25.0,val,-21.666714,-26.0079,-4.029353
12015,26-08-2026,5,AWR,-35.0,val,-30.625483,-36.498592,-9.526056
12015,26-08-2026,6,BKI,-29.0,val,-24.58346,-32.0707,-9.142362
12015,26-08-2026,7,GADJ,-39.0,val,-33.258095,-40.911144,-14.2247
12015,26-08-2026,8,JP,-30.0,val,-27.241879,-31.937658,-8.645014
12015,26-08-2026,9,KSG,-25.0,val,-24.122519,-26.467587,-5.7271757
12015,26-08-2026,10,AII,-20.0,val,-19.481865,-23.67748,-5.1034517
12015,27-08-2026,1,NDLS,-23.0,val,-18.688833,-22.594248,-0.60078967
12015,27-08-2026,2,DEC,-30.0,val,-22.350302,-29.761963,-1.817378
12015,27-08-2026,3,GGN,-31.0,val,-23.205763,-30.95674,-3.8425486
12015,27-08-2026,4,RE,-27.0,val,-21.60335,-26.07633,-4.134025
12015,27-08-2026,5,AWR,-34.0,val,-28.325115,-34.619587,-8.704332
12015,27-08-2026,6,BKI,-29.0,val,-24.511072,-30.68164,-9.165384
12015,27-08-2026,7,GADJ,-27.0,val,-24.971853,-28.427612,-10.6877
12015,27-08-2026,8,JP,-27.0,val,-23.995512,-27.027697,-7.8547826
12015,27-08-2026,9,KSG,-24.0,val,-22.937204,-25.174284,-7.172047
12015,27-08-2026,10,AII,-20.0,val,-19.657104,-23.355173,-5.153274
12182,24-08-2026,1,AII,5.0,val,-10.037814,-29.862251,10.455098
12182,24-08-2026,2,KSG,6.0,val,-10.260194,-29.630184,8.795259
12182,24-08-2026,3,FL,1.0,val,-13.672842,-33.66882,7.8263097
12182,24-08-2026,4,JP,-8.0,val,-19.6367,-41.319286,4.363939
12182,24-08-2026,5,DPA,-8.0,val,-19.723595,-41.739594,3.4471643
12182,24-08-2026,6,BNLW,-17.0,val,-30.611263,-47.637012,-8.201037
12182,24-08-2026,7,CKB,-19.0,val,-31.838179,-47.566303,-8.582625
12182,24-08-2026,8,SWM,-16.0,val,-27.050175,-42.01057,-5.054802
12182,24-08-2026,9,IDG,-33.0,val,-36.44021,-48.19638,-4.232627
12182,24-08-2026,10,LKE,-33.0,val,-36.282543,-47.521427,-9.083564
12182,24-08-2026,11,KOTA,-23.0,val,-30.820671,-43.515427,-5.206088
12182,24-08-2026,12,ATH,-19.0,val,-30.958345,-43.833286,-4.153329
12182,24-08-2026,13,BAZ,-25.0,val,-34.91059,-46.951458,-8.118125
12182,24-08-2026,14,ATRU,-23.0,val,-32.318287,-45.11387,-7.0424566
12182,24-08-2026,15,CAG,-20.0,val,-31.288952,-44.96478,-5.5944595
12182,24-08-2026,16,RTA,-3.0,val,-16.002033,-36.014835,7.7547464
12182,24-08-2026,17,GUNA,4.0,val,-10.4567,-29.466633,10.999879
12182,24-08-2026,18,ASKN,1.0,val,-13.884526,-32.67786,5.236346
12182,24-08-2026,19,MNV,-12.0,val,-24.606752,-43.265568,-2.2913508
12182,24-08-2026,20,MAKR,-4.0,val,-17.393948,-38.197067,7.420435
12182,24-08-2026,21,SGO,-13.0,val,-23.966352,-44.28677,-5.0217385
12182,24-08-2026,22,DMO,-39.0,val,-38.816463,-48.74165,-6.2447357
12182,24-08-2026,23,KMZ,-47.0,val,-41.45448,-52.13489,-7.2677765
12182,24-08-2026,24,SHR,-41.0,val,-36.193848,-43.68493,-6.982924
12182,25-08-2026,1,AII,0.0,val,-10.081781,-28.13468,10.811106
12182,25-08-2026,2,KSG,0.0,val,-10.275207,-29.074358,8.760505
12182,25-08-2026,3,FL,-4.0,val,-12.020486,-31.123388,8.2616825
12182,25-08-2026,4,JP,-11.0,val,-18.400633,-41.31697,5.8971257
12182,25-08-2026,5,DPA,-17.0,val,-21.597166,-42.897125,0.27656168
12182,25-08-2026,6,BNLW,-23.0,val,-30.169195,-48.80274,-8.547835
12182,25-08-2026,7,CKB,-15.0,val,-22.033224,-44.798313,-6.415458
12182,25-08-2026,8,SWM,-13.0,val,-18.294872,-39.1901,4.852455
12182,25-08-2026,9,IDG,-15.0,val,-21.500761,-41.484562,-1.4756068
12182,25-08-2026,10,LKE,-15.0,val,-21.527428,-42.57255,-1.5376549
12182,25-08-2026,11,KOTA,-17.0,val,-20.908587,-41.832653,-0.6799958
12182,25-08-2026,12,ATH,-18.0,val,-23.129307,-42.289604,-1.3199561
12182,25-08-2026,13,BAZ,-20.0,val,-25.265858,-45.034466,-4.533744
12182,25-08-2026,14,ATRU,-19.0,val,-25.23346,-44.54085,-3.4546626
12182,25-08-2026,15,CAG,-18.0,val,-23.444561,-43.826416,-4.461763
12182,25-08-2026,16,RTA,0.0,val,-10.484305,-29.113007,10.06756
12182,25-08-2026,17,GUNA,0.0,val,-10.554273,-29.202316,12.663094
12182,25-08-2026,18,ASKN,-5.0,val,-13.897713,-33.916164,6.5651774
12182,25-08-2026,19,MNV,-10.0,val,-19.193913,-39.7637,4.434812
12182,25-08-2026,20,MAKR,0.0,val,-11.176615,-29.724442,7.9534087
12182,25-08-2026,21,SGO,-6.0,val,-15.967581,-37.386906,2.8879418
12182,25-08-2026,22,DMO,-11.0,val,-22.08036,-40.73422,-0.20851886
12182,25-08-2026,23,KMZ,-28.0,val,-36.066666,-49.93976,-9.582753
12182,25-08-2026,24,SHR,-30.0,val,-34.13632,-43.196186,-6.6559916
12182,26-08-2026,1,AII,-16.0,val,-9.878252,-28.834959,12.149107
12182,26-08-2026,2,KSG,-17.0,val,-10.497113,-29.227818,9.667412
12182,26-08-2026,3,FL,-21.0,val,-13.685806,-33.39233,7.923603
12182,26-08-2026,4,JP,-29.0,val,-19.4834,-42.06163,5.8529897
12182,26-08-2026,5,DPA,-32.0,val,-21.514503,-42.315193,-2.5910294
12182,26-08-2026,6,BNLW,-35.0,val,-24.937284,-46.296783,-5.433974
12182,26-08-2026,7,CKB,-29.0,val,-20.485678,-44.310963,0.9242747
12182,26-08-2026,8,SWM,-20.0,val,-10.815911,-29.425375,8.948256
12182,26-08-2026,9,IDG,-32.0,val,-21.682316,-41.74888,-1.9099633
12182,26-08-2026,11,KOTA,-36.0,val,-23.953495,-43.352684,0.57429534
12182,26-08-2026,12,ATH,-38.0,val,-27.44261,-45.006054,-0.7062048
12182,26-08-2026,13,BAZ,-41.0,val,-31.677181,-46.512653,-6.431293
12182,26-08-2026,14,ATRU,-42.0,val,-32.053417,-46.534527,-1.9816351
12182,26-08-2026,15,CAG,-41.0,val,-31.314766,-46.665554,-6.3142004
12182,26-08-2026,16,RTA,-19.0,val,-10.936421,-29.915485,10.168635
12182,26-08-2026,17,GUNA,-17.0,val,-10.998639,-28.953384,12.080615
12182,26-08-2026,18,ASKN,-30.0,val,-19.71211,-42.005413,6.4170885
12182,26-08-2026,19,MNV,-41.0,val,-31.971806,-45.511448,-3.5605102
12182,26-08-2026,20,MAKR,-22.0,val,-14.251528,-33.963203,7.837707
12182,26-08-2026,21,SGO,-26.0,val,-18.535107,-40.36669,2.1275373
12182,26-08-2026,22,DMO,-28.0,val,-22.852169,-39.917465,0.25406194
12182,26-08-2026,23,KMZ,-34.0,val,-30.154005,-46.88764,-8.075469
12182,26-08-2026,24,SHR,-26.0,val,-24.46266,-37.98314,0.4656411
12316,24-08-2026,1,UDZ,2.0,val,3.3001158,-15.879876,7.5654864
12316,24-08-2026,2,RPZ,-3.0,val,-0.79221976,-16.230446,2.6811137
12316,24-08-2026,3,MVJ,-2.0,val,-0.2687511,-16.235834,4.6588206
12316,24-08-2026,4,CNA,4.0,val,1.75593,-16.737703,5.5131288
12316,24-08-2026,5,BHL,-6.0,val,-9.406446,-19.343994,2.0384731
12316,24-08-2026,6,BJNR,-22.0,val,-25.057592,-35.97262,-7.350219
12316,24-08-2026,7,NSD,-29.0,val,-29.16064,-43.180016,-8.630475
12316,24-08-2026,8,AII,2.0,val,-3.0149102,-16.838112,5.6113048
12316,24-08-2026,9,JP,-3.0,val,-2.0843217,-16.89627,3.911687
12316,24-08-2026,11,SWM,0.0,val,0.5810758,-15.772878,5.0564437
12316,24-08-2026,12,IDH,-45.0,val,-43.35393,-53.631985,-12.0934725
12316,24-08-2026,13,TDL,-1.0,val,-1.5754222,-18.703154,1.121161
12316,24-08-2026,14,GOY,-8.0,val,-17.634272,-23.66125,-4.430931
12316,24-08-2026,15,PRYJ,-25.0,val,-26.399923,-38.621178,-14.041141
12316,24-08-2026,16,DDU,-2.0,val,-4.230358,-17.603725,3.0588424
12316,24-08-2026,17,PNBE,-22.0,val,-30.370113,-38.915543,-14.432007
12316,24-08-2026,18,JAJ,4.0,val,0.2464307,-17.757286,4.009059
12316,24-08-2026,19,JSME,-7.0,val,-13.69928,-22.514286,-1.373575
12316,24-08-2026,20,MDP,-8.0,val,-14.123577,-21.060995,-3.5077653
12316,24-08-2026,21,ASN,-4.0,val,-7.220746,-21.49382,1.0262351
12316,24-08-2026,22,BWN,-8.0,val,-16.71766,-20.846575,-2.1697443
12372,27-08-2026,1,BKN,-32.0,val,-4.6791162,-28.188263,22.409224
12372,27-08-2026,2,NPS,-40.0,val,-23.485296,-38.462826,21.013107
12372,27-08-2026,3,SDGH,-40.0,val,-21.519264,-39.49902,26.039768
12372,27-08-2026,4,RJR,-54.0,val,-29.93293,-49.190964,21.704348
12372,27-08-2026,5,RTGH,-48.0,val,-26.212954,-44.513405,23.945774
12372,27-08-2026,6,CUR,-49.0,val,-28.931023,-45.091877,21.027832
12372,27-08-2026,7,SDLP,-48.0,val,-25.356594,-43.763783,20.75676
12372,27-08-2026,8,LHU,-57.0,val,-27.322744,-48.99601,19.769127
12372,27-08-2026,9,MHRG,-49.0,val,-27.554047,-45.408634,20.94471
12372,27-08-2026,10,RE,-30.0,val,-9.659531,-28.542393,26.106874
12372,27-08-2026,11,GGN,-45.0,val,-26.063208,-41.73432,24.26463
12372,27-08-2026,12,DLI,-48.0,val,-27.49668,-44.462082,11.481029
12372,27-08-2026,13,GZB,-43.0,val,-26.34873,-39.46606,5.2237096
12372,27-08-2026,14,MB,-60.0,val,-37.132126,-59.13667,-9.759467
12372,27-08-2026,15,BE,-61.0,val,-40.22684,-60.47811,-7.6932664
12372,27-08-2026,16,LKO,-120.0,val,-64.45042,-82.1005,-7.249497
12372,27-08-2026,17,RBL,-110.0,val,-58.383305,-77.65003,-7.1518188
12372,27-08-2026,18,AME,-112.0,val,-58.476402,-75.53441,-6.7134056
12372,27-08-2026,19,MBDP,-98.0,val,-51.73635,-72.92596,-6.8949666
12372,27-08-2026,20,BOY,-87.0,val,-47.98849,-72.20791,-6.5390167
12372,27-08-2026,21,BSB,-69.0,val,-44.307125,-66.08656,-7.4764175
12372,27-08-2026,22,DDU,-43.0,val,-28.608936,-42.16246,7.3505225
12372,27-08-2026,23,SSM,-50.0,val,-34.51238,-48.284065,4.759489
12372,27-08-2026,24,AUBR,-45.0,val,-29.749302,-43.71963,6.970802
12372,27-08-2026,25,GAYA,-35.0,val,-18.890774,-34.589756,13.572813
12372,27-08-2026,26,DHN,-33.0,val,-19.146076,-34.44403,13.096976
12372,27-08-2026,27,ASN,-29.0,val,-17.563433,-34.997505,12.357578
12372,27-08-2026,28,DGR,-49.0,val,-34.787178,-49.411114,4.909941
12413,25-08-2026,1,AII,8.0,val,-11.631393,-30.433928,10.310183
12413,25-08-2026,2,KSG,6.0,val,-11.864158,-31.09568,7.417238
12413,25-08-2026,3,FL,3.0,val,-15.063348,-35.285576,6.6766253
12413,25-08-2026,4,JP,-9.0,val,-27.65524,-46.31008,-0.81681263
12413,25-08-2026,5,GADJ,-6.0,val,-23.15338,-44.602543,11.069482
12413,25-08-2026,6,DO,-9.0,val,-28.708494,-47.84251,-1.899818
12413,25-08-2026,7,BKI,-11.0,val,-32.512085,-50.74719,-3.1422672
12413,25-08-2026,8,RHG,-11.0,val,-32.704636,-50.905678,-2.7011182
12413,25-08-2026,9,AWR,-2.0,val,-21.241865,-45.591187,3.2858534
12413,25-08-2026,10,KRH,-9.0,val,-29.629276,-48.63427,-4.4061728
12413,25-08-2026,11,RE,7.0,val,-12.352466,-33.24141,6.3667426
12413,25-08-2026,12,GGN,-10.0,val,-28.713024,-47.53054,0.62299186
12413,25-08-2026,13,DEC,-11.0,val,-30.183405,-47.377895,-2.9503868
12413,25-08-2026,14,DLI,-15.0,val,-30.031984,-46.32543,-1.7411367
12413,25-08-2026,15,KUN,-45.0,val,-53.934746,-69.18613,-13.11333
12413,25-08-2026,16,UMB,-9.0,val,-28.61836,-45.808334,-6.107382
12413,25-08-2026,17,LDH,-7.0,val,-27.92949,-46.0769,-5.336107
12413,25-08-2026,18,JRC,-13.0,val,-32.56167,-49.188484,-11.081567
12413,25-08-2026,19,PTKC,-12.0,val,-31.81832,-47.160313,-6.362903
12413,25-08-2026,20,MSKT,-42.0,val,-38.370636,-52.34085,-9.067816
12466,24-08-2026,1,BGKT,1.0,val,-16.765232,-29.050222,1.8820095
12466,24-08-2026,2,JU,2.0,val,-16.932735,-28.999262,2.2605412
12466,24-08-2026,3,RKB,0.0,val,-17.754137,-30.316656,1.6268224
12466,24-08-2026,4,GOTN,-1.0,val,-19.78393,-29.292093,-4.271266
12466,24-08-2026,5,MTD,1.0,val,-18.791416,-28.955442,-3.4680164
12466,24-08-2026,6,REN,-26.0,val,-35.985622,-51.29257,-23.892693
12466,24-08-2026,7,DNA,-11.0,val,-25.671677,-39.986683,-11.008261
12466,24-08-2026,8,MKN,-13.0,val,-27.978714,-40.5903,-12.79174
12466,24-08-2026,9,KMNC,-14.0,val,-27.96767,-42.065937,-13.00067
12466,24-08-2026,10,NAC,-10.0,val,-25.676914,-41.1262,-10.136212
12466,24-08-2026,11,SBR,-4.0,val,-19.671541,-31.552855,-2.1623983
12466,24-08-2026,13,JP,-9.0,val,-24.675816,-40.69413,-8.726657
12466,24-08-2026,14,DPA,-9.0,val,-25.25924,-40.610355,-9.300613
12466,24-08-2026,15,BNLW,-15.0,val,-31.077484,-45.14674,-14.858372
12466,24-08-2026,16,ISA,-15.0,val,-31.664103,-44.511143,-16.54679
12466,24-08-2026,17,CKB,-16.0,val,-33.190422,-46.288914,-17.081348
12466,24-08-2026,18,SWM,-10.0,val,-23.172804,-36.866978,-7.6421347
12466,24-08-2026,19,IDG,-16.0,val,-30.436995,-41.53391,-15.057036
12466,24-08-2026,20,LKE,-15.0,val,-30.098185,-43.234535,-13.006812
12466,24-08-2026,21,KPZ,-19.0,val,-33.354237,-41.716106,-15.347983
12466,24-08-2026,22,KOTA,-18.0,val,-32.23857,-40.995544,-14.702933
12466,24-08-2026,23,NKOT,-20.0,val,-33.039845,-43.70103,-15.10797
12466,24-08-2026,24,DARA,-15.0,val,-30.103426,-44.474895,-14.4414
12466,24-08-2026,25,RMA,-19.0,val,-33.617867,-43.048035,-15.193027
12466,24-08-2026,26,BWM,-21.0,val,-34.71773,-43.982143,-16.909119
12466,24-08-2026,27,GOH,-22.0,val,-34.84691,-44.490646,-17.826956
12466,24-08-2026,28,SGZ,-24.0,val,-34.807087,-45.403133,-20.830654
12466,24-08-2026,29,SVA,-26.0,val,-35.98913,-47.925735,-21.732101
12466,24-08-2026,30,CMU,-27.0,val,-37.047604,-48.98415,-23.513372
12466,24-08-2026,31,VMA,-19.0,val,-33.649487,-44.66064,-16.173723
12466,24-08-2026,32,MEP,-17.0,val,-31.848066,-44.245758,-14.527078
12466,24-08-2026,33,NAD,-12.0,val,-27.106503,-37.972866,-11.62062
12466,24-08-2026,34,UJN,-17.0,val,-28.160158,-35.17835,-14.4873085
12466,24-08-2026,35,DWX,-15.0,val,-27.623701,-34.455368,-14.624807
12466,25-08-2026,1,BGKT,-17.0,val,-17.930902,-28.244118,1.5609864
12466,25-08-2026,2,JU,-17.0,val,-17.93736,-28.38444,1.6531091
12466,25-08-2026,3,RKB,-19.0,val,-18.58318,-29.493944,0.679541
12466,25-08-2026,4,GOTN,-22.0,val,-22.26466,-32.96781,-5.568503
12466,25-08-2026,5,MTD,-21.0,val,-22.201818,-32.143898,-4.8347044
12466,25-08-2026,6,REN,-25.0,val,-26.467192,-42.248867,-10.040384
12466,25-08-2026,7,DNA,-15.0,val,-20.155785,-31.47792,-5.73493
12466,25-08-2026,8,MKN,-17.0,val,-22.13935,-32.426933,-6.0646505
12466,25-08-2026,9,KMNC,-21.0,val,-24.58524,-37.12949,-7.48698
12466,25-08-2026,10,NAC,-19.0,val,-22.287415,-31.753567,-7.6642447
12466,25-08-2026,11,SBR,-15.0,val,-18.3765,-29.652824,-0.1702871
12466,25-08-2026,12,FL,-16.0,val,-18.720945,-30.707373,-3.6255915
12466,25-08-2026,13,JP,-34.0,val,-32.852512,-44.151077,-14.841337
12466,25-08-2026,14,DPA,-35.0,val,-33.15251,-44.82548,-15.066773
12466,25-08-2026,15,BNLW,-41.0,val,-35.849735,-49.582916,-20.85027
12466,25-08-2026,16,ISA,-42.0,val,-35.83514,-47.63825,-22.239096
12466,25-08-2026,17,CKB,-43.0,val,-37.28003,-49.22381,-22.259262
12466,25-08-2026,18,SWM,-31.0,val,-27.038368,-37.984116,-11.201553
12466,25-08-2026,19,IDG,-36.0,val,-32.830547,-42.303997,-15.798529
12466,25-08-2026,20,LKE,-35.0,val,-32.075844,-44.343727,-14.240059
12466,25-08-2026,21,KPZ,-38.0,val,-33.9352,-43.019806,-16.150076
12466,25-08-2026,22,KOTA,-34.0,val,-32.39469,-41.39357,-14.583204
12466,25-08-2026,23,NKOT,-38.0,val,-33.79304,-43.636623,-15.938737
12466,25-08-2026,24,DARA,-35.0,val,-33.268993,-46.56924,-15.576626
12466,25-08-2026,25,RMA,-39.0,val,-34.694695,-43.60982,-16.708012
12466,25-08-2026,26,BWM,-41.0,val,-34.928722,-45.025894,-20.340504
12466,25-08-2026,27,GOH,-47.0,val,-40.49054,-53.299377,-23.527838
12466,25-08-2026,28,SGZ,-48.0,val,-41.196423,-53.471813,-23.911615
12466,25-08-2026,29,SVA,-51.0,val,-42.231976,-53.36019,-24.81562
12466,25-08-2026,30,CMU,-52.0,val,-43.61985,-53.326378,-25.264301
12466,25-08-2026,31,VMA,-45.0,val,-37.23814,-50.416607,-22.358906
12466,25-08-2026,32,MEP,-39.0,val,-32.678905,-45.099823,-15.859699
12466,25-08-2026,33,NAD,-34.0,val,-31.626364,-40.006413,-14.351039
12466,25-08-2026,34,UJN,-29.0,val,-26.88612,-34.275265,-12.048261
12466,25-08-2026,35,DWX,-30.0,val,-28.679008,-34.260365,-13.727991
12466,26-08-2026,1,BGKT,6.0,val,-18.425867,-28.511919,1.7600044
12466,26-08-2026,2,JU,8.0,val,-17.744316,-29.012732,1.9504967
12466,26-08-2026,3,RKB,7.0,val,-18.646225,-29.963472,1.436988
12466,26-08-2026,4,GOTN,5.0,val,-20.749266,-29.202394,-5.14394
12466,26-08-2026,5,MTD,5.0,val,-20.779987,-29.81753,-4.860667
12466,26-08-2026,6,REN,-19.0,val,-36.25649,-51.78042,-23.997086
12466,26-08-2026,7,DNA,-4.0,val,-27.775528,-40.785645,-10.933482
12466,26-08-2026,8,MKN,-6.0,val,-30.313171,-41.07763,-12.790717
12466,26-08-2026,9,KMNC,-7.0,val,-30.34034,-42.866966,-13.085856
12466,26-08-2026,10,NAC,-7.0,val,-30.52402,-42.477394,-13.168554
12466,26-08-2026,11,SBR,2.0,val,-21.087166,-32.240547,-2.345616
12466,26-08-2026,12,FL,-1.0,val,-23.336164,-38.747974,-5.4057136
12466,26-08-2026,13,JP,-5.0,val,-29.2158,-42.23661,-11.804827
12466,26-08-2026,14,DPA,-6.0,val,-30.994785,-42.0449,-12.932745
12466,26-08-2026,15,BNLW,-9.0,val,-34.035892,-45.951393,-16.007776
12466,26-08-2026,16,ISA,-10.0,val,-35.229275,-46.419975,-17.407574
12466,26-08-2026,17,CKB,-14.0,val,-36.40959,-48.55453,-18.314184
12466,26-08-2026,18,SWM,7.0,val,-19.847092,-28.64658,-2.364531
12466,26-08-2026,19,IDG,2.0,val,-25.947193,-35.524113,-7.271271
12466,26-08-2026,21,KPZ,-22.0,val,-37.533012,-52.40084,-22.54161
12466,26-08-2026,22,KOTA,-22.0,val,-37.500996,-51.37731,-21.965658
12466,26-08-2026,23,NKOT,-24.0,val,-38.97712,-52.430763,-22.673164
12466,26-08-2026,24,DARA,-22.0,val,-38.904682,-52.266853,-22.478075
12466,26-08-2026,25,RMA,-25.0,val,-40.308582,-52.122913,-22.713572
12466,26-08-2026,26,BWM,-32.0,val,-42.313538,-51.26219,-23.984505
12466,26-08-2026,27,GOH,-33.0,val,-43.41461,-49.909958,-24.29274
12466,26-08-2026,28,SGZ,-35.0,val,-44.09212,-49.816418,-23.749043
12466,26-08-2026,29,SVA,-38.0,val,-42.976364,-50.429897,-24.862444
12466,26-08-2026,30,CMU,-39.0,val,-43.936684,-50.59075,-25.279774
12466,26-08-2026,31,VMA,-32.0,val,-42.27374,-46.543434,-23.378052
12466,26-08-2026,33,NAD,-9.0,val,-31.918663,-39.011,-14.07849
12466,26-08-2026,34,UJN,-9.0,val,-29.236551,-35.47043,-14.196312
12466,26-08-2026,35,DWX,-4.0,val,-29.155157,-34.404957,-13.265697
12466,27-08-2026,1,BGKT,-26.0,val,-18.295858,-28.1738,1.2042297
12466,27-08-2026,2,JU,-24.0,val,-17.837078,-28.403875,1.2493951
12466,27-08-2026,3,RKB,-27.0,val,-18.874275,-29.183134,0.72907186
12466,27-08-2026,4,GOTN,-30.0,val,-22.74909,-33.363056,-5.875419
12466,27-08-2026,5,MTD,-31.0,val,-22.778725,-32.740894,-5.2072363
12466,27-08-2026,6,REN,-51.0,val,-35.965984,-50.907387,-23.19676
12466,27-08-2026,7,DNA,-38.0,val,-28.360949,-40.81601,-11.688321
12466,27-08-2026,8,MKN,-40.0,val,-30.450985,-42.25774,-13.237149
12466,27-08-2026,9,KMNC,-44.0,val,-34.22898,-45.646427,-15.550975
12466,27-08-2026,10,NAC,-41.0,val,-32.012913,-42.718395,-13.953024
12466,27-08-2026,12,FL,-53.0,val,-32.125053,-44.459076,-19.47058
12466,27-08-2026,13,JP,-57.0,val,-37.80681,-52.453064,-22.952394
12466,27-08-2026,14,DPA,-60.0,val,-38.673393,-51.764793,-23.179188
12466,27-08-2026,16,ISA,-64.0,val,-43.22438,-50.97946,-24.337336
12466,27-08-2026,17,CKB,-64.0,val,-43.714474,-52.6051,-25.059492
12466,27-08-2026,18,SWM,-42.0,val,-29.148476,-38.190018,-12.473927
12466,27-08-2026,19,IDG,-47.0,val,-33.583027,-43.593536,-16.488033
12466,27-08-2026,20,LKE,-46.0,val,-33.348198,-45.297447,-14.76279
12466,27-08-2026,21,KPZ,-48.0,val,-34.192898,-43.371067,-16.200743
12466,27-08-2026,22,KOTA,-47.0,val,-33.766087,-42.886555,-16.527573
12466,27-08-2026,23,NKOT,-50.0,val,-34.63562,-44.77691,-18.929466
12466,27-08-2026,24,DARA,-48.0,val,-34.611057,-47.028225,-16.63643
12466,27-08-2026,25,RMA,-50.0,val,-35.806408,-44.622303,-19.566284
12466,27-08-2026,26,BWM,-52.0,val,-37.622463,-46.822716,-20.817997
12466,27-08-2026,27,GOH,-54.0,val,-38.70106,-52.339127,-23.05627
12466,27-08-2026,28,SGZ,-55.0,val,-41.16019,-53.150135,-23.685692
12466,27-08-2026,29,SVA,-57.0,val,-41.439648,-53.506187,-24.846972
12466,27-08-2026,30,CMU,-58.0,val,-42.56034,-54.38044,-25.011356
12466,27-08-2026,31,VMA,-51.0,val,-35.851593,-46.663574,-20.511644
12466,27-08-2026,32,MEP,-44.0,val,-34.003513,-44.909264,-15.195244
12466,27-08-2026,33,NAD,-43.0,val,-31.849424,-39.844997,-14.629958
12466,27-08-2026,34,UJN,-36.0,val,-25.763329,-33.506084,-9.251975
12466,27-08-2026,35,DWX,-36.0,val,-28.00981,-33.71492,-11.783134
12468,24-08-2026,0,JP,-19.0,val,-7.805035,-21.02457,10.579411
12468,24-08-2026,1,KKU,-21.0,val,-10.231637,-20.847271,5.8266883
12468,24-08-2026,2,JOB,-21.0,val,-10.995641,-21.852121,7.1504493
12468,24-08-2026,3,FL,-19.0,val,-10.1900425,-21.3635,9.837861
12468,24-08-2026,4,SBR,-17.0,val,-9.390334,-20.720676,8.663006
12468,24-08-2026,5,NAC,-17.0,val,-9.986864,-21.074408,7.247662
12468,24-08-2026,6,KMNC,-17.0,val,-10.244042,-21.114573,9.422912
12468,24-08-2026,7,MKN,-18.0,val,-10.593648,-20.992735,8.808498
12468,24-08-2026,8,GCH,-17.0,val,-9.713462,-20.45445,6.868484
12468,24-08-2026,9,DNA,-20.0,val,-11.161956,-21.209734,7.109453
12468,24-08-2026,10,REN,-19.0,val,-9.845871,-20.919653,9.791183
12468,24-08-2026,11,MTDB,-17.0,val,-10.3672495,-21.826715,5.6230907
12468,24-08-2026,12,MDW,-19.0,val,-10.940403,-23.691475,5.2993875
12468,24-08-2026,13,NGO,-37.0,val,-24.465218,-35.40642,-1.2060791
12468,24-08-2026,14,NOK,-45.0,val,-30.961432,-45.709457,-9.868698
12468,24-08-2026,15,DSO,-21.0,val,-10.670229,-22.566385,7.3027277
12468,24-08-2026,16,BKN,-19.0,val,-10.404173,-21.044207,7.8880587
12468,24-08-2026,17,LGH,-21.0,val,-11.928177,-22.01486,4.5023932
12468,24-08-2026,18,KLYT,-28.0,val,-19.65627,-30.950068,1.8525484
12468,24-08-2026,19,PLCJ,-17.0,val,-10.529627,-21.550695,8.08431
12468,24-08-2026,20,RDRA,-28.0,val,-16.923803,-28.012451,2.3108518
12468,24-08-2026,21,POK,-22.0,val,-13.229926,-22.495173,2.5113645
12468,24-08-2026,22,SBLT,-17.0,val,-12.847104,-21.311726,-0.16933289
12468,25-08-2026,0,JP,-13.0,val,-10.411679,-22.552689,9.886455
12468,25-08-2026,1,KKU,-10.0,val,-10.71788,-20.886866,5.9040513
12468,25-08-2026,2,JOB,-9.0,val,-11.344447,-22.226524,7.3780074
12468,25-08-2026,3,FL,-13.0,val,-12.5059805,-23.097752,10.02491
12468,25-08-2026,4,SBR,-8.0,val,-9.736336,-20.760216,8.941323
12468,25-08-2026,5,NAC,-8.0,val,-10.05011,-21.024769,8.792984
12468,25-08-2026,6,KMNC,-9.0,val,-11.07143,-21.321075,10.827602
12468,25-08-2026,7,MKN,-10.0,val,-10.762301,-21.413511,9.991569
12468,25-08-2026,8,GCH,-6.0,val,-9.287942,-20.507618,11.598972
12468,25-08-2026,9,DNA,-9.0,val,-11.212485,-21.363352,9.648654
12468,25-08-2026,10,REN,-9.0,val,-10.064527,-20.909105,10.57244
12468,25-08-2026,11,MTDB,-6.0,val,-10.286587,-21.779074,5.6230907
12468,25-08-2026,12,MDW,-20.0,val,-19.207579,-33.619915,1.6173357
12468,25-08-2026,13,NGO,-15.0,val,-16.482647,-25.657604,4.1198263
12468,25-08-2026,14,NOK,-25.0,val,-27.309473,-38.70891,-6.1837134
12468,25-08-2026,15,DSO,-6.0,val,-10.474991,-22.191816,8.64205
12468,25-08-2026,16,BKN,-11.0,val,-11.683464,-22.455463,7.474252
12468,25-08-2026,17,LGH,-19.0,val,-19.320517,-29.609175,1.5744809
12468,25-08-2026,18,KLYT,-29.0,val,-28.81727,-39.420692,-6.9277854
12468,25-08-2026,19,PLCJ,-18.0,val,-16.964798,-27.17717,8.206115
12468,25-08-2026,20,RDRA,-20.0,val,-18.350622,-28.53521,3.9979641
12468,25-08-2026,21,POK,-24.0,val,-21.874224,-31.104462,4.390475
12468,25-08-2026,22,SBLT,-17.0,val,-17.215544,-25.50901,0.83631855
12468,26-08-2026,0,JP,-4.0,val,-8.62646,-20.875124,11.646441
12468,26-08-2026,1,KKU,-8.0,val,-12.395774,-21.80154,4.5045633
12468,26-08-2026,2,JOB,-11.0,val,-13.224679,-24.475056,6.7251434
12468,26-08-2026,3,FL,-6.0,val,-10.583207,-21.262827,10.87784
12468,26-08-2026,4,SBR,-5.0,val,-9.96827,-20.79913,12.264809
12468,26-08-2026,5,NAC,-4.0,val,-10.685473,-20.967249,6.8069634
12468,26-08-2026,6,KMNC,-3.0,val,-10.812413,-21.098318,10.063355
12468,26-08-2026,7,MKN,-3.0,val,-10.488373,-21.13035,9.087198
12468,26-08-2026,8,GCH,-3.0,val,-10.260934,-20.57219,8.414737
12468,26-08-2026,9,DNA,-5.0,val,-11.432283,-21.200312,7.6768355
12468,26-08-2026,10,REN,-4.0,val,-10.285567,-20.601147,10.631031
12468,26-08-2026,11,MTDB,-3.0,val,-10.9147215,-21.712788,9.184382
12468,26-08-2026,12,MDW,-7.0,val,-11.762215,-24.152647,5.393516
12468,26-08-2026,13,NGO,-5.0,val,-11.810934,-22.354109,5.286271
12468,26-08-2026,14,NOK,-26.0,val,-29.286018,-43.874977,-5.835673
12468,26-08-2026,15,DSO,-5.0,val,-10.848074,-22.30009,9.177628
12468,26-08-2026,16,BKN,-29.0,val,-26.03319,-40.42469,0.58062726
12468,26-08-2026,17,LGH,-30.0,val,-27.607466,-39.889225,-5.4441595
12468,26-08-2026,18,KLYT,-44.0,val,-35.806602,-48.277096,-6.229607
12468,26-08-2026,19,PLCJ,-13.0,val,-15.311866,-25.753504,7.7206993
12468,26-08-2026,20,RDRA,-14.0,val,-17.410105,-26.643959,3.2154562
12468,26-08-2026,21,POK,-10.0,val,-13.593279,-22.577887,2.7150795
12468,26-08-2026,22,SBLT,-6.0,val,-13.309305,-20.757141,2.4678261
12468,27-08-2026,0,JP,-14.0,val,-8.811527,-21.024153,10.506529
12468,27-08-2026,1,KKU,-20.0,val,-12.865832,-23.545,4.170497
12468,27-08-2026,2,JOB,-24.0,val,-18.5649,-27.495447,4.929534
12468,27-08-2026,3,FL,-18.0,val,-12.473618,-22.95365,9.542962
12468,27-08-2026,4,SBR,-16.0,val,-10.689657,-20.943815,10.877419
12468,27-08-2026,5,NAC,-16.0,val,-11.291083,-21.262354,6.9598165
12468,27-08-2026,6,KMNC,-16.0,val,-11.410042,-21.32665,9.360425
12468,27-08-2026,7,MKN,-16.0,val,-11.023762,-21.366138,8.8433075
12468,27-08-2026,8,GCH,-14.0,val,-10.64646,-20.730047,6.961742
12468,27-08-2026,9,DNA,-18.0,val,-13.147746,-22.763968,6.654543
12468,27-08-2026,10,REN,-17.0,val,-12.027369,-21.636393,10.852502
12468,27-08-2026,12,MDW,-16.0,val,-12.022668,-24.115538,5.206934
12468,27-08-2026,13,NGO,-13.0,val,-12.008555,-22.101152,5.158554
12468,27-08-2026,14,NOK,-22.0,val,-19.725002,-31.855812,0.28328925
12468,27-08-2026,15,DSO,-12.0,val,-11.225358,-22.191816,9.0499115
12468,27-08-2026,16,BKN,-12.0,val,-10.464988,-21.041792,8.327208
12468,27-08-2026,17,LGH,-17.0,val,-13.957733,-23.007187,6.1016335
12468,27-08-2026,18,KLYT,-26.0,val,-22.798656,-32.10974,4.9214225
12468,27-08-2026,19,PLCJ,-13.0,val,-11.069665,-21.33539,13.7940855
12468,27-08-2026,20,RDRA,-21.0,val,-15.938342,-24.64563,8.433989
12468,27-08-2026,21,POK,-23.0,val,-16.52794,-26.133823,7.3818173
12468,27-08-2026,22,SBLT,-19.0,val,-14.321784,-22.152369,4.8661304
12481,24-08-2026,0,DLI,-6.0,val,-11.089342,-20.140533,3.5752716
12481,24-08-2026,1,SSB,-15.0,val,-19.279972,-25.393747,-0.8588857
12481,24-08-2026,2,BGZ,-19.0,val,-21.278067,-27.357832,-3.3971019
12481,24-08-2026,3,SPZ,-20.0,val,-22.395613,-28.865181,-4.9929557
12481,24-08-2026,4,ROK,-19.0,val,-22.702435,-28.005053,-6.518024
12481,24-08-2026,5,JIND,-28.0,val,-31.085144,-36.910175,-16.39416
12481,24-08-2026,6,NRW,-28.0,val,-30.612846,-37.24734,-15.946988
12481,24-08-2026,7,TUN,-32.0,val,-33.09871,-40.57714,-19.782291
12481,24-08-2026,8,JHL,-32.0,val,-32.5195,-40.069504,-19.498758
12481,24-08-2026,9,BLZ,-31.0,val,-32.58225,-40.308956,-18.729383
12481,24-08-2026,10,MSZ,-32.0,val,-32.656742,-39.77856,-20.025389
12481,24-08-2026,11,MAUR,-34.0,val,-34.259293,-41.23796,-21.008335
12481,24-08-2026,12,BTI,-9.0,val,-14.059975,-22.425879,2.1456773
12481,24-08-2026,13,GDB,-15.0,val,-18.409046,-23.764496,-1.3869209
12481,24-08-2026,14,MOT,-15.0,val,-18.304607,-23.305082,-1.8931388
12481,24-08-2026,15,ABS,-16.0,val,-18.417377,-23.92579,-4.977619
12481,25-08-2026,0,DLI,-11.0,val,-20.354696,-27.611927,-1.8266826
12481,25-08-2026,1,SSB,-12.0,val,-22.813454,-29.539371,-5.5810604
12481,25-08-2026,2,BGZ,-31.0,val,-33.76826,-44.428673,-13.338008
12481,25-08-2026,3,SPZ,-34.0,val,-37.195297,-49.10165,-15.969809
12481,25-08-2026,4,ROK,-32.0,val,-34.555275,-45.08459,-18.171831
12481,25-08-2026,5,JIND,-37.0,val,-42.944206,-50.45998,-22.164648
12481,25-08-2026,6,NRW,-35.0,val,-40.847065,-49.382523,-21.311316
12481,25-08-2026,7,TUN,-39.0,val,-46.26107,-52.978474,-21.887451
12481,25-08-2026,8,JHL,-40.0,val,-45.82693,-52.091793,-21.8388
12481,25-08-2026,9,BLZ,-38.0,val,-45.7405,-52.13433,-22.031553
12481,25-08-2026,10,MSZ,-38.0,val,-45.535942,-52.0428,-22.12687
12481,25-08-2026,11,MAUR,-38.0,val,-45.614017,-52.712223,-22.731073
12481,25-08-2026,12,BTI,4.0,val,-11.535959,-21.675167,1.3833516
12481,25-08-2026,13,GDB,-2.0,val,-16.340399,-21.997917,-0.6854977
12481,25-08-2026,14,MOT,-2.0,val,-16.345234,-21.65042,-1.0537822
12481,25-08-2026,15,ABS,-18.0,val,-24.681015,-34.3117,-10.595328
12481,26-08-2026,0,DLI,-22.0,val,-21.04927,-29.043777,-2.1897945
12481,26-08-2026,1,SSB,-22.0,val,-23.00563,-30.438927,-5.2659526
12481,26-08-2026,2,BGZ,-24.0,val,-25.020506,-31.214294,-6.267927
12481,26-08-2026,3,SPZ,-25.0,val,-26.273766,-32.798187,-6.978647
12481,26-08-2026,4,ROK,-23.0,val,-25.707823,-31.740404,-9.036141
12481,26-08-2026,5,JIND,-31.0,val,-32.02316,-38.63685,-20.719465
12481,26-08-2026,6,NRW,-30.0,val,-31.721775,-38.636845,-19.223375
12481,26-08-2026,7,TUN,-34.0,val,-34.76318,-41.542797,-20.581377
12481,26-08-2026,8,JHL,-36.0,val,-37.205753,-43.553688,-21.120941
12481,26-08-2026,9,BLZ,-36.0,val,-37.155426,-43.9631,-21.718712
12481,26-08-2026,10,MSZ,-37.0,val,-37.51356,-44.11114,-21.415031
12481,26-08-2026,11,MAUR,-38.0,val,-38.900425,-44.932156,-22.41823
12481,26-08-2026,12,BTI,-5.0,val,-11.709923,-21.872543,2.1019561
12481,26-08-2026,13,GDB,-14.0,val,-18.398449,-24.137114,-1.5190465
12481,26-08-2026,14,MOT,-15.0,val,-18.451696,-24.504507,-2.2364244
12481,26-08-2026,15,ABS,-19.0,val,-19.847496,-26.247301,-8.304523
12481,27-08-2026,0,DLI,14.0,val,-11.248753,-20.498987,3.1854663
12481,27-08-2026,1,SSB,5.0,val,-19.627687,-26.87211,-1.5210843
12481,27-08-2026,2,BGZ,-16.0,val,-32.538113,-40.69889,-11.3248415
12481,27-08-2026,3,SPZ,-18.0,val,-32.761955,-42.323055,-14.527557
12481,27-08-2026,4,ROK,-18.0,val,-33.327995,-42.80726,-18.145744
12481,27-08-2026,5,JIND,-28.0,val,-43.986866,-49.314407,-22.020267
12481,27-08-2026,6,NRW,-30.0,val,-44.285347,-50.10574,-21.232937
12481,27-08-2026,7,TUN,-35.0,val,-47.375507,-55.97947,-21.887451
12481,27-08-2026,8,JHL,-38.0,val,-46.996353,-60.832108,-21.8388
12481,27-08-2026,9,BLZ,-38.0,val,-46.99599,-59.473545,-22.031553
12481,27-08-2026,10,MSZ,-40.0,val,-49.176544,-60.951797,-22.12687
12481,27-08-2026,11,MAUR,-42.0,val,-50.31771,-63.21677,-22.731073
12481,27-08-2026,12,BTI,-54.0,val,-41.29194,-66.149376,-13.647904
12481,27-08-2026,13,GDB,-20.0,val,-26.364801,-40.840927,-13.23314
12481,27-08-2026,14,MOT,-21.0,val,-25.381893,-41.18386,-14.632226
12481,27-08-2026,15,ABS,-19.0,val,-23.920082,-38.998142,-15.036307
12964,24-08-2026,1,UDZ,8.0,val,-0.35704762,-15.389906,6.9793086
12964,24-08-2026,2,RPZ,5.0,val,-1.7327489,-15.168075,5.1625485
12964,24-08-2026,3,MVJ,5.0,val,-1.5099717,-15.4054575,4.297687
12964,24-08-2026,4,KIN,3.0,val,-4.543707,-15.908021,3.2283232
12964,24-08-2026,5,COR,8.0,val,-1.3069382,-15.478702,4.7357674
12964,24-08-2026,6,MLGH,8.0,val,0.48953035,-15.1841345,5.341613
12964,24-08-2026,7,BUDI,8.0,val,0.7947992,-15.133627,5.3857474
12964,24-08-2026,8,KOTA,-16.0,val,-24.750452,-28.674927,-10.076259
12964,24-08-2026,9,SWM,-12.0,val,-20.25398,-24.172155,-8.520021
12964,24-08-2026,10,GGC,-20.0,val,-26.494228,-29.886381,-12.76597
12964,24-08-2026,11,SMVJ,-23.0,val,-29.8976,-34.18172,-17.454063
12964,24-08-2026,12,HAN,-22.0,val,-27.93782,-31.849758,-16.412731
12964,24-08-2026,13,BXN,-21.0,val,-27.64938,-30.95259,-15.894366
12964,24-08-2026,14,BTE,-20.0,val,-27.631575,-31.759596,-14.3426075
12964,24-08-2026,15,MTJ,1.0,val,-7.1075277,-15.222301,1.0754769
12964,24-08-2026,16,KSV,-17.0,val,-25.47212,-28.922453,-15.10768
12964,24-08-2026,17,BVH,1.0,val,-5.6302376,-15.563114,3.8146756
12964,25-08-2026,1,UDZ,5.0,val,1.7837762,-15.293543,6.614342
12964,25-08-2026,2,RPZ,1.0,val,-0.12755954,-15.15253,5.289464
12964,25-08-2026,3,MVJ,2.0,val,0.7466657,-15.290413,4.5529485
12964,25-08-2026,4,KIN,-4.0,val,-5.789963,-17.292131,2.547237
12964,25-08-2026,5,COR,3.0,val,-2.0638456,-15.592493,4.7953424
12964,25-08-2026,6,MLGH,4.0,val,0.4088553,-15.1841345,6.0275173
12964,25-08-2026,7,BUDI,3.0,val,-1.3238509,-15.133627,6.2908044
12964,25-08-2026,8,KOTA,-8.0,val,-13.69014,-21.540384,0.14791256
12964,25-08-2026,9,SWM,-8.0,val,-13.592297,-20.216293,-1.1371102
12964,25-08-2026,10,GGC,-8.0,val,-15.4108715,-20.0355,-3.3750439
12964,25-08-2026,11,SMVJ,-10.0,val,-18.468586,-22.115305,-8.395866
12964,25-08-2026,12,HAN,-11.0,val,-18.06273,-21.623594,-8.973308
12964,25-08-2026,13,BXN,-10.0,val,-18.453207,-21.58197,-8.478881
12964,25-08-2026,14,BTE,-10.0,val,-18.885265,-22.430988,-8.458214
12964,25-08-2026,15,MTJ,5.0,val,-3.503281,-14.983568,3.147479
12964,25-08-2026,16,KSV,-6.0,val,-12.982133,-20.973812,-5.1140594
12964,25-08-2026,17,BVH,5.0,val,-0.43939278,-15.126557,5.1476665
12964,26-08-2026,1,UDZ,2.0,val,1.7106863,-15.307882,7.5626054
12964,26-08-2026,2,RPZ,-1.0,val,0.34802034,-15.086051,6.333763
12964,26-08-2026,3,MVJ,1.0,val,1.668964,-15.259726,5.818951
12964,26-08-2026,5,COR,1.0,val,-0.75109065,-15.631407,4.4032393
12964,26-08-2026,6,MLGH,2.0,val,0.60965645,-15.1841345,7.9356413
12964,26-08-2026,7,BUDI,2.0,val,0.8581586,-15.133627,7.452767
12964,26-08-2026,8,KOTA,-9.0,val,-11.21648,-20.954166,0.53552306
12964,26-08-2026,9,SWM,-7.0,val,-9.415808,-17.293198,0.5599957
12964,26-08-2026,10,GGC,-15.0,val,-18.238182,-21.035334,-9.636172
12964,26-08-2026,11,SMVJ,-17.0,val,-21.6266,-24.708105,-10.503894
12964,26-08-2026,12,HAN,-18.0,val,-21.397636,-24.566387,-10.299444
12964,26-08-2026,13,BXN,-17.0,val,-21.568747,-24.155596,-9.129784
12964,26-08-2026,14,BTE,-17.0,val,-21.624353,-25.025436,-10.312393
12964,26-08-2026,15,MTJ,-5.0,val,-6.7165084,-15.318668,1.7423986
12964,26-08-2026,16,KSV,-18.0,val,-21.279924,-24.697487,-12.254726
12964,26-08-2026,17,BVH,1.0,val,-0.7681375,-15.024087,3.8269813
12964,27-08-2026,1,UDZ,0.0,val,1.909537,-15.307882,6.857477
12964,27-08-2026,2,RPZ,-4.0,val,0.076136634,-15.15019,5.854736
12964,27-08-2026,3,MVJ,-6.0,val,-1.7852454,-15.5473385,3.9414792
12964,27-08-2026,4,KIN,-10.0,val,-5.2938676,-19.017792,1.9059684
12964,27-08-2026,5,COR,0.0,val,-0.9133458,-15.4657545,4.681532
12964,27-08-2026,6,MLGH,-1.0,val,-1.0531527,-15.1841345,6.4470334
12964,27-08-2026,7,BUDI,-2.0,val,-0.85760945,-15.133627,5.923257
12964,27-08-2026,8,KOTA,-13.0,val,-13.31642,-21.503227,1.1416613
12964,27-08-2026,9,SWM,-10.0,val,-10.382616,-19.095325,0.37915695
12964,27-08-2026,10,GGC,-17.0,val,-19.267494,-22.518938,-10.131683
12964,27-08-2026,11,SMVJ,-18.0,val,-21.68248,-24.611044,-10.433253
12964,27-08-2026,12,HAN,-18.0,val,-20.759527,-24.034838,-10.12335
12964,27-08-2026,13,BXN,-20.0,val,-22.616274,-25.576792,-11.223707
12964,27-08-2026,14,BTE,-20.0,val,-22.67188,-26.442602,-11.001165
12964,27-08-2026,15,MTJ,0.0,val,-4.6256824,-15.990401,2.7213523
12964,27-08-2026,16,KSV,-14.0,val,-18.38586,-22.65211,-10.689704
12964,27-08-2026,17,BVH,1.0,val,-0.36841282,-15.126557,4.16666
12980,24-08-2026,1,JP,3.0,val,0.2837733,-17.91931,9.813466
12980,24-08-2026,2,DPA,-3.0,val,-6.9195976,-19.666737,3.3745844
12980,24-08-2026,3,SWM,3.0,val,-3.4837387,-17.25783,9.077637
12980,24-08-2026,4,KOTA,-5.0,val,-10.733398,-23.798296,7.516426
12980,24-08-2026,5,NAD,4.0,val,-2.9005318,-17.614708,9.145301
12980,24-08-2026,6,RTM,4.0,val,-2.745365,-18.117527,8.531126
12980,24-08-2026,7,MGN,3.0,val,-5.070007,-18.399717,7.330948
12980,24-08-2026,8,DHD,0.0,val,-8.322122,-18.651707,6.361695
12980,24-08-2026,9,GDA,5.0,val,-0.747886,-18.366056,9.350994
12980,24-08-2026,10,BRC,-5.0,val,-11.448325,-23.249657,5.500405
12980,24-08-2026,11,ST,-15.0,val,-19.488022,-31.111774,-2.9252858
12980,24-08-2026,12,NVS,-22.0,val,-24.97436,-35.851295,-8.006321
12980,24-08-2026,13,BL,-34.0,val,-26.771332,-44.260647,-8.817812
12980,24-08-2026,14,VAPI,-30.0,val,-28.288849,-41.752407,-8.038023
12980,24-08-2026,15,PLG,-39.0,val,-32.18354,-44.993248,-12.722882
12980,24-08-2026,17,ADH,-23.0,val,-24.089128,-34.114994,-9.451023
12980,26-08-2026,1,JP,-10.0,val,0.14041594,-17.474611,14.298686
12980,26-08-2026,2,DPA,-16.0,val,-6.880027,-18.746176,7.5931263
12980,26-08-2026,3,SWM,-14.0,val,-3.7837625,-17.182686,12.221998
12980,26-08-2026,4,KOTA,-14.0,val,-6.644613,-17.871202,9.808407
12980,26-08-2026,5,NAD,-10.0,val,-2.1634672,-17.612316,11.734766
12980,26-08-2026,6,RTM,-12.0,val,-2.679869,-18.029785,8.847501
12980,26-08-2026,7,MGN,-19.0,val,-7.78117,-23.041698,6.982981
12980,26-08-2026,8,DHD,-21.0,val,-9.41156,-24.594133,6.7788672
12980,26-08-2026,9,GDA,-10.0,val,-0.687143,-18.281595,9.549535
12980,26-08-2026,10,BRC,-16.0,val,-8.704773,-18.81134,8.584385
12980,26-08-2026,11,ST,-20.0,val,-10.553341,-23.16565,8.682594
12980,26-08-2026,12,NVS,-27.0,val,-18.460712,-28.883423,-5.048898
12980,26-08-2026,13,BL,-35.0,val,-23.030539,-36.145874,-7.758037
12980,26-08-2026,15,PLG,-35.0,val,-26.224987,-37.10597,-12.856363
12980,26-08-2026,17,ADH,-12.0,val,-8.07366,-18.651215,5.4232244
12985,24-08-2026,1,JP,-14.0,val,7.15346,-16.072409,13.877743
12985,24-08-2026,2,GADJ,-20.0,val,1.0036862,-16.616146,9.918281
12985,24-08-2026,3,DO,-18.0,val,-1.7542325,-16.64061,10.464318
12985,24-08-2026,4,AWR,-14.0,val,-0.050124943,-17.580685,12.443739
12985,25-08-2026,1,JP,13.0,val,2.0245047,-16.26657,14.529826
12985,25-08-2026,2,GADJ,6.0,val,-3.6875377,-17.131718,10.191882
12985,25-08-2026,3,DO,5.0,val,0.28463492,-16.757025,10.876573
12985,25-08-2026,4,AWR,8.0,val,-0.8743357,-17.543795,10.816486
12985,25-08-2026,5,GGN,6.0,val,-3.5563776,-16.966394,8.604415
12985,26-08-2026,1,JP,-10.0,val,7.173282,-16.152094,15.978018
12985,26-08-2026,2,GADJ,-16.0,val,1.4874189,-16.906591,12.083363
12985,26-08-2026,3,DO,-14.0,val,2.4750423,-16.517317,10.685559
12985,26-08-2026,4,AWR,-10.0,val,1.1498353,-17.57732,13.832789
12985,26-08-2026,5,GGN,-8.0,val,2.0473166,-16.608086,12.850061
12985,27-08-2026,1,JP,-2.0,val,7.4265437,-16.170082,15.422442
12985,27-08-2026,2,GADJ,-8.0,val,2.7580767,-17.416073,11.137505
12985,27-08-2026,3,DO,-15.0,val,-5.3157024,-22.745066,5.461289
12985,27-08-2026,4,AWR,-22.0,val,-15.280539,-32.20229,3.170943
12985,27-08-2026,5,GGN,-5.0,val,-0.31569237,-16.664467,10.473522
12991,24-08-2026,0,UDZ,-4.0,val,-4.2158413,-16.64884,4.950987
12991,24-08-2026,1,RPZ,-7.0,val,-5.9105043,-16.540985,2.9982471
12991,24-08-2026,2,MVJ,-6.0,val,-7.139936,-16.695827,1.7045008
12991,24-08-2026,3,FAN,-10.0,val,-10.121821,-19.078182,-2.039701
12991,24-08-2026,4,KIN,-11.0,val,-10.122,-19.279135,-3.3000355
12991,24-08-2026,5,COR,-6.0,val,-9.388894,-18.055862,-1.9270155
12991,24-08-2026,6,BHL,-6.0,val,-8.212813,-17.395964,-0.89506644
12991,24-08-2026,7,MDL,-5.0,val,-8.008132,-17.022188,-1.0117675
12991,24-08-2026,9,BJNR,-14.0,val,-15.092948,-23.604378,-4.3046684
12991,24-08-2026,10,NSD,-22.0,val,-20.512003,-29.431242,-13.201458
12991,24-08-2026,11,AII,-6.0,val,-6.044686,-17.260622,2.4577568
12991,24-08-2026,12,KSG,-6.0,val,-8.85635,-17.400455,0.017407052
12991,24-08-2026,13,FL,-16.0,val,-15.011509,-23.133081,-4.68942
12991,24-08-2026,14,JOB,-20.0,val,-18.744108,-24.316319,-9.42438
12991,25-08-2026,0,UDZ,-10.0,val,-2.6738517,-16.647436,4.3319297
12991,25-08-2026,1,RPZ,-15.0,val,-8.823824,-17.029066,1.1393718
12991,25-08-2026,2,MVJ,-18.0,val,-9.706763,-18.86919,-0.825523
12991,25-08-2026,3,FAN,-23.0,val,-13.953449,-25.795012,-5.4864526
12991,25-08-2026,4,KIN,-22.0,val,-14.051876,-23.533064,-4.800247
12991,25-08-2026,5,COR,-19.0,val,-13.696233,-22.112368,-4.9904056
12991,25-08-2026,6,BHL,-18.0,val,-10.597163,-19.910856,-3.918108
12991,25-08-2026,7,MDL,-18.0,val,-10.579451,-19.365862,-3.1338434
12991,25-08-2026,9,BJNR,-22.0,val,-16.230211,-23.833897,-5.849634
12991,25-08-2026,10,NSD,-29.0,val,-21.754877,-30.13557,-12.890245
12991,25-08-2026,12,KSG,-17.0,val,-10.783965,-19.209183,-1.2153168
12991,25-08-2026,13,FL,-20.0,val,-14.693143,-22.245686,-3.1421196
12991,25-08-2026,14,JOB,-22.0,val,-15.366236,-23.026342,-5.3872585
12991,26-08-2026,0,UDZ,-2.0,val,-2.5527706,-16.687037,5.4157805
12991,26-08-2026,1,RPZ,-6.0,val,-8.287633,-17.029066,0.8113415
12991,26-08-2026,2,MVJ,-4.0,val,-7.4089556,-16.731691,1.0424212
12991,26-08-2026,3,FAN,-10.0,val,-12.821863,-21.739843,-3.1000617
12991,26-08-2026,4,KIN,-10.0,val,-13.044354,-21.328983,-3.556546
12991,26-08-2026,5,COR,-11.0,val,-13.946707,-22.721989,-5.0196915
12991,26-08-2026,6,BHL,-18.0,val,-18.533834,-26.029043,-9.89505
12991,26-08-2026,7,MDL,-18.0,val,-17.781961,-25.46806,-8.782801
12991,26-08-2026,9,BJNR,-16.0,val,-19.12549,-25.759338,-7.91918
12991,26-08-2026,10,NSD,-25.0,val,-25.929043,-33.457726,-15.970702
12991,26-08-2026,12,KSG,-15.0,val,-14.158236,-25.234318,-5.5092936
12991,26-08-2026,13,FL,-14.0,val,-14.911946,-24.79497,-6.243118
12991,26-08-2026,14,JOB,-18.0,val,-18.782019,-25.467068,-9.6052685
12991,27-08-2026,0,UDZ,1.0,val,-2.402943,-16.661776,4.812884
12991,27-08-2026,1,RPZ,-3.0,val,-8.001412,-17.029066,1.5403131
12991,27-08-2026,2,MVJ,-5.0,val,-9.70128,-18.416637,-1.0951643
12991,27-08-2026,3,FAN,-11.0,val,-14.209146,-25.772062,-5.583513
12991,27-08-2026,4,KIN,-12.0,val,-14.162572,-25.391893,-6.1998706
12991,27-08-2026,5,COR,-8.0,val,-13.439862,-22.284504,-5.3129406
12991,27-08-2026,6,BHL,-14.0,val,-18.484123,-25.34364,-9.891468
12991,27-08-2026,7,MDL,-14.0,val,-17.73225,-24.738356,-9.2677145
12991,27-08-2026,9,BJNR,-18.0,val,-21.557835,-29.431215,-11.293722
12991,27-08-2026,10,NSD,-26.0,val,-27.234701,-34.213734,-19.235922
12991,27-08-2026,12,KSG,-10.0,val,-14.351533,-22.949463,-4.719262
12991,27-08-2026,13,FL,-9.0,val,-14.311182,-22.852613,-5.077042
12991,27-08-2026,14,JOB,-11.0,val,-15.802463,-24.30166,-7.666539
14602,24-08-2026,1,HMH,-6.0,val,-4.670144,-15.511001,4.3566456
14602,24-08-2026,2,SDS,-5.0,val,-4.6451936,-15.360017,1.8070552
14602,24-08-2026,3,SGNR,-10.0,val,-8.168375,-15.1319275,2.3640683
14602,24-08-2026,4,ABS,-7.0,val,-6.0478063,-14.743988,1.3855858
14602,24-08-2026,5,CWDA,-6.0,val,-4.5136323,-15.12422,2.696358
14602,24-08-2026,6,KUKA,-5.0,val,-5.3920474,-15.4074,4.428646
14602,24-08-2026,7,FKA,-20.0,val,-16.795937,-23.565504,-0.23520724
14602,24-08-2026,8,LDK,-15.0,val,-10.809717,-18.078331,0.48109743
14602,24-08-2026,9,JBD,-13.0,val,-9.489718,-16.243395,-2.8230762
14602,24-08-2026,10,GHS,-12.0,val,-9.299541,-15.66461,-1.6941838
14602,24-08-2026,11,FZP,-7.0,val,-7.44258,-15.923423,-1.6803573
14602,25-08-2026,1,HMH,-18.0,val,-8.441632,-16.022831,3.4401302
14602,25-08-2026,2,SDS,-26.0,val,-13.061159,-21.648396,-1.6514014
14602,25-08-2026,3,SGNR,-17.0,val,-9.099859,-15.032772,2.2578738
14602,25-08-2026,4,ABS,-14.0,val,-6.9471602,-14.743988,1.60389
14602,25-08-2026,5,CWDA,-13.0,val,-5.256507,-15.12422,3.4487076
14602,25-08-2026,6,KUKA,-15.0,val,-7.200048,-15.422287,4.5907683
14602,25-08-2026,7,FKA,-19.0,val,-9.984018,-15.7010975,1.6919513
14602,25-08-2026,8,LDK,-18.0,val,-9.754045,-15.673824,0.65127707
14602,25-08-2026,9,JBD,-16.0,val,-8.740178,-15.51712,-2.668802
14602,25-08-2026,10,GHS,-12.0,val,-5.5943604,-15.101429,-1.0276661
14602,25-08-2026,11,FZP,-14.0,val,-7.4501195,-15.763705,-1.248305
14602,26-08-2026,1,HMH,0.0,val,-7.9239173,-15.583965,3.3594272
14602,26-08-2026,2,SDS,-5.0,val,-8.805099,-16.306976,-0.42639393
14602,26-08-2026,3,SGNR,-2.0,val,-8.698981,-15.063396,1.3810599
14602,26-08-2026,4,ABS,1.0,val,-7.392118,-14.743988,0.52035004
14602,26-08-2026,5,CWDA,2.0,val,-5.052749,-15.12422,2.0508063
14602,26-08-2026,6,KUKA,2.0,val,-5.9372272,-15.404299,2.9447274
14602,26-08-2026,7,FKA,-3.0,val,-10.223322,-15.526123,0.81415915
14602,26-08-2026,8,LDK,-2.0,val,-9.962609,-15.470266,0.008640733
14602,26-08-2026,9,JBD,-2.0,val,-9.838522,-15.514924,-2.7918642
14602,26-08-2026,10,GHS,0.0,val,-7.7534,-15.153988,-1.8867577
14602,26-08-2026,11,FZP,-1.0,val,-8.136304,-15.367766,-2.4359822
14602,27-08-2026,1,HMH,-14.0,val,-7.687333,-15.541687,2.55312
14602,27-08-2026,2,SDS,-19.0,val,-9.133452,-16.264694,-0.938017
14602,27-08-2026,3,SGNR,-17.0,val,-9.10592,-15.288404,1.8183857
14602,27-08-2026,4,ABS,-13.0,val,-7.3043485,-14.743988,-0.01697566
14602,27-08-2026,5,CWDA,-13.0,val,-7.4197974,-15.12422,1.3431003
14602,27-08-2026,6,KUKA,-11.0,val,-5.8494606,-15.374472,2.3715987
14602,27-08-2026,7,FKA,-16.0,val,-9.962368,-15.224001,0.91053385
14602,27-08-2026,9,JBD,-17.0,val,-9.62478,-15.770552,-3.424845
14602,27-08-2026,10,GHS,-16.0,val,-9.570768,-15.151791,-2.7760134
14602,27-08-2026,11,FZP,-11.0,val,-6.5066648,-15.208049,-2.1180835
14662,24-08-2026,1,JAT,-2.0,val,-0.47509664,-15.645644,9.732331
14662,24-08-2026,2,SMBX,-7.0,val,-9.569253,-19.11868,4.145066
14662,24-08-2026,3,MSKT,-9.0,val,-7.690919,-16.397612,5.1187496
14662,24-08-2026,4,PTKC,-13.0,val,-12.110277,-19.47598,0.45208728
14662,24-08-2026,5,MEX,-16.0,val,-14.481334,-21.706306,-3.3207755
14662,24-08-2026,6,DZA,-13.0,val,-11.620939,-20.201365,1.0275122
14662,24-08-2026,7,JRC,-7.0,val,-7.4546547,-17.683365,5.2016377
14662,24-08-2026,8,PGW,-10.0,val,-9.345725,-17.68642,1.4816046
14662,24-08-2026,9,LDH,-1.0,val,-1.9045277,-16.471468,5.5887737
14662,24-08-2026,10,KNN,-1.0,val,-1.0520117,-15.610486,4.781951
14662,24-08-2026,11,SIR,-9.0,val,-8.026081,-16.528439,1.6315918
14662,24-08-2026,12,RPJ,-4.0,val,-3.0740144,-15.363475,3.6165206
14662,24-08-2026,13,UBC,-3.0,val,-2.9915645,-15.581168,6.6386642
14662,24-08-2026,14,UMB,-1.0,val,-1.1379895,-16.073118,4.9912295
14662,24-08-2026,15,JUDW,-6.0,val,-4.997799,-15.74738,4.7743125
14662,24-08-2026,16,YJUD,-8.0,val,-5.503121,-16.067823,4.209979
14662,24-08-2026,17,SRE,-1.0,val,-0.15261681,-15.537951,8.1172
14662,24-08-2026,18,DBD,-3.0,val,-2.48559,-15.491099,8.003024
14662,24-08-2026,19,MOZ,-3.0,val,-2.291624,-15.955852,7.9292603
14662,24-08-2026,20,KAT,-3.0,val,-2.4108295,-16.467398,8.295847
14662,24-08-2026,21,SKF,-9.0,val,-8.000936,-18.168291,5.495337
14662,24-08-2026,22,MUT,-9.0,val,-9.796218,-18.05599,1.8004129
14662,24-08-2026,24,MDNR,-15.0,val,-15.2457905,-22.574413,-2.515725
14662,24-08-2026,25,MUD,-19.0,val,-19.478962,-25.555548,-7.6798487
14662,24-08-2026,27,GZB,-23.0,val,-24.789639,-31.090006,-12.948953
14662,24-08-2026,28,DLI,-86.0,val,-73.99518,-79.68655,-24.580189
14662,24-08-2026,29,DEE,-89.0,val,-79.454,-79.454,-25.116514
14662,24-08-2026,30,DEC,-90.0,val,-80.78683,-80.78683,-25.762913
14662,24-08-2026,31,PM,-91.0,val,-81.97391,-81.97391,-26.164375
14662,24-08-2026,32,GGN,-89.0,val,-78.96429,-78.96429,-25.540802
14662,24-08-2026,33,GHH,-92.0,val,-82.24255,-82.24255,-26.463032
14662,24-08-2026,34,PTRD,-84.0,val,-74.456924,-77.17993,-26.58258
14662,24-08-2026,35,KIP,-83.0,val,-73.62104,-76.68644,-26.404354
14662,24-08-2026,36,RE,-60.0,val,-48.56606,-61.231503,-21.228168
14662,24-08-2026,38,HSI,-64.0,val,-58.521065,-68.192375,-25.651775
14662,24-08-2026,39,KRH,-66.0,val,-58.257885,-68.61121,-25.723618
14662,24-08-2026,40,AWR,-73.0,val,-62.969124,-70.65425,-24.980097
14662,24-08-2026,41,MKH,-71.0,val,-62.493793,-69.28298,-25.086138
14662,24-08-2026,42,RHG,-72.0,val,-62.377945,-70.36635,-24.780159
14662,24-08-2026,43,BU,-73.0,val,-63.063046,-69.69767,-25.382536
14662,24-08-2026,44,BKI,-72.0,val,-62.891624,-69.69135,-24.720102
14662,24-08-2026,45,DO,-76.0,val,-66.11211,-72.9348,-24.073648
14662,24-08-2026,46,GTJT,-79.0,val,-71.67239,-77.8332,-26.614988
14662,24-08-2026,47,GADJ,-80.0,val,-70.73871,-79.00198,-26.170532
14662,24-08-2026,48,JP,-63.0,val,-58.559387,-69.27592,-26.267797
14662,24-08-2026,49,JOB,-62.0,val,-58.937374,-68.43227,-26.232162
14662,24-08-2026,50,FL,-43.0,val,-41.242702,-44.223385,-23.54752
14662,24-08-2026,52,MKN,-34.0,val,-33.072,-38.14219,-23.641733
14662,24-08-2026,53,DNA,-24.0,val,-24.76494,-29.921238,-13.808372
14662,24-08-2026,54,MTD,-22.0,val,-22.369946,-27.252922,-12.737455
14662,24-08-2026,55,RKB,-23.0,val,-24.548748,-33.132305,-14.353282
14662,24-08-2026,56,JU,-17.0,val,-19.63636,-27.306194,-11.074455
14662,24-08-2026,57,BANE,-18.0,val,-19.622242,-28.461105,-13.44012
14662,24-08-2026,58,LUNI,-12.0,val,-15.1596775,-25.50432,-7.7418046
14662,24-08-2026,59,DOR,-16.0,val,-19.39985,-25.351452,-11.339715
14662,24-08-2026,60,SMR,-12.0,val,-15.565799,-25.232386,-7.7736874
14662,24-08-2026,61,BLT,-11.0,val,-14.682519,-19.48416,-4.1096044
14662,24-08-2026,62,BUT,-12.0,val,-14.705913,-20.016953,-7.026979
14662,24-08-2026,63,UTL,-24.0,val,-25.669811,-28.270048,-17.859465
14662,25-08-2026,1,JAT,4.0,val,-0.64253175,-15.645644,9.901096
14662,25-08-2026,2,SMBX,1.0,val,-8.260451,-18.73421,4.7812304
14662,25-08-2026,3,MSKT,-1.0,val,-7.5666814,-16.007782,7.8837414
14662,25-08-2026,4,PTKC,-2.0,val,-8.135802,-16.48485,4.41539
14662,25-08-2026,5,MEX,-6.0,val,-9.76729,-19.990435,0.23809968
14662,25-08-2026,6,DZA,-7.0,val,-11.620939,-20.045193,0.23294167
14662,25-08-2026,7,JRC,0.0,val,-4.454048,-17.622272,6.0767684
14662,25-08-2026,8,PGW,-3.0,val,-8.088364,-16.96549,5.018809
14662,25-08-2026,9,LDH,4.0,val,-1.9618754,-16.446894,6.6852016
14662,25-08-2026,10,KNN,5.0,val,-1.0520117,-15.580487,6.6522083
14662,25-08-2026,11,SIR,-3.0,val,-8.351168,-16.528439,2.1767657
14662,25-08-2026,12,RPJ,1.0,val,-3.485234,-15.363475,3.4120083
14662,25-08-2026,13,UBC,3.0,val,-3.556913,-15.581168,7.509241
14662,25-08-2026,14,UMB,4.0,val,-1.2002273,-16.166815,5.431715
14662,25-08-2026,15,JUDW,-6.0,val,-9.667276,-19.414034,1.0662875
14662,25-08-2026,16,YJUD,-8.0,val,-11.821641,-20.52552,-1.7027947
14662,25-08-2026,17,SRE,4.0,val,-0.31039575,-15.537951,7.9880047
14662,25-08-2026,18,DBD,5.0,val,-1.1841164,-15.491099,6.4792137
14662,25-08-2026,19,MOZ,4.0,val,-2.382774,-16.038069,9.420246
14662,25-08-2026,20,KAT,3.0,val,-2.8139675,-16.549614,6.879895
14662,25-08-2026,21,SKF,-4.0,val,-9.451673,-18.860508,3.2707937
14662,25-08-2026,22,MUT,-7.0,val,-14.377716,-20.563814,-1.7535698
14662,25-08-2026,23,MTC,-5.0,val,-10.54213,-20.017702,-0.8726335
14662,25-08-2026,24,MDNR,-10.0,val,-16.84464,-22.75154,-3.6871035
14662,25-08-2026,25,MUD,-13.0,val,-19.83631,-25.579422,-8.057822
14662,25-08-2026,27,GZB,-21.0,val,-27.102684,-33.10894,-17.297531
14662,25-08-2026,28,DLI,-39.0,val,-43.5836,-48.89184,-24.549944
14662,25-08-2026,29,DEE,-43.0,val,-48.514893,-52.03441,-24.699945
14662,25-08-2026,30,DEC,-44.0,val,-48.726517,-51.70384,-25.568989
14662,25-08-2026,31,PM,-51.0,val,-56.37758,-60.019802,-26.164375
14662,25-08-2026,32,GGN,-53.0,val,-56.728657,-62.217815,-25.291492
14662,25-08-2026,33,GHH,-57.0,val,-63.433865,-71.24048,-26.463032
14662,25-08-2026,34,PTRD,-49.0,val,-53.18046,-58.318546,-26.58258
14662,25-08-2026,35,KIP,-50.0,val,-55.565567,-58.844807,-26.435707
14662,25-08-2026,36,RE,-29.0,val,-35.339268,-39.879406,-20.174854
14662,25-08-2026,37,BWL,-33.0,val,-39.243187,-44.603138,-26.141373
14662,25-08-2026,38,HSI,-47.0,val,-47.377678,-54.72037,-25.620422
14662,25-08-2026,39,KRH,-50.0,val,-49.541374,-57.51146,-25.85484
14662,25-08-2026,40,AWR,-55.0,val,-53.32567,-65.26606,-25.421154
14662,25-08-2026,41,MKH,-52.0,val,-51.58326,-59.841774,-26.208212
14662,25-08-2026,42,RHG,-54.0,val,-53.205086,-64.74637,-24.75827
14662,25-08-2026,43,BU,-54.0,val,-53.332886,-62.777405,-26.146294
14662,25-08-2026,44,BKI,-53.0,val,-52.069576,-58.923347,-25.058168
14662,25-08-2026,45,DO,-56.0,val,-59.272106,-68.782524,-25.79862
14662,25-08-2026,46,GTJT,-67.0,val,-68.780914,-71.87725,-26.614988
14662,25-08-2026,47,GADJ,-69.0,val,-67.8065,-74.297966,-26.170532
14662,25-08-2026,48,JP,-55.0,val,-55.03912,-65.43082,-26.267797
14662,25-08-2026,49,JOB,-62.0,val,-61.73221,-69.54589,-25.968903
14662,25-08-2026,50,FL,-47.0,val,-43.076347,-50.827374,-23.956099
14662,25-08-2026,51,KMNC,-54.0,val,-46.51707,-58.45757,-24.662708
14662,25-08-2026,52,MKN,-53.0,val,-45.10771,-54.353935,-23.759
14662,25-08-2026,53,DNA,-56.0,val,-49.395477,-60.11608,-22.312626
14662,25-08-2026,54,MTD,-55.0,val,-47.022377,-57.139606,-23.035889
14662,25-08-2026,55,RKB,-65.0,val,-55.054317,-65.447426,-23.575384
14662,25-08-2026,56,JU,-56.0,val,-51.180195,-63.71053,-23.696524
14662,25-08-2026,57,BANE,-56.0,val,-51.425495,-63.457294,-25.159187
14662,25-08-2026,58,LUNI,-50.0,val,-46.83891,-53.622395,-23.780396
14662,25-08-2026,59,DOR,-32.0,val,-35.08416,-41.64348,-22.985353
14662,25-08-2026,60,SMR,-29.0,val,-33.41001,-40.560062,-23.387833
14662,25-08-2026,61,BLT,-25.0,val,-27.65016,-32.13546,-20.455723
14662,25-08-2026,62,BUT,-24.0,val,-26.451233,-31.146809,-22.119099
14662,25-08-2026,63,UTL,-26.0,val,-28.426264,-32.87489,-24.744492
14662,26-08-2026,1,JAT,-5.0,val,-0.63764155,-15.62107,10.018304
14662,26-08-2026,2,SMBX,-7.0,val,-8.102284,-18.999046,5.2603216
14662,26-08-2026,3,MSKT,-14.0,val,-9.337602,-17.094378,3.4278295
14662,26-08-2026,4,PTKC,-15.0,val,-10.086394,-18.979002,2.770584
14662,26-08-2026,5,MEX,-15.0,val,-8.972998,-19.316423,0.4826195
14662,26-08-2026,6,DZA,-15.0,val,-8.677093,-19.436327,2.0597212
14662,26-08-2026,7,JRC,-10.0,val,-4.027753,-17.881413,5.0313654
14662,26-08-2026,8,PGW,-12.0,val,-7.6620727,-16.659094,5.3291254
14662,26-08-2026,9,LDH,-13.0,val,-8.497378,-17.101595,1.7889705
14662,26-08-2026,10,KNN,-6.0,val,-1.3896939,-15.605062,5.8869677
14662,26-08-2026,11,SIR,-11.0,val,-8.56873,-16.219427,3.7646291
14662,26-08-2026,12,RPJ,-9.0,val,-3.435591,-15.363475,2.9096718
14662,26-08-2026,13,UBC,-7.0,val,-3.267009,-15.581168,6.1287985
14662,26-08-2026,14,UMB,-5.0,val,-1.4134337,-16.073118,4.4928627
14662,26-08-2026,15,JUDW,-11.0,val,-6.82017,-16.183167,5.422181
14662,26-08-2026,16,YJUD,-13.0,val,-5.6421742,-16.297249,3.5069165
14662,26-08-2026,17,SRE,-5.0,val,-0.4280611,-15.537951,9.429064
14662,26-08-2026,18,DBD,-5.0,val,-1.3640193,-15.491099,8.35604
14662,26-08-2026,19,MOZ,-6.0,val,-2.5589907,-15.919465,8.694969
14662,26-08-2026,20,KAT,-7.0,val,-3.242842,-16.376377,6.530727
14662,26-08-2026,21,SKF,-14.0,val,-9.686266,-18.524124,1.6963179
14662,26-08-2026,22,MUT,-15.0,val,-11.696483,-19.866175,0.9569309
14662,26-08-2026,23,MTC,-14.0,val,-10.556473,-18.43743,0.94921005
14662,26-08-2026,24,MDNR,-25.0,val,-21.41271,-26.09366,-5.298279
14662,26-08-2026,25,MUD,-29.0,val,-25.617298,-30.191055,-8.133391
14662,26-08-2026,27,GZB,-35.0,val,-30.131058,-35.582653,-20.722048
14662,26-08-2026,28,DLI,-50.0,val,-42.53214,-48.982708,-24.13212
14662,26-08-2026,29,DEE,-60.0,val,-55.213615,-58.36482,-24.668592
14662,26-08-2026,30,DEC,-68.0,val,-63.049007,-68.281364,-25.568989
14662,26-08-2026,31,PM,-69.0,val,-62.563633,-69.4795,-26.133022
14662,26-08-2026,32,GGN,-66.0,val,-58.525406,-68.81847,-25.00925
14662,26-08-2026,33,GHH,-71.0,val,-63.06114,-72.08778,-26.431679
14662,26-08-2026,34,PTRD,-63.0,val,-55.776592,-61.407345,-26.551228
14662,26-08-2026,35,KIP,-63.0,val,-55.816135,-61.02536,-26.404354
14662,26-08-2026,36,RE,-42.0,val,-37.01427,-42.450462,-20.655571
14662,26-08-2026,37,BWL,-46.0,val,-41.911358,-46.153625,-25.978802
14662,26-08-2026,38,HSI,-57.0,val,-46.964874,-54.040844,-25.457851
14662,26-08-2026,39,KRH,-61.0,val,-49.785976,-57.627415,-25.778477
14662,26-08-2026,40,AWR,-65.0,val,-53.28561,-65.712746,-25.507618
14662,26-08-2026,41,MKH,-64.0,val,-53.550816,-63.984333,-26.1723
14662,26-08-2026,42,RHG,-65.0,val,-53.32689,-65.27846,-25.420628
14662,26-08-2026,43,BU,-65.0,val,-53.286537,-64.57166,-26.073887
14662,26-08-2026,44,BKI,-64.0,val,-53.263493,-63.670727,-25.305712
14662,26-08-2026,45,DO,-70.0,val,-63.436954,-69.42373,-26.495058
14662,26-08-2026,46,GTJT,-76.0,val,-68.83982,-71.73825,-26.614988
14662,26-08-2026,48,JP,-66.0,val,-56.691113,-68.66245,-26.438639
14662,26-08-2026,49,JOB,-64.0,val,-54.607906,-63.429802,-26.232162
14662,26-08-2026,50,FL,-46.0,val,-40.559883,-43.998184,-23.54752
14662,26-08-2026,51,KMNC,-57.0,val,-42.81321,-48.93976,-24.644318
14662,26-08-2026,52,MKN,-57.0,val,-41.74105,-49.5502,-23.79725
14662,26-08-2026,53,DNA,-48.0,val,-39.724674,-41.987446,-22.2589
14662,26-08-2026,54,MTD,-46.0,val,-38.86584,-41.327637,-23.035889
14662,26-08-2026,55,RKB,-48.0,val,-40.275383,-46.194004,-23.575384
14662,26-08-2026,56,JU,-37.0,val,-33.606236,-39.25173,-22.27573
14662,26-08-2026,57,BANE,-48.0,val,-41.535828,-46.346672,-25.495264
14662,26-08-2026,58,LUNI,-40.0,val,-35.161716,-42.409187,-23.381401
14662,26-08-2026,59,DOR,-37.0,val,-32.555687,-38.40293,-22.352493
14662,26-08-2026,60,SMR,-36.0,val,-32.5127,-38.888,-22.582817
14662,26-08-2026,61,BLT,-22.0,val,-18.530565,-22.205957,-11.462539
14662,26-08-2026,62,BUT,-22.0,val,-18.76043,-22.154036,-12.686539
14662,26-08-2026,63,UTL,-25.0,val,-22.990776,-25.008795,-16.863281
14662,27-08-2026,1,JAT,-1.0,val,-0.79459804,-15.645644,9.30801
14662,27-08-2026,2,SMBX,-7.0,val,-9.891481,-19.73416,3.808871
14662,27-08-2026,3,MSKT,-10.0,val,-7.956589,-17.094378,3.5523922
14662,27-08-2026,4,PTKC,-13.0,val,-12.249331,-19.47598,0.766996
14662,27-08-2026,5,MEX,-16.0,val,-14.481334,-21.621845,-3.0991054
14662,27-08-2026,6,DZA,-18.0,val,-14.715329,-22.253225,-5.0489383
14662,27-08-2026,7,JRC,-6.0,val,-4.4532914,-17.913525,5.1347966
14662,27-08-2026,8,PGW,-9.0,val,-8.227416,-16.910856,5.518694
14662,27-08-2026,9,LDH,-1.0,val,-1.9851893,-16.446894,5.7802906
14662,27-08-2026,10,KNN,-1.0,val,-1.0753249,-15.610486,7.0426354
14662,27-08-2026,11,SIR,-5.0,val,-6.1857944,-15.991237,3.7667258
14662,27-08-2026,12,RPJ,-2.0,val,-1.9500288,-15.363475,3.4964495
14662,27-08-2026,13,UBC,-2.0,val,-2.1067662,-15.581168,6.5058403
14662,27-08-2026,14,UMB,-1.0,val,-1.1613027,-16.073118,5.7180223
14662,27-08-2026,15,JUDW,-4.0,val,-3.6685257,-15.670793,5.8696556
14662,27-08-2026,16,YJUD,-5.0,val,-4.0199003,-15.844554,5.020092
14662,27-08-2026,17,SRE,-1.0,val,-0.17593057,-15.537951,10.108592
14662,27-08-2026,18,DBD,-1.0,val,-1.111888,-15.491099,9.237015
14662,27-08-2026,19,MOZ,-11.0,val,-9.957383,-19.094044,4.793093
14662,27-08-2026,20,KAT,-11.0,val,-7.7470617,-19.165857,2.5004923
14662,27-08-2026,21,SKF,-17.0,val,-14.7734585,-22.44105,-4.9002805
14662,27-08-2026,22,MUT,-18.0,val,-17.029148,-22.649082,-5.561939
14662,27-08-2026,23,MTC,-18.0,val,-16.37569,-22.78811,-6.359641
14662,27-08-2026,24,MDNR,-23.0,val,-22.671696,-28.724886,-7.0733023
14662,27-08-2026,25,MUD,-26.0,val,-26.08537,-30.82925,-11.628012
14662,27-08-2026,27,GZB,-30.0,val,-29.737911,-34.585606,-21.234694
14662,27-08-2026,28,DLI,-41.0,val,-39.918953,-47.1655,-25.279667
14662,27-08-2026,29,DEE,-50.0,val,-49.060974,-52.23629,-25.216024
14662,27-08-2026,30,DEC,-53.0,val,-53.05305,-54.72458,-25.731564
14662,27-08-2026,31,PM,-55.0,val,-54.20482,-57.719894,-26.133022
14662,27-08-2026,32,GGN,-54.0,val,-52.178738,-57.069088,-25.455559
14662,27-08-2026,33,GHH,-57.0,val,-56.006226,-61.096535,-26.431679
14662,27-08-2026,34,PTRD,-51.0,val,-47.71662,-52.961372,-26.551228
14662,27-08-2026,35,KIP,-53.0,val,-53.07195,-54.992805,-26.404354
14662,27-08-2026,36,RE,-30.0,val,-29.79373,-35.406723,-18.738886
14662,27-08-2026,37,BWL,-34.0,val,-36.721935,-40.64653,-25.640137
14662,27-08-2026,38,HSI,-49.0,val,-47.704994,-52.414642,-25.658676
14662,27-08-2026,39,KRH,-53.0,val,-47.17566,-54.62005,-25.96003
14662,27-08-2026,40,AWR,-56.0,val,-49.477222,-57.959766,-25.68349
14662,27-08-2026,41,MKH,-55.0,val,-48.703632,-56.14881,-26.334875
14662,27-08-2026,42,RHG,-56.0,val,-49.778706,-56.28902,-25.49699
14662,27-08-2026,43,BU,-57.0,val,-50.085663,-57.618813,-26.370605
14662,27-08-2026,44,BKI,-56.0,val,-50.31289,-56.465523,-25.263252
14662,27-08-2026,45,DO,-60.0,val,-56.095093,-64.26289,-26.688982
14662,27-08-2026,46,GTJT,-68.0,val,-65.72589,-71.81466,-26.712961
14662,27-08-2026,47,GADJ,-68.0,val,-65.47358,-73.014984,-26.517288
14662,27-08-2026,48,JP,-56.0,val,-50.156113,-57.092587,-26.438639
14662,27-08-2026,49,JOB,-51.0,val,-47.634842,-51.737957,-26.232162
14662,27-08-2026,50,FL,-27.0,val,-27.555954,-33.89706,-18.444597
14662,27-08-2026,51,KMNC,-25.0,val,-25.702387,-31.24212,-16.05402
14662,27-08-2026,52,MKN,-24.0,val,-25.035215,-31.081892,-15.20512
14662,27-08-2026,53,DNA,-15.0,val,-16.497812,-23.460567,-8.788674
14662,27-08-2026,54,MTD,-43.0,val,-40.355804,-43.52922,-22.733662
14662,27-08-2026,55,RKB,-41.0,val,-36.85697,-44.722767,-23.575384
14662,27-08-2026,56,JU,-38.0,val,-36.454582,-43.60956,-23.59855
14662,27-08-2026,57,BANE,-41.0,val,-37.742992,-45.255245,-25.495264
14662,27-08-2026,58,LUNI,-37.0,val,-35.63722,-42.881218,-23.381401
14662,27-08-2026,59,DOR,-22.0,val,-23.132662,-29.978909,-14.7245
14662,27-08-2026,60,SMR,-19.0,val,-20.767471,-29.050604,-14.075905
14662,27-08-2026,61,BLT,-15.0,val,-16.316845,-21.499716,-8.623371
14662,27-08-2026,62,BUT,-16.0,val,-17.664824,-21.63928,-11.646763
14662,27-08-2026,63,UTL,-25.0,val,-26.233278,-28.383574,-18.373362
14701,24-08-2026,1,SGNR,-22.0,val,-7.1734385,-17.525288,3.3726573
14701,24-08-2026,2,SDS,-27.0,val,-11.159943,-19.562536,2.6940918
14701,24-08-2026,4,HMO,-25.0,val,-10.286914,-19.722258,4.628333
14701,24-08-2026,5,ENB,-37.0,val,-21.975912,-27.46468,-6.323336
14701,24-08-2026,6,NHR,-33.0,val,-14.851554,-25.048178,0.29481226
14701,24-08-2026,7,GAMI,-43.0,val,-25.657257,-34.98195,-8.472261
14701,24-08-2026,8,TSD,-45.0,val,-27.026115,-36.734283,-8.946971
14701,24-08-2026,9,SDLP,-33.0,val,-14.956625,-23.707445,2.5268576
14701,24-08-2026,10,CUR,-26.0,val,-9.605541,-19.365507,5.084449
14701,24-08-2026,11,BUB,-30.0,val,-12.995106,-22.069761,0.040859655
14701,24-08-2026,12,RSWT,-29.0,val,-13.649321,-20.769375,-0.34420544
14701,24-08-2026,13,FPS,-36.0,val,-20.467041,-27.056847,-5.0582023
14701,24-08-2026,14,LNH,-36.0,val,-20.392984,-28.223198,-5.5178156
14701,24-08-2026,15,SIKR,-28.0,val,-16.098623,-21.067669,-0.7902535
14701,24-08-2026,16,PLSN,-27.0,val,-15.9576025,-21.042412,0.042002995
14701,24-08-2026,17,RGS,-32.0,val,-19.447557,-24.832233,-2.0978658
14701,24-08-2026,18,GND,-35.0,val,-21.030472,-29.61634,-5.111357
14701,24-08-2026,19,COM,-35.0,val,-21.594276,-29.402882,-5.7076516
14701,24-08-2026,20,DKBJ,-33.0,val,-19.90312,-27.709143,-5.316061
14701,24-08-2026,21,JP,-28.0,val,-13.651674,-20.970337,0.09510024
14701,24-08-2026,22,JOB,-27.0,val,-17.120707,-22.907108,-0.50689757
14701,24-08-2026,23,FL,-30.0,val,-17.912336,-24.515238,-1.1173096
14701,24-08-2026,24,NRI,-31.0,val,-19.347591,-25.915627,-1.9801842
14701,24-08-2026,25,KSG,-36.0,val,-21.194902,-26.8916,-4.9260263
14701,24-08-2026,26,AII,-27.0,val,-13.173891,-20.122564,2.996471
14701,24-08-2026,27,BER,-23.0,val,-10.595902,-19.703619,3.4838183
14701,24-08-2026,28,SOD,-22.0,val,-11.129385,-19.55243,1.3459473
14701,24-08-2026,29,MJ,-27.0,val,-12.663106,-20.244951,3.5825028
14701,24-08-2026,30,SOS,-26.0,val,-10.801676,-19.33968,5.444219
14701,24-08-2026,31,JAL,-29.0,val,-12.900088,-20.241823,2.6532047
14701,24-08-2026,32,RANI,-30.0,val,-12.896236,-20.99151,5.2286234
14701,24-08-2026,33,FA,-27.0,val,-13.250887,-19.866983,4.9095902
14701,24-08-2026,34,SJWB,-28.0,val,-13.391866,-20.183855,3.811971
14701,24-08-2026,35,MOI,-28.0,val,-12.746406,-19.656862,3.8692493
14701,24-08-2026,36,NANA,-28.0,val,-12.903561,-19.928123,3.234967
14701,24-08-2026,37,PDWA,-32.0,val,-16.002586,-23.550398,0.8284027
14701,24-08-2026,38,SRPJ,-33.0,val,-15.486145,-23.784643,-0.79377544
14701,24-08-2026,39,ABR,-23.0,val,-8.009552,-19.09878,3.2586646
14701,24-08-2026,40,PNU,-22.0,val,-6.882397,-18.68322,3.667852
14701,24-08-2026,41,CHP,-22.0,val,-6.897113,-17.914976,4.9522653
14701,24-08-2026,42,SID,-23.0,val,-7.0858283,-17.512346,4.8965573
14701,24-08-2026,44,MSH,-22.0,val,-7.337331,-17.696959,5.209985
14701,24-08-2026,45,KLL,-30.0,val,-11.809768,-20.861897,1.8874719
14701,24-08-2026,46,SBIB,-26.0,val,-10.33884,-19.783995,3.2313964
14701,24-08-2026,47,ADI,-26.0,val,-10.063519,-19.493801,2.2030191
14701,24-08-2026,48,ND,-22.0,val,-6.709946,-18.226494,2.0657308
14701,24-08-2026,49,ANND,-34.0,val,-17.595442,-25.775328,-0.75830483
14701,24-08-2026,50,BRC,-24.0,val,-8.37808,-19.081108,3.4772165
14701,24-08-2026,51,BH,-22.0,val,-8.998329,-19.88098,2.304807
14701,24-08-2026,52,ST,-22.0,val,-8.009084,-18.654297,3.48496
14701,24-08-2026,53,NVS,-30.0,val,-16.804749,-22.400755,0.16569476
14701,24-08-2026,54,VAPI,-34.0,val,-17.236689,-25.348465,-1.6752179
14701,24-08-2026,55,DRD,-40.0,val,-23.874384,-31.598911,-9.4677925
14701,24-08-2026,56,BVI,-36.0,val,-22.312042,-28.682945,-6.7284827
14701,24-08-2026,57,ADH,-29.0,val,-18.045925,-22.080511,-4.2338634
14701,25-08-2026,1,SGNR,1.0,val,-7.2299275,-17.500713,3.5552397
14701,25-08-2026,2,SDS,-4.0,val,-11.397349,-19.651539,2.3357222
14701,25-08-2026,3,HMH,-24.0,val,-29.744352,-39.448612,-8.556724
14701,25-08-2026,4,HMO,-24.0,val,-28.6893,-38.206223,-8.409349
14701,25-08-2026,5,ENB,-17.0,val,-23.21014,-30.570274,-6.3341293
14701,25-08-2026,6,NHR,-14.0,val,-20.889194,-26.959528,-4.196048
14701,25-08-2026,7,GAMI,-15.0,val,-21.9337,-29.429863,-6.6663346
14701,25-08-2026,8,TSD,-31.0,val,-35.279896,-44.39909,-10.419081
14701,25-08-2026,9,SDLP,-12.0,val,-17.513636,-25.591368,1.2272164
14701,25-08-2026,10,CUR,-9.0,val,-14.379903,-23.519396,1.1511713
14701,25-08-2026,11,BUB,-22.0,val,-28.036459,-36.712727,-9.371799
14701,25-08-2026,12,RSWT,-20.0,val,-23.988096,-33.190105,-6.782263
14701,25-08-2026,13,FPS,-28.0,val,-31.070892,-39.40536,-11.738539
14701,25-08-2026,14,LNH,-29.0,val,-32.409737,-40.24332,-12.5939045
14701,25-08-2026,15,SIKR,-20.0,val,-25.354143,-32.867657,-8.368362
14701,25-08-2026,16,PLSN,-20.0,val,-25.182028,-33.24557,-7.5590024
14701,25-08-2026,17,RGS,-17.0,val,-24.900574,-31.613062,-5.1743045
14701,25-08-2026,18,GND,-22.0,val,-28.463284,-37.124813,-9.845513
14701,25-08-2026,19,COM,-22.0,val,-28.860437,-37.190273,-11.462316
14701,25-08-2026,20,DKBJ,-20.0,val,-27.020376,-34.152992,-12.982909
14701,25-08-2026,21,JP,-14.0,val,-21.306192,-27.339397,-5.550277
14701,25-08-2026,22,JOB,-15.0,val,-24.105482,-30.36858,-7.5375967
14701,25-08-2026,23,FL,-16.0,val,-23.982616,-32.447186,-6.5715933
14701,25-08-2026,24,NRI,-16.0,val,-23.98239,-32.10556,-8.023565
14701,25-08-2026,25,KSG,-15.0,val,-23.601095,-28.748386,-6.6486077
14701,25-08-2026,26,AII,-3.0,val,-11.381732,-19.744415,3.6948256
14701,25-08-2026,27,BER,0.0,val,-10.688234,-19.765753,3.9330978
14701,25-08-2026,28,SOD,1.0,val,-11.226424,-19.592163,1.4649025
14701,25-08-2026,29,MJ,1.0,val,-8.790286,-19.310007,6.7570148
14701,25-08-2026,30,SOS,-9.0,val,-15.4722395,-24.317762,1.4928998
14701,25-08-2026,31,JAL,-12.0,val,-17.027447,-25.985914,1.1207013
14701,25-08-2026,32,RANI,-14.0,val,-20.480814,-26.547247,2.6044886
14701,25-08-2026,33,FA,-12.0,val,-17.403135,-26.26662,1.422102
14701,25-08-2026,34,SJWB,-13.0,val,-17.772533,-25.851776,0.12794648
14701,25-08-2026,35,MOI,-13.0,val,-17.051245,-26.015991,0.31096998
14701,25-08-2026,36,NANA,-13.0,val,-17.206785,-25.912119,0.008699913
14701,25-08-2026,37,PDWA,-14.0,val,-20.12171,-26.757372,-2.515632
14701,25-08-2026,38,SRPJ,-32.0,val,-34.888546,-43.674675,-9.325456
14701,25-08-2026,39,ABR,-28.0,val,-30.393997,-39.84457,-7.1950264
14701,25-08-2026,40,PNU,-3.0,val,-7.1205983,-19.51375,5.0101213
14701,25-08-2026,41,CHP,-4.0,val,-9.919406,-18.31506,7.210464
14701,25-08-2026,42,SID,1.0,val,-6.978428,-17.419142,5.44826
14701,25-08-2026,44,MSH,1.0,val,-7.5102024,-17.550161,5.2525015
14701,25-08-2026,45,KLL,1.0,val,-6.7530713,-19.123308,3.6165867
14701,25-08-2026,46,SBIB,-10.0,val,-16.968176,-26.049213,0.50809056
14701,25-08-2026,47,ADI,-6.0,val,-13.104566,-20.863802,0.99741876
14701,25-08-2026,48,ND,1.0,val,-6.9250298,-18.08783,1.7500491
14701,25-08-2026,49,ANND,1.0,val,-7.2301373,-18.743877,4.1676974
14701,25-08-2026,50,BRC,1.0,val,-8.429892,-18.861593,2.9682012
14701,25-08-2026,51,BH,1.0,val,-9.273773,-20.001293,1.9460993
14701,25-08-2026,52,ST,-3.0,val,-10.5509405,-19.377932,2.8018703
14701,25-08-2026,53,NVS,-8.0,val,-17.92937,-22.69603,-0.065022185
14701,25-08-2026,54,VAPI,-13.0,val,-17.494755,-26.51198,-2.3252828
14701,25-08-2026,55,DRD,-22.0,val,-27.509544,-35.855278,-11.441781
14701,25-08-2026,56,BVI,-22.0,val,-28.6035,-35.550938,-14.752855
14701,25-08-2026,57,ADH,-16.0,val,-22.59878,-28.08584,-10.438818
14701,26-08-2026,1,SGNR,-19.0,val,-7.354752,-17.525288,3.2742896
14701,26-08-2026,2,SDS,-22.0,val,-11.391426,-19.407825,2.16625
14701,26-08-2026,3,HMH,-34.0,val,-22.519882,-30.08465,-6.6665297
14701,26-08-2026,4,HMO,-32.0,val,-20.180996,-27.174257,-4.7610846
14701,26-08-2026,5,ENB,-32.0,val,-21.229362,-26.53442,-6.4754095
14701,26-08-2026,6,NHR,-29.0,val,-17.626438,-25.56635,-1.8500395
14701,26-08-2026,7,GAMI,-43.0,val,-30.608784,-40.53564,-9.802415
14701,26-08-2026,8,TSD,-42.0,val,-28.999382,-38.583008,-10.132981
14701,26-08-2026,9,SDLP,-29.0,val,-17.052994,-24.026035,0.89013565
14701,26-08-2026,10,CUR,-24.0,val,-12.379557,-20.588959,3.0844297
14701,26-08-2026,11,BUB,-28.0,val,-15.583067,-25.144745,-0.59710187
14701,26-08-2026,12,RSWT,-28.0,val,-15.947617,-25.23564,-1.1955637
14701,26-08-2026,13,FPS,-36.0,val,-24.741613,-32.48108,-9.7842655
14701,26-08-2026,14,LNH,-37.0,val,-24.92539,-33.0127,-10.330695
14701,26-08-2026,15,SIKR,-40.0,val,-27.586784,-34.96076,-9.600093
14701,26-08-2026,16,PLSN,-39.0,val,-26.332659,-34.62461,-9.569207
14701,26-08-2026,17,RGS,-39.0,val,-27.353628,-35.53671,-10.138777
14701,26-08-2026,18,GND,-47.0,val,-33.757057,-42.314453,-11.241316
14701,26-08-2026,19,COM,-48.0,val,-36.266506,-43.631348,-13.296314
14701,26-08-2026,20,DKBJ,-44.0,val,-31.700731,-39.230553,-14.983089
14701,26-08-2026,21,JP,-30.0,val,-18.965979,-26.833447,-4.0160875
14701,26-08-2026,22,JOB,-29.0,val,-21.56468,-27.220875,-5.165849
14701,26-08-2026,23,FL,-31.0,val,-22.44499,-30.021803,-4.0120306
14701,26-08-2026,24,NRI,-31.0,val,-22.595741,-29.668232,-4.8076987
14701,26-08-2026,25,KSG,-33.0,val,-23.786976,-28.584667,-7.7468014
14701,26-08-2026,26,AII,-17.0,val,-11.076059,-19.43512,3.2753193
14701,26-08-2026,27,BER,-22.0,val,-13.277102,-21.08845,2.3869376
14701,26-08-2026,28,SOD,-19.0,val,-11.555169,-19.469776,1.2968395
14701,26-08-2026,29,MJ,-17.0,val,-9.065731,-19.216377,3.9788766
14701,26-08-2026,30,SOS,-17.0,val,-8.991105,-19.0101,5.6516643
14701,26-08-2026,31,JAL,-18.0,val,-9.0684805,-18.450619,4.1960006
14701,26-08-2026,32,RANI,-19.0,val,-9.3084135,-18.854746,9.06009
14701,26-08-2026,33,FA,-17.0,val,-9.359421,-18.745964,7.8966627
14701,26-08-2026,35,MOI,-18.0,val,-9.064997,-18.481739,3.36027
14701,26-08-2026,36,NANA,-19.0,val,-9.597927,-18.820871,3.4036875
14701,26-08-2026,37,PDWA,-19.0,val,-9.07151,-19.62416,2.3691163
14701,26-08-2026,38,SRPJ,-20.0,val,-11.401623,-19.291145,1.0867801
14701,26-08-2026,39,ABR,-17.0,val,-8.212948,-18.81319,3.5045183
14701,26-08-2026,40,PNU,-17.0,val,-7.165033,-18.536676,5.055708
14701,26-08-2026,41,CHP,-17.0,val,-7.1606126,-17.890402,6.599493
14701,26-08-2026,42,SID,-18.0,val,-7.3653364,-17.487772,5.0520954
14701,26-08-2026,44,MSH,-17.0,val,-7.785646,-17.550161,4.9131083
14701,26-08-2026,45,KLL,-17.0,val,-7.028515,-18.992353,3.3688602
14701,26-08-2026,46,SBIB,-24.0,val,-13.5101595,-21.399452,1.0311676
14701,26-08-2026,47,ADI,-18.0,val,-8.159975,-19.18419,2.1955936
14701,26-08-2026,48,ND,-17.0,val,-7.28748,-18.041336,1.472328
14701,26-08-2026,49,ANND,-17.0,val,-7.5579357,-18.697384,3.6865788
14701,26-08-2026,50,BRC,-17.0,val,-8.429892,-18.861593,2.9407887
14701,26-08-2026,51,BH,-24.0,val,-14.265019,-21.971231,0.53277075
14701,26-08-2026,53,NVS,-26.0,val,-17.881178,-23.099445,0.5957042
14701,26-08-2026,54,VAPI,-39.0,val,-25.725447,-36.498642,-8.415142
14701,26-08-2026,55,DRD,-39.0,val,-26.279736,-35.280838,-10.162218
14701,26-08-2026,56,BVI,-33.0,val,-24.057266,-29.503912,-11.460353
14701,26-08-2026,57,ADH,-24.0,val,-18.088123,-21.69343,-4.73372
14701,27-08-2026,1,SGNR,-14.0,val,-4.304569,-17.525288,2.7810838
14701,27-08-2026,2,SDS,-18.0,val,-9.398833,-18.841818,2.0159106
14701,27-08-2026,3,HMH,-24.0,val,-14.805543,-24.154163,1.7371445
14701,27-08-2026,4,HMO,-35.0,val,-26.090582,-34.69533,-5.9807043
14701,27-08-2026,5,ENB,-36.0,val,-25.648657,-35.357857,-8.369488
14701,27-08-2026,6,NHR,-31.0,val,-21.25519,-28.708605,-4.358059
14701,27-08-2026,7,GAMI,-30.0,val,-21.99484,-29.415802,-6.921544
14701,27-08-2026,8,TSD,-32.0,val,-23.350166,-31.903452,-7.6850886
14701,27-08-2026,9,SDLP,-28.0,val,-16.862993,-25.473917,1.0297714
14701,27-08-2026,10,CUR,-24.0,val,-14.518956,-23.96367,0.76130223
14701,27-08-2026,11,BUB,-27.0,val,-18.25646,-26.482075,-3.4062946
14701,27-08-2026,12,RSWT,-25.0,val,-15.947617,-25.193764,-1.1244745
14701,27-08-2026,13,FPS,-32.0,val,-24.055164,-31.718195,-8.98469
14701,27-08-2026,14,LNH,-34.0,val,-24.92539,-32.376263,-10.06864
14701,27-08-2026,15,SIKR,-25.0,val,-18.462774,-24.499525,-2.1168227
14701,27-08-2026,16,PLSN,-25.0,val,-18.31102,-24.999573,-1.0318222
14701,27-08-2026,17,RGS,-24.0,val,-19.534262,-25.153818,-1.7138517
14701,27-08-2026,18,GND,-26.0,val,-21.295973,-28.602901,-4.086217
14701,27-08-2026,19,COM,-26.0,val,-22.074598,-28.678661,-5.760665
14701,27-08-2026,20,DKBJ,-23.0,val,-20.39103,-25.76683,-5.9045696
14701,27-08-2026,21,JP,-21.0,val,-14.266082,-21.39213,-1.2597631
14701,27-08-2026,22,JOB,-21.0,val,-18.382656,-23.567974,-0.77184176
14701,27-08-2026,23,FL,-22.0,val,-18.41538,-25.024881,-0.37971318
14701,27-08-2026,24,NRI,-20.0,val,-17.759085,-24.19023,-0.3388223
14701,27-08-2026,25,KSG,-23.0,val,-19.183346,-23.498821,-1.3026007
14701,27-08-2026,26,AII,-15.0,val,-11.076059,-19.30041,6.269185
14701,27-08-2026,27,BER,-14.0,val,-10.968386,-19.646687,5.6145205
14701,27-08-2026,28,SOD,-14.0,val,-11.501868,-19.47109,1.2374401
14701,27-08-2026,29,MJ,-14.0,val,-9.065731,-19.216377,7.5805507
14701,27-08-2026,30,SOS,-14.0,val,-8.991105,-19.0101,7.5589967
14701,27-08-2026,31,JAL,-16.0,val,-9.059543,-18.506317,6.4994407
14701,27-08-2026,32,RANI,-16.0,val,-8.896655,-18.786116,8.762163
14701,27-08-2026,33,FA,-14.0,val,-9.295898,-18.745964,8.974333
14701,27-08-2026,35,MOI,-14.0,val,-9.064997,-18.483053,3.535003
14701,27-08-2026,36,NANA,-14.0,val,-9.195108,-18.822186,6.2107134
14701,27-08-2026,37,PDWA,-14.0,val,-9.080448,-19.549965,2.4717774
14701,27-08-2026,38,SRPJ,-14.0,val,-9.15633,-19.137476,1.535572
14701,27-08-2026,39,ABR,-15.0,val,-8.270962,-18.81319,4.3250146
14701,27-08-2026,40,PNU,-14.0,val,-7.223047,-18.536676,3.842297
14701,27-08-2026,41,CHP,-14.0,val,-7.1606126,-17.890402,6.464534
14701,27-08-2026,42,SID,-14.0,val,-7.3030987,-17.487772,5.2160277
14701,27-08-2026,44,MSH,-14.0,val,-7.84366,-17.550161,4.157175
14701,27-08-2026,45,KLL,-14.0,val,-7.1056657,-18.992353,3.2538648
14701,27-08-2026,46,SBIB,-39.0,val,-29.478983,-39.153076,-6.7840595
14701,27-08-2026,47,ADI,-22.0,val,-13.236987,-21.585985,0.3797873
14701,27-08-2026,48,ND,-14.0,val,-7.346846,-18.041336,1.4408743
14701,27-08-2026,49,ANND,-23.0,val,-15.443666,-22.185915,2.7294285
14701,27-08-2026,50,BRC,-22.0,val,-13.694649,-21.440462,0.9832437
14701,27-08-2026,51,BH,-16.0,val,-9.956778,-19.62058,2.0923138
14701,27-08-2026,52,ST,-18.0,val,-11.127691,-19.023403,3.7373407
14701,27-08-2026,53,NVS,-28.0,val,-20.298615,-26.681894,-3.5717416
14701,27-08-2026,54,VAPI,-22.0,val,-13.928588,-22.31621,1.0763613
14701,27-08-2026,55,DRD,-24.0,val,-18.326094,-25.755594,-2.259844
14701,27-08-2026,56,BVI,-33.0,val,-26.2273,-32.775703,-10.60601
14701,27-08-2026,57,ADH,-27.0,val,-20.67417,-26.395115,-6.9497013
14707,24-08-2026,0,HMH,154.0,val,4.6932006,-16.071932,13.41429
14707,24-08-2026,1,PGK,150.0,val,3.4597273,-15.767535,13.524797
14707,24-08-2026,2,SOG,144.0,val,-4.957817,-18.455896,12.594564
14707,24-08-2026,3,LKS,118.0,val,-30.446035,-40.928238,0.9649489
14707,24-08-2026,4,LGH,128.0,val,-18.757183,-29.359993,-5.08065
14707,24-08-2026,5,BKN,150.0,val,1.6265477,-16.020935,14.286955
14707,24-08-2026,6,DSO,104.0,val,-43.37702,-49.408535,7.611552
14707,24-08-2026,7,NOK,98.0,val,-41.943825,-50.349606,-2.557222
14707,24-08-2026,8,NGO,55.0,val,-58.10167,-72.86409,-2.2467155
14707,24-08-2026,9,MDW,54.0,val,-55.744812,-71.97693,-0.4674878
14707,24-08-2026,10,MTD,58.0,val,-53.078056,-69.10816,-4.704852
14707,24-08-2026,11,GOTN,62.0,val,-47.696247,-67.04539,-2.5077226
14707,24-08-2026,12,RKB,53.0,val,-64.24657,-76.449165,-4.397542
14707,24-08-2026,13,JU,53.0,val,-56.806866,-74.7528,-1.2111905
14707,24-08-2026,14,LUNI,61.0,val,-50.541836,-71.03664,-3.737793
14707,24-08-2026,15,PMY,67.0,val,-50.046215,-70.94729,-1.482615
14707,24-08-2026,16,MJ,42.0,val,-55.00563,-76.783775,-1.5056307
14707,24-08-2026,17,SOS,37.0,val,-55.054893,-73.95036,-2.9636118
14707,24-08-2026,18,RANI,31.0,val,-55.60765,-74.389114,-2.9839077
14707,24-08-2026,19,FA,27.0,val,-55.977474,-73.03754,-3.0256963
14707,24-08-2026,20,SJWB,25.0,val,-55.06244,-72.9927,-4.578455
14707,24-08-2026,21,PDWA,21.0,val,-50.788223,-73.68297,-4.4507604
14707,24-08-2026,22,ABR,27.0,val,-48.81825,-68.182816,-4.2733717
14707,24-08-2026,23,PNU,40.0,val,-47.94036,-67.83785,-2.9781673
14707,24-08-2026,25,MSH,35.0,val,-47.532703,-65.04989,-1.9448309
14707,24-08-2026,26,KLL,32.0,val,-48.010693,-66.5452,-3.1712453
14707,24-08-2026,27,SBIB,34.0,val,-45.44068,-67.44022,-4.2594695
14707,24-08-2026,28,ADI,41.0,val,-45.159203,-67.551056,-4.939837
14707,24-08-2026,29,ND,35.0,val,-41.225845,-64.7028,-5.4132423
14707,24-08-2026,30,ANND,26.0,val,-42.765842,-65.2115,-4.0148497
14707,24-08-2026,31,BRC,-1.0,val,-40.936222,-66.002815,-2.0972278
14707,24-08-2026,32,BH,-12.0,val,-39.58723,-66.391304,-3.1251156
14707,24-08-2026,33,ST,-21.0,val,-37.870003,-62.442184,2.383213
14707,24-08-2026,34,NVS,-29.0,val,-40.944115,-61.71276,-4.5721197
14707,24-08-2026,35,BL,-35.0,val,-33.83306,-56.06351,-4.843789
14707,24-08-2026,36,VAPI,-32.0,val,-31.208187,-56.64549,-6.463232
14707,24-08-2026,37,PLG,-25.0,val,-35.50377,-51.088104,-7.727465
14707,24-08-2026,38,BVI,-13.0,val,-36.526356,-51.00646,-10.527563
14707,25-08-2026,0,HMH,-10.0,val,1.2272189,-16.089636,12.19598
14707,25-08-2026,1,PGK,-20.0,val,-4.393728,-18.809235,10.920472
14707,25-08-2026,2,SOG,-18.0,val,-2.260465,-16.195593,12.110827
14707,25-08-2026,3,LKS,-34.0,val,-21.312243,-30.313847,0.36458337
14707,25-08-2026,4,LGH,-23.0,val,-6.303572,-20.828728,3.9737506
14707,25-08-2026,5,BKN,-13.0,val,3.3646517,-15.995748,13.197165
14707,25-08-2026,6,DSO,-10.0,val,4.8802943,-16.211378,15.799296
14707,25-08-2026,7,NOK,-23.0,val,-6.09582,-21.414322,5.9960237
14707,25-08-2026,8,NGO,-42.0,val,-28.088396,-37.438625,-0.93853134
14707,25-08-2026,9,MDW,-42.0,val,-27.6579,-38.52091,0.49894756
14707,25-08-2026,10,MTD,-35.0,val,-21.885698,-30.572912,1.5949168
14707,25-08-2026,11,GOTN,-31.0,val,-18.56821,-27.022394,-0.48395783
14707,25-08-2026,12,RKB,-41.0,val,-28.868822,-38.829918,-3.740652
14707,25-08-2026,13,JU,-29.0,val,-17.236902,-27.27017,0.3197713
14707,25-08-2026,14,LUNI,-24.0,val,-8.972256,-23.29323,5.541389
14707,25-08-2026,15,PMY,-16.0,val,-4.187455,-18.17638,11.080311
14707,25-08-2026,16,MJ,-18.0,val,-3.6077347,-18.17817,12.979029
14707,25-08-2026,17,SOS,-19.0,val,-4.5405726,-18.763746,11.457189
14707,25-08-2026,18,RANI,-25.0,val,-9.980021,-22.334637,4.2604046
14707,25-08-2026,19,FA,-25.0,val,-10.632136,-22.67726,0.82015264
14707,25-08-2026,20,SJWB,-26.0,val,-10.966717,-23.274311,-2.0154796
14707,25-08-2026,21,PDWA,-25.0,val,-9.998621,-23.35717,0.8730933
14707,25-08-2026,22,ABR,-12.0,val,0.17908564,-17.203455,14.87595
14707,25-08-2026,23,PNU,-10.0,val,3.6489706,-16.570307,14.022688
14707,25-08-2026,25,MSH,-10.0,val,2.7883832,-15.336104,13.537934
14707,25-08-2026,26,KLL,-10.0,val,3.2894979,-17.09974,13.959054
14707,25-08-2026,27,SBIB,-15.0,val,-0.8782269,-17.17759,13.586567
14707,25-08-2026,28,ADI,-15.0,val,1.0921751,-17.10011,13.10918
14707,25-08-2026,29,ND,-24.0,val,-6.7772593,-20.568567,9.140566
14707,25-08-2026,30,ANND,-31.0,val,-15.345124,-26.379833,4.638476
14707,25-08-2026,31,BRC,-32.0,val,-15.499815,-27.827303,3.6209998
14707,25-08-2026,32,BH,-30.0,val,-14.693094,-25.553524,5.1248507
14707,25-08-2026,33,ST,-17.0,val,0.15184091,-17.38108,16.621462
14707,25-08-2026,34,NVS,-28.0,val,-13.68165,-25.36616,-0.6800987
14707,25-08-2026,35,BL,-27.0,val,-10.380449,-22.833364,-0.43932214
14707,25-08-2026,36,VAPI,-19.0,val,-1.528381,-18.802946,13.933096
14707,25-08-2026,37,PLG,-30.0,val,-16.889185,-25.902876,-4.821198
14707,25-08-2026,38,BVI,-33.0,val,-22.150412,-29.5411,-9.738875
14707,26-08-2026,0,HMH,0.0,val,-2.0541797,-16.55918,19.300095
14707,26-08-2026,1,PGK,-4.0,val,-6.6486015,-18.844034,15.232954
14707,26-08-2026,2,SOG,-2.0,val,-4.5059457,-18.179924,21.008896
14707,26-08-2026,3,LKS,-6.0,val,-9.681374,-22.738169,16.592356
14707,26-08-2026,4,LGH,-16.0,val,-18.3277,-28.742533,1.9738698
14707,26-08-2026,5,BKN,-2.0,val,-2.0802836,-18.847889,19.598518
14707,26-08-2026,6,DSO,-5.0,val,-3.2807295,-21.314508,18.145382
14707,26-08-2026,7,NOK,-9.0,val,-8.646388,-22.054943,5.5058103
14707,26-08-2026,8,NGO,-20.0,val,-25.4011,-34.574547,6.5140724
14707,26-08-2026,9,MDW,-19.0,val,-24.984936,-35.220783,4.5938187
14707,26-08-2026,10,MTD,-12.0,val,-17.898195,-26.456951,8.897259
14707,26-08-2026,11,GOTN,-9.0,val,-11.652346,-23.381752,12.587897
14707,26-08-2026,12,RKB,-27.0,val,-33.993866,-41.976418,4.4324627
14707,26-08-2026,13,JU,-16.0,val,-21.422155,-31.239874,9.356621
14707,26-08-2026,14,LUNI,-8.0,val,-11.962927,-24.022825,14.995926
14707,26-08-2026,15,PMY,-3.0,val,-6.60531,-21.16532,18.225151
14707,26-08-2026,16,MJ,6.0,val,-1.5339675,-17.250069,24.168861
14707,26-08-2026,17,SOS,6.0,val,-1.454767,-17.269644,20.715551
14707,26-08-2026,18,RANI,3.0,val,-3.7250607,-17.48403,21.286255
14707,26-08-2026,19,FA,3.0,val,-3.8145263,-17.899382,19.68331
14707,26-08-2026,20,SJWB,2.0,val,-3.626652,-18.416239,18.303236
14707,26-08-2026,21,PDWA,3.0,val,-3.309248,-18.399601,19.025995
14707,26-08-2026,22,ABR,1.0,val,-0.9712019,-17.773018,21.658186
14707,26-08-2026,23,PNU,8.0,val,2.8722699,-16.452635,21.051893
14707,26-08-2026,24,UJA,8.0,val,-0.7784575,-17.431206,16.839617
14707,26-08-2026,25,MSH,4.0,val,2.9668705,-15.451299,21.581903
14707,26-08-2026,26,KLL,5.0,val,2.383528,-17.160421,20.768158
14707,26-08-2026,27,SBIB,-11.0,val,-12.899524,-25.199413,10.173479
14707,26-08-2026,28,ADI,4.0,val,2.563776,-16.892725,17.28663
14707,26-08-2026,29,ND,-3.0,val,-2.9165637,-19.316,16.041092
14707,26-08-2026,30,ANND,-10.0,val,-12.0274725,-24.106878,7.0007787
14707,26-08-2026,31,BRC,1.0,val,-2.7551484,-17.448778,16.883196
14707,26-08-2026,32,BH,4.0,val,-2.2350967,-16.990194,18.738575
14707,26-08-2026,33,ST,2.0,val,0.6697569,-17.015997,16.623503
14707,26-08-2026,34,NVS,-3.0,val,-6.5795183,-20.993073,13.236818
14707,26-08-2026,35,BL,-24.0,val,-20.21306,-35.320515,1.3583691
14707,26-08-2026,36,VAPI,-15.0,val,-15.456731,-29.041943,-1.4245476
14707,26-08-2026,37,PLG,-18.0,val,-19.649044,-29.44352,-5.539793
14707,26-08-2026,38,BVI,-23.0,val,-23.765102,-33.33425,-9.871192
14707,27-08-2026,0,HMH,-73.0,val,-41.14037,-58.513817,8.176081
14707,27-08-2026,1,PGK,-75.0,val,-41.498257,-58.10951,2.9558527
14707,27-08-2026,2,SOG,-77.0,val,-42.545975,-58.770164,3.3480997
14707,27-08-2026,3,LKS,-75.0,val,-48.72318,-63.16261,7.4907184
14707,27-08-2026,4,LGH,-51.0,val,-31.732767,-41.65574,1.1998901
14707,27-08-2026,5,BKN,-40.0,val,-19.916437,-31.34979,2.2760215
14707,27-08-2026,6,DSO,-34.0,val,-14.329355,-28.62605,7.9472656
14707,27-08-2026,7,NOK,-43.0,val,-23.419424,-34.863808,2.890065
14707,27-08-2026,8,NGO,-76.0,val,-51.327747,-63.86284,3.4146338
14707,27-08-2026,9,MDW,-75.0,val,-46.398613,-60.87834,4.768172
14707,27-08-2026,10,MTD,-77.0,val,-46.93329,-60.25619,4.541614
14707,27-08-2026,11,GOTN,-72.0,val,-44.720516,-58.162457,5.52102
14707,27-08-2026,12,RKB,-79.0,val,-55.083652,-66.76926,4.2978325
14707,27-08-2026,13,JU,-79.0,val,-49.443695,-65.92807,6.6445036
14707,27-08-2026,14,LUNI,-67.0,val,-46.22503,-54.661533,7.291278
14707,27-08-2026,15,PMY,-63.0,val,-44.341713,-47.81569,6.4345827
14707,27-08-2026,16,MJ,-54.0,val,-33.59528,-43.563446,7.5668654
14707,27-08-2026,17,SOS,-55.0,val,-33.952267,-42.75883,2.1970916
14707,27-08-2026,18,RANI,-58.0,val,-39.715786,-43.27354,1.5471027
14707,27-08-2026,19,FA,-58.0,val,-40.56009,-44.64225,0.9166441
14707,27-08-2026,20,SJWB,-58.0,val,-39.313046,-44.83703,-0.5686911
14707,27-08-2026,21,PDWA,-57.0,val,-35.196754,-44.404083,1.020854
14707,27-08-2026,22,ABR,-48.0,val,-27.015831,-40.243637,-0.5690434
14707,27-08-2026,23,PNU,-30.0,val,-11.514596,-24.06734,1.9205285
14707,27-08-2026,24,UJA,-28.0,val,-10.072236,-22.809145,3.6151445
14707,27-08-2026,25,MSH,-25.0,val,-6.0773945,-19.726147,13.427977
14707,27-08-2026,26,KLL,-24.0,val,-6.6254115,-21.707396,13.8276825
14707,27-08-2026,27,SBIB,-21.0,val,-2.4020908,-19.483631,19.087011
14707,27-08-2026,28,ADI,-17.0,val,-0.09713593,-17.20597,16.582596
14707,27-08-2026,30,ANND,-32.0,val,-14.958402,-27.074755,10.110881
14707,27-08-2026,31,BRC,-19.0,val,-2.6880825,-17.751152,18.033192
14707,27-08-2026,32,BH,-13.0,val,-1.6624936,-16.972206,21.028625
14707,27-08-2026,33,ST,-11.0,val,2.6750262,-16.447851,19.94421
14707,27-08-2026,34,NVS,-21.0,val,-6.499366,-20.86488,16.634975
14707,27-08-2026,36,VAPI,-12.0,val,1.1226333,-16.95472,17.056452
14707,27-08-2026,37,PLG,-20.0,val,-6.6889157,-18.880709,13.335923
14709,24-08-2026,1,HMH,-12.0,val,-11.187444,-21.924284,4.5761795
14709,24-08-2026,2,HMO,-12.0,val,-12.278068,-22.866222,4.8087754
14709,24-08-2026,4,ENB,-11.0,val,-12.132702,-23.094818,2.21685
14709,24-08-2026,5,NHR,-16.0,val,-16.141886,-25.134304,2.608125
14709,24-08-2026,6,DPLN,-13.0,val,-13.738307,-25.785715,2.7812557
14709,24-08-2026,7,GAMI,-13.0,val,-14.164796,-25.045403,3.2912047
14709,24-08-2026,8,TSD,-14.0,val,-14.102511,-24.769196,3.476896
14709,24-08-2026,9,AUS,-14.0,val,-14.71567,-25.61045,3.2263408
14709,24-08-2026,10,SDMK,-12.0,val,-12.780545,-25.130291,5.316596
14709,24-08-2026,11,SDLP,-12.0,val,-10.968745,-22.32065,5.673924
14709,24-08-2026,12,RMB,-17.0,val,-15.1518135,-26.118704,2.4497724
14709,24-08-2026,13,LHU,-12.0,val,-11.660899,-21.813665,5.830222
14709,24-08-2026,14,SRGH,-12.0,val,-11.577127,-21.846771,5.9813766
14709,24-08-2026,15,CRWA,-12.0,val,-11.706628,-21.824427,5.6553984
14709,24-08-2026,16,RSH,-26.0,val,-22.43184,-32.91522,-0.17636782
14709,24-08-2026,17,JJN,-27.0,val,-22.572662,-33.62836,-5.2029853
14709,24-08-2026,18,NUA,-25.0,val,-21.22404,-33.4828,-1.4774956
14709,24-08-2026,19,DOB,-24.0,val,-21.344337,-32.60566,-2.0419383
14709,24-08-2026,20,NWH,-23.0,val,-21.147701,-31.0279,-2.6704335
14709,24-08-2026,22,PLSN,-28.0,val,-21.59492,-31.72505,-5.3769026
14709,24-08-2026,23,RGS,-29.0,val,-24.534702,-33.82931,-8.389144
14709,24-08-2026,24,GND,-27.0,val,-22.37223,-32.05033,-6.7876816
14709,24-08-2026,25,COM,-27.0,val,-22.602203,-31.753231,-8.130267
14709,24-08-2026,26,DKBJ,-32.0,val,-29.144487,-36.69123,-15.05842
14709,25-08-2026,1,HMH,3.0,val,-11.357092,-21.965675,4.9221816
14709,25-08-2026,4,ENB,0.0,val,-13.22711,-23.658026,2.0044239
14709,25-08-2026,5,NHR,-4.0,val,-18.239738,-27.001358,0.34524643
14709,25-08-2026,6,DPLN,-2.0,val,-17.00387,-27.600773,2.0187404
14709,25-08-2026,7,GAMI,-2.0,val,-17.305115,-27.605427,2.829437
14709,25-08-2026,8,TSD,-3.0,val,-16.997768,-27.263227,1.7197148
14709,25-08-2026,9,AUS,-2.0,val,-17.218807,-27.411844,3.0705674
14709,25-08-2026,10,SDMK,-15.0,val,-27.250727,-38.80835,-8.242065
14709,25-08-2026,11,SDLP,3.0,val,-11.820945,-21.929857,6.818043
14709,25-08-2026,12,RMB,-3.0,val,-16.062273,-26.828081,1.7263098
14709,25-08-2026,13,LHU,3.0,val,-11.499958,-21.813665,5.5986
14709,25-08-2026,14,SRGH,2.0,val,-11.997739,-21.949286,4.3484077
14709,25-08-2026,15,CRWA,2.0,val,-11.913723,-21.801325,4.753351
14709,25-08-2026,16,RSH,1.0,val,-13.281203,-23.116404,4.4827514
14709,25-08-2026,17,JJN,-13.0,val,-24.238377,-35.669834,-7.229671
14709,25-08-2026,18,NUA,-11.0,val,-21.972042,-33.818443,-4.7989464
14709,25-08-2026,19,DOB,-11.0,val,-22.161701,-33.999466,-4.659856
14709,25-08-2026,20,NWH,-12.0,val,-22.319166,-34.634293,-5.574617
14709,25-08-2026,21,SIKR,-10.0,val,-21.42156,-32.035934,-4.0540867
14709,25-08-2026,22,PLSN,-7.0,val,-19.688965,-28.785362,-1.46962
14709,25-08-2026,23,RGS,-5.0,val,-19.689547,-28.126698,-2.9869695
14709,25-08-2026,24,GND,-17.0,val,-26.99257,-35.920036,-9.733863
14709,25-08-2026,25,COM,-22.0,val,-27.866861,-37.334297,-16.569307
14709,25-08-2026,26,DKBJ,-26.0,val,-32.624058,-41.040825,-20.61145
14709,26-08-2026,1,HMH,-9.0,val,-11.563458,-22.198725,5.050701
14709,26-08-2026,2,HMO,-10.0,val,-12.987446,-23.408552,5.104249
14709,26-08-2026,4,ENB,-13.0,val,-14.562208,-24.510527,1.6536974
14709,26-08-2026,5,NHR,-8.0,val,-12.722004,-23.610079,3.6990075
14709,26-08-2026,6,DPLN,-26.0,val,-26.169737,-38.675755,-8.988128
14709,26-08-2026,7,GAMI,-26.0,val,-25.62283,-37.437992,-8.281233
14709,26-08-2026,8,TSD,-25.0,val,-23.067152,-35.939373,-6.3459363
14709,26-08-2026,9,AUS,-26.0,val,-25.457449,-37.99329,-8.480713
14709,26-08-2026,10,SDMK,-25.0,val,-23.230331,-36.39402,-5.8234625
14709,26-08-2026,11,SDLP,-9.0,val,-11.581519,-21.94509,7.117055
14709,26-08-2026,12,RMB,-14.0,val,-15.972579,-27.072088,2.7953062
14709,26-08-2026,13,LHU,-10.0,val,-12.066817,-21.844711,7.1107144
14709,26-08-2026,14,SRGH,-9.0,val,-11.53635,-21.846771,6.503254
14709,26-08-2026,15,CRWA,-10.0,val,-12.177438,-21.801325,6.469243
14709,26-08-2026,16,RSH,-10.0,val,-13.2670355,-22.838446,5.4233413
14709,26-08-2026,17,JJN,-30.0,val,-30.627851,-40.11774,-9.888186
14709,26-08-2026,18,NUA,-28.0,val,-25.959589,-37.902588,-8.010556
14709,26-08-2026,19,DOB,-30.0,val,-28.607992,-40.463856,-10.323839
14709,26-08-2026,20,NWH,-28.0,val,-25.557228,-37.129536,-7.9993
14709,26-08-2026,21,SIKR,-25.0,val,-22.722183,-33.090374,-6.2330313
14709,26-08-2026,22,PLSN,-21.0,val,-20.434198,-29.977076,-2.3929746
14709,26-08-2026,23,RGS,-21.0,val,-21.554876,-31.58198,-3.0979218
14709,26-08-2026,24,GND,-22.0,val,-21.721584,-31.574074,-2.2178168
14709,26-08-2026,25,COM,-24.0,val,-22.56476,-32.196278,-5.9092836
14709,26-08-2026,26,DKBJ,-30.0,val,-30.311113,-39.34614,-13.765971
14709,27-08-2026,1,HMH,-17.0,val,-12.43921,-21.965675,3.6092095
14709,27-08-2026,2,HMO,-18.0,val,-13.863198,-23.199244,3.7820358
14709,27-08-2026,4,ENB,-21.0,val,-15.3774,-24.727772,0.9669948
14709,27-08-2026,5,NHR,-22.0,val,-17.706102,-26.114744,2.6623678
14709,27-08-2026,6,DPLN,-21.0,val,-17.394585,-27.314459,0.7504486
14709,27-08-2026,7,GAMI,-19.0,val,-15.992602,-25.473566,2.7212403
14709,27-08-2026,8,TSD,-21.0,val,-17.089077,-26.169874,2.5768247
14709,27-08-2026,9,AUS,-21.0,val,-17.609522,-26.68367,1.3328925
14709,27-08-2026,10,SDMK,-21.0,val,-17.428596,-26.595898,2.9685519
14709,27-08-2026,11,SDLP,-17.0,val,-12.415103,-21.988941,5.1256804
14709,27-08-2026,12,RMB,-43.0,val,-33.878517,-41.625824,-11.150731
14709,27-08-2026,13,LHU,-21.0,val,-15.120049,-23.0553,3.9589188
14709,27-08-2026,14,SRGH,-21.0,val,-14.6727705,-22.754072,4.445643
14709,27-08-2026,15,CRWA,-23.0,val,-15.08133,-23.451689,4.03552
14709,27-08-2026,16,RSH,-22.0,val,-16.270586,-24.539967,3.146263
14709,27-08-2026,17,JJN,-16.0,val,-15.490212,-24.304655,0.5798707
14709,27-08-2026,18,NUA,-16.0,val,-15.017587,-25.134487,1.926745
14709,27-08-2026,19,DOB,-17.0,val,-15.389852,-25.534967,1.859724
14709,27-08-2026,20,NWH,-16.0,val,-15.559537,-24.973337,1.2299198
14709,27-08-2026,21,SIKR,-18.0,val,-16.343216,-24.170738,0.574355
14709,27-08-2026,22,PLSN,-16.0,val,-15.480633,-22.989058,1.3066223
14709,27-08-2026,23,RGS,-19.0,val,-16.898134,-24.23913,-0.29826897
14709,27-08-2026,24,GND,-23.0,val,-17.977663,-25.94635,-1.0583203
14709,27-08-2026,25,COM,-21.0,val,-18.819841,-25.303682,-1.916298
14709,27-08-2026,26,DKBJ,-26.0,val,-23.927708,-31.316864,-6.8402824
14715,24-08-2026,0,HSR,-17.0,val,-13.288756,-24.327654,4.8138165
14715,24-08-2026,1,STD,-19.0,val,-15.435717,-25.275166,2.424853
14715,24-08-2026,2,HNS,-21.0,val,-16.956337,-27.184782,1.8461052
14715,24-08-2026,4,JKZ,-22.0,val,-17.784363,-27.81579,1.3944356
14715,24-08-2026,5,BWK,-24.0,val,-19.500599,-28.87042,-2.6481028
14715,24-08-2026,6,BNW,-19.0,val,-16.656826,-25.693008,0.81228864
14715,24-08-2026,7,MHU,-22.0,val,-18.71597,-29.2206,-2.5704367
14715,24-08-2026,8,CKD,-22.0,val,-18.548317,-29.586063,-1.114083
14715,24-08-2026,9,JRL,-23.0,val,-18.907436,-30.350702,-1.8215123
14715,24-08-2026,10,SDRA,-21.0,val,-18.362835,-28.797127,-0.58149046
14715,24-08-2026,11,KSI,-21.0,val,-17.258638,-28.311926,0.08471224
14715,24-08-2026,13,JTS,-17.0,val,-15.410506,-25.946983,2.7644136
14715,24-08-2026,14,KGBS,-17.0,val,-15.533422,-25.09611,2.9437227
14715,24-08-2026,15,RE,-17.0,val,-15.205272,-24.90015,-1.0867007
14715,24-08-2026,16,BWL,-30.0,val,-27.08195,-39.870453,-12.6678095
14715,24-08-2026,18,AIA,-50.0,val,-46.287323,-54.271458,-27.25175
14715,24-08-2026,20,HSI,-55.0,val,-48.60249,-58.357063,-27.980122
14715,24-08-2026,21,KRH,-35.0,val,-33.354267,-42.422005,-16.422125
14715,24-08-2026,23,PSL,-40.0,val,-36.526077,-44.453503,-18.162516
14715,24-08-2026,24,AWR,-44.0,val,-39.45308,-47.98042,-22.320185
14715,24-08-2026,25,MWW,-45.0,val,-39.05653,-49.099594,-25.717318
14715,24-08-2026,26,MKH,-44.0,val,-38.40567,-48.24635,-22.100815
14715,24-08-2026,27,DGW,-45.0,val,-39.345215,-49.84282,-24.420055
14715,24-08-2026,28,RHG,-51.0,val,-46.28742,-53.848442,-27.055376
14715,24-08-2026,30,BU,-51.0,val,-48.09906,-55.295624,-28.06676
14715,24-08-2026,32,BKI,-49.0,val,-47.11114,-55.414604,-26.821669
14715,24-08-2026,33,ARNA,-71.0,val,-63.543453,-73.064186,-27.33559
14715,24-08-2026,35,DO,-72.0,val,-63.964363,-72.745186,-28.124872
14715,24-08-2026,37,BAI,-75.0,val,-67.44498,-75.30678,-27.237106
14715,24-08-2026,38,KWP,-70.0,val,-64.815834,-69.402405,-27.197348
14715,24-08-2026,39,GTJT,-46.0,val,-37.206097,-47.905983,-25.978512
14715,24-08-2026,40,GADJ,-35.0,val,-31.862123,-40.540485,-17.704493
14715,25-08-2026,0,HSR,-13.0,val,-13.709303,-24.25723,3.458123
14715,25-08-2026,1,STD,-15.0,val,-16.057848,-24.583254,1.4181873
14715,25-08-2026,2,HNS,-17.0,val,-16.82397,-25.723106,0.27857447
14715,25-08-2026,4,JKZ,-34.0,val,-27.408012,-40.64074,-10.568897
14715,25-08-2026,5,BWK,-33.0,val,-28.248035,-39.17682,-12.345177
14715,25-08-2026,6,BNW,-28.0,val,-23.860048,-35.370934,-7.876955
14715,25-08-2026,7,MHU,-31.0,val,-27.30559,-38.794807,-11.494006
14715,25-08-2026,8,CKD,-29.0,val,-24.318789,-36.662315,-9.367131
14715,25-08-2026,9,JRL,-29.0,val,-24.402327,-37.627537,-9.224454
14715,25-08-2026,10,SDRA,-28.0,val,-23.956022,-36.20999,-9.239261
14715,25-08-2026,11,KSI,-28.0,val,-23.799894,-35.868004,-9.0559845
14715,25-08-2026,13,JTS,-24.0,val,-21.603228,-33.9903,-0.70075005
14715,25-08-2026,14,KGBS,-20.0,val,-19.216854,-28.272844,1.4586096
14715,25-08-2026,15,RE,-20.0,val,-19.075865,-27.849478,-2.5097024
14715,25-08-2026,16,BWL,-26.0,val,-29.058687,-39.749123,-11.975006
14715,25-08-2026,18,AIA,-33.0,val,-36.810947,-49.20105,-17.965036
14715,25-08-2026,20,HSI,-40.0,val,-39.068134,-50.992435,-24.668697
14715,25-08-2026,21,KRH,-20.0,val,-24.13903,-33.99703,-7.4738345
14715,25-08-2026,23,PSL,-37.0,val,-35.693512,-45.085533,-18.587582
14715,25-08-2026,24,AWR,-42.0,val,-38.52758,-49.06913,-24.018934
14715,25-08-2026,25,MWW,-42.0,val,-38.642773,-49.18515,-25.636797
14715,25-08-2026,26,MKH,-41.0,val,-38.233936,-48.938953,-22.806643
14715,25-08-2026,27,DGW,-42.0,val,-39.110516,-50.73372,-24.78548
14715,25-08-2026,28,RHG,-48.0,val,-48.68397,-57.074,-26.786592
14715,25-08-2026,30,BU,-49.0,val,-50.420906,-58.650417,-28.440125
14715,25-08-2026,32,BKI,-56.0,val,-51.722343,-64.74406,-27.557013
14715,25-08-2026,33,ARNA,-70.0,val,-65.99979,-76.603264,-27.846035
14715,25-08-2026,35,DO,-82.0,val,-77.92916,-83.01192,-28.14802
14715,25-08-2026,37,BAI,-74.0,val,-67.214355,-76.240074,-27.822136
14715,25-08-2026,38,KWP,-70.0,val,-62.888447,-70.32155,-27.197348
14715,25-08-2026,39,GTJT,-45.0,val,-40.134895,-48.35196,-26.293514
14715,25-08-2026,40,GADJ,-36.0,val,-32.967335,-41.517704,-19.025333
14715,26-08-2026,0,HSR,-2.0,val,-13.544712,-24.470953,3.1853523
14715,26-08-2026,1,STD,-4.0,val,-15.715887,-24.73996,1.1004331
14715,26-08-2026,2,HNS,-8.0,val,-18.6402,-28.28732,0.07015847
14715,26-08-2026,4,JKZ,-16.0,val,-24.00268,-34.739025,-6.894441
14715,26-08-2026,5,BWK,-20.0,val,-27.867205,-38.942078,-11.239121
14715,26-08-2026,6,BNW,-14.0,val,-22.74246,-35.006203,-5.563787
14715,26-08-2026,7,MHU,-15.0,val,-23.562996,-35.664413,-7.8956804
14715,26-08-2026,8,CKD,-15.0,val,-23.428741,-35.2416,-6.834253
14715,26-08-2026,9,JRL,-15.0,val,-23.661644,-36.246468,-6.7778196
14715,26-08-2026,10,SDRA,-13.0,val,-22.807638,-34.432175,-3.9811375
14715,26-08-2026,11,KSI,-12.0,val,-21.734362,-34.486855,-2.922919
14715,26-08-2026,13,JTS,-8.0,val,-19.662958,-29.460102,1.9062304
14715,26-08-2026,14,KGBS,-8.0,val,-19.834076,-28.5023,1.5909588
14715,26-08-2026,15,RE,-5.0,val,-17.493868,-25.434813,-2.0719233
14715,26-08-2026,16,BWL,-30.0,val,-37.441242,-48.591705,-24.760294
14715,26-08-2026,18,AIA,-30.0,val,-39.14839,-53.06474,-25.419859
14715,26-08-2026,20,HSI,-34.0,val,-47.288414,-58.36514,-27.903645
14715,26-08-2026,21,KRH,-14.0,val,-29.403008,-39.17213,-12.4930315
14715,26-08-2026,23,PSL,-18.0,val,-32.82905,-42.228634,-16.357409
14715,26-08-2026,24,AWR,-23.0,val,-37.10712,-45.858433,-17.316366
14715,26-08-2026,25,MWW,-24.0,val,-37.104145,-47.697697,-18.901909
14715,26-08-2026,26,MKH,-22.0,val,-35.560654,-46.59929,-17.385267
14715,26-08-2026,27,DGW,-23.0,val,-37.402924,-47.33713,-18.094032
14715,26-08-2026,28,RHG,-24.0,val,-38.105225,-48.42794,-18.703106
14715,26-08-2026,30,BU,-27.0,val,-41.40159,-51.075657,-23.286661
14715,26-08-2026,32,BKI,-58.0,val,-63.651516,-76.25597,-26.975683
14715,26-08-2026,33,ARNA,-57.0,val,-65.14374,-75.49708,-27.261005
14715,26-08-2026,35,DO,-61.0,val,-66.44433,-78.92127,-28.14802
14715,26-08-2026,37,BAI,-53.0,val,-64.48019,-71.63142,-27.237106
14715,26-08-2026,38,KWP,-52.0,val,-58.833225,-68.21061,-27.197348
14715,26-08-2026,39,GTJT,-33.0,val,-40.134895,-48.14449,-26.293514
14715,26-08-2026,40,GADJ,-31.0,val,-32.559124,-45.78314,-24.91647
14715,27-08-2026,0,HSR,11.0,val,-13.559971,-24.130068,3.5895836
14715,27-08-2026,1,STD,7.0,val,-16.111254,-25.262129,1.5269477
14715,27-08-2026,2,HNS,4.0,val,-18.413597,-28.485773,0.34472218
14715,27-08-2026,4,JKZ,-10.0,val,-27.465973,-40.584675,-9.111023
14715,27-08-2026,5,BWK,-15.0,val,-29.560802,-40.72348,-17.895317
14715,27-08-2026,6,BNW,-12.0,val,-28.454624,-40.77754,-13.039226
14715,27-08-2026,7,MHU,-14.0,val,-29.781134,-41.17933,-17.192081
14715,27-08-2026,8,CKD,-14.0,val,-29.548046,-42.289173,-17.661587
14715,27-08-2026,9,JRL,-17.0,val,-30.605844,-44.26495,-18.316624
14715,27-08-2026,10,SDRA,-15.0,val,-29.682358,-42.5429,-16.278082
14715,27-08-2026,11,KSI,-15.0,val,-29.344576,-42.073032,-16.21166
14715,27-08-2026,13,JTS,-12.0,val,-28.316994,-41.86067,-10.581834
14715,27-08-2026,21,KRH,-18.0,val,-35.76281,-47.067295,-25.445583
14715,27-08-2026,24,AWR,-29.0,val,-48.05161,-58.413242,-26.769524
14715,27-08-2026,32,BKI,-70.0,val,-84.14189,-86.53343,-26.889471
14715,27-08-2026,35,DO,-68.0,val,-80.80591,-81.82299,-28.14802
14715,27-08-2026,38,KWP,-59.0,val,-73.01975,-74.142876,-27.197348
14734,24-08-2026,0,JP,-27.0,val,-20.968163,-30.413656,-6.108486
14734,24-08-2026,1,GADJ,-30.0,val,-22.65666,-34.083637,-11.419695
14734,24-08-2026,2,GTJT,-30.0,val,-22.898651,-34.871742,-11.851287
14734,24-08-2026,3,KWP,-32.0,val,-23.863272,-36.867657,-13.826064
14734,24-08-2026,4,BAI,-33.0,val,-24.7918,-38.235256,-14.357591
14734,24-08-2026,6,DO,-36.0,val,-26.77734,-42.961647,-12.58736
14734,24-08-2026,8,ARNA,-43.0,val,-33.88055,-43.614513,-19.279694
14734,24-08-2026,9,BKI,-45.0,val,-36.7093,-48.108265,-18.883451
14734,24-08-2026,11,BU,-44.0,val,-37.902256,-49.15273,-19.254835
14734,24-08-2026,13,RHG,-42.0,val,-34.018135,-48.503284,-18.104837
14734,24-08-2026,14,DGW,-66.0,val,-59.56466,-66.884026,-27.41725
14734,24-08-2026,15,MKH,-67.0,val,-59.393734,-68.767944,-27.761827
14734,24-08-2026,16,MWW,-66.0,val,-58.100933,-67.31593,-27.10779
14734,24-08-2026,17,AWR,-47.0,val,-40.222553,-51.356285,-18.40044
14734,24-08-2026,18,PSL,-48.0,val,-43.07449,-54.127495,-21.134148
14734,24-08-2026,20,KRH,-49.0,val,-43.039967,-51.70883,-21.407879
14734,24-08-2026,21,HSI,-50.0,val,-46.182896,-54.427517,-25.83075
14734,24-08-2026,23,AIA,-49.0,val,-44.922153,-54.334503,-21.764935
14734,24-08-2026,25,BWL,-55.0,val,-48.053528,-58.58459,-26.54558
14734,24-08-2026,26,RE,-33.0,val,-26.162348,-38.607956,-9.980888
14734,24-08-2026,27,KGBS,-48.0,val,-38.63539,-46.88424,-19.620106
14734,24-08-2026,28,JTS,-46.0,val,-36.982174,-47.720284,-19.463648
14734,24-08-2026,30,KSI,-42.0,val,-33.630516,-44.372578,-18.165483
14734,24-08-2026,31,SDRA,-41.0,val,-33.419384,-44.48754,-17.886024
14734,24-08-2026,32,JRL,-46.0,val,-39.529034,-46.047924,-20.05567
14734,24-08-2026,33,CKD,-47.0,val,-39.949615,-46.55897,-21.080597
14734,24-08-2026,34,MHU,-50.0,val,-42.3936,-47.583103,-24.680193
14734,24-08-2026,35,BNW,-57.0,val,-49.32605,-53.805244,-27.424444
14734,24-08-2026,36,BWK,-58.0,val,-51.820602,-54.789104,-27.886553
14734,24-08-2026,37,JKZ,-61.0,val,-52.869972,-56.94651,-27.662428
14734,24-08-2026,39,HNS,-60.0,val,-56.906513,-59.821136,-27.208778
14734,24-08-2026,40,STD,-64.0,val,-58.57272,-62.441483,-27.559715
14734,24-08-2026,41,HSR,-46.0,val,-38.78369,-47.04206,-20.618832
14734,24-08-2026,42,ADR,-44.0,val,-38.56839,-47.24244,-19.99857
14734,24-08-2026,43,BHT,-62.0,val,-54.416183,-61.193764,-27.984291
14734,24-08-2026,44,DING,-62.0,val,-53.700714,-58.709717,-27.521757
14734,24-08-2026,45,SSA,-42.0,val,-35.18249,-44.399647,-18.019604
14734,24-08-2026,46,KNL,-49.0,val,-40.335243,-45.94038,-21.650759
14734,24-08-2026,47,RMN,-58.0,val,-49.50844,-58.993233,-27.616901
14734,25-08-2026,0,JP,-22.0,val,-21.373869,-31.234224,-6.004757
14734,25-08-2026,1,GADJ,-26.0,val,-24.711632,-33.10641,-10.718741
14734,25-08-2026,2,GTJT,-27.0,val,-26.557726,-37.158173,-12.129303
14734,25-08-2026,3,KWP,-29.0,val,-27.892262,-38.040432,-13.874875
14734,25-08-2026,4,BAI,-31.0,val,-29.556553,-41.03986,-15.00736
14734,25-08-2026,6,DO,-33.0,val,-31.098707,-44.068672,-12.80809
14734,25-08-2026,8,ARNA,-32.0,val,-29.846628,-42.42734,-15.079525
14734,25-08-2026,9,BKI,-36.0,val,-35.539207,-47.418495,-15.457171
14734,25-08-2026,11,BU,-43.0,val,-42.05931,-52.854244,-20.13578
14734,25-08-2026,13,RHG,-43.0,val,-40.667614,-52.627228,-19.832886
14734,25-08-2026,14,DGW,-44.0,val,-48.11377,-57.252617,-20.62917
14734,25-08-2026,15,MKH,-50.0,val,-51.600315,-58.45112,-24.74101
14734,25-08-2026,16,MWW,-55.0,val,-57.353306,-64.68996,-26.958073
14734,25-08-2026,17,AWR,-35.0,val,-35.91701,-48.336468,-15.253872
14734,25-08-2026,18,PSL,-37.0,val,-37.23355,-48.519234,-17.925615
14734,25-08-2026,20,KRH,-39.0,val,-37.85942,-50.908882,-17.97361
14734,25-08-2026,21,HSI,-41.0,val,-42.052177,-53.42953,-19.486467
14734,25-08-2026,23,AIA,-59.0,val,-57.72056,-67.41904,-27.481127
14734,25-08-2026,25,BWL,-67.0,val,-62.474953,-74.76622,-28.484089
14734,25-08-2026,26,RE,-27.0,val,-27.214863,-36.725178,-9.814013
14734,25-08-2026,27,KGBS,-31.0,val,-29.39937,-40.822998,-12.433141
14734,25-08-2026,28,JTS,-32.0,val,-29.540415,-43.909435,-13.217014
14734,25-08-2026,30,KSI,-31.0,val,-29.287712,-41.506943,-13.404604
14734,25-08-2026,31,SDRA,-31.0,val,-29.064215,-40.277843,-13.235031
14734,25-08-2026,32,JRL,-33.0,val,-32.208336,-43.74127,-14.214372
14734,25-08-2026,33,CKD,-34.0,val,-33.37506,-42.24872,-14.178514
14734,25-08-2026,34,MHU,-35.0,val,-34.976044,-43.270287,-16.264559
14734,25-08-2026,35,BNW,-49.0,val,-45.748096,-50.61438,-25.874405
14734,25-08-2026,36,BWK,-50.0,val,-46.56444,-50.45061,-25.734335
14734,25-08-2026,37,JKZ,-52.0,val,-47.578403,-57.353752,-26.826273
14734,25-08-2026,39,HNS,-53.0,val,-54.029747,-61.756493,-26.687626
14734,25-08-2026,40,STD,-54.0,val,-54.1606,-62.24375,-26.831474
14734,25-08-2026,41,HSR,-36.0,val,-34.488865,-45.090717,-17.385847
14734,25-08-2026,42,ADR,-36.0,val,-35.00336,-46.16661,-17.255692
14734,25-08-2026,43,BHT,-38.0,val,-36.455093,-48.81272,-18.19563
14734,25-08-2026,44,DING,-41.0,val,-39.737476,-50.398937,-19.926706
14734,25-08-2026,45,SSA,-24.0,val,-26.698902,-35.7758,-12.0813675
14734,25-08-2026,46,KNL,-23.0,val,-25.958406,-34.50724,-12.819801
14734,25-08-2026,47,RMN,-22.0,val,-27.225079,-38.619255,-11.266448
14734,26-08-2026,0,JP,-4.0,val,-22.043772,-31.327019,-6.194501
14734,26-08-2026,1,GADJ,-8.0,val,-27.626112,-35.147614,-11.527531
14734,26-08-2026,2,GTJT,-8.0,val,-27.830034,-36.46715,-11.916176
14734,26-08-2026,3,KWP,-8.0,val,-28.444992,-36.342525,-13.95759
14734,26-08-2026,4,BAI,-9.0,val,-28.768137,-38.12507,-14.293031
14734,26-08-2026,6,DO,-13.0,val,-30.279396,-43.69092,-11.7512
14734,26-08-2026,8,ARNA,-10.0,val,-28.750195,-37.358208,-14.288981
14734,26-08-2026,9,BKI,-22.0,val,-40.628387,-51.82585,-18.40549
14734,26-08-2026,11,BU,-21.0,val,-40.145905,-50.58468,-19.569645
14734,26-08-2026,13,RHG,-22.0,val,-41.244957,-53.093906,-18.904402
14734,26-08-2026,14,DGW,-37.0,val,-58.014046,-64.59993,-27.267532
14734,26-08-2026,15,MKH,-51.0,val,-60.452145,-76.02024,-28.15267
14734,26-08-2026,16,MWW,-50.0,val,-60.76317,-76.61286,-27.827398
14734,26-08-2026,17,AWR,-30.0,val,-46.74972,-54.569954,-23.794065
14734,26-08-2026,18,PSL,-32.0,val,-47.802567,-58.243042,-25.499166
14734,26-08-2026,20,KRH,-36.0,val,-54.203983,-63.254433,-28.141993
14734,26-08-2026,21,HSI,-37.0,val,-55.91461,-65.390686,-28.56074
14734,26-08-2026,23,AIA,-39.0,val,-56.23395,-65.87528,-27.481127
14734,26-08-2026,25,BWL,-40.0,val,-57.8949,-68.31728,-28.480389
14734,26-08-2026,26,RE,-5.0,val,-24.95711,-33.885338,-8.481601
14734,26-08-2026,27,KGBS,-6.0,val,-25.634348,-33.5965,-8.3051815
14734,26-08-2026,28,JTS,-6.0,val,-25.664516,-33.867683,-11.578537
14734,26-08-2026,30,KSI,-5.0,val,-25.387743,-34.242485,-11.686882
14734,26-08-2026,31,SDRA,-6.0,val,-26.047411,-34.677505,-11.630768
14734,26-08-2026,32,JRL,-6.0,val,-27.127024,-34.3315,-11.539563
14734,26-08-2026,33,CKD,-12.0,val,-30.745455,-41.402157,-12.761461
14734,26-08-2026,34,MHU,-12.0,val,-31.693285,-41.997597,-13.8260565
14734,26-08-2026,35,BNW,-12.0,val,-32.206078,-41.701057,-14.301421
14734,26-08-2026,36,BWK,-14.0,val,-34.002014,-44.05329,-14.286303
14734,26-08-2026,37,JKZ,-16.0,val,-36.82107,-46.766846,-16.89372
14734,26-08-2026,39,HNS,-18.0,val,-41.79641,-52.134865,-18.235065
14734,26-08-2026,40,STD,-18.0,val,-41.107666,-49.846935,-17.93325
14734,26-08-2026,41,HSR,-5.0,val,-28.794264,-37.04705,-12.014949
14734,26-08-2026,42,ADR,-3.0,val,-27.821295,-38.42123,-11.556638
14734,26-08-2026,43,BHT,-3.0,val,-27.867046,-39.16516,-10.79835
14734,26-08-2026,44,DING,-6.0,val,-28.23186,-39.388294,-11.845701
14734,26-08-2026,45,SSA,-3.0,val,-26.290947,-35.75685,-11.914829
14734,26-08-2026,46,KNL,-19.0,val,-35.077374,-43.825706,-18.423664
14734,26-08-2026,47,RMN,-22.0,val,-40.2718,-51.27407,-19.47438
14734,27-08-2026,0,JP,0.0,val,-20.91307,-30.885351,-5.9144864
14734,27-08-2026,1,GADJ,-2.0,val,-23.687803,-32.452938,-10.384958
14734,27-08-2026,2,GTJT,-2.0,val,-23.725239,-33.03064,-10.66585
14734,27-08-2026,3,KWP,-7.0,val,-27.563213,-37.82063,-13.65419
14734,27-08-2026,4,BAI,-8.0,val,-28.10091,-39.522377,-14.185717
14734,27-08-2026,6,DO,-27.0,val,-41.305725,-50.950603,-22.755308
14734,27-08-2026,8,ARNA,-27.0,val,-40.115273,-48.56674,-24.086367
14734,27-08-2026,9,BKI,-40.0,val,-53.433712,-64.35658,-26.392702
14734,27-08-2026,11,BU,-55.0,val,-71.725845,-77.111084,-27.879997
14734,27-08-2026,13,RHG,-69.0,val,-77.91652,-83.50085,-27.42887
14734,27-08-2026,14,DGW,-99.0,val,-102.47138,-102.47138,-27.346592
14734,27-08-2026,15,MKH,-98.0,val,-101.71388,-101.71388,-27.69117
14734,27-08-2026,16,MWW,-98.0,val,-102.537865,-102.537865,-27.10779
14734,27-08-2026,17,AWR,-79.0,val,-80.46905,-88.07703,-26.922836
14734,27-08-2026,18,PSL,-80.0,val,-81.7347,-89.12,-27.002205
14734,27-08-2026,20,KRH,-97.0,val,-97.74688,-98.66417,-27.75115
14734,27-08-2026,21,HSI,-98.0,val,-99.96615,-103.29136,-27.74307
14734,27-08-2026,23,AIA,-99.0,val,-99.93324,-101.68301,-27.481127
14734,27-08-2026,25,BWL,-101.0,val,-101.55613,-103.046974,-28.56541
14734,27-08-2026,26,RE,-71.0,val,-66.9782,-78.935875,-24.596624
14734,27-08-2026,27,KGBS,-70.0,val,-67.02799,-79.687744,-24.568163
14734,27-08-2026,28,JTS,-70.0,val,-70.99032,-80.53157,-26.626156
14734,27-08-2026,30,KSI,-69.0,val,-71.21648,-78.11005,-27.109123
14734,27-08-2026,31,SDRA,-69.0,val,-71.67369,-78.84241,-26.922632
14734,27-08-2026,32,JRL,-71.0,val,-73.828926,-80.9303,-27.640728
14734,27-08-2026,33,CKD,-71.0,val,-72.87156,-79.1312,-27.378973
14734,27-08-2026,34,MHU,-75.0,val,-74.599594,-82.75136,-27.607752
14734,27-08-2026,35,BNW,-74.0,val,-77.2293,-82.55646,-27.945597
14734,27-08-2026,36,BWK,-75.0,val,-78.82914,-82.960236,-27.886553
14734,27-08-2026,37,JKZ,-78.0,val,-81.02802,-87.294464,-27.662428
14734,27-08-2026,39,HNS,-81.0,val,-88.182,-91.42463,-27.208778
14734,27-08-2026,40,STD,-82.0,val,-89.15747,-93.76493,-27.559715
14734,27-08-2026,41,HSR,-69.0,val,-76.195885,-78.90422,-27.799652
14734,27-08-2026,42,ADR,-87.0,val,-89.15476,-94.6345,-27.575958
14734,27-08-2026,43,BHT,-83.0,val,-84.80821,-88.74221,-27.984291
14734,27-08-2026,44,DING,-98.0,val,-96.05302,-101.36601,-27.252285
14734,27-08-2026,45,SSA,-79.0,val,-76.50949,-84.161964,-27.422693
14734,27-08-2026,46,KNL,-78.0,val,-75.3562,-82.51601,-27.469112
14734,27-08-2026,47,RMN,-77.0,val,-77.72732,-84.12645,-27.616901
14801,24-08-2026,0,JU,9.0,val,-15.2898445,-22.265657,-3.2953787
14801,24-08-2026,1,BGKT,8.0,val,-16.599453,-22.921064,-4.9088197
14801,24-08-2026,2,BANE,7.0,val,-17.251743,-22.149511,-7.0338726
14801,24-08-2026,3,LUNI,8.0,val,-16.993113,-22.171677,-5.9213753
14801,24-08-2026,4,PMY,0.0,val,-21.564926,-28.476328,-8.77353
14801,24-08-2026,5,MJ,-10.0,val,-31.885733,-35.913406,-14.801428
14801,24-08-2026,6,SOD,-10.0,val,-31.22866,-34.92067,-17.366035
14801,24-08-2026,7,HP,-23.0,val,-40.640167,-47.833824,-25.188929
14801,24-08-2026,8,SEU,-21.0,val,-38.355377,-44.869736,-24.291733
14801,24-08-2026,9,BER,-24.0,val,-39.566563,-47.36807,-24.195036
14801,24-08-2026,10,AII,7.0,val,-16.103477,-22.073704,-4.4732375
14801,24-08-2026,11,NSD,1.0,val,-21.804428,-27.672672,-9.505843
14801,24-08-2026,12,BJNR,-6.0,val,-28.23414,-33.869892,-17.136522
14801,24-08-2026,13,RLR,-16.0,val,-39.147705,-43.410027,-24.687729
14801,24-08-2026,14,BHL,-14.0,val,-38.53875,-41.61328,-22.225142
14801,24-08-2026,15,GGR,-3.0,val,-26.848703,-32.116417,-14.890633
14801,24-08-2026,16,CNA,6.0,val,-17.411058,-22.263155,-6.952254
14801,24-08-2026,17,COR,3.0,val,-18.51358,-23.745117,-7.8582892
14801,24-08-2026,18,SMP,5.0,val,-17.700603,-22.567287,-6.787674
14801,24-08-2026,19,NBH,-5.0,val,-27.752575,-31.09071,-17.063654
14801,24-08-2026,20,JWO,-6.0,val,-27.962606,-33.199825,-17.607323
14801,24-08-2026,21,NMH,0.0,val,-22.459227,-29.247774,-10.612852
14801,24-08-2026,22,MLG,10.0,val,-15.839559,-20.880402,-4.475775
14801,24-08-2026,23,PIP,2.0,val,-20.919806,-25.534657,-9.439243
14801,24-08-2026,24,MDS,3.0,val,-20.61715,-24.837303,-9.106195
14801,24-08-2026,25,DLD,4.0,val,-20.507568,-24.226244,-8.358773
14801,24-08-2026,26,DOD,-3.0,val,-27.455734,-31.610039,-16.483189
14801,24-08-2026,27,JAO,2.0,val,-21.15688,-25.461845,-11.302247
14801,24-08-2026,28,NLI,-2.0,val,-24.949326,-29.46189,-13.826728
14801,24-08-2026,29,RTM,4.0,val,-20.399118,-23.749619,-10.618284
14801,24-08-2026,30,RNJ,7.0,val,-19.247253,-22.237774,-10.975107
14801,24-08-2026,31,BNG,-8.0,val,-30.301798,-32.94081,-19.795559
14801,24-08-2026,32,GPX,2.0,val,-19.319098,-23.808096,-11.650636
14801,24-08-2026,33,FTD,-1.0,val,-23.11521,-26.932869,-14.728539
14801,24-08-2026,34,LMNR,-20.0,val,-31.382275,-40.538204,-20.81296
14801,25-08-2026,0,JU,-15.0,val,-15.6003275,-22.613295,-3.57899
14801,25-08-2026,1,BGKT,-18.0,val,-17.58094,-23.571321,-5.050313
14801,25-08-2026,2,BANE,-18.0,val,-17.772396,-22.47067,-7.0338726
14801,25-08-2026,3,LUNI,-18.0,val,-17.900377,-22.679995,-6.0030527
14801,25-08-2026,4,PMY,-19.0,val,-18.005178,-22.91649,-7.2357063
14801,25-08-2026,5,MJ,-27.0,val,-25.126173,-30.105528,-10.675769
14801,25-08-2026,6,SOD,-28.0,val,-25.995155,-31.164698,-13.810306
14801,25-08-2026,7,HP,-26.0,val,-24.883902,-29.909704,-14.222558
14801,25-08-2026,8,SEU,-25.0,val,-23.1204,-29.532234,-12.684689
14801,25-08-2026,9,BER,-25.0,val,-23.066187,-29.241074,-11.950631
14801,25-08-2026,10,AII,-16.0,val,-16.42653,-21.981508,-4.6692214
14801,25-08-2026,11,NSD,-19.0,val,-18.675503,-23.249552,-7.2279606
14801,25-08-2026,12,BJNR,-27.0,val,-26.686419,-31.122591,-14.817113
14801,25-08-2026,13,RLR,-34.0,val,-33.61472,-38.56641,-19.631578
14801,25-08-2026,14,BHL,-30.0,val,-30.593338,-34.287724,-17.288256
14801,25-08-2026,16,CNA,-16.0,val,-17.10425,-22.036171,-6.25664
14801,25-08-2026,17,COR,-16.0,val,-16.52323,-21.970787,-6.9432135
14801,25-08-2026,18,SMP,-15.0,val,-15.859663,-21.550161,-6.0802155
14801,25-08-2026,19,NBH,-26.0,val,-25.675486,-30.040266,-14.198127
14801,25-08-2026,20,JWO,-28.0,val,-27.78385,-31.718908,-16.18691
14801,25-08-2026,21,NMH,-19.0,val,-19.323015,-23.807283,-8.459675
14801,25-08-2026,22,MLG,-15.0,val,-15.984125,-21.082445,-2.4878414
14801,25-08-2026,23,PIP,-20.0,val,-21.092234,-23.688677,-8.973935
14801,25-08-2026,24,MDS,-22.0,val,-21.486162,-25.02952,-8.750186
14801,25-08-2026,25,DLD,-19.0,val,-19.336576,-22.600811,-7.6314187
14801,25-08-2026,26,DOD,-24.0,val,-25.364424,-29.179207,-13.128319
14801,25-08-2026,27,JAO,-20.0,val,-21.619793,-23.830744,-10.920271
14801,25-08-2026,28,NLI,-29.0,val,-27.036747,-31.818619,-15.374742
14801,25-08-2026,29,RTM,-25.0,val,-23.567924,-28.274605,-11.6057625
14801,25-08-2026,30,RNJ,-21.0,val,-21.636032,-23.627724,-11.855036
14801,25-08-2026,31,BNG,-15.0,val,-19.42045,-22.691364,-12.072822
14801,25-08-2026,32,GPX,-15.0,val,-17.715242,-21.170624,-11.053226
14801,25-08-2026,33,FTD,-17.0,val,-19.363165,-21.623863,-12.65591
14801,25-08-2026,34,LMNR,-20.0,val,-19.851723,-21.959139,-11.704766
14801,26-08-2026,0,JU,-12.0,val,-15.496416,-22.424152,-3.285763
14801,26-08-2026,1,BGKT,-13.0,val,-17.123535,-22.951263,-5.1700606
14801,26-08-2026,2,BANE,-13.0,val,-17.314991,-21.987453,-7.3705993
14801,26-08-2026,3,LUNI,-12.0,val,-16.836573,-22.177559,-5.989856
14801,26-08-2026,4,PMY,-17.0,val,-19.73996,-24.898647,-7.246416
14801,26-08-2026,5,MJ,-26.0,val,-27.18578,-32.19885,-13.016854
14801,26-08-2026,6,SOD,-27.0,val,-27.378317,-33.106,-15.533501
14801,26-08-2026,7,HP,-25.0,val,-26.89012,-31.956272,-15.909559
14801,26-08-2026,8,SEU,-23.0,val,-24.833076,-30.715082,-13.75564
14801,26-08-2026,9,BER,-22.0,val,-23.950294,-29.736595,-12.513007
14801,26-08-2026,10,AII,-11.0,val,-16.573364,-22.025692,-4.9008117
14801,26-08-2026,11,NSD,-14.0,val,-18.385508,-23.332233,-6.870819
14801,26-08-2026,12,BJNR,-23.0,val,-26.937967,-31.715275,-14.411194
14801,26-08-2026,13,RLR,-27.0,val,-30.452936,-36.74126,-17.880615
14801,26-08-2026,14,BHL,-23.0,val,-28.53846,-32.352425,-14.831673
14801,26-08-2026,15,GGR,-13.0,val,-19.38742,-25.435408,-9.288216
14801,26-08-2026,16,CNA,-12.0,val,-17.13523,-22.06989,-6.4863915
14801,26-08-2026,17,COR,-17.0,val,-19.23918,-23.964205,-8.090551
14801,26-08-2026,18,SMP,-13.0,val,-16.445871,-21.709112,-6.118467
14801,26-08-2026,19,NBH,-22.0,val,-25.779444,-29.85643,-14.198127
14801,26-08-2026,23,PIP,-19.0,val,-21.844948,-25.540344,-9.696827
14801,26-08-2026,24,MDS,-16.0,val,-21.290792,-23.993378,-9.0240965
14801,26-08-2026,25,DLD,-13.0,val,-18.505249,-22.323523,-7.2781
14801,26-08-2026,26,DOD,-20.0,val,-25.333927,-29.219336,-13.290894
14801,26-08-2026,27,JAO,-17.0,val,-21.821064,-24.826809,-10.970629
14801,26-08-2026,28,NLI,-18.0,val,-21.992212,-25.534626,-11.681949
14801,26-08-2026,29,RTM,-15.0,val,-19.801838,-22.490719,-10.323413
14801,26-08-2026,30,RNJ,-11.0,val,-18.501188,-21.841677,-11.143641
14801,26-08-2026,31,BNG,-26.0,val,-28.416527,-31.780582,-18.58616
14801,26-08-2026,32,GPX,-16.0,val,-19.974527,-22.086912,-11.696282
14801,26-08-2026,34,LMNR,-20.0,val,-22.400448,-25.372324,-12.168019
14801,27-08-2026,0,JU,-7.0,val,-15.510991,-22.394325,-2.9873352
14801,27-08-2026,1,BGKT,-10.0,val,-17.828842,-23.041256,-4.867603
14801,27-08-2026,2,BANE,-10.0,val,-17.985851,-22.177794,-7.1810503
14801,27-08-2026,3,LUNI,-10.0,val,-18.113832,-22.557207,-5.681667
14801,27-08-2026,4,PMY,-12.0,val,-19.711576,-24.745775,-6.726684
14801,27-08-2026,5,MJ,-19.0,val,-25.721813,-31.29849,-11.899548
14801,27-08-2026,6,SOD,-22.0,val,-27.289988,-33.144985,-15.166215
14801,27-08-2026,7,HP,-23.0,val,-28.848076,-33.91459,-17.377098
14801,27-08-2026,8,SEU,-23.0,val,-27.787773,-34.20866,-16.765537
14801,27-08-2026,9,BER,-26.0,val,-30.898678,-36.12024,-17.41271
14801,27-08-2026,10,AII,-12.0,val,-19.35268,-23.884052,-5.58366
14801,27-08-2026,11,NSD,-22.0,val,-26.944368,-33.15622,-14.318021
14801,27-08-2026,12,BJNR,-30.0,val,-38.304985,-42.501842,-20.474834
14801,27-08-2026,13,RLR,-36.0,val,-40.90116,-47.663326,-26.249428
14801,27-08-2026,14,BHL,-21.0,val,-30.455866,-33.825344,-17.40101
14801,27-08-2026,15,GGR,-17.0,val,-25.580662,-31.721375,-12.813341
14801,27-08-2026,16,CNA,-18.0,val,-24.753973,-29.437267,-10.158925
14801,27-08-2026,17,COR,-15.0,val,-21.657816,-25.965797,-8.467468
14801,27-08-2026,18,SMP,-11.0,val,-18.657902,-22.650656,-6.867669
14801,27-08-2026,19,NBH,-22.0,val,-28.793858,-33.17913,-17.221952
14801,27-08-2026,20,JWO,-20.0,val,-27.917673,-32.141033,-16.072132
14801,27-08-2026,21,NMH,-15.0,val,-23.318022,-28.217451,-10.4859295
14801,27-08-2026,22,MLG,-6.0,val,-16.18942,-21.052618,-4.502612
14801,27-08-2026,23,PIP,-15.0,val,-23.569553,-27.757584,-10.34445
14801,27-08-2026,24,MDS,-15.0,val,-23.472343,-27.482412,-10.125038
14801,27-08-2026,25,DLD,-13.0,val,-21.408787,-24.840225,-8.4807205
14801,27-08-2026,26,DOD,-19.0,val,-28.126114,-32.40935,-16.084585
14801,27-08-2026,27,JAO,-13.0,val,-21.868568,-25.125385,-10.739549
14801,27-08-2026,28,NLI,-16.0,val,-23.84974,-29.018333,-12.40492
14801,27-08-2026,29,RTM,-17.0,val,-24.25911,-28.784824,-12.4225235
14801,27-08-2026,30,RNJ,-13.0,val,-21.617088,-23.826384,-11.658472
14801,27-08-2026,31,BNG,-24.0,val,-30.766535,-33.334335,-19.660109
14801,27-08-2026,32,GPX,-17.0,val,-23.253418,-27.404629,-12.936341
14801,27-08-2026,33,FTD,-21.0,val,-26.509794,-29.32119,-16.921148
14801,27-08-2026,34,LMNR,-20.0,val,-24.88331,-29.27071,-14.44232
14813,24-08-2026,0,JU,12.0,val,-1.3300776,-16.764673,12.180249
14813,24-08-2026,1,RKB,11.0,val,-2.102324,-15.98615,12.936951
14813,24-08-2026,3,BNO,9.0,val,-2.2073362,-14.784276,10.999594
14813,24-08-2026,4,JWL,9.0,val,-2.3257952,-15.210971,11.287254
14813,24-08-2026,5,AAS,8.0,val,-3.4462523,-15.06832,10.026766
14813,24-08-2026,6,PPR,-1.0,val,-10.479628,-19.070324,5.661787
14813,24-08-2026,7,UMED,-3.0,val,-11.836189,-19.584501,-3.4960327
14813,24-08-2026,8,KXG,-2.0,val,-11.291181,-19.80423,-1.4600186
14813,24-08-2026,9,GOTN,-4.0,val,-11.711773,-21.035023,-1.1154073
14813,24-08-2026,10,JOM,-6.0,val,-11.815493,-23.27399,-4.171406
14813,24-08-2026,11,MTD,-10.0,val,-18.556587,-27.371088,-4.591296
14813,24-08-2026,12,REN,-8.0,val,-15.589104,-25.878443,-5.002111
14813,24-08-2026,13,JAC,-10.0,val,-17.787464,-27.267979,-5.302191
14813,24-08-2026,14,DNA,-19.0,val,-23.18516,-34.15485,-9.759282
14813,24-08-2026,15,GCH,-15.0,val,-21.373257,-30.466282,-7.5781393
14813,24-08-2026,16,BSRL,-15.0,val,-21.331795,-30.916607,-9.859849
14813,24-08-2026,17,BOW,-16.0,val,-20.983953,-30.60504,-8.743692
14813,24-08-2026,18,MKN,-19.0,val,-22.709557,-34.588474,-8.2723055
14813,24-08-2026,19,KMNC,-19.0,val,-22.11784,-34.744804,-9.275149
14813,24-08-2026,20,NYK,-19.0,val,-22.30551,-34.916897,-9.3571005
14813,24-08-2026,21,NAC,-19.0,val,-22.098309,-34.734627,-3.0173612
14813,24-08-2026,22,GA,-12.0,val,-17.82534,-28.86458,-2.8864443
14813,24-08-2026,23,SBR,-11.0,val,-17.556343,-27.647095,-1.0283598
14813,24-08-2026,24,FL,1.0,val,-8.773282,-18.670204,6.78795
14813,24-08-2026,25,HDA,-6.0,val,-14.367158,-22.676311,2.3125112
14813,24-08-2026,27,JOB,-10.0,val,-17.425438,-27.244408,-6.389308
14813,24-08-2026,28,BOBS,-12.0,val,-18.17058,-27.877941,-5.4529095
14813,24-08-2026,30,DNK,-20.0,val,-22.367819,-35.499813,-8.716778
14813,24-08-2026,31,KKU,-24.0,val,-27.402702,-40.45978,-8.692683
14813,24-08-2026,32,JP,0.0,val,-10.150701,-20.11921,6.488604
14813,24-08-2026,33,DPA,-5.0,val,-12.344701,-22.812582,-3.3801656
14813,24-08-2026,34,SNGN,-6.0,val,-13.160444,-22.258057,-5.552905
14813,24-08-2026,35,SAS,-7.0,val,-15.217883,-23.708662,-7.057871
14813,24-08-2026,36,CKS,-10.0,val,-17.73347,-26.945135,-8.343586
14813,24-08-2026,37,CHNN,-13.0,val,-18.917768,-28.911772,-10.310671
14813,24-08-2026,38,BNLW,-12.0,val,-19.014812,-29.360245,-8.211374
14813,24-08-2026,39,SRAS,-14.0,val,-21.502197,-30.24407,-8.298195
14813,24-08-2026,40,ISA,-15.0,val,-22.368593,-30.653412,-10.121772
14813,24-08-2026,42,CKB,-16.0,val,-23.577736,-32.7739,-9.365574
14813,24-08-2026,43,DPZ,-18.0,val,-23.702389,-33.728306,-8.951539
14813,24-08-2026,44,SWM,1.0,val,-10.240767,-18.189152,6.7332067
14813,24-08-2026,45,RWJ,0.0,val,-11.433574,-19.407978,5.199585
14813,24-08-2026,46,AMLI,-3.0,val,-13.612298,-20.405811,-3.8686154
14813,24-08-2026,47,IDG,-4.0,val,-14.181273,-21.665318,-4.0319242
14813,24-08-2026,48,LKE,-3.0,val,-13.467816,-21.71812,-1.7430203
14813,24-08-2026,49,KPZ,-2.0,val,-13.303887,-21.344189,-2.3847344
14813,24-08-2026,50,KPTN,-9.0,val,-18.18407,-30.004835,-6.550722
14813,24-08-2026,51,KOTA,-26.0,val,-32.087643,-42.23383,-7.0206423
14813,24-08-2026,52,ATH,-27.0,val,-32.30234,-42.131756,-8.223797
14813,24-08-2026,53,BAZ,-29.0,val,-33.633766,-43.619225,-10.967967
14813,24-08-2026,54,ATRU,-27.0,val,-32.332676,-41.424732,-7.616106
14813,24-08-2026,55,SYL,-28.0,val,-31.768782,-43.027264,-7.8436236
14813,24-08-2026,56,CAG,-19.0,val,-21.083462,-34.642437,-7.4669337
14813,24-08-2026,57,RTA,-2.0,val,-10.05271,-20.354391,5.954722
14813,24-08-2026,58,GUNA,-3.0,val,-10.378711,-20.745623,7.6678996
14813,24-08-2026,59,PGA,-9.0,val,-16.907406,-26.619905,3.0381126
14813,24-08-2026,60,SHDR,-12.0,val,-15.5268135,-28.482315,-0.10366213
14813,24-08-2026,61,ASKN,-17.0,val,-19.432947,-31.53777,-3.9447176
14813,24-08-2026,62,PIA,-21.0,val,-20.933561,-34.858356,-7.2712154
14813,24-08-2026,63,MNV,-25.0,val,-28.935232,-38.51678,-4.7601013
14813,24-08-2026,64,BINA,-21.0,val,-21.663677,-37.00746,-6.242943
14813,24-08-2026,65,MABA,-35.0,val,-33.471275,-45.759594,-7.6512256
14813,24-08-2026,66,KAH,-37.0,val,-33.705242,-45.408226,-9.799727
14813,24-08-2026,67,BET,-37.0,val,-34.84376,-46.462196,-10.328862
14813,24-08-2026,68,BAQ,-38.0,val,-35.73591,-50.19455,-14.468294
14813,24-08-2026,69,GLG,-36.0,val,-34.40212,-48.77919,-14.833186
14813,24-08-2026,70,BHS,-25.0,val,-31.40099,-38.155487,-13.324036
14813,24-08-2026,71,SCI,-24.0,val,-30.12376,-39.378647,-12.045547
14813,24-08-2026,72,SMT,-35.0,val,-30.072695,-44.923405,-13.239731
14813,25-08-2026,0,JU,40.0,val,0.46141616,-16.660437,15.799538
14813,25-08-2026,1,RKB,39.0,val,-0.15623285,-16.154581,16.556238
14813,25-08-2026,3,BNO,39.0,val,-0.8510502,-14.747788,13.195681
14813,25-08-2026,4,JWL,37.0,val,-1.385003,-15.174483,12.445253
14813,25-08-2026,5,AAS,34.0,val,-4.3564425,-15.325538,10.55787
14813,25-08-2026,6,PPR,32.0,val,-6.0874453,-15.765167,9.619805
14813,25-08-2026,7,UMED,33.0,val,-4.5401936,-15.015022,8.928784
14813,25-08-2026,8,KXG,33.0,val,-3.122554,-15.387281,8.642752
14813,25-08-2026,9,GOTN,35.0,val,-1.6793028,-16.175238,10.571822
14813,25-08-2026,10,JOM,33.0,val,-2.5586193,-16.086586,8.9403715
14813,25-08-2026,11,MTD,29.0,val,-10.5418,-19.294125,3.8833861
14813,25-08-2026,12,REN,14.0,val,-20.142803,-31.91853,2.200597
14813,25-08-2026,13,JAC,10.0,val,-22.805637,-34.161793,-3.6536865
14813,25-08-2026,14,DNA,6.0,val,-26.236717,-37.95681,-6.0970497
14813,25-08-2026,15,GCH,11.0,val,-20.94329,-32.026527,-1.7498863
14813,25-08-2026,16,BSRL,11.0,val,-21.078987,-32.615837,-4.6842566
14813,25-08-2026,18,MKN,9.0,val,-22.323414,-35.10034,-5.1639614
14813,25-08-2026,19,KMNC,8.0,val,-22.302544,-35.805946,-6.1901093
14813,25-08-2026,20,NYK,9.0,val,-21.823326,-35.120583,-6.4978313
14813,25-08-2026,21,NAC,9.0,val,-21.772713,-34.57246,-3.0173612
14813,25-08-2026,22,GA,16.0,val,-17.501102,-28.811535,-3.770716
14813,25-08-2026,23,SBR,18.0,val,-16.46923,-27.087109,-5.433641
14813,25-08-2026,24,FL,39.0,val,0.5125807,-15.34281,12.406821
14813,25-08-2026,25,HDA,39.0,val,0.5889818,-14.996641,12.330739
14813,25-08-2026,27,JOB,26.0,val,-11.702142,-21.814392,-4.3481994
14813,25-08-2026,28,BOBS,23.0,val,-13.227319,-22.224941,-3.1443958
14813,25-08-2026,30,DNK,14.0,val,-19.18124,-29.625582,-8.026366
14813,25-08-2026,31,KKU,4.0,val,-26.68864,-39.356243,-8.7880945
14813,25-08-2026,32,JP,19.0,val,-16.003618,-26.868778,-3.8607302
14813,25-08-2026,33,DPA,21.0,val,-14.130159,-24.43886,-3.1932516
14813,25-08-2026,34,SNGN,15.0,val,-18.84187,-27.672758,-7.2227297
14813,25-08-2026,35,SAS,6.0,val,-26.56324,-37.31627,-9.233511
14813,25-08-2026,36,CKS,4.0,val,-28.273785,-39.596027,-9.834452
14813,25-08-2026,37,CHNN,0.0,val,-32.168777,-42.43041,-10.342002
14813,25-08-2026,38,BNLW,0.0,val,-32.181126,-42.677753,-9.373189
14813,25-08-2026,39,SRAS,-13.0,val,-39.543686,-50.232395,-8.582949
14813,25-08-2026,40,ISA,-18.0,val,-39.19511,-52.02108,-8.807268
14813,25-08-2026,42,CKB,-20.0,val,-39.964676,-54.71395,-8.955672
14813,25-08-2026,43,DPZ,-19.0,val,-39.889175,-54.025253,-10.009522
14813,25-08-2026,44,SWM,5.0,val,-25.821304,-37.61677,-6.5448713
14813,25-08-2026,45,RWJ,2.0,val,-30.14831,-40.21078,-8.209374
14813,25-08-2026,46,AMLI,-22.0,val,-35.814255,-50.900925,-5.6662383
14813,25-08-2026,47,IDG,-24.0,val,-39.02502,-52.640476,-9.463599
14813,25-08-2026,48,LKE,-25.0,val,-37.8203,-54.81994,-8.198113
14813,25-08-2026,49,KPZ,-31.0,val,-39.20724,-53.141495,-7.438978
14813,25-08-2026,50,KPTN,-35.0,val,-42.112274,-56.64222,-9.805315
14813,25-08-2026,51,KOTA,-32.0,val,-38.067673,-50.87073,-2.3694534
14813,25-08-2026,52,ATH,-34.0,val,-38.88308,-50.74564,-2.0982702
14813,25-08-2026,53,BAZ,-36.0,val,-41.056713,-54.09502,-8.415718
14813,25-08-2026,54,ATRU,-34.0,val,-40.634068,-53.222324,-2.5066612
14813,25-08-2026,55,SYL,-35.0,val,-37.83051,-55.11096,0.006682966
14813,25-08-2026,56,CAG,-26.0,val,-31.392534,-48.424984,-3.9756193
14813,25-08-2026,57,RTA,20.0,val,-11.168684,-25.108397,7.60551
14813,25-08-2026,58,GUNA,26.0,val,-8.577774,-20.558983,10.506982
14813,25-08-2026,59,PGA,23.0,val,-12.322376,-22.725296,7.703612
14813,25-08-2026,60,SHDR,22.0,val,-11.977385,-23.195936,3.0976233
14813,25-08-2026,61,ASKN,19.0,val,-15.561057,-26.184958,1.3938961
14813,25-08-2026,62,PIA,19.0,val,-16.845802,-25.730572,1.1250407
14813,25-08-2026,63,MNV,17.0,val,-19.103842,-27.146845,0.8328335
14813,25-08-2026,64,BINA,12.0,val,-20.989695,-31.585054,-0.5602871
14813,25-08-2026,65,MABA,12.0,val,-22.228971,-32.16849,-2.5640786
14813,25-08-2026,66,KAH,11.0,val,-22.405033,-33.986618,-6.2876644
14813,25-08-2026,67,BET,5.0,val,-28.441355,-40.09533,-8.986751
14813,25-08-2026,68,BAQ,-9.0,val,-35.604828,-48.902107,-13.748037
14813,25-08-2026,69,GLG,-9.0,val,-32.178947,-48.88635,-13.146207
14813,25-08-2026,70,BHS,-2.0,val,-33.673428,-40.45152,-11.611723
14813,25-08-2026,71,SCI,-2.0,val,-34.309998,-41.998158,-10.908748
14813,25-08-2026,72,SMT,-3.0,val,-29.162971,-43.29203,-11.95467
14813,26-08-2026,0,JU,45.0,val,-6.673242,-22.109201,9.155287
14813,26-08-2026,1,RKB,46.0,val,-6.851307,-21.663734,8.671451
14813,26-08-2026,3,BNO,42.0,val,-8.612483,-23.306755,7.5371604
14813,26-08-2026,4,JWL,42.0,val,-8.815637,-23.67717,8.340437
14813,26-08-2026,5,AAS,38.0,val,-12.603168,-27.501112,9.899941
14813,26-08-2026,6,PPR,36.0,val,-13.994858,-27.925653,1.6708229
14813,26-08-2026,7,UMED,34.0,val,-16.903318,-30.174416,0.1174884
14813,26-08-2026,8,KXG,35.0,val,-15.549169,-29.934769,-0.3693797
14813,26-08-2026,9,GOTN,34.0,val,-16.511532,-31.08657,4.7046585
14813,26-08-2026,10,JOM,32.0,val,-18.624557,-32.70763,-1.7747729
14813,26-08-2026,11,MTD,29.0,val,-22.394611,-35.9323,4.496479
14813,26-08-2026,12,REN,31.0,val,-21.017935,-34.54274,5.77269
14813,26-08-2026,13,JAC,27.0,val,-25.677824,-38.421326,0.20907554
14813,26-08-2026,14,DNA,24.0,val,-28.510263,-40.32968,-1.2248703
14813,26-08-2026,15,GCH,25.0,val,-26.446815,-39.74502,2.0706184
14813,26-08-2026,16,BSRL,25.0,val,-26.561132,-39.981995,-1.386018
14813,26-08-2026,17,BOW,25.0,val,-25.841848,-39.979614,-1.917255
14813,26-08-2026,18,MKN,21.0,val,-29.955551,-43.017563,-0.39750397
14813,26-08-2026,19,KMNC,21.0,val,-29.208168,-42.342846,-1.910158
14813,26-08-2026,20,NYK,21.0,val,-29.614376,-42.712513,1.208239
14813,26-08-2026,21,NAC,20.0,val,-30.11372,-43.940323,0.815446
14813,26-08-2026,22,GA,29.0,val,-21.420603,-35.899597,2.3506148
14813,26-08-2026,23,SBR,31.0,val,-21.116512,-33.871567,3.8319926
14813,26-08-2026,24,FL,48.0,val,-6.0540905,-20.134163,10.663694
14813,26-08-2026,25,HDA,43.0,val,-10.284339,-22.701328,5.1754823
14813,26-08-2026,27,JOB,36.0,val,-17.99027,-29.412569,1.5332426
14813,26-08-2026,28,BOBS,27.0,val,-25.227596,-37.48704,-0.3806248
14813,26-08-2026,30,DNK,26.0,val,-23.633179,-38.33664,-3.073623
14813,26-08-2026,31,KKU,21.0,val,-30.016153,-41.058815,-7.3321857
14813,26-08-2026,32,JP,42.0,val,-14.441828,-24.29817,4.893137
14813,26-08-2026,33,DPA,41.0,val,-14.268982,-25.248497,-2.1276567
14813,26-08-2026,34,SNGN,37.0,val,-18.150568,-27.488163,-3.279361
14813,26-08-2026,35,SAS,31.0,val,-22.191736,-33.679253,-4.558498
14813,26-08-2026,36,CKS,29.0,val,-21.639648,-35.461952,-5.650941
14813,26-08-2026,37,CHNN,25.0,val,-27.322195,-39.222763,-6.457586
14813,26-08-2026,38,BNLW,25.0,val,-27.407085,-39.79377,-6.813745
14813,26-08-2026,39,SRAS,22.0,val,-32.743114,-41.011448,-8.138106
14813,26-08-2026,40,ISA,21.0,val,-33.200268,-41.427803,-7.565892
14813,26-08-2026,42,CKB,21.0,val,-34.06913,-42.779392,-8.41059
14813,26-08-2026,43,DPZ,23.0,val,-34.023907,-41.126453,-7.8973594
14813,26-08-2026,44,SWM,47.0,val,-10.870514,-20.08175,0.91145253
14813,26-08-2026,45,RWJ,44.0,val,-14.019152,-22.265524,-1.4003946
14813,26-08-2026,46,AMLI,43.0,val,-14.243284,-22.835552,-1.4692367
14813,26-08-2026,47,IDG,42.0,val,-15.684715,-24.588322,-2.182144
14813,26-08-2026,48,LKE,42.0,val,-14.708516,-25.074858,-1.0621028
14813,26-08-2026,49,KPZ,40.0,val,-17.25875,-27.299547,1.5185391
14813,26-08-2026,50,KPTN,37.0,val,-20.205671,-31.572536,-6.566248
14813,26-08-2026,51,KOTA,34.0,val,-21.420864,-30.829826,-1.1834208
14813,26-08-2026,52,ATH,32.0,val,-21.45287,-32.11212,-1.7128886
14813,26-08-2026,53,BAZ,26.0,val,-28.068825,-39.15623,-7.491229
14813,26-08-2026,54,ATRU,21.0,val,-33.490707,-42.00473,-3.0451312
14813,26-08-2026,55,SYL,19.0,val,-32.466156,-43.027676,0.026075456
14813,26-08-2026,56,CAG,27.0,val,-25.419851,-37.424515,-3.184955
14813,26-08-2026,57,RTA,58.0,val,2.2014642,-15.661368,15.574009
14813,26-08-2026,58,GUNA,62.0,val,2.5689223,-15.731153,17.67153
14813,26-08-2026,59,PGA,58.0,val,-0.3370031,-15.583844,13.528665
14813,26-08-2026,60,SHDR,57.0,val,-0.93501747,-15.357754,13.9863825
14813,26-08-2026,61,ASKN,52.0,val,-5.0936284,-17.66597,8.668806
14813,26-08-2026,62,PIA,44.0,val,-12.588468,-21.829527,1.3002236
14813,26-08-2026,63,MNV,36.0,val,-19.729143,-28.36898,0.59053487
14813,26-08-2026,64,BINA,13.0,val,-31.615812,-44.80801,-1.2855175
14813,26-08-2026,65,MABA,5.0,val,-33.8063,-43.197502,-3.917264
14813,26-08-2026,66,KAH,4.0,val,-33.579235,-44.06723,-7.070732
14813,26-08-2026,67,BET,3.0,val,-34.83975,-45.53771,-8.374096
14813,26-08-2026,68,BAQ,-23.0,val,-39.845695,-48.03932,-11.609177
14813,26-08-2026,69,GLG,-25.0,val,-40.743134,-49.7111,-13.308782
14813,26-08-2026,70,BHS,-16.0,val,-35.855453,-43.2628,-11.294363
14813,26-08-2026,71,SCI,-17.0,val,-36.24325,-44.68322,-10.890401
14813,26-08-2026,72,SMT,-26.0,val,-37.324303,-46.826157,-11.415562
14813,27-08-2026,0,JU,-4.0,val,3.9153583,-16.641758,16.957792
14813,27-08-2026,1,RKB,-4.0,val,4.2743654,-16.045546,15.708663
14813,27-08-2026,3,BNO,-10.0,val,0.52960086,-15.32128,12.690348
14813,27-08-2026,4,JWL,-10.0,val,-0.088036254,-15.319941,12.359803
14813,27-08-2026,5,AAS,-12.0,val,-0.73267484,-15.541194,11.931673
14813,27-08-2026,6,PPR,-14.0,val,-4.077966,-17.054592,9.627342
14813,27-08-2026,7,UMED,-15.0,val,-4.3157125,-17.599888,8.734075
14813,27-08-2026,8,KXG,-15.0,val,-4.171493,-17.976307,8.416612
14813,27-08-2026,9,GOTN,-15.0,val,-2.8087842,-18.651014,9.919784
14813,27-08-2026,10,JOM,-15.0,val,-5.4380293,-18.481718,8.696509
14813,27-08-2026,11,MTD,-20.0,val,-9.511674,-21.066086,4.679057
14813,27-08-2026,12,REN,-17.0,val,-5.9281626,-20.263914,10.217922
14813,27-08-2026,13,JAC,-20.0,val,-8.933637,-20.70793,-2.008723
14813,27-08-2026,14,DNA,-23.0,val,-11.1536045,-23.275202,2.868765
14813,27-08-2026,15,GCH,-20.0,val,-8.337601,-20.15221,3.1665883
14813,27-08-2026,16,BSRL,-20.0,val,-8.619052,-21.009161,4.0771837
14813,27-08-2026,17,BOW,-22.0,val,-11.796748,-22.490461,0.65781474
14813,27-08-2026,18,MKN,-25.0,val,-13.405772,-25.52898,-0.99378616
14813,27-08-2026,19,KMNC,-24.0,val,-15.028152,-24.981075,1.678045
14813,27-08-2026,20,NYK,-24.0,val,-14.977643,-24.873686,3.5749543
14813,27-08-2026,21,NAC,-25.0,val,-15.449235,-25.908308,3.5470035
14813,27-08-2026,22,GA,-18.0,val,-6.89127,-20.259537,6.31159
14813,27-08-2026,23,SBR,-17.0,val,-7.0729914,-20.02462,10.318642
14813,27-08-2026,24,FL,-8.0,val,1.5603442,-15.360798,14.276922
14813,27-08-2026,25,HDA,-10.0,val,-0.32317007,-14.992302,11.93088
14813,27-08-2026,27,JOB,-47.0,val,-29.375612,-45.878708,7.2979345
14813,27-08-2026,28,BOBS,-51.0,val,-28.328281,-44.99984,0.48187408
14813,27-08-2026,30,DNK,-65.0,val,-28.915718,-50.924362,-0.7677826
14813,27-08-2026,31,KKU,-73.0,val,-34.835102,-53.998333,-6.7930775
14813,27-08-2026,32,JP,-52.0,val,-29.37336,-46.646194,1.9162863
14813,27-08-2026,33,DPA,-53.0,val,-30.637619,-46.59417,-2.6973019
14813,27-08-2026,34,SNGN,-61.0,val,-32.845352,-47.374195,-3.7327886
14813,27-08-2026,35,SAS,-68.0,val,-33.334213,-48.082268,-5.1464567
14813,27-08-2026,36,CKS,-71.0,val,-35.32987,-50.45427,-5.039295
14813,27-08-2026,37,CHNN,-72.0,val,-36.40579,-51.069447,-6.7704296
14813,27-08-2026,38,BNLW,-70.0,val,-35.61808,-53.31167,-6.117249
14813,27-08-2026,39,SRAS,-73.0,val,-42.02919,-54.71197,-6.5976086
14813,27-08-2026,40,ISA,-104.0,val,-51.28836,-63.594723,-5.5048923
14813,27-08-2026,42,CKB,-106.0,val,-52.391087,-66.143196,-7.8277464
14813,27-08-2026,43,DPZ,-105.0,val,-52.22471,-64.73262,-7.2302017
14813,27-08-2026,44,SWM,-87.0,val,-42.54206,-49.361897,-2.5048797
14813,27-08-2026,45,RWJ,-88.0,val,-42.422203,-50.29342,-3.5264986
14813,27-08-2026,46,AMLI,-91.0,val,-43.124176,-50.77644,-3.4488277
14813,27-08-2026,47,IDG,-92.0,val,-44.367203,-52.0501,-4.9988594
14813,27-08-2026,48,LKE,-92.0,val,-42.850906,-53.789837,-3.879717
14813,27-08-2026,49,KPZ,-88.0,val,-42.564247,-51.87889,0.42959762
14813,27-08-2026,50,KPTN,-88.0,val,-45.033806,-57.238316,-6.476839
14813,27-08-2026,51,KOTA,-76.0,val,-38.07059,-50.365036,3.9545476
14813,27-08-2026,52,ATH,-80.0,val,-39.4093,-51.578354,3.2347944
14813,27-08-2026,53,BAZ,-82.0,val,-40.93378,-54.538494,-2.049457
14813,27-08-2026,54,ATRU,-79.0,val,-40.995438,-52.89427,3.0969827
14813,27-08-2026,55,SYL,-79.0,val,-37.90873,-51.05684,4.400025
14813,27-08-2026,56,CAG,-70.0,val,-31.108427,-47.92537,1.4737673
14813,27-08-2026,57,RTA,-26.0,val,-12.870188,-26.861618,12.615628
14813,27-08-2026,58,GUNA,-19.0,val,-7.0989184,-20.442663,15.312703
14813,27-08-2026,59,PGA,-20.0,val,-8.476726,-20.492264,13.221128
14813,27-08-2026,60,SHDR,-20.0,val,-8.632921,-20.406174,11.968869
14813,27-08-2026,61,ASKN,-22.0,val,-11.109144,-22.20257,7.976967
14813,27-08-2026,62,PIA,-24.0,val,-13.561836,-23.26759,6.3589826
14813,27-08-2026,63,MNV,-26.0,val,-17.211445,-26.066982,7.9524355
14813,27-08-2026,64,BINA,-32.0,val,-21.348444,-31.465847,4.703154
14813,27-08-2026,65,MABA,-32.0,val,-22.39842,-31.780777,2.9731276
14813,27-08-2026,67,BET,-32.0,val,-23.265585,-33.10614,-4.171062
14813,27-08-2026,68,BAQ,-34.0,val,-24.130865,-35.956184,-9.808125
14813,27-08-2026,72,SMT,-32.0,val,-23.938032,-33.314106,-7.3466425
15013,24-08-2026,1,JSM,-7.0,val,-1.242829,-16.08103,19.009241
15013,24-08-2026,2,POK,-12.0,val,0.19645837,-16.01355,13.290199
15013,24-08-2026,3,RDRA,-9.0,val,-0.26888582,-16.62792,13.933698
15013,24-08-2026,4,PLCJ,-11.0,val,-4.218173,-17.69476,13.7722225
15013,24-08-2026,5,MWT,-59.0,val,-47.101933,-56.233913,-2.4956675
15013,24-08-2026,6,RKB,-64.0,val,-46.370358,-59.04035,-4.045887
15013,24-08-2026,7,JU,-52.0,val,-37.70494,-49.03539,-2.9712024
15013,24-08-2026,9,LUNI,-42.0,val,-29.814257,-41.413124,-2.0359986
15013,24-08-2026,10,PMY,-44.0,val,-31.399837,-44.840286,1.1644504
15013,24-08-2026,11,MJ,-23.0,val,-10.799835,-23.62592,2.7772627
15013,24-08-2026,12,BER,-21.0,val,-8.096927,-22.790983,10.249528
15013,24-08-2026,13,AII,-14.0,val,-4.927649,-17.403345,16.301874
15013,24-08-2026,14,KSG,-12.0,val,-1.7313517,-16.646381,15.1101675
15013,24-08-2026,15,JP,-11.0,val,-0.96412814,-16.995834,15.878799
15013,24-08-2026,16,GADJ,-12.0,val,-2.7320473,-17.187775,15.614707
15013,24-08-2026,17,DO,-28.0,val,-18.047441,-30.277733,-1.253503
15013,24-08-2026,18,BKI,-30.0,val,-19.964756,-32.127308,-0.5677474
15013,24-08-2026,19,RHG,-30.0,val,-19.552164,-32.125706,0.29371455
15013,24-08-2026,20,AWR,-24.0,val,-13.406348,-24.568308,1.0334914
15013,24-08-2026,21,KRH,-29.0,val,-20.184551,-30.703873,-1.3454325
15013,24-08-2026,22,BWL,-32.0,val,-23.84449,-32.853912,0.8602926
15013,24-08-2026,23,RE,-15.0,val,-5.47563,-17.400213,14.335562
15013,24-08-2026,24,PTRD,-18.0,val,-9.338581,-20.164768,7.310896
15013,24-08-2026,25,GGN,-16.0,val,-9.4149275,-20.237257,7.068346
15013,24-08-2026,26,DEE,-33.0,val,-28.746792,-37.075268,-2.4615128
15013,24-08-2026,27,DLI,-12.0,val,-6.4495287,-17.435328,7.2422943
15013,24-08-2026,28,SBB,-24.0,val,-17.44761,-26.049564,-3.9568253
15013,24-08-2026,29,GZB,-15.0,val,-9.641054,-19.18304,2.9583404
15013,24-08-2026,30,HPU,-28.0,val,-22.79185,-31.685574,-2.8993936
15013,24-08-2026,31,MB,-7.0,val,-5.7521152,-17.583033,3.4957218
15013,24-08-2026,32,RMU,-7.0,val,-5.9639673,-16.494818,4.2984505
15013,24-08-2026,33,BLQR,-14.0,val,-9.928776,-18.042007,2.3624232
15013,24-08-2026,34,RUPC,-17.0,val,-12.770438,-20.981697,4.473254
15013,24-08-2026,35,LKU,-19.0,val,-14.479446,-21.911556,1.0519474
15013,24-08-2026,36,HDW,-7.0,val,-3.49077,-16.080389,7.046406
15013,25-08-2026,1,JSM,-5.0,val,2.2964044,-16.105604,20.167242
15013,25-08-2026,2,POK,-14.0,val,-4.6119814,-18.119022,12.85984
15013,25-08-2026,3,RDRA,-10.0,val,-0.8381649,-16.51723,12.598852
15013,25-08-2026,4,PLCJ,-9.0,val,-3.8031719,-17.69476,13.7722225
15013,25-08-2026,5,MWT,-60.0,val,-47.630127,-60.309574,-1.7627182
15013,25-08-2026,6,RKB,-67.0,val,-46.23082,-63.232388,-4.3042736
15013,25-08-2026,7,JU,-51.0,val,-38.059498,-48.749607,1.1510192
15013,25-08-2026,8,BGKT,-51.0,val,-39.087547,-49.867073,2.601643
15013,25-08-2026,9,LUNI,-44.0,val,-33.11666,-45.54859,-4.714846
15013,25-08-2026,10,PMY,-42.0,val,-31.120821,-43.89099,1.045728
15013,25-08-2026,11,MJ,-29.0,val,-17.508944,-32.136013,1.3920168
15013,25-08-2026,12,BER,-26.0,val,-15.364751,-28.793646,-1.473608
15013,25-08-2026,13,AII,-16.0,val,-5.701048,-20.497597,14.807914
15013,25-08-2026,14,KSG,-15.0,val,-6.0314107,-19.720226,16.174438
15013,25-08-2026,15,JP,-9.0,val,-0.8424409,-16.993793,15.642522
15013,25-08-2026,16,GADJ,-11.0,val,-3.7482722,-17.329998,14.549386
15013,25-08-2026,17,DO,-15.0,val,-7.576099,-20.099777,12.043189
15013,25-08-2026,18,BKI,-19.0,val,-9.380557,-24.621716,6.3119144
15013,25-08-2026,19,RHG,-19.0,val,-9.587241,-24.540012,5.343515
15013,25-08-2026,20,AWR,-14.0,val,-4.666322,-20.438831,12.540009
15013,25-08-2026,21,KRH,-20.0,val,-12.743777,-24.550777,-1.0133511
15013,25-08-2026,22,BWL,-25.0,val,-16.627281,-28.002932,3.57758
15013,25-08-2026,23,RE,-10.0,val,-1.3663671,-16.817345,14.346467
15013,25-08-2026,24,PTRD,-21.0,val,-14.079542,-23.065138,-0.7769611
15013,25-08-2026,25,GGN,-32.0,val,-25.746803,-34.800205,-0.6058199
15013,25-08-2026,26,DEE,-38.0,val,-34.521904,-41.752563,-5.8459697
15013,25-08-2026,27,DLI,-12.0,val,-6.3756742,-18.44863,6.259174
15013,25-08-2026,28,SBB,-23.0,val,-17.279839,-27.686169,-1.4821742
15013,25-08-2026,29,GZB,-21.0,val,-15.376951,-24.15218,-4.258482
15013,25-08-2026,30,HPU,-22.0,val,-18.463135,-26.54821,-2.1952503
15013,25-08-2026,31,MB,-5.0,val,-0.88858765,-17.363573,15.867606
15013,25-08-2026,32,RMU,-5.0,val,-1.7562742,-16.216703,16.729115
15013,25-08-2026,33,BLQR,-10.0,val,-6.0624385,-17.446573,16.38537
15013,25-08-2026,34,RUPC,-12.0,val,-5.8651214,-18.302692,17.988247
15013,25-08-2026,35,LKU,-12.0,val,-5.379913,-18.802555,18.97713
15013,25-08-2026,36,HDW,-5.0,val,-0.2610015,-16.339529,19.623215
15013,27-08-2026,1,JSM,34.0,val,6.1224885,-16.08103,48.697685
15013,27-08-2026,2,POK,26.0,val,0.8118166,-16.6933,41.918865
15013,27-08-2026,3,RDRA,31.0,val,4.3994436,-16.53858,45.778404
15013,27-08-2026,4,PLCJ,23.0,val,-2.2133377,-21.134445,46.525196
15013,27-08-2026,5,MWT,-18.0,val,-44.7599,-56.600586,11.391573
15013,27-08-2026,6,RKB,6.0,val,-23.932783,-35.638832,15.354118
15013,27-08-2026,7,JU,22.0,val,-1.9527571,-22.505365,37.94385
15013,27-08-2026,8,BGKT,21.0,val,-5.3177,-24.516218,35.392117
15013,27-08-2026,9,LUNI,28.0,val,0.45383823,-19.010078,43.01896
15013,27-08-2026,10,PMY,25.0,val,-1.7483735,-19.882416,39.60771
15013,27-08-2026,11,MJ,34.0,val,6.2172146,-17.820538,50.0137
15013,27-08-2026,13,AII,30.0,val,4.812202,-17.103655,49.174435
15013,27-08-2026,14,KSG,32.0,val,2.3746111,-16.514029,44.65508
15013,27-08-2026,15,JP,25.0,val,-0.692582,-18.630133,44.958706
15013,27-08-2026,16,GADJ,22.0,val,-4.555989,-20.354593,40.727062
15013,27-08-2026,17,DO,17.0,val,-9.526411,-23.709555,38.170998
15013,27-08-2026,18,BKI,3.0,val,-26.171778,-38.768,28.859228
15013,27-08-2026,20,AWR,7.0,val,-22.279705,-33.86922,28.871017
15013,27-08-2026,21,KRH,0.0,val,-27.366076,-39.57166,19.569067
15013,27-08-2026,22,BWL,6.0,val,-24.982935,-34.88386,27.810703
15013,27-08-2026,23,RE,8.0,val,-17.475367,-31.415249,24.925014
15013,27-08-2026,24,PTRD,-1.0,val,-27.696604,-39.100113,23.739153
15013,27-08-2026,26,DEE,-19.0,val,-38.350292,-55.734867,4.267527
15013,27-08-2026,27,DLI,-11.0,val,-27.562077,-43.477306,11.254916
15013,27-08-2026,28,SBB,-18.0,val,-30.61268,-48.02413,6.8519697
15013,27-08-2026,29,GZB,-22.0,val,-30.113138,-46.38762,0.13550223
15013,27-08-2026,30,HPU,-30.0,val,-32.76132,-52.143093,4.129705
15013,27-08-2026,31,MB,-30.0,val,-24.653831,-41.758167,-3.210228
15013,27-08-2026,32,RMU,-27.0,val,-23.40733,-38.929794,-0.943498
15013,27-08-2026,33,BLQR,-33.0,val,-24.954903,-40.372444,-3.1923318
15013,27-08-2026,34,RUPC,-37.0,val,-24.747524,-39.585796,-3.0489018
15013,27-08-2026,35,LKU,-40.0,val,-24.716007,-39.73577,-4.9737325
15013,27-08-2026,36,HDW,-7.0,val,-17.2007,-41.15586,3.0878217
19056,24-08-2026,1,UDN,0.0,val,-4.311625,-17.837755,10.550757
19056,24-08-2026,2,NVS,-16.0,val,-16.598501,-28.747955,-4.744528
19056,24-08-2026,3,VDH,-16.0,val,-16.067862,-28.048584,-5.535677
19056,24-08-2026,4,BIM,-18.0,val,-19.036129,-30.042679,-5.758255
19056,24-08-2026,5,BL,-8.0,val,-10.064755,-22.135597,3.8586578
19056,24-08-2026,6,ATUL,-12.0,val,-12.73577,-25.950588,-0.83816195
19056,24-08-2026,7,PAD,-12.0,val,-12.897309,-25.455698,-1.7956281
19056,24-08-2026,8,UVD,-13.0,val,-12.735996,-25.634014,-0.86329234
19056,24-08-2026,9,VAPI,-13.0,val,-12.20978,-26.021019,-1.9992988
19056,24-08-2026,11,BLD,-13.0,val,-14.010073,-26.739103,-3.9741101
19056,24-08-2026,12,SJN,-13.0,val,-14.619431,-26.564575,-5.0429215
19056,24-08-2026,13,UBR,-14.0,val,-16.081463,-26.10656,-8.059694
19056,24-08-2026,15,GVD,-1.0,val,-8.4869,-19.559221,3.3770232
19056,24-08-2026,16,DRD,1.0,val,-8.014116,-19.0256,4.2498264
19056,24-08-2026,17,VGN,-22.0,val,-22.16699,-34.149532,-11.186077
19056,24-08-2026,18,BOR,-26.0,val,-23.331827,-34.25801,-13.197356
19056,24-08-2026,19,PLG,-25.0,val,-21.947493,-34.392403,-17.467598
19056,24-08-2026,20,KLV,-25.0,val,-22.276308,-33.823036,-15.87458
19056,24-08-2026,21,SAH,-24.0,val,-22.331371,-33.998257,-14.904889
19056,24-08-2026,22,VTN,-23.0,val,-21.794851,-33.370274,-13.872906
19056,24-08-2026,23,VR,-22.0,val,-22.037174,-32.939236,-14.730666
19056,24-08-2026,24,BSR,-21.0,val,-22.464869,-33.532494,-13.814393
19056,24-08-2026,25,BVI,-29.0,val,-29.501406,-36.73103,-20.503792
19056,24-08-2026,26,ADH,-33.0,val,-32.65724,-36.928154,-20.718536
19056,25-08-2026,1,UDN,-21.0,val,-5.493731,-18.31188,10.044448
19056,25-08-2026,2,NVS,-31.0,val,-15.096508,-25.825663,-2.7185843
19056,25-08-2026,3,VDH,-32.0,val,-16.604683,-26.475899,-4.645169
19056,25-08-2026,4,BIM,-34.0,val,-16.780724,-28.185736,-5.2056074
19056,25-08-2026,5,BL,-23.0,val,-8.848065,-19.674913,3.4746103
19056,25-08-2026,6,ATUL,-26.0,val,-12.729354,-22.961905,0.49254638
19056,25-08-2026,7,PAD,-27.0,val,-13.087286,-23.64555,-0.8564733
19056,25-08-2026,8,UVD,-28.0,val,-13.006927,-24.573063,-0.799879
19056,25-08-2026,9,VAPI,-28.0,val,-12.253044,-24.85102,-1.3112181
19056,25-08-2026,11,BLD,-28.0,val,-14.014093,-25.78992,-3.6153016
19056,25-08-2026,12,SJN,-29.0,val,-15.222503,-25.901087,-4.1459384
19056,25-08-2026,13,UBR,-30.0,val,-16.2682,-26.12717,-7.404417
19056,25-08-2026,15,GVD,-17.0,val,-7.8416862,-19.724524,2.539214
19056,25-08-2026,16,DRD,-18.0,val,-8.372116,-18.979248,4.0137277
19056,25-08-2026,17,VGN,-27.0,val,-15.339848,-24.849016,-1.5348467
19056,25-08-2026,18,BOR,-29.0,val,-16.297861,-25.198986,-4.397397
19056,25-08-2026,19,PLG,-28.0,val,-17.37605,-24.964277,-8.085977
19056,25-08-2026,20,KLV,-27.0,val,-17.414145,-24.297745,-5.9857383
19056,25-08-2026,21,SAH,-32.0,val,-18.970303,-26.429472,-10.242706
19056,25-08-2026,22,VTN,-32.0,val,-18.681135,-26.323288,-10.219385
19056,25-08-2026,23,VR,-31.0,val,-18.229061,-26.46365,-10.092167
19056,25-08-2026,24,BSR,-30.0,val,-19.724682,-26.944359,-9.067187
19056,25-08-2026,25,BVI,-36.0,val,-24.455858,-32.71245,-13.858513
19056,25-08-2026,26,ADH,-36.0,val,-24.7074,-32.192406,-13.221529
19056,26-08-2026,1,UDN,-17.0,val,-1.4045523,-18.20737,9.859428
19056,26-08-2026,2,NVS,-28.0,val,-14.192621,-26.097666,-1.3931952
19056,26-08-2026,3,VDH,-28.0,val,-14.285075,-25.122547,-2.0823483
19056,26-08-2026,4,BIM,-33.0,val,-17.561338,-27.522291,-5.177486
19056,26-08-2026,5,BL,-21.0,val,-7.3274508,-18.98286,4.3775487
19056,26-08-2026,6,ATUL,-24.0,val,-10.552483,-20.72843,0.9519442
19056,26-08-2026,7,PAD,-24.0,val,-10.714022,-20.39623,-0.09537704
19056,26-08-2026,8,UVD,-24.0,val,-10.522199,-20.886852,0.68215394
19056,26-08-2026,9,VAPI,-24.0,val,-9.771748,-20.839771,0.13010108
19056,26-08-2026,11,BLD,-28.0,val,-14.193329,-25.777723,-3.6140082
19056,26-08-2026,12,SJN,-28.0,val,-14.460747,-25.764633,-3.5725465
19056,26-08-2026,13,UBR,-28.0,val,-15.673614,-25.136759,-5.999011
19056,26-08-2026,15,GVD,-18.0,val,-8.689675,-19.875221,2.4766634
19056,26-08-2026,16,DRD,-17.0,val,-8.208413,-19.21956,3.3729382
19056,26-08-2026,17,VGN,-17.0,val,-8.917078,-18.834873,2.201184
19056,26-08-2026,18,BOR,-17.0,val,-10.44998,-18.618637,2.242512
19056,26-08-2026,19,PLG,-17.0,val,-10.642682,-18.942957,-3.9925451
19056,26-08-2026,20,KLV,-17.0,val,-10.787416,-18.805317,-2.7035627
19056,26-08-2026,21,SAH,-17.0,val,-11.147178,-18.847635,-3.128382
19056,26-08-2026,22,VTN,-17.0,val,-11.504031,-18.950005,-2.829897
19056,26-08-2026,23,VR,-17.0,val,-11.6142025,-19.070656,-3.6572886
19056,26-08-2026,24,BSR,-17.0,val,-12.994373,-19.769188,-3.192524
19056,26-08-2026,25,BVI,-28.0,val,-21.210672,-28.39357,-9.500452
19056,26-08-2026,26,ADH,-29.0,val,-22.247873,-27.143156,-9.39462
19056,27-08-2026,1,UDN,-5.0,val,-4.3607817,-18.076416,10.750941
19056,27-08-2026,2,NVS,-21.0,val,-16.95444,-28.23311,-3.919178
19056,27-08-2026,3,VDH,-21.0,val,-15.702612,-27.512281,-5.0315504
19056,27-08-2026,4,BIM,-23.0,val,-18.042984,-29.930038,-5.6178684
19056,27-08-2026,5,BL,-14.0,val,-10.03739,-22.15337,3.7650068
19056,27-08-2026,6,ATUL,-17.0,val,-13.537816,-25.038942,-0.63086796
19056,27-08-2026,7,PAD,-17.0,val,-13.699355,-24.602371,-1.7558665
19056,27-08-2026,8,UVD,-18.0,val,-13.213796,-25.662645,-1.9334729
19056,27-08-2026,9,VAPI,-19.0,val,-12.518012,-26.15362,-3.0583463
19056,27-08-2026,11,BLD,-21.0,val,-16.963762,-27.937584,-6.463586
19056,27-08-2026,12,SJN,-22.0,val,-17.275824,-28.560246,-7.676321
19056,27-08-2026,13,UBR,-22.0,val,-16.428137,-27.989475,-9.3219595
19056,27-08-2026,15,GVD,-10.0,val,-10.53413,-20.552805,2.6033506
19056,27-08-2026,16,DRD,-21.0,val,-17.884365,-27.925837,-5.2137656
19056,27-08-2026,17,VGN,-21.0,val,-17.45927,-27.316528,-8.696717
19056,27-08-2026,18,BOR,-24.0,val,-19.406801,-29.993977,-9.975601
19056,27-08-2026,19,PLG,-24.0,val,-20.079374,-30.083918,-13.502218
19056,27-08-2026,20,KLV,-24.0,val,-19.86618,-29.716654,-12.751194
19056,27-08-2026,21,SAH,-24.0,val,-18.626217,-29.821543,-12.368957
19056,27-08-2026,22,VTN,-24.0,val,-18.797852,-29.487669,-12.585218
19056,27-08-2026,23,VR,-28.0,val,-22.187952,-33.03547,-15.007973
19056,27-08-2026,24,BSR,-28.0,val,-23.371058,-33.95817,-14.698831
19056,27-08-2026,25,BVI,-37.0,val,-30.598503,-36.91271,-20.608982
19056,27-08-2026,26,ADH,-38.0,val,-31.372295,-36.77759,-20.958305
19330,24-08-2026,1,ASV,8.799999999999955,val,-15.218749,-38.16657,-1.1883969
19330,24-08-2026,2,SDGM,-2.1700000000000728,val,-4.0158877,-26.346851,3.0503948
19330,24-08-2026,3,NRD,21.649999999999977,val,3.5598493,-32.16615,17.51091
19330,24-08-2026,4,NHM,-7.4799999999999045,val,-16.625376,-36.529644,-0.42017344
19330,24-08-2026,5,TOD,-16.539999999999964,val,-14.563084,-36.801865,-2.5612173
19330,24-08-2026,6,PRJ,-16.199999999999932,val,-15.844102,-38.82103,-6.347765
19330,24-08-2026,7,HMT,-24.5,val,-22.027632,-36.44568,-5.538098
19330,24-08-2026,8,SJS,1.8400000000000318,val,-12.553394,-36.976944,-2.4101107
19330,24-08-2026,9,BHWA,7.4500000000000455,val,-9.903133,-36.32608,1.4069452
19330,24-08-2026,10,DNRP,-8.960000000000036,val,-18.25237,-38.63249,-6.3772964
19330,24-08-2026,11,RDP,32.370000000000005,val,-10.526534,-40.395367,0.5149677
19330,24-08-2026,12,SES,-6.339999999999975,val,-17.156816,-36.554558,-4.7267985
19330,24-08-2026,13,JYM,-38.31,val,-21.008,-38.131355,-4.687381
19330,24-08-2026,14,ZW,-4.75,val,-9.403974,-36.075783,-0.28458077
19330,24-08-2026,15,UMRA,-22.159999999999968,val,-8.288559,-25.876654,10.070017
19330,24-08-2026,16,UDZ,-11.090000000000003,val,-15.426375,-35.002747,4.651057
19330,24-08-2026,17,RPZ,-44.53,val,-16.963505,-31.855433,-0.54392296
19330,24-08-2026,18,MVJ,-40.86999999999999,val,-18.339851,-37.57714,-0.4926385
19330,24-08-2026,19,FAN,-30.510000000000005,val,-18.134445,-37.0341,-2.5193493
19330,24-08-2026,20,KIN,-25.980000000000004,val,-11.747774,-29.681793,2.313654
19330,24-08-2026,21,COR,-12.129999999999999,val,-5.936705,-32.167843,11.692267
19330,25-08-2026,1,ASV,-2.160000000000082,val,-6.670617,-26.212135,6.7588654
19330,25-08-2026,2,SDGM,21.649999999999977,val,2.2407002,-32.672916,18.520866
19330,25-08-2026,3,NRD,-7.480000000000018,val,-16.655916,-35.665836,-0.74025494
19330,25-08-2026,4,NHM,-16.529999999999973,val,-13.736989,-37.041615,-2.5531375
19330,25-08-2026,5,TOD,-16.210000000000036,val,-16.042253,-38.99303,-5.5293617
19330,25-08-2026,6,PRJ,-24.5,val,-22.228819,-36.909084,-5.3617454
19330,25-08-2026,7,HMT,1.8399999999999181,val,-12.326264,-35.917694,-1.6838243
19330,25-08-2026,8,SJS,7.4500000000000455,val,-10.290197,-36.525112,2.1006134
19330,25-08-2026,9,BHWA,-8.959999999999923,val,-19.462965,-38.857124,-6.920404
19330,25-08-2026,10,DNRP,32.370000000000005,val,-11.207791,-40.284775,-1.0946406
19330,25-08-2026,11,RDP,-6.350000000000023,val,-18.390844,-36.88074,-6.835069
19330,25-08-2026,12,SES,-38.31,val,-21.21332,-38.950993,-1.7876981
19330,25-08-2026,13,JYM,-4.75,val,-9.833037,-36.949432,0.75895405
19330,25-08-2026,14,ZW,-22.150000000000034,val,-7.578007,-26.868958,9.271481
19330,25-08-2026,15,UMRA,-11.079999999999984,val,-15.764961,-34.738552,4.841019
19330,25-08-2026,16,UDZ,-44.53,val,-16.813084,-36.31274,2.406655
19330,25-08-2026,17,RPZ,-40.879999999999995,val,-17.670584,-32.707344,-2.3366437
19330,25-08-2026,18,MVJ,-30.50999999999999,val,-18.8294,-39.015343,0.5508408
19330,25-08-2026,19,FAN,-25.97,val,-10.886737,-29.828213,2.177291
19330,25-08-2026,20,KIN,-12.130000000000003,val,-0.38418555,-38.41161,14.308992
19330,25-08-2026,21,COR,-13.0,val,-14.30451,-32.72359,6.7742553
19330,26-08-2026,1,ASV,21.660000000000082,val,-11.522341,-36.94211,5.703577
19330,26-08-2026,2,SDGM,-7.470000000000027,val,-16.242582,-35.782784,-0.5131898
19330,26-08-2026,3,NRD,-16.529999999999973,val,-13.471901,-36.845974,-2.9497116
19330,26-08-2026,4,NHM,-16.209999999999923,val,-16.165432,-38.847828,-3.8589375
19330,26-08-2026,5,TOD,-24.5,val,-22.056307,-36.717865,-2.7000964
19330,26-08-2026,6,PRJ,1.8400000000000318,val,-11.837354,-37.000668,-0.6490071
19330,26-08-2026,7,HMT,7.449999999999932,val,-9.809692,-35.884827,4.130941
19330,26-08-2026,8,SJS,-8.950000000000045,val,-19.613253,-38.86933,-3.1432874
19330,26-08-2026,9,BHWA,32.370000000000005,val,-12.268987,-41.236725,1.7027465
19330,26-08-2026,10,DNRP,-6.340000000000032,val,-19.608269,-37.587788,-4.008057
19330,26-08-2026,11,RDP,-38.31999999999999,val,-22.057257,-38.675735,-3.660099
19330,26-08-2026,12,SES,-4.75,val,-10.455518,-36.27737,2.2735753
19330,26-08-2026,13,JYM,-22.150000000000034,val,-7.759082,-25.617819,11.173885
19330,26-08-2026,14,ZW,-11.080000000000041,val,-15.599504,-35.21193,6.6035514
19330,26-08-2026,15,UMRA,-44.52999999999997,val,-17.293795,-35.561108,6.8817053
19330,26-08-2026,16,UDZ,-40.870000000000005,val,-17.612667,-36.910988,4.2477307
19330,26-08-2026,17,RPZ,-30.52000000000001,val,-18.423166,-34.653355,2.2893207
19330,26-08-2026,18,MVJ,-25.97,val,-11.660075,-30.101614,4.442602
19330,26-08-2026,19,FAN,-12.13000000000001,val,0.15600762,-36.883663,13.8902445
19330,26-08-2026,20,KIN,-17.690000000000005,val,-18.006273,-37.66969,-0.4804234
19330,26-08-2026,21,COR,-13.0,val,-7.292113,-27.170872,9.359173
19330,27-08-2026,1,ASV,-7.470000000000027,val,-15.827998,-37.237797,3.9852688
19330,27-08-2026,2,SDGM,-16.530000000000086,val,-14.049749,-36.276985,-2.8894517
19330,27-08-2026,3,NRD,-16.210000000000036,val,-16.23755,-38.507145,-5.8430595
19330,27-08-2026,4,NHM,-24.5,val,-22.146803,-37.00128,-4.0793676
19330,27-08-2026,5,TOD,1.8400000000000318,val,-11.638982,-36.999012,-0.2944357
19330,27-08-2026,6,PRJ,7.460000000000036,val,-9.975388,-36.385574,4.102581
19330,27-08-2026,7,HMT,-8.950000000000045,val,-19.39593,-38.20147,-3.7420323
19330,27-08-2026,8,SJS,32.379999999999995,val,-12.5,-41.220055,2.1452963
19330,27-08-2026,9,BHWA,-6.339999999999918,val,-20.332214,-38.095562,-4.8365417
19330,27-08-2026,10,DNRP,-38.32000000000005,val,-21.660292,-37.96191,-2.4987535
19330,27-08-2026,11,RDP,-4.759999999999991,val,-10.924798,-35.94155,2.0437407
19330,27-08-2026,12,SES,-22.149999999999977,val,-8.45467,-26.390316,10.79875
19330,27-08-2026,13,JYM,-11.080000000000041,val,-14.91155,-35.438984,5.8673534
19330,27-08-2026,14,ZW,-44.53000000000003,val,-16.894415,-35.973446,4.7016597
19330,27-08-2026,15,UMRA,-40.870000000000005,val,-18.154001,-36.27861,4.2483
19330,27-08-2026,16,UDZ,-30.50999999999999,val,-18.607576,-36.7533,6.098299
19330,27-08-2026,17,RPZ,-25.97999999999999,val,-11.2350645,-26.92156,3.76531
19330,27-08-2026,18,MVJ,-12.129999999999995,val,0.6336356,-37.311832,15.157114
19330,27-08-2026,19,FAN,-17.690000000000012,val,-17.87719,-38.711052,1.777919
19330,27-08-2026,20,KIN,-19.380000000000003,val,-9.626868,-32.378353,10.311851
19330,27-08-2026,21,COR,-11.1,val,-9.956095,-31.360182,7.233061
19412,24-08-2026,1,DLPC,-21.0,val,-14.766336,-21.641642,-0.7056171
19412,24-08-2026,2,AADR,-24.0,val,-16.280535,-22.974674,-3.4826524
19412,24-08-2026,3,UHL,-23.0,val,-17.050182,-23.428783,-4.572446
19412,24-08-2026,4,NLDM,-20.0,val,-15.242534,-22.331404,-0.8915139
19412,24-08-2026,5,ANSB,-25.0,val,-19.179935,-24.541498,-5.685903
19412,24-08-2026,6,RPAR,-37.0,val,-29.53764,-34.642994,-14.495661
19412,24-08-2026,7,MRND,-35.0,val,-26.488796,-31.56955,-12.848508
19412,24-08-2026,8,SASN,-34.0,val,-25.628222,-32.319565,-13.066792
19412,24-08-2026,9,CDG,-28.0,val,-20.233564,-26.417088,-5.931065
19412,24-08-2026,10,UMB,-20.0,val,-16.590273,-23.044949,-2.1050599
19412,24-08-2026,11,KKDE,-56.0,val,-50.950726,-56.410366,-27.331533
19412,24-08-2026,12,KLE,-52.0,val,-45.368473,-53.375732,-27.05778
19412,24-08-2026,13,NRW,-50.0,val,-43.557663,-50.611893,-27.116337
19412,24-08-2026,14,UCA,-49.0,val,-43.067158,-50.68887,-25.832493
19412,24-08-2026,15,JIND,-48.0,val,-42.74199,-51.413395,-25.498093
19412,24-08-2026,16,JNA,-65.0,val,-61.675602,-69.5491,-27.060045
19412,24-08-2026,17,ROK,-59.0,val,-55.508106,-62.082348,-27.684055
19412,24-08-2026,18,JHJ,-69.0,val,-65.936745,-72.21001,-27.731705
19412,24-08-2026,19,RE,-20.0,val,-16.591145,-26.703127,-6.511404
19412,24-08-2026,20,KRH,-20.0,val,-18.13831,-27.604393,-7.925062
19412,24-08-2026,21,AWR,-24.0,val,-19.875542,-28.323673,-8.708019
19412,24-08-2026,22,RHG,-21.0,val,-18.420061,-27.376925,-7.716261
19412,24-08-2026,23,BKI,-27.0,val,-22.362944,-29.696602,-10.63029
19412,24-08-2026,24,DO,-32.0,val,-27.69928,-34.685093,-14.166344
19412,24-08-2026,25,GADJ,-35.0,val,-29.52871,-36.710495,-17.055925
19412,24-08-2026,26,JP,-21.0,val,-18.2336,-26.259777,-7.855526
19412,24-08-2026,27,FL,-25.0,val,-22.321804,-28.771109,-10.805354
19412,24-08-2026,28,KSG,-22.0,val,-20.03859,-27.89454,-10.037002
19412,24-08-2026,29,AII,-21.0,val,-18.149523,-26.187477,-7.57976
19412,24-08-2026,30,BER,-24.0,val,-19.13133,-26.418398,-11.631659
19412,24-08-2026,31,SOD,-27.0,val,-22.15653,-28.313902,-11.061554
19412,24-08-2026,32,MJ,-21.0,val,-17.708786,-23.55753,-7.299737
19412,24-08-2026,33,RANI,-26.0,val,-22.005318,-28.481298,-10.776921
19412,24-08-2026,34,FA,-23.0,val,-19.42609,-26.076708,-10.310525
19412,24-08-2026,35,SJWB,-25.0,val,-21.904993,-27.705431,-11.307318
19412,24-08-2026,36,NANA,-23.0,val,-19.663816,-26.255789,-9.336567
19412,24-08-2026,37,PDWA,-25.0,val,-21.902987,-26.764729,-12.064372
19412,24-08-2026,38,SRPJ,-26.0,val,-22.419823,-27.899616,-11.901812
19412,24-08-2026,39,ABR,-21.0,val,-18.197947,-25.151655,-10.063048
19412,24-08-2026,40,PNU,-20.0,val,-16.794022,-21.941906,-7.445187
19412,24-08-2026,41,SID,-20.0,val,-17.314493,-21.78695,-8.634436
19412,24-08-2026,42,UJA,-20.0,val,-18.11736,-22.003418,-7.169395
19412,24-08-2026,43,MSH,-21.0,val,-17.510979,-22.160412,-9.624255
19412,24-08-2026,44,KLL,-20.0,val,-16.497108,-21.088066,-7.6449833
19412,25-08-2026,1,DLPC,-20.0,val,-14.812259,-21.003893,-1.1365252
19412,25-08-2026,2,AADR,-22.0,val,-16.104902,-22.232595,-4.128037
19412,25-08-2026,3,UHL,-22.0,val,-17.20808,-22.502443,-5.055855
19412,25-08-2026,4,NLDM,-20.0,val,-15.218422,-22.102438,-1.2531552
19412,25-08-2026,5,ANSB,-24.0,val,-17.974869,-23.821428,-5.3848042
19412,25-08-2026,6,RPAR,-31.0,val,-24.75045,-30.843687,-10.979921
19412,25-08-2026,7,MRND,-26.0,val,-19.970284,-25.347118,-7.7517357
19412,25-08-2026,8,SASN,-32.0,val,-24.65599,-31.844732,-11.311315
19412,25-08-2026,9,CDG,-26.0,val,-19.87013,-25.073141,-5.9697986
19412,25-08-2026,10,UMB,-24.0,val,-17.912153,-23.629362,-2.9423566
19412,25-08-2026,11,KKDE,-48.0,val,-44.921688,-51.408062,-25.746012
19412,25-08-2026,12,KLE,-51.0,val,-45.573452,-53.072487,-27.639109
19412,25-08-2026,13,NRW,-40.0,val,-37.690453,-46.652,-19.176203
19412,25-08-2026,14,UCA,-41.0,val,-39.008293,-47.727123,-18.815893
19412,25-08-2026,15,JIND,-49.0,val,-45.577587,-51.094955,-27.09436
19412,25-08-2026,16,JNA,-56.0,val,-52.068443,-58.66972,-27.060045
19412,25-08-2026,17,ROK,-50.0,val,-43.93638,-54.6944,-27.177696
19412,25-08-2026,18,JHJ,-62.0,val,-58.167023,-69.3756,-27.146671
19412,25-08-2026,19,RE,-20.0,val,-18.761381,-26.666471,-6.823315
19412,25-08-2026,20,KRH,-28.0,val,-23.097363,-30.374813,-9.382053
19412,25-08-2026,21,AWR,-33.0,val,-28.092281,-35.29425,-13.941135
19412,25-08-2026,22,RHG,-31.0,val,-25.35125,-32.549328,-11.97129
19412,25-08-2026,23,BKI,-30.0,val,-24.41126,-32.051212,-11.525531
19412,25-08-2026,24,DO,-35.0,val,-30.391575,-36.649414,-17.045391
19412,25-08-2026,25,GADJ,-43.0,val,-38.760303,-44.05235,-20.130184
19412,25-08-2026,26,JP,-32.0,val,-26.739925,-33.02167,-13.033415
19412,25-08-2026,27,FL,-35.0,val,-29.717146,-35.87617,-16.800743
19412,25-08-2026,28,KSG,-33.0,val,-28.919317,-35.1331,-14.924111
19412,25-08-2026,29,AII,-23.0,val,-19.232225,-26.564596,-7.3922253
19412,25-08-2026,30,BER,-20.0,val,-18.39887,-26.034693,-10.2539425
19412,25-08-2026,31,SOD,-20.0,val,-18.463776,-26.317902,-9.399689
19412,25-08-2026,32,MJ,-20.0,val,-18.040049,-23.445127,-7.431997
19412,25-08-2026,33,RANI,-26.0,val,-22.370743,-28.352613,-11.134903
19412,25-08-2026,34,FA,-23.0,val,-19.629463,-25.80104,-10.233167
19412,25-08-2026,35,SJWB,-25.0,val,-21.960028,-27.598906,-11.417374
19412,25-08-2026,36,NANA,-23.0,val,-19.547785,-26.137537,-9.308095
19412,25-08-2026,37,PDWA,-24.0,val,-20.012842,-26.022408,-11.3814335
19412,25-08-2026,38,SRPJ,-26.0,val,-22.563303,-27.696587,-12.014386
19412,25-08-2026,39,ABR,-20.0,val,-18.604795,-24.987797,-9.256283
19412,25-08-2026,40,PNU,-20.0,val,-16.740078,-21.941906,-7.5036025
19412,25-08-2026,41,SID,-20.0,val,-17.292383,-21.807516,-8.935358
19412,25-08-2026,42,UJA,-22.0,val,-18.911247,-22.178692,-7.3332233
19412,25-08-2026,43,MSH,-22.0,val,-18.333202,-22.173767,-9.70241
19412,25-08-2026,44,KLL,-20.0,val,-16.576563,-21.088066,-7.79743
19412,26-08-2026,1,DLPC,-20.0,val,-14.957931,-21.02754,-1.0920314
19412,26-08-2026,2,AADR,-22.0,val,-16.250574,-22.306637,-3.9187982
19412,26-08-2026,3,UHL,-22.0,val,-17.18065,-22.488104,-4.836072
19412,26-08-2026,4,NLDM,-20.0,val,-15.347566,-22.132454,-1.3767495
19412,26-08-2026,5,ANSB,-27.0,val,-20.185066,-25.51674,-6.1552796
19412,26-08-2026,6,RPAR,-38.0,val,-31.29103,-36.007973,-15.176584
19412,26-08-2026,7,MRND,-42.0,val,-32.786045,-38.787285,-16.047903
19412,26-08-2026,8,SASN,-36.0,val,-26.430597,-33.765385,-14.393592
19412,26-08-2026,9,CDG,-20.0,val,-16.301418,-23.24217,-4.9243135
19412,26-08-2026,10,UMB,-20.0,val,-16.489008,-23.219364,-2.2714489
19412,26-08-2026,11,KKDE,-56.0,val,-51.479397,-57.11668,-27.331533
19412,26-08-2026,12,KLE,-66.0,val,-61.777576,-66.314255,-27.578932
19412,26-08-2026,13,NRW,-60.0,val,-55.095142,-60.194176,-27.843971
19412,26-08-2026,14,UCA,-60.0,val,-55.050392,-60.36395,-27.353848
19412,26-08-2026,15,JIND,-60.0,val,-54.700127,-60.297466,-27.603083
19412,26-08-2026,16,JNA,-65.0,val,-62.316586,-69.01128,-27.060045
19412,26-08-2026,17,ROK,-62.0,val,-57.119812,-67.27515,-27.404709
19412,26-08-2026,18,JHJ,-71.0,val,-66.4949,-73.6818,-27.146671
19412,26-08-2026,19,RE,-24.0,val,-18.91233,-27.223305,-6.640593
19412,26-08-2026,20,KRH,-22.0,val,-19.386423,-27.822403,-8.48577
19412,26-08-2026,21,AWR,-27.0,val,-22.59143,-29.947945,-9.081332
19412,26-08-2026,22,RHG,-25.0,val,-22.14147,-28.161585,-9.922333
19412,26-08-2026,23,BKI,-25.0,val,-22.189808,-29.039597,-10.620289
19412,26-08-2026,24,DO,-26.0,val,-22.572086,-29.874033,-11.314241
19412,26-08-2026,25,GADJ,-29.0,val,-25.436451,-32.11895,-12.886057
19412,26-08-2026,26,JP,-21.0,val,-18.486418,-26.259777,-8.1789875
19412,26-08-2026,27,FL,-23.0,val,-20.232609,-27.818615,-9.759147
19412,26-08-2026,28,KSG,-20.0,val,-19.561003,-27.689308,-9.7435875
19412,26-08-2026,29,AII,-22.0,val,-19.027147,-26.279787,-7.823388
19412,26-08-2026,30,BER,-27.0,val,-22.685741,-28.040314,-11.8867445
19412,26-08-2026,31,SOD,-30.0,val,-24.759792,-31.27764,-12.143115
19412,26-08-2026,32,MJ,-21.0,val,-18.166565,-23.552103,-7.1469345
19412,26-08-2026,33,RANI,-27.0,val,-22.740597,-28.46189,-11.468801
19412,26-08-2026,34,FA,-23.0,val,-19.790426,-25.73241,-10.12776
19412,26-08-2026,35,SJWB,-25.0,val,-22.037523,-27.608648,-11.539483
19412,26-08-2026,36,NANA,-24.0,val,-19.943975,-26.072367,-10.14404
19412,26-08-2026,37,PDWA,-26.0,val,-22.238304,-27.137617,-12.15618
19412,26-08-2026,38,SRPJ,-27.0,val,-22.992523,-27.898691,-11.774256
19412,26-08-2026,39,ABR,-27.0,val,-22.58887,-26.425802,-11.144348
19412,26-08-2026,40,PNU,-20.0,val,-16.847483,-21.941906,-7.538818
19412,26-08-2026,41,SID,-20.0,val,-17.466068,-21.78695,-8.720866
19412,26-08-2026,42,UJA,-20.0,val,-18.246489,-22.003418,-7.4960637
19412,26-08-2026,43,MSH,-22.0,val,-18.634893,-22.209091,-9.767397
19412,26-08-2026,44,KLL,-20.0,val,-16.635777,-21.088066,-7.810069
19412,27-08-2026,1,DLPC,-15.0,val,-15.0271015,-21.003893,-1.3245285
19412,27-08-2026,2,AADR,-20.0,val,-18.302153,-23.788774,-4.049922
19412,27-08-2026,3,UHL,-20.0,val,-19.25745,-23.67379,-5.6819854
19412,27-08-2026,4,NLDM,-20.0,val,-18.053102,-23.52742,-2.7771366
19412,27-08-2026,5,ANSB,-24.0,val,-22.213127,-26.953737,-6.93381
19412,27-08-2026,6,RPAR,-34.0,val,-31.848108,-35.963417,-16.537174
19412,27-08-2026,7,MRND,-31.0,val,-26.520155,-33.28258,-13.785961
19412,27-08-2026,8,SASN,-30.0,val,-26.275703,-32.77299,-14.655032
19412,27-08-2026,9,CDG,-19.0,val,-17.968632,-23.477442,-5.1225047
19412,27-08-2026,10,UMB,-15.0,val,-16.646313,-23.189365,-3.1459882
19412,27-08-2026,11,KKDE,-51.0,val,-52.06047,-57.54124,-27.331533
19412,27-08-2026,13,NRW,-51.0,val,-51.953407,-57.49183,-27.69511
19412,27-08-2026,14,UCA,-61.0,val,-62.614334,-68.00048,-27.25912
19412,27-08-2026,15,JIND,-63.0,val,-59.485256,-68.35537,-27.733946
19412,27-08-2026,16,JNA,-70.0,val,-73.77984,-76.32334,-27.060045
19412,27-08-2026,17,ROK,-63.0,val,-61.926575,-70.154434,-27.317074
19412,27-08-2026,18,JHJ,-68.0,val,-70.88179,-76.04458,-27.146671
19412,27-08-2026,19,RE,-25.0,val,-22.383383,-31.085138,-9.053129
19412,27-08-2026,20,KRH,-23.0,val,-23.66471,-30.843231,-9.79212
19412,27-08-2026,21,AWR,-29.0,val,-28.672323,-36.37805,-14.536824
19412,27-08-2026,22,RHG,-27.0,val,-27.052732,-33.471024,-12.806891
19412,27-08-2026,23,BKI,-26.0,val,-25.97722,-33.406666,-13.158044
19412,27-08-2026,24,DO,-29.0,val,-29.06268,-37.204525,-15.852997
19412,27-08-2026,25,GADJ,-30.0,val,-29.932833,-36.780083,-17.244135
19412,27-08-2026,26,JP,-17.0,val,-19.124634,-27.01437,-8.424591
19412,27-08-2026,27,FL,-19.0,val,-20.502283,-28.094625,-10.122714
19412,27-08-2026,28,KSG,-22.0,val,-23.173351,-29.648174,-11.31263
19412,27-08-2026,29,AII,-19.0,val,-19.70819,-26.418406,-8.4194355
19412,27-08-2026,30,BER,-17.0,val,-19.108475,-26.340555,-11.349923
19412,27-08-2026,31,SOD,-15.0,val,-18.878149,-26.290737,-9.884456
19412,27-08-2026,32,MJ,-16.0,val,-18.166565,-23.629562,-7.459366
19412,27-08-2026,33,RANI,-23.0,val,-23.904863,-29.305643,-11.513332
19412,27-08-2026,34,FA,-27.0,val,-27.13074,-32.001877,-13.910159
19412,27-08-2026,35,SJWB,-29.0,val,-28.917122,-34.54486,-16.076141
19412,27-08-2026,36,NANA,-26.0,val,-25.719631,-31.693857,-12.905112
19412,27-08-2026,37,PDWA,-27.0,val,-27.087858,-32.10328,-14.3506565
19412,27-08-2026,38,SRPJ,-24.0,val,-25.26526,-29.769352,-12.570346
19412,27-08-2026,39,ABR,-23.0,val,-23.732464,-27.573914,-11.068347
19412,27-08-2026,40,PNU,-16.0,val,-16.847483,-22.296677,-7.483077
19412,27-08-2026,41,SID,-15.0,val,-17.434235,-21.831627,-9.2326145
19412,27-08-2026,42,UJA,-15.0,val,-18.246489,-22.11878,-7.4960637
19412,27-08-2026,43,MSH,-19.0,val,-19.24505,-22.926521,-10.254335
19412,27-08-2026,44,KLL,-15.0,val,-16.695143,-21.088066,-7.6576214
19574,24-08-2026,1,JP,8.789999999999964,val,-19.854431,-37.49355,-0.9749566
19574,24-08-2026,2,FL,-2.1700000000000728,val,-5.5312476,-38.49679,-2.0203552
19574,24-08-2026,3,KSG,21.65000000000009,val,10.271754,-32.776436,19.211563
19574,24-08-2026,4,AII,-7.470000000000027,val,-7.720325,-33.083027,-1.8156826
19574,24-08-2026,5,BER,-16.529999999999973,val,-16.859362,-36.8338,-2.4313364
19574,24-08-2026,6,SOD,-16.210000000000036,val,-15.933459,-34.577557,1.3926431
19574,24-08-2026,7,MJ,-24.5,val,-26.189703,-43.891487,-2.041198
19574,24-08-2026,8,FA,1.830000000000041,val,-13.783068,-28.139368,4.908661
19574,24-08-2026,9,SJWB,7.460000000000036,val,-4.099991,-28.360176,11.882818
19574,24-08-2026,10,ABR,-8.949999999999932,val,-16.989016,-34.021713,-4.54276
19574,24-08-2026,11,PNU,32.370000000000005,val,-1.6469293,-35.70541,5.086744
19574,24-08-2026,12,SID,-6.339999999999918,val,-14.602262,-34.710194,-2.9980302
19574,24-08-2026,13,MSH,-38.32000000000005,val,-13.881015,-31.781693,5.9711595
19574,24-08-2026,14,VG,-4.75,val,-1.8987572,-35.60188,1.4617113
19574,24-08-2026,15,SUNR,-22.149999999999977,val,-14.650051,-36.471016,1.705969
19574,24-08-2026,16,RJT,-11.079999999999984,val,-12.453548,-36.210953,-1.3302462
19574,24-08-2026,17,HAPA,-44.53,val,-11.575512,-34.565163,-1.3511263
19574,24-08-2026,18,JAM,-40.879999999999995,val,-19.324778,-36.89981,1.9446533
19574,24-08-2026,19,KMBL,-30.510000000000005,val,-10.8366585,-34.86065,-0.5473743
19574,24-08-2026,20,DWK,-25.97,val,-12.667055,-35.545128,1.2028879
19574,24-08-2026,21,OKHA,-12.129999999999999,val,-10.7784815,-33.435154,1.6413733
19574,25-08-2026,1,JP,-2.1700000000000728,val,-13.985424,-39.718056,0.70453835
19574,25-08-2026,2,FL,21.649999999999864,val,8.291347,-33.569695,21.060104
19574,25-08-2026,3,KSG,-7.479999999999791,val,-8.15846,-33.25674,-1.6702244
19574,25-08-2026,4,AII,-16.529999999999973,val,-16.436296,-35.676567,-2.5558295
19574,25-08-2026,5,BER,-16.200000000000045,val,-15.849451,-34.07739,3.2298877
19574,25-08-2026,6,SOD,-24.5,val,-24.696522,-43.072987,-1.2792616
19574,25-08-2026,7,MJ,1.8400000000000318,val,-13.420475,-27.60549,6.4429884
19574,25-08-2026,8,FA,7.4500000000000455,val,-2.6837564,-28.697344,13.180908
19574,25-08-2026,9,SJWB,-8.950000000000045,val,-17.754248,-34.019356,-2.9441476
19574,25-08-2026,10,ABR,32.379999999999995,val,-3.2558653,-38.00187,3.041447
19574,25-08-2026,11,PNU,-6.340000000000032,val,-14.610243,-35.61952,-4.4356246
19574,25-08-2026,12,SID,-38.319999999999936,val,-13.829588,-32.470234,4.857001
19574,25-08-2026,13,MSH,-4.759999999999991,val,-1.8741344,-35.474678,1.5227883
19574,25-08-2026,14,VG,-22.150000000000034,val,-14.597266,-36.57879,0.42048734
19574,25-08-2026,15,SUNR,-11.079999999999984,val,-12.459632,-36.129425,2.0226545
19574,25-08-2026,16,RJT,-44.53000000000003,val,-12.279379,-34.16218,-2.0322332
19574,25-08-2026,17,HAPA,-40.870000000000005,val,-19.51261,-35.375916,2.9261754
19574,25-08-2026,18,JAM,-30.52000000000001,val,-11.055415,-34.853878,-1.1056874
19574,25-08-2026,19,KMBL,-25.97,val,-12.940119,-35.115784,2.1609945
19574,25-08-2026,20,DWK,-12.130000000000003,val,-13.404392,-36.768135,1.1746365
19574,25-08-2026,21,OKHA,-13.0,val,-12.983407,-28.793879,1.228455
19574,26-08-2026,1,JP,21.65000000000009,val,-9.49597,-35.55696,11.220649
19574,26-08-2026,2,FL,-7.480000000000018,val,-8.557909,-34.632496,0.54872835
19574,26-08-2026,3,KSG,-16.539999999999964,val,-16.81723,-36.07494,-0.29696095
19574,26-08-2026,4,AII,-16.200000000000045,val,-15.254455,-33.595055,6.1176767
19574,26-08-2026,5,BER,-24.5,val,-25.188152,-43.162693,1.5496429
19574,26-08-2026,6,SOD,1.8399999999999181,val,-14.257545,-26.519682,5.3400555
19574,26-08-2026,7,MJ,7.4500000000000455,val,-2.4862375,-27.123823,15.001854
19574,26-08-2026,8,FA,-8.959999999999923,val,-17.78426,-34.036846,1.052381
19574,26-08-2026,9,SJWB,32.379999999999995,val,-3.4912128,-38.405827,4.616862
19574,26-08-2026,10,ABR,-6.339999999999918,val,-15.408211,-37.529892,-3.3048766
19574,26-08-2026,11,PNU,-38.32000000000005,val,-13.646796,-32.328842,7.808448
19574,26-08-2026,12,SID,-4.759999999999991,val,-1.5111098,-35.76544,1.7142565
19574,26-08-2026,13,MSH,-22.159999999999968,val,-13.201916,-35.04512,2.3280747
19574,26-08-2026,14,VG,-11.079999999999984,val,-11.94931,-36.142788,1.9633114
19574,26-08-2026,15,SUNR,-44.53000000000003,val,-11.954355,-34.870613,4.466708
19574,26-08-2026,16,RJT,-40.870000000000005,val,-19.537338,-35.457184,2.613403
19574,26-08-2026,17,HAPA,-30.50999999999999,val,-10.233569,-32.980385,0.6163792
19574,26-08-2026,18,JAM,-25.97999999999999,val,-12.812536,-35.67756,1.3558843
19574,26-08-2026,19,KMBL,-12.129999999999995,val,-12.918683,-36.590893,-0.7340131
19574,26-08-2026,20,DWK,-17.690000000000005,val,-13.9098,-34.657463,2.6005147
19574,26-08-2026,21,OKHA,-13.0,val,-8.62115,-31.06016,2.2565105
19574,27-08-2026,1,JP,-7.480000000000018,val,-9.843002,-34.973793,7.114331
19574,27-08-2026,2,FL,-16.539999999999964,val,-17.164042,-36.25568,0.960619
19574,27-08-2026,3,KSG,-16.20999999999981,val,-15.768835,-33.094597,6.131106
19574,27-08-2026,4,AII,-24.5,val,-24.518942,-42.307125,-0.8098848
19574,27-08-2026,5,BER,1.8399999999999181,val,-14.4819355,-26.979033,9.807195
19574,27-08-2026,6,SOD,7.4500000000000455,val,-3.2941647,-28.275614,14.119817
19574,27-08-2026,7,MJ,-8.960000000000036,val,-17.655794,-33.80945,5.5941167
19574,27-08-2026,8,FA,32.370000000000005,val,-4.1078734,-37.678467,8.821869
19574,27-08-2026,9,SJWB,-6.340000000000032,val,-15.955907,-37.76591,-2.7541585
19574,27-08-2026,10,ABR,-38.309999999999945,val,-14.705666,-33.407677,8.897864
19574,27-08-2026,11,PNU,-4.75,val,-1.6909504,-36.281837,-0.33070165
19574,27-08-2026,12,SID,-22.159999999999968,val,-12.826863,-35.144104,3.940424
19574,27-08-2026,13,MSH,-11.090000000000032,val,-11.24926,-34.744877,2.9311168
19574,27-08-2026,14,VG,-44.51999999999998,val,-11.90679,-34.349293,2.8494768
19574,27-08-2026,15,SUNR,-40.870000000000005,val,-19.557196,-35.51846,5.3373256
19574,27-08-2026,16,RJT,-30.50999999999999,val,-10.946918,-31.44907,0.66451323
19574,27-08-2026,17,HAPA,-25.980000000000018,val,-12.95053,-34.07822,2.1783264
19574,27-08-2026,18,JAM,-12.139999999999986,val,-13.086175,-37.19207,-2.9217803
19574,27-08-2026,19,KMBL,-17.689999999999998,val,-14.289646,-35.238937,4.3414598
19574,27-08-2026,20,DWK,-19.380000000000003,val,-8.214643,-35.179276,2.3859293
19574,27-08-2026,21,OKHA,-11.1,val,-14.786437,-30.310266,-2.1648676
19608,24-08-2026,1,MDJN,-9.0,val,-2.4680836,-18.542421,14.038809
19608,24-08-2026,2,AII,-23.0,val,-11.370895,-25.006248,16.988417
19608,24-08-2026,3,BHL,-43.0,val,-31.37355,-45.70295,5.526771
19608,24-08-2026,4,CNA,-11.0,val,-3.0166652,-18.577524,14.869906
19608,24-08-2026,5,BUDI,-31.0,val,-23.135052,-33.244972,6.2558126
19608,24-08-2026,6,SGAC,-24.0,val,-15.912967,-25.138578,1.5919998
19608,24-08-2026,7,BAZ,-26.0,val,-17.521294,-25.936113,-0.9552517
19608,24-08-2026,8,GUNA,-10.0,val,-2.734663,-16.947302,17.990225
19608,24-08-2026,9,ASKN,-13.0,val,-8.592756,-17.3612,15.169188
19608,24-08-2026,10,MNV,-20.0,val,-14.483105,-22.597229,12.148011
19608,24-08-2026,11,SGO,-35.0,val,-25.120487,-37.84499,0.26156655
19608,24-08-2026,12,DMO,-48.0,val,-36.677734,-50.570408,-9.269226
19608,24-08-2026,13,KMZ,-71.0,val,-49.153225,-68.6438,-7.932547
19608,24-08-2026,14,BEHR,-61.0,val,-43.04786,-56.900764,-8.2751255
19608,24-08-2026,15,BRGW,-17.0,val,-9.82397,-23.285603,11.345503
19608,24-08-2026,16,SGRL,-9.0,val,-4.697243,-18.61836,10.332426
19608,24-08-2026,17,CPU,-9.0,val,-3.940486,-18.542917,10.525193
19608,24-08-2026,18,RNQ,-17.0,val,-10.19787,-20.879108,17.17988
19608,24-08-2026,19,GHD,-9.0,val,-8.304048,-19.20762,16.626017
19608,24-08-2026,20,DTO,-24.0,val,-22.849754,-30.977177,1.6523565
19608,24-08-2026,21,RRME,-91.0,val,-42.124588,-70.39015,-8.738929
19608,24-08-2026,22,BKRO,-100.0,val,-52.62776,-75.86948,-11.676971
19608,24-08-2026,23,PUS,-105.0,val,-66.80872,-76.46267,-11.186989
19608,24-08-2026,24,CRP,-97.0,val,-58.330097,-73.88187,-12.192387
19608,24-08-2026,25,KTH,-104.0,val,-63.575848,-75.12518,-12.586267
19608,24-08-2026,26,DHN,-64.0,val,-36.573418,-53.429287,-9.879506
19608,24-08-2026,27,ASN,-62.0,val,-41.834545,-57.434376,-12.119564
19608,24-08-2026,28,RNG,-65.0,val,-48.697933,-59.321323,-11.267979
19608,24-08-2026,29,DGR,-72.0,val,-50.900017,-61.23137,-12.618439
19608,24-08-2026,30,BWN,-45.0,val,-31.92329,-43.633434,-9.362088
19608,24-08-2026,31,BDC,-22.0,val,-18.145292,-27.022749,12.477466
19608,24-08-2026,32,NH,-25.0,val,-21.093998,-26.528988,-0.6185142
19609,24-08-2026,1,UDZ,51.0,val,29.142942,-19.009565,29.142942
19609,24-08-2026,2,RPZ,47.0,val,27.480747,-19.232067,29.4803
19609,24-08-2026,3,MVJ,51.0,val,30.010118,-19.005594,30.010118
19609,24-08-2026,4,FAN,46.0,val,26.42431,-20.148464,28.692678
19609,24-08-2026,5,BSJ,45.0,val,25.450506,-20.902542,29.861681
19609,24-08-2026,6,KIN,45.0,val,27.388313,-20.642147,28.51439
19609,24-08-2026,7,COR,47.0,val,27.871143,-18.732262,27.871143
19609,24-08-2026,8,GGR,52.0,val,30.90534,-20.386261,30.90534
19609,24-08-2026,9,HMG,49.0,val,31.659945,-19.314907,31.659945
19609,24-08-2026,10,BHL,52.0,val,30.837423,-18.643759,30.837423
19609,24-08-2026,11,MDL,50.0,val,31.046738,-18.807322,31.418772
19609,24-08-2026,12,BJNR,29.0,val,-4.4787016,-37.10302,11.202563
19609,24-08-2026,13,NSD,26.0,val,-6.293987,-37.365353,2.8291059
19609,24-08-2026,14,AII,49.0,val,31.953676,-18.820015,31.953676
19609,24-08-2026,15,KSG,48.0,val,31.011534,-19.237125,31.011534
19609,24-08-2026,16,FL,43.0,val,24.054935,-23.467348,28.713179
19609,24-08-2026,17,JOB,37.0,val,11.108333,-27.86819,14.912371
19609,24-08-2026,18,JP,44.0,val,28.439447,-20.990488,28.439447
19609,24-08-2026,19,GADJ,46.0,val,29.470472,-20.458216,29.470472
19609,24-08-2026,20,DO,39.0,val,11.584293,-28.216852,24.143482
19609,24-08-2026,21,BKI,33.0,val,3.5357378,-33.120953,12.383218
19609,24-08-2026,22,RHG,32.0,val,5.564752,-32.568325,9.991487
19609,24-08-2026,23,AWR,38.0,val,10.20611,-29.278917,21.078056
19609,24-08-2026,24,RE,46.0,val,19.724016,-20.52573,25.584734
19609,24-08-2026,25,DEC,-22.0,val,-39.41528,-58.965214,-8.284144
19609,24-08-2026,26,DLI,-27.0,val,-39.66011,-53.83244,-10.491422
19609,24-08-2026,27,DSA,-37.0,val,-48.687126,-59.999985,-10.336072
19609,24-08-2026,28,BTU,-67.0,val,-65.55587,-77.92238,-9.049421
19609,24-08-2026,29,KQL,-91.0,val,-65.28464,-78.48682,-9.049421
19609,24-08-2026,30,SMQL,-88.0,val,-64.25704,-77.737976,-10.757604
19609,24-08-2026,31,RPMN,-99.0,val,-65.0621,-75.12803,-9.959856
19609,24-08-2026,32,TPZ,-75.0,val,-56.78229,-65.80457,-6.13088
19609,24-08-2026,33,RK,-59.0,val,-43.444145,-53.99057,-7.969048
19609,24-08-2026,34,HW,-45.0,val,-48.608196,-49.06304,-8.978035
19609,24-08-2026,35,MOTC,-31.0,val,-30.46531,-41.174763,-8.855459
19609,24-08-2026,36,RWL,-21.0,val,-21.344564,-40.62675,-9.25313
19609,24-08-2026,37,VRH,-18.0,val,-19.58002,-41.159184,-8.289241
19609,27-08-2026,1,UDZ,-4.0,val,35.61457,-18.920488,42.903893
19609,27-08-2026,2,RPZ,-6.0,val,34.26306,-18.157402,43.592083
19609,27-08-2026,3,MVJ,-3.0,val,36.875534,-18.883493,44.39854
19609,27-08-2026,4,FAN,-6.0,val,35.80114,-18.996094,40.469154
19609,27-08-2026,5,BSJ,-7.0,val,32.922283,-20.138145,40.16626
19609,27-08-2026,6,KIN,-8.0,val,32.814728,-20.40167,41.91302
19609,27-08-2026,7,COR,-13.0,val,24.780388,-23.424768,39.63535
19609,27-08-2026,8,GGR,-12.0,val,24.734472,-26.808693,35.441826
19609,27-08-2026,9,HMG,-13.0,val,25.243122,-26.232187,37.753796
19609,27-08-2026,10,BHL,-13.0,val,24.608435,-25.637535,40.740005
19609,27-08-2026,11,MDL,-13.0,val,25.876417,-25.621521,38.106945
19609,27-08-2026,12,BJNR,-23.0,val,2.4486961,-34.652836,13.733868
19609,27-08-2026,13,NSD,-19.0,val,9.0275135,-30.186522,13.503224
19609,27-08-2026,14,AII,-4.0,val,33.803177,-18.679056,45.40294
19609,27-08-2026,15,KSG,-3.0,val,33.563034,-19.12055,45.51938
19609,27-08-2026,16,FL,-11.0,val,25.401138,-23.861307,40.597477
19609,27-08-2026,17,JOB,-13.0,val,21.98677,-24.931114,38.431812
19609,27-08-2026,18,JP,-8.0,val,28.782852,-20.15924,43.003674
19609,27-08-2026,19,GADJ,-6.0,val,32.269917,-19.312908,43.406597
19609,27-08-2026,20,DO,-9.0,val,27.155874,-20.753819,42.4979
19609,27-08-2026,21,BKI,-17.0,val,8.665846,-30.37191,27.793564
19609,27-08-2026,22,RHG,-17.0,val,9.923356,-29.251652,26.567425
19609,27-08-2026,23,AWR,-9.0,val,24.053696,-21.918814,41.916996
19609,27-08-2026,24,RE,-2.0,val,30.108664,-18.717146,47.488873
19609,27-08-2026,26,DLI,-3.0,val,-2.7700696,-23.038282,26.3457
19609,27-08-2026,27,DSA,-10.0,val,-9.69712,-27.423563,22.58742
19609,27-08-2026,28,BTU,-5.0,val,-8.874732,-30.013123,24.868788
19609,27-08-2026,29,KQL,-5.0,val,-9.429819,-30.698776,24.039463
19609,27-08-2026,30,SMQL,-2.0,val,-8.139533,-29.986403,23.802616
19609,27-08-2026,32,TPZ,-3.0,val,-6.8580904,-22.865568,28.23358
19609,27-08-2026,33,RK,-2.0,val,-4.6620255,-20.29471,26.261528
19609,27-08-2026,34,HW,-27.0,val,-25.581593,-42.583324,4.3444824
19609,27-08-2026,35,MOTC,-30.0,val,-23.542286,-40.417286,2.453411
19609,27-08-2026,36,RWL,-18.0,val,-9.090681,-30.838911,5.5788026
19609,27-08-2026,37,VRH,-17.0,val,-9.33327,-29.401386,8.27855
19611,27-08-2026,0,AII,17.0,val,2.2892516,-22.531565,8.423094
19611,27-08-2026,1,KSG,17.0,val,-3.0881994,-23.052412,7.6590652
19611,27-08-2026,2,FL,18.0,val,-4.7311816,-22.569632,6.3389554
19611,27-08-2026,3,JP,2.0,val,-12.418613,-34.00546,-3.903702
19611,27-08-2026,4,GADJ,3.0,val,-11.924337,-31.61525,-0.85534847
19611,27-08-2026,5,GTJT,1.0,val,-12.742745,-33.888805,-4.93838
19611,27-08-2026,6,DO,-1.0,val,-17.0272,-35.707825,-4.6726804
19611,27-08-2026,7,BKI,-16.0,val,-27.722082,-46.44669,-11.992848
19611,27-08-2026,8,BU,-16.0,val,-27.124203,-44.78547,-13.832074
19611,27-08-2026,9,RHG,-17.0,val,-30.253613,-47.371674,-10.5707445
19611,27-08-2026,10,AWR,-16.0,val,-28.179527,-45.4758,-11.372095
19611,27-08-2026,11,KRH,-21.0,val,-34.794422,-54.047733,-13.0350065
19611,27-08-2026,12,RE,3.0,val,-12.867209,-31.625147,-2.0699916
19611,27-08-2026,13,CKD,0.0,val,-15.86883,-34.83693,-8.323597
19611,27-08-2026,14,BNW,-1.0,val,-18.939737,-37.14506,-8.837886
19611,27-08-2026,15,HSR,2.0,val,-14.434679,-33.79872,-8.028604
19611,27-08-2026,16,SSA,3.0,val,-14.858963,-33.432846,-6.0715156
19611,27-08-2026,17,KNL,-7.0,val,-22.645021,-39.4424,-11.5379
19611,27-08-2026,18,BTI,18.0,val,1.5103743,-23.656115,6.8419123
19611,27-08-2026,19,GJUT,7.0,val,-9.113349,-31.424454,-0.17474127
19611,27-08-2026,20,KKP,4.0,val,-11.751851,-32.766506,-2.306227
19611,27-08-2026,21,FDK,6.0,val,-12.9746475,-30.373571,-2.0389962
19611,27-08-2026,22,FZR,14.0,val,-4.0611815,-23.813034,3.3227985
19611,27-08-2026,23,TWB,11.0,val,-8.441699,-25.774208,1.7803409
19611,27-08-2026,24,MOGA,17.0,val,-3.2179763,-23.574299,4.2058697
19611,27-08-2026,26,JGN,12.0,val,-7.50926,-25.612625,1.9016434
19611,27-08-2026,27,LDH,-28.0,val,-35.040386,-55.895397,-15.512579
19611,27-08-2026,28,PGW,-37.0,val,-41.177788,-62.012127,-16.776295
19611,27-08-2026,29,JUC,-31.0,val,-38.45904,-57.24173,-15.644793
19611,27-08-2026,30,BEAS,-26.0,val,-36.882977,-56.95512,-15.907951
19613,24-08-2026,1,AII,-2.0,val,-14.773858,-20.155907,1.4979715
19613,24-08-2026,3,FL,-2.0,val,-14.807229,-20.791615,2.4615238
19613,24-08-2026,4,JP,-1.0,val,-14.925738,-20.05167,0.8121122
19613,24-08-2026,5,GADJ,-1.0,val,-14.708675,-20.288532,0.6101395
19613,24-08-2026,6,GTJT,-2.0,val,-15.013333,-20.732368,0.5059684
19613,24-08-2026,7,DO,-5.0,val,-17.20247,-21.088326,-2.9028196
19613,24-08-2026,8,BKI,-8.0,val,-21.650944,-26.948763,-7.1744103
19613,24-08-2026,9,BU,-6.0,val,-21.416033,-26.41463,-7.2386475
19613,24-08-2026,10,RHG,-5.0,val,-18.401512,-24.89825,-5.235019
19613,24-08-2026,11,AWR,-5.0,val,-18.911919,-24.784372,-5.152755
19613,24-08-2026,12,KRH,-14.0,val,-27.261192,-31.959194,-12.601667
19613,24-08-2026,13,RE,-4.0,val,-16.03429,-20.495667,-0.6580231
19613,24-08-2026,14,CKD,-5.0,val,-17.54155,-22.203423,-2.7113674
19613,24-08-2026,15,BNW,-1.0,val,-18.108631,-24.238434,-4.7489448
19613,24-08-2026,16,HSR,-11.0,val,-23.548183,-26.934376,-6.03313
19613,24-08-2026,17,JHL,-11.0,val,-22.790457,-26.858582,-3.3089337
19613,24-08-2026,18,SAG,-28.0,val,-31.830845,-41.226433,-18.003454
19613,24-08-2026,19,DUI,-12.0,val,-23.531189,-27.530289,-5.013627
19613,24-08-2026,20,MET,-14.0,val,-26.102636,-29.020134,-8.428392
19613,24-08-2026,21,LDH,-27.0,val,-26.502623,-39.13541,-10.0752125
19613,24-08-2026,22,PGW,-39.0,val,-31.28683,-47.605465,-18.676891
19613,24-08-2026,23,JUC,-22.0,val,-25.67768,-34.75043,-12.272846
19613,24-08-2026,24,BEAS,-20.0,val,-25.370306,-32.631153,-11.210398
19613,26-08-2026,1,AII,-23.0,val,-17.350172,-22.215302,-0.9266142
19613,26-08-2026,2,KSG,-23.0,val,-18.292725,-22.634117,0.25760683
19613,26-08-2026,3,FL,-21.0,val,-18.06818,-21.599977,-0.16735516
19613,26-08-2026,4,JP,-23.0,val,-18.69101,-22.41056,-1.3020837
19613,26-08-2026,5,GADJ,-22.0,val,-18.47813,-22.482227,-0.62708557
19613,26-08-2026,6,GTJT,-24.0,val,-19.242558,-24.50651,-2.4338448
19613,26-08-2026,7,DO,-25.0,val,-22.921125,-25.48351,-6.5707765
19613,26-08-2026,8,BKI,-32.0,val,-29.650467,-35.09605,-13.786374
19613,26-08-2026,9,BU,-30.0,val,-28.725174,-32.861153,-13.585251
19613,26-08-2026,10,RHG,-31.0,val,-29.434225,-33.05662,-13.5532
19613,26-08-2026,11,AWR,-30.0,val,-28.688652,-32.94667,-12.573654
19613,26-08-2026,12,KRH,-34.0,val,-31.18349,-36.156765,-16.147753
19613,26-08-2026,13,RE,-17.0,val,-16.756184,-20.554792,-1.144363
19613,26-08-2026,14,CKD,-24.0,val,-21.550022,-25.703112,-6.0251627
19613,26-08-2026,15,BNW,-19.0,val,-21.30307,-24.333712,-5.3224134
19613,26-08-2026,16,HSR,-23.0,val,-20.325176,-23.080463,-4.9434457
19613,26-08-2026,17,JHL,-21.0,val,-19.978731,-22.39491,-1.7560518
19613,26-08-2026,18,SAG,-51.0,val,-37.67061,-47.693752,-20.150347
19613,26-08-2026,19,DUI,-37.0,val,-27.891155,-35.026787,-12.640055
19613,26-08-2026,20,MET,-50.0,val,-28.702242,-44.004383,-17.946438
19613,26-08-2026,21,LDH,-18.0,val,-15.841868,-20.651,2.7320309
19613,26-08-2026,22,PGW,-32.0,val,-29.057795,-32.552338,-12.587051
19613,26-08-2026,23,JUC,-16.0,val,-17.223883,-20.862389,-0.04763985
19613,26-08-2026,24,BEAS,-18.0,val,-16.329033,-21.089779,-0.37500682
19943,24-08-2026,1,UDZ,8.79000000000002,val,-20.37231,-38.084743,-0.367126
19943,24-08-2026,2,KRCD,-2.159999999999968,val,-13.259497,-32.502834,1.6007651
19943,24-08-2026,3,ZW,21.649999999999977,val,-10.959072,-37.471912,13.669922
19943,24-08-2026,4,JYM,-7.469999999999999,val,-12.898383,-31.118452,2.5890942
19943,24-08-2026,5,DNRP,-16.539999999999992,val,-17.907286,-37.6317,1.5124131
19943,24-08-2026,6,HMT,-16.210000000000008,val,-12.102186,-26.485916,2.6043172
19943,24-08-2026,7,SDGM,-24.5,val,-14.817521,-31.214285,2.451156
19943,24-08-2026,8,ASV,1.8399999999999963,val,-11.752095,-38.353268,-1.352805
19943,24-08-2026,9,ADI,7.449999999999999,val,-14.572836,-32.011288,2.1272447
19943,25-08-2026,1,UDZ,-2.169999999999959,val,-14.595591,-31.087166,3.680851
19943,25-08-2026,2,KRCD,21.660000000000025,val,-12.091086,-37.515343,12.069752
19943,25-08-2026,3,ZW,-7.480000000000018,val,-13.574014,-30.963991,1.9168764
19943,25-08-2026,4,JYM,-16.53,val,-17.376654,-37.747646,2.2653682
19943,25-08-2026,5,DNRP,-16.20999999999998,val,-11.629814,-26.113144,2.94982
19943,25-08-2026,6,HMT,-24.500000000000014,val,-14.136316,-31.057163,1.1385063
19943,25-08-2026,7,SDGM,1.8400000000000034,val,-11.761892,-38.308346,-6.1775637
19943,25-08-2026,8,ASV,7.449999999999996,val,-18.253988,-36.743988,3.4277344
19943,25-08-2026,9,ADI,-8.95,val,-14.842641,-34.623226,-5.053274
19943,26-08-2026,1,UDZ,21.650000000000034,val,-17.884935,-37.678787,5.229601
19943,26-08-2026,2,KRCD,-7.46999999999997,val,-14.323057,-32.27501,3.166161
19943,26-08-2026,3,ZW,-16.53000000000003,val,-17.959492,-37.894115,2.3809562
19943,26-08-2026,4,JYM,-16.200000000000017,val,-10.94135,-25.641558,5.2845445
19943,26-08-2026,5,DNRP,-24.50999999999999,val,-13.946028,-31.036312,3.5088716
19943,26-08-2026,6,HMT,1.8400000000000034,val,-11.651388,-38.890488,-6.0905247
19943,26-08-2026,7,SDGM,7.450000000000003,val,-18.408033,-35.995968,2.5679173
19943,26-08-2026,8,ASV,-8.96,val,-17.329676,-38.073673,-5.03499
19943,26-08-2026,9,ADI,32.37,val,-11.758519,-28.785946,3.0738769
19943,27-08-2026,1,UDZ,-7.46999999999997,val,-14.89925,-31.825356,5.6175175
19943,27-08-2026,2,KRCD,-16.529999999999973,val,-18.429796,-37.268215,2.825587
19943,27-08-2026,3,ZW,-16.210000000000036,val,-11.888479,-26.21613,3.391988
19943,27-08-2026,4,JYM,-24.5,val,-13.468493,-30.890825,3.7920094
19943,27-08-2026,5,DNRP,1.8400000000000034,val,-11.364012,-38.6376,-5.016753
19943,27-08-2026,6,HMT,7.449999999999989,val,-18.671364,-36.44362,3.5867348
19943,27-08-2026,7,SDGM,-8.950000000000003,val,-17.545294,-38.14732,-5.6434155
19943,27-08-2026,8,ASV,32.37,val,-15.206143,-33.60824,1.9527445
19943,27-08-2026,9,ADI,-6.34,val,-13.581681,-34.268875,-0.91499424
20993,24-08-2026,1,JP,-23.0,val,-13.938731,-26.65311,-0.079671726
20993,24-08-2026,2,KKU,-28.0,val,-17.049227,-30.42975,-3.2573173
20993,24-08-2026,3,FL,-31.0,val,-20.93111,-32.962486,-6.828332
20993,24-08-2026,4,KSG,-31.0,val,-21.183435,-32.91832,-6.6619797
20993,24-08-2026,5,AII,-22.0,val,-16.080872,-26.655989,-2.210775
20993,24-08-2026,6,NSD,-23.0,val,-15.990729,-27.540915,-2.706277
20993,24-08-2026,7,BJNR,-36.0,val,-27.112782,-38.201664,-15.912531
20993,24-08-2026,8,BHL,-54.0,val,-39.99603,-47.846622,-26.660698
20993,24-08-2026,9,CNA,-29.0,val,-22.759146,-30.767786,-9.611937
20993,24-08-2026,10,KIN,-25.0,val,-21.016882,-28.576431,-7.8275294
20993,24-08-2026,11,MVJ,-34.0,val,-28.516499,-37.28868,-14.061527
20993,24-08-2026,12,RPZ,-27.0,val,-22.672424,-29.273794,-8.950206
20993,25-08-2026,1,JP,-23.0,val,-13.8277645,-27.249744,-0.42662796
20993,25-08-2026,2,KKU,-25.0,val,-15.286865,-27.795984,-1.4892485
20993,25-08-2026,3,FL,-32.0,val,-22.382008,-35.001984,-6.6145835
20993,25-08-2026,4,KSG,-27.0,val,-19.984835,-29.785307,-5.0689077
20993,25-08-2026,5,AII,-25.0,val,-17.070251,-27.124214,-2.548809
20993,25-08-2026,6,NSD,-24.0,val,-17.034786,-27.791727,-2.506578
20993,25-08-2026,7,BJNR,-30.0,val,-23.858545,-33.29372,-11.223445
20993,25-08-2026,8,BHL,-38.0,val,-33.559505,-42.32034,-17.337236
20993,25-08-2026,9,CNA,-22.0,val,-19.8526,-27.767735,-7.254814
20993,25-08-2026,10,KIN,-22.0,val,-20.437164,-27.878149,-7.924592
20993,25-08-2026,11,MVJ,-30.0,val,-26.688051,-34.93821,-11.359572
20993,25-08-2026,12,RPZ,-29.0,val,-24.115898,-30.3544,-10.03802
20993,26-08-2026,1,JP,-29.0,val,-21.619473,-35.60951,-4.1631217
20993,26-08-2026,2,KKU,-32.0,val,-23.447348,-35.971188,-7.4803185
20993,26-08-2026,3,FL,-39.0,val,-26.068535,-39.100117,-10.140056
20993,26-08-2026,4,KSG,-40.0,val,-26.699463,-38.642746,-12.844326
20993,26-08-2026,5,AII,-30.0,val,-23.21555,-34.897236,-8.732746
20993,26-08-2026,6,NSD,-30.0,val,-23.759533,-35.417244,-8.722673
20993,26-08-2026,7,BJNR,-46.0,val,-32.38538,-42.635895,-22.860569
20993,26-08-2026,8,BHL,-64.0,val,-48.28339,-56.003384,-27.174633
20993,26-08-2026,9,CNA,-39.0,val,-29.396116,-38.30208,-17.635897
20993,26-08-2026,10,KIN,-36.0,val,-29.453255,-38.223595,-18.111528
20993,26-08-2026,11,MVJ,-39.0,val,-32.228477,-39.188675,-19.531921
20993,26-08-2026,12,RPZ,-28.0,val,-27.17772,-32.72011,-10.4757185
20993,27-08-2026,1,JP,-25.0,val,-14.503088,-26.677002,0.09621243
20993,27-08-2026,2,KKU,-32.0,val,-18.849695,-31.561302,-2.9700603
20993,27-08-2026,3,FL,-36.0,val,-23.475311,-35.703102,-7.8857903
20993,27-08-2026,4,KSG,-37.0,val,-24.430197,-35.948334,-8.074576
20993,27-08-2026,5,AII,-29.0,val,-19.632013,-29.20519,-4.092534
20993,27-08-2026,6,NSD,-27.0,val,-17.867891,-28.153074,-2.6799266
20993,27-08-2026,7,BJNR,-32.0,val,-24.731987,-33.10893,-10.738368
20993,27-08-2026,8,BHL,-44.0,val,-35.47476,-43.992138,-17.477688
20993,27-08-2026,9,CNA,-39.0,val,-28.92414,-36.34394,-15.411353
20993,27-08-2026,10,KIN,-33.0,val,-26.899515,-34.336506,-11.375053
20993,27-08-2026,11,MVJ,-41.0,val,-31.74746,-38.390583,-17.237768
20993,27-08-2026,12,RPZ,-29.0,val,-24.434687,-29.212376,-8.932869
22421,24-08-2026,1,DEE,2.0,val,0.7794007,-16.083067,9.84729
22421,24-08-2026,2,DEC,-2.0,val,-3.7457964,-16.799885,5.5527773
22421,24-08-2026,3,GGN,-6.0,val,-8.49294,-20.051636,3.6869152
22421,24-08-2026,4,PTRD,-10.0,val,-11.416006,-22.177896,-2.8508005
22421,24-08-2026,5,RE,4.0,val,-1.5110289,-16.483162,5.9846377
22421,24-08-2026,6,MHRG,-12.0,val,-17.309048,-24.910563,-7.7846584
22421,24-08-2026,7,STNL,-15.0,val,-18.801634,-25.671196,-9.389666
22421,24-08-2026,8,LHU,-11.0,val,-13.629532,-21.441782,-3.7116537
22421,24-08-2026,9,RMB,-13.0,val,-14.718602,-22.4933,-6.0958667
22421,24-08-2026,10,SDLP,-10.0,val,-10.007522,-22.38989,0.2887898
22421,24-08-2026,11,CUR,-1.0,val,-3.043354,-16.693106,6.48183
22421,24-08-2026,12,RTGH,4.0,val,-0.753047,-15.559058,10.408377
22421,24-08-2026,13,PIH,3.0,val,-0.7165417,-15.491467,9.051267
22421,24-08-2026,14,TLC,2.0,val,-1.4664631,-15.617362,6.3217483
22421,24-08-2026,15,SUJH,-1.0,val,-3.5093045,-15.947658,3.8041365
22421,24-08-2026,16,LAU,-1.0,val,-2.5443413,-15.968902,4.5030603
22421,24-08-2026,17,DIA,0.0,val,-1.2075995,-15.716413,4.6934423
22421,24-08-2026,19,DNA,-7.0,val,-10.057289,-21.82293,-2.655508
22421,24-08-2026,20,MTD,-5.0,val,-9.403299,-19.606789,-0.8911446
22421,24-08-2026,21,GOTN,-6.0,val,-11.251659,-20.653114,-1.0350182
22421,25-08-2026,1,DEE,8.0,val,0.47564432,-16.171179,10.179384
22421,25-08-2026,2,DEC,0.0,val,-8.27083,-18.643492,4.112987
22421,25-08-2026,3,GGN,-2.0,val,-8.495499,-20.884174,2.9815762
22421,25-08-2026,4,PTRD,-7.0,val,-15.047437,-22.49285,-5.1210747
22421,25-08-2026,5,RE,6.0,val,-1.5871392,-16.22296,6.3265367
22421,25-08-2026,6,MHRG,3.0,val,-5.578326,-19.567959,1.6775553
22421,25-08-2026,7,STNL,-16.0,val,-22.104528,-31.254677,-13.261864
22421,25-08-2026,8,LHU,-8.0,val,-13.746187,-22.06657,-5.8017616
22421,25-08-2026,9,RMB,-10.0,val,-17.16514,-24.622866,-8.872917
22421,25-08-2026,10,SDLP,-8.0,val,-14.556007,-22.871088,-6.1278205
22421,25-08-2026,11,CUR,0.0,val,-6.2699747,-18.370045,2.8039744
22421,25-08-2026,12,RTGH,9.0,val,-0.7191298,-15.534484,10.327305
22421,25-08-2026,13,PIH,-4.0,val,-9.21867,-21.588156,2.2853851
22421,25-08-2026,14,TLC,-6.0,val,-11.197384,-21.015926,-3.5380745
22421,25-08-2026,15,SUJH,-10.0,val,-15.697656,-23.399797,-6.4251175
22421,25-08-2026,16,LAU,-8.0,val,-11.979922,-22.130636,-5.0562634
22421,25-08-2026,17,DIA,-13.0,val,-17.495417,-26.556,-8.475831
22421,25-08-2026,19,DNA,-35.0,val,-30.600134,-41.143356,-14.696961
22421,25-08-2026,20,MTD,-30.0,val,-29.139854,-38.934273,-17.009699
22421,25-08-2026,21,GOTN,-38.0,val,-29.9164,-39.939014,-18.416344
22421,26-08-2026,1,DEE,-18.0,val,-46.00498,-54.48409,-9.301339
22421,26-08-2026,2,DEC,-23.0,val,-47.166107,-57.59371,-10.445603
22421,26-08-2026,3,GGN,-25.0,val,-48.066147,-63.545624,-11.81888
22421,26-08-2026,4,PTRD,-33.0,val,-49.49173,-64.22602,-11.893636
22421,26-08-2026,5,RE,-41.0,val,-50.63741,-65.11954,-10.461186
22421,26-08-2026,6,MHRG,-42.0,val,-54.007,-66.51748,-16.794226
22421,26-08-2026,7,STNL,-37.0,val,-52.003727,-67.45683,-17.418554
22421,26-08-2026,8,LHU,-28.0,val,-50.14723,-63.27348,-13.549426
22421,26-08-2026,9,RMB,-33.0,val,-50.84121,-65.23445,-14.057569
22421,26-08-2026,10,SDLP,-33.0,val,-50.06087,-63.71031,-14.463266
22421,26-08-2026,11,CUR,-23.0,val,-43.623554,-57.169044,-12.22867
22421,26-08-2026,12,RTGH,-20.0,val,-39.70473,-51.024166,-10.188232
22421,26-08-2026,13,PIH,-19.0,val,-38.163284,-48.599922,-8.974012
22421,26-08-2026,14,TLC,-17.0,val,-38.2152,-46.470455,-11.54797
22421,26-08-2026,15,SUJH,-22.0,val,-39.9405,-51.76415,-13.579651
22421,26-08-2026,16,LAU,-25.0,val,-36.98175,-47.598633,-12.98808
22421,26-08-2026,17,DIA,-24.0,val,-36.33326,-47.30616,-14.852918
22421,26-08-2026,19,DNA,-17.0,val,-34.512985,-40.99496,-17.639074
22421,26-08-2026,20,MTD,-13.0,val,-32.88932,-39.94302,-16.451437
22421,26-08-2026,21,GOTN,-12.0,val,-33.069527,-39.361393,-15.971627
22421,27-08-2026,1,DEE,8.0,val,1.4171623,-15.988479,9.120387
22421,27-08-2026,2,DEC,3.0,val,-3.9589748,-16.751717,4.034447
22421,27-08-2026,3,GGN,1.0,val,-3.9493346,-17.830725,3.4839444
22421,27-08-2026,4,PTRD,-3.0,val,-11.880006,-20.846483,-0.81624526
22421,27-08-2026,5,RE,9.0,val,-0.9600884,-16.03827,7.9224863
22421,27-08-2026,6,MHRG,5.0,val,-4.9306617,-18.829453,2.5604846
22421,27-08-2026,7,STNL,-11.0,val,-18.842451,-26.967102,-9.045155
22421,27-08-2026,8,LHU,-9.0,val,-14.916721,-23.358297,-5.1426506
22421,27-08-2026,9,RMB,-18.0,val,-21.689552,-30.45209,-11.610532
22421,27-08-2026,10,SDLP,-20.0,val,-22.246569,-30.757303,-12.7742605
22421,27-08-2026,11,CUR,-6.0,val,-13.075767,-21.684374,-2.698076
22421,27-08-2026,12,RTGH,-1.0,val,-7.0145383,-18.543293,6.903516
22421,27-08-2026,13,PIH,-8.0,val,-13.27492,-21.397678,-0.92066497
22421,27-08-2026,14,TLC,-9.0,val,-12.44558,-23.466175,-1.6358738
22421,27-08-2026,15,SUJH,-11.0,val,-15.6778755,-24.211006,-6.3528414
22421,27-08-2026,16,LAU,-9.0,val,-12.579927,-23.49947,-5.516399
22421,27-08-2026,17,DIA,-8.0,val,-13.422811,-21.791592,-6.8647013
22421,27-08-2026,19,DNA,-18.0,val,-22.784122,-30.144867,-14.102782
22421,27-08-2026,20,MTD,-14.0,val,-19.368168,-27.767918,-9.251732
22421,27-08-2026,21,GOTN,-18.0,val,-22.024548,-30.209772,-12.155855
22473,24-08-2026,1,BKN,3.0,val,-2.6098707,-15.845584,6.1472163
22473,24-08-2026,2,NOK,-7.0,val,-13.95035,-19.538565,1.1735578
22473,24-08-2026,3,NGO,-23.0,val,-28.941572,-36.236755,-12.92653
22473,24-08-2026,4,MTD,-12.0,val,-17.608097,-21.06085,-5.934714
22473,24-08-2026,5,JU,3.0,val,-6.6175594,-16.786581,4.165431
22473,24-08-2026,6,LUNI,-7.0,val,-14.487738,-20.327991,-1.9264711
22473,24-08-2026,7,PMY,-19.0,val,-23.940924,-31.192192,-10.805378
22473,24-08-2026,8,MJ,-1.0,val,-4.657182,-16.602524,5.226304
22473,24-08-2026,9,SJWB,-14.0,val,-18.83577,-23.046495,-8.886269
22473,24-08-2026,10,ABR,3.0,val,-2.0297198,-16.571016,5.5837913
22473,24-08-2026,11,PNU,3.0,val,-1.6658372,-15.775437,5.0736017
22473,24-08-2026,13,MSH,2.0,val,-5.1868653,-14.932644,5.014251
22473,24-08-2026,14,ADI,-13.0,val,-16.58036,-23.40556,-7.7011023
22473,24-08-2026,15,ND,-2.0,val,-4.5846176,-15.673961,4.2648764
22473,24-08-2026,16,ANND,-7.0,val,-13.03435,-18.682325,-0.3913929
22473,24-08-2026,17,BRC,-18.0,val,-22.673328,-27.273169,-10.744615
22473,24-08-2026,18,BH,-13.0,val,-18.70975,-21.910782,-8.538251
22473,24-08-2026,19,ST,-6.0,val,-13.687677,-18.35042,1.3769023
22473,24-08-2026,20,NVS,-10.0,val,-15.797966,-22.274359,-5.835585
22473,24-08-2026,21,BL,-6.0,val,-10.310238,-18.506714,1.7025214
22473,24-08-2026,22,BVI,-24.0,val,-27.176561,-35.038338,-15.348709
22475,26-08-2026,1,HSR,-40.0,val,-25.19986,-44.046143,7.746248
22475,26-08-2026,2,SDLP,-38.0,val,-25.406265,-44.27174,4.882274
22475,26-08-2026,3,CUR,-22.0,val,-17.335022,-37.044495,13.574451
22475,26-08-2026,4,RTGH,-19.0,val,-14.904291,-32.89925,16.386341
22475,26-08-2026,5,SDGH,-29.0,val,-21.196072,-42.81371,14.880906
22475,26-08-2026,6,BKN,-17.0,val,-15.29261,-33.032272,13.598578
22475,26-08-2026,7,NOK,-44.0,val,-27.810911,-46.689392,9.3034525
22475,26-08-2026,8,NGO,-57.0,val,-36.491634,-44.920918,9.131748
22475,26-08-2026,9,MTD,-61.0,val,-36.871872,-44.916836,14.365227
22475,26-08-2026,10,JU,-99.0,val,-47.677483,-70.183975,11.206286
22475,26-08-2026,11,LUNI,-86.0,val,-44.15726,-62.899242,17.079756
22475,26-08-2026,12,PMY,-84.0,val,-43.78377,-62.385193,9.381212
22475,26-08-2026,13,MJ,-58.0,val,-34.615105,-44.638668,11.056123
22475,26-08-2026,14,FA,-58.0,val,-36.362793,-44.476677,8.933005
22475,26-08-2026,15,ABR,-39.0,val,-24.950453,-44.41046,4.48778
22475,26-08-2026,16,PNU,-27.0,val,-18.146515,-39.862194,11.768353
22475,26-08-2026,17,MSH,-26.0,val,-18.857098,-39.577415,12.454728
22475,26-08-2026,18,ADI,-38.0,val,-25.845736,-42.386578,4.082118
22475,26-08-2026,20,BRC,-36.0,val,-23.68981,-43.65826,4.9716372
22475,26-08-2026,21,AKV,-32.0,val,-22.460386,-45.7393,2.1838446
22475,26-08-2026,22,ST,-26.0,val,-19.49931,-41.794662,8.621248
22475,26-08-2026,23,VAPI,-41.0,val,-27.291048,-45.92548,1.2314479
22475,26-08-2026,24,BSR,-26.0,val,-20.062613,-41.311707,3.9767003
22475,26-08-2026,25,PNVL,-34.0,val,-23.8655,-43.522408,-1.546448
22475,26-08-2026,26,ROHA,-21.0,val,-19.729572,-36.55079,4.877963
22475,26-08-2026,27,CHI,-106.0,val,-39.432404,-62.460938,-2.7580335
22475,26-08-2026,28,RN,-100.0,val,-37.592022,-56.635525,-3.9534323
22475,26-08-2026,30,THVM,-185.0,val,-43.578197,-75.053955,-1.0008702
22475,26-08-2026,31,MAO,-125.0,val,-34.488453,-69.110435,2.7926843
22475,26-08-2026,32,KAWR,-133.0,val,-39.30425,-71.944244,1.7782127
22475,26-08-2026,33,KT,-135.0,val,-39.30425,-70.022095,1.7392702
22475,26-08-2026,34,BTJL,-129.0,val,-39.36624,-69.378975,1.6197772
22475,26-08-2026,35,UD,-94.0,val,-29.732925,-53.454037,4.0407963
22475,26-08-2026,36,MAJN,-52.0,val,-28.504417,-45.920628,3.5037339
22475,26-08-2026,37,CAN,-21.0,val,-19.22224,-38.6966,8.493557
22475,26-08-2026,38,CLT,-17.0,val,-16.47997,-36.371796,8.160642
22475,26-08-2026,40,SRR,-43.0,val,-28.006176,-47.151623,4.305064
22475,26-08-2026,41,PGT,-44.0,val,-26.478027,-44.89994,1.6280736
22977,24-08-2026,0,JP,4.0,val,-11.703006,-25.429926,0.19404854
22977,24-08-2026,1,KKU,3.0,val,-12.822948,-26.750319,-1.5941637
22977,24-08-2026,2,FL,2.0,val,-13.248871,-26.629778,-0.42345777
22977,24-08-2026,3,NAC,3.0,val,-12.444384,-25.915468,-2.3099315
22977,24-08-2026,4,KMNC,4.0,val,-12.117733,-25.68913,-1.9849899
22977,24-08-2026,6,GCH,4.0,val,-12.192656,-24.80165,-1.5936058
22977,24-08-2026,7,DNA,-7.0,val,-18.56233,-31.013687,-7.46959
22977,24-08-2026,8,REN,-8.0,val,-19.985695,-30.127438,-8.604761
22977,24-08-2026,9,MTD,-10.0,val,-21.494581,-30.472523,-11.268521
22977,24-08-2026,11,RKB,-23.0,val,-32.924206,-38.198383,-21.959614
22977,25-08-2026,0,JP,3.0,val,-11.631846,-24.719526,0.9632332
22977,25-08-2026,1,KKU,0.0,val,-13.481494,-25.520033,-0.6958775
22977,25-08-2026,2,FL,0.0,val,-13.535376,-25.899021,-0.21221781
22977,25-08-2026,3,NAC,-4.0,val,-15.878083,-27.977667,-4.204204
22977,25-08-2026,4,KMNC,-5.0,val,-16.08659,-27.828949,-4.498558
22977,25-08-2026,5,MKN,-5.0,val,-16.364996,-27.73753,-4.416019
22977,25-08-2026,6,GCH,-5.0,val,-15.963788,-26.707222,-3.527805
22977,25-08-2026,7,DNA,-7.0,val,-17.907417,-30.324455,-5.7197647
22977,25-08-2026,8,REN,-9.0,val,-20.128323,-29.664963,-7.4756455
22977,25-08-2026,9,MTD,-11.0,val,-20.689335,-30.120546,-10.334891
22977,25-08-2026,10,GOTN,-14.0,val,-22.89362,-30.116827,-14.148719
22977,25-08-2026,11,RKB,-33.0,val,-33.998386,-43.58656,-22.592173
22977,26-08-2026,0,JP,-18.0,val,-14.166818,-25.701336,0.38859192
22977,26-08-2026,1,KKU,-19.0,val,-15.056201,-25.934483,-1.955574
22977,26-08-2026,2,FL,-22.0,val,-15.961495,-26.86963,-2.6403491
22977,26-08-2026,3,NAC,-21.0,val,-15.47597,-27.262274,-3.9610019
22977,26-08-2026,4,KMNC,-22.0,val,-16.368196,-27.514467,-4.4984703
22977,26-08-2026,5,MKN,-24.0,val,-17.44192,-29.112528,-5.2230697
22977,26-08-2026,6,GCH,-30.0,val,-20.212902,-29.162107,-8.6461735
22977,26-08-2026,7,DNA,-32.0,val,-21.080353,-30.229269,-11.485929
22977,26-08-2026,8,REN,-32.0,val,-21.850538,-29.389729,-12.157156
22977,26-08-2026,9,MTD,-33.0,val,-23.620865,-30.513659,-14.172611
22977,26-08-2026,10,GOTN,-35.0,val,-24.956028,-31.267796,-15.423718
22977,26-08-2026,11,RKB,-35.0,val,-29.977774,-34.76141,-16.218683
22977,27-08-2026,0,JP,-16.0,val,-13.727405,-23.934752,-0.24967867
22977,27-08-2026,1,KKU,-19.0,val,-15.577057,-25.046381,-1.5786927
22977,27-08-2026,2,FL,-18.0,val,-14.652763,-25.790527,-1.7216609
22977,27-08-2026,3,NAC,-16.0,val,-13.843201,-24.920502,-3.2993176
22977,27-08-2026,4,KMNC,-21.0,val,-16.581953,-26.722769,-4.724969
22977,27-08-2026,5,MKN,-20.0,val,-15.996318,-25.967339,-3.9087467
22977,27-08-2026,6,GCH,-23.0,val,-16.461123,-26.111988,-4.0983987
22977,27-08-2026,7,DNA,-26.0,val,-18.008326,-30.303,-6.355914
22977,27-08-2026,8,REN,-27.0,val,-18.958069,-28.94167,-7.6478314
22977,27-08-2026,9,MTD,-29.0,val,-20.901657,-30.38061,-10.441042
22977,27-08-2026,10,GOTN,-31.0,val,-22.594856,-30.722666,-13.242207
22977,27-08-2026,11,RKB,-38.0,val,-32.22564,-35.294636,-18.251167
22982,24-08-2026,1,SGNR,-8.0,val,-12.479736,-20.13119,0.15804838
22982,24-08-2026,2,SDS,-13.0,val,-16.158962,-22.18472,-3.4510453
22982,24-08-2026,3,HMH,-25.0,val,-28.500189,-34.792736,-10.3208885
22982,24-08-2026,4,PGK,-23.0,val,-25.115973,-31.963621,-9.9005995
22982,24-08-2026,5,SOG,-27.0,val,-31.540104,-36.903534,-15.35309
22982,24-08-2026,6,MHJ,-27.0,val,-31.460823,-37.558598,-16.776278
22982,24-08-2026,7,LKS,-45.0,val,-48.38772,-56.132942,-25.374796
22982,24-08-2026,8,LGH,-49.0,val,-51.128914,-60.44406,-26.30283
22982,24-08-2026,9,BKN,-17.0,val,-20.196503,-26.9017,-2.3400881
22982,24-08-2026,10,DSO,-14.0,val,-17.65748,-24.368448,-6.1983857
22982,24-08-2026,11,NOK,-15.0,val,-19.562471,-24.827204,-6.960074
22982,24-08-2026,13,DNA,-32.0,val,-38.175575,-45.98428,-23.619328
22982,24-08-2026,14,MKN,-32.0,val,-38.045036,-44.178627,-23.927826
22982,24-08-2026,15,NAC,-19.0,val,-26.466816,-31.95096,-12.518143
22982,24-08-2026,16,SBR,-7.0,val,-14.333015,-21.245998,-3.6417897
22982,24-08-2026,17,FL,-7.0,val,-14.78144,-21.855616,-2.8070426
22982,24-08-2026,18,JOB,-10.0,val,-16.35785,-21.411427,-4.346634
22982,24-08-2026,19,JP,-23.0,val,-28.73657,-34.475468,-15.758963
22982,24-08-2026,20,DPA,-25.0,val,-30.882345,-37.44362,-15.964274
22982,24-08-2026,21,BNLW,-29.0,val,-35.38469,-41.01128,-20.613695
22982,24-08-2026,22,ISA,-27.0,val,-34.03241,-38.904133,-19.58582
22982,24-08-2026,23,CKB,-30.0,val,-36.519974,-41.90557,-21.091105
22982,24-08-2026,24,SWM,-9.0,val,-15.315529,-21.430218,-3.3998291
22982,24-08-2026,25,IDG,-15.0,val,-19.590078,-24.68529,-7.511127
22982,24-08-2026,26,LKE,-19.0,val,-23.687393,-29.092028,-10.535752
22982,27-08-2026,1,SGNR,-16.0,val,-12.569814,-20.13119,-0.8265001
22982,27-08-2026,3,HMH,-16.0,val,-13.380701,-21.371702,-3.6741176
22982,27-08-2026,4,PGK,-15.0,val,-13.639204,-22.1211,-4.5551715
22982,27-08-2026,5,SOG,-29.0,val,-26.655127,-33.074223,-12.412041
22982,27-08-2026,6,MHJ,-27.0,val,-24.636885,-31.527489,-13.044693
22982,27-08-2026,7,LKS,-31.0,val,-28.36167,-34.800888,-16.21488
22982,27-08-2026,8,LGH,-37.0,val,-35.230904,-41.495773,-17.621672
22982,27-08-2026,9,BKN,-16.0,val,-14.272658,-21.950575,-1.8237953
22982,27-08-2026,10,DSO,-20.0,val,-17.6678,-23.87589,-6.6258307
22982,27-08-2026,11,NOK,-21.0,val,-18.451683,-23.75498,-7.396791
22982,27-08-2026,12,NGO,-36.0,val,-34.11533,-38.96423,-18.963186
22982,27-08-2026,13,DNA,-52.0,val,-50.41623,-55.208576,-27.223368
22982,27-08-2026,14,MKN,-52.0,val,-52.704266,-54.04012,-26.798588
22982,27-08-2026,15,NAC,-40.0,val,-37.9435,-43.89963,-22.653627
22982,27-08-2026,16,SBR,-24.0,val,-21.714367,-26.050552,-8.2998295
22982,27-08-2026,17,FL,-15.0,val,-14.924147,-21.976522,-3.9509125
22982,27-08-2026,18,JOB,-16.0,val,-15.05896,-21.324034,-4.6945834
22982,27-08-2026,19,JP,-26.0,val,-25.342184,-31.218283,-12.843794
22982,27-08-2026,20,DPA,-27.0,val,-26.450531,-31.288519,-13.20615
22982,27-08-2026,21,BNLW,-34.0,val,-33.296257,-38.35125,-18.84038
22982,27-08-2026,22,ISA,-32.0,val,-31.151186,-36.356266,-18.495085
22982,27-08-2026,23,CKB,-23.0,val,-23.925724,-28.141424,-12.195011
22982,27-08-2026,24,SWM,-16.0,val,-14.434955,-21.508018,-4.5998993
22982,27-08-2026,25,IDG,-17.0,val,-16.807259,-21.822664,-7.0556655
22982,27-08-2026,26,LKE,-19.0,val,-17.892221,-22.167282,-8.148012
12015,28-08-2026,1,NDLS,-22.0,test,-17.681059,-22.068838,0.06765303
12015,28-08-2026,2,DEC,-24.0,test,-18.530985,-23.438358,-0.8086443
12015,28-08-2026,3,GGN,-24.0,test,-19.07981,-23.699337,-2.4242942
12015,28-08-2026,4,RE,-22.0,test,-18.825539,-23.399792,-3.4548771
12015,28-08-2026,5,AWR,-29.0,test,-22.778723,-27.769897,-6.1012783
12015,28-08-2026,6,BKI,-28.0,test,-22.364578,-26.94475,-7.9911876
12015,28-08-2026,7,GADJ,-32.0,test,-26.79279,-32.057926,-11.276322
12015,28-08-2026,8,JP,-32.0,test,-25.435913,-30.715334,-8.326573
12015,28-08-2026,9,KSG,-28.0,test,-23.816008,-26.384087,-7.8286486
12015,28-08-2026,10,AII,-23.0,test,-19.548378,-23.423655,-5.153274
12015,29-08-2026,1,NDLS,-21.0,test,-17.426804,-22.149137,0.14807287
12015,29-08-2026,2,DEC,-22.0,test,-18.3745,-23.479435,-0.71006596
12015,29-08-2026,3,GGN,-22.0,test,-18.769295,-23.73143,-2.442091
12015,29-08-2026,4,RE,-20.0,test,-18.498566,-23.39794,-3.804249
12015,29-08-2026,5,AWR,-28.0,test,-23.143833,-28.550745,-6.8071775
12015,29-08-2026,6,BKI,-21.0,test,-19.436064,-25.35977,-7.2150383
12015,29-08-2026,7,GADJ,-23.0,test,-23.111965,-26.371904,-9.472928
12015,29-08-2026,8,JP,-24.0,test,-22.025303,-24.977297,-7.340392
12015,29-08-2026,9,KSG,-28.0,test,-24.68554,-27.68555,-8.242381
12015,29-08-2026,10,AII,-22.0,test,-19.334066,-23.51705,-5.153274
12015,30-08-2026,1,NDLS,-23.0,test,-16.42118,-22.26129,0.47551143
12015,30-08-2026,2,DEC,-29.0,test,-19.191936,-25.77435,0.03094624
12015,30-08-2026,3,GGN,-26.0,test,-18.015606,-24.027498,-2.1854155
12015,30-08-2026,4,RE,-22.0,test,-17.530745,-23.434275,-3.3602793
12015,30-08-2026,5,AWR,-29.0,test,-21.607187,-27.905502,-5.3340483
12015,30-08-2026,6,BKI,-23.0,test,-18.525833,-25.35977,-7.3640723
12015,30-08-2026,7,GADJ,-22.0,test,-20.511276,-25.797781,-8.936311
12015,30-08-2026,8,JP,-23.0,test,-19.596582,-24.66235,-6.6386247
12015,30-08-2026,9,KSG,-22.0,test,-20.12688,-24.81911,-6.6127596
12015,30-08-2026,10,AII,-23.0,test,-18.148209,-23.423655,-5.1218734
12015,31-08-2026,1,NDLS,0.0,test,-17.401968,-22.13732,0.7574792
12015,31-08-2026,2,DEC,-7.0,test,-20.12085,-26.795187,-0.7095583
12015,31-08-2026,3,GGN,-11.0,test,-25.918278,-31.356825,-3.3447614
12015,31-08-2026,4,RE,-13.0,test,-27.35608,-33.789154,-5.6032405
12015,31-08-2026,5,AWR,-20.0,test,-30.435617,-39.75281,-12.263354
12015,31-08-2026,6,BKI,-15.0,test,-28.10352,-35.93126,-11.179767
12015,31-08-2026,7,GADJ,-18.0,test,-31.033272,-39.489613,-15.1805105
12015,31-08-2026,8,JP,-16.0,test,-30.411934,-35.8772,-10.598684
12015,31-08-2026,9,KSG,-30.0,test,-28.238756,-43.85487,-8.259253
12015,31-08-2026,10,AII,-19.0,test,-26.902887,-36.51456,-8.962411
12182,28-08-2026,1,AII,4.0,test,-10.677283,-29.096,15.564717
12182,28-08-2026,2,KSG,4.0,test,-10.788845,-29.835741,13.499307
12182,28-08-2026,3,FL,0.0,test,-14.348445,-33.30095,10.969655
12182,28-08-2026,4,JP,-11.0,test,-22.46905,-42.438984,8.758131
12182,28-08-2026,5,DPA,-9.0,test,-19.691666,-41.78597,5.746036
12182,28-08-2026,6,BNLW,-15.0,test,-25.590082,-47.159485,0.20321847
12182,28-08-2026,7,CKB,-8.0,test,-20.746464,-43.758568,3.2895288
12182,28-08-2026,8,SWM,4.0,test,-10.9272375,-29.102558,11.053623
12182,28-08-2026,9,IDG,-6.0,test,-18.750679,-40.4143,8.516022
12182,28-08-2026,10,LKE,-7.0,test,-20.70904,-40.445183,1.0260506
12182,28-08-2026,11,KOTA,4.0,test,-11.994958,-30.276691,9.897261
12182,28-08-2026,12,ATH,2.0,test,-13.421564,-31.082,11.447685
12182,28-08-2026,13,BAZ,3.0,test,-13.8695135,-32.96169,7.731234
12182,28-08-2026,14,ATRU,1.0,test,-15.549957,-32.372364,7.8670797
12182,28-08-2026,15,CAG,2.0,test,-14.476627,-31.679117,7.4189844
12182,28-08-2026,16,RTA,4.0,test,-11.624471,-29.697115,17.394512
12182,28-08-2026,17,GUNA,4.0,test,-12.122522,-30.068876,17.064034
12182,28-08-2026,18,ASKN,-2.0,test,-15.314319,-35.611015,8.241036
12182,28-08-2026,19,MNV,-16.0,test,-26.203632,-44.99687,11.477801
12182,28-08-2026,20,MAKR,4.0,test,-13.046101,-30.806072,13.296306
12182,28-08-2026,21,SGO,5.0,test,-14.624673,-32.572186,7.4780493
12182,28-08-2026,22,DMO,5.0,test,-14.974865,-32.930626,4.8336525
12182,28-08-2026,23,KMZ,-30.0,test,-38.35072,-51.535984,7.485597
12182,28-08-2026,24,SHR,-29.0,test,-34.066456,-41.28379,5.4866014
12182,29-08-2026,1,AII,-9.0,test,-11.663692,-29.208662,16.73815
12182,29-08-2026,2,KSG,-8.0,test,-12.286833,-29.56565,12.81644
12182,29-08-2026,3,FL,-11.0,test,-13.666965,-31.17806,9.478426
12182,29-08-2026,4,JP,-17.0,test,-17.873335,-38.232796,9.172467
12182,29-08-2026,5,DPA,-16.0,test,-15.702773,-36.61981,6.849823
12182,29-08-2026,6,BNLW,-27.0,test,-25.369738,-46.573914,9.092806
12182,29-08-2026,7,CKB,-19.0,test,-19.460575,-42.287235,4.306984
12182,29-08-2026,8,SWM,-8.0,test,-11.589858,-28.93382,12.205415
12182,29-08-2026,9,IDG,-22.0,test,-19.675192,-41.496853,6.21279
12182,29-08-2026,10,LKE,-21.0,test,-20.7703,-42.237522,2.708361
12182,29-08-2026,11,KOTA,-12.0,test,-13.498272,-30.592272,10.14306
12182,29-08-2026,12,ATH,-15.0,test,-15.558357,-35.212112,9.796248
12182,29-08-2026,13,BAZ,-16.0,test,-17.063862,-37.707355,6.148305
12182,29-08-2026,14,ATRU,-16.0,test,-17.96417,-37.111248,5.5268826
12182,29-08-2026,15,CAG,-14.0,test,-16.51098,-35.895073,7.169226
12182,29-08-2026,16,RTA,-8.0,test,-11.733135,-27.781519,15.2436495
12182,29-08-2026,17,GUNA,-8.0,test,-11.748849,-28.70928,15.789633
12182,29-08-2026,18,ASKN,-12.0,test,-13.849652,-31.442827,7.010069
12182,29-08-2026,19,MNV,-17.0,test,-18.808876,-37.375965,7.355859
12182,29-08-2026,20,MAKR,-8.0,test,-12.781059,-28.845787,11.894243
12182,29-08-2026,21,SGO,-13.0,test,-16.534595,-35.083633,3.7783713
12182,29-08-2026,22,DMO,-21.0,test,-23.022465,-41.222626,1.138598
12182,29-08-2026,23,KMZ,-28.0,test,-29.706474,-47.0753,2.3062592
12182,29-08-2026,24,SHR,-28.0,test,-28.582605,-40.60215,4.318201
12182,30-08-2026,1,AII,-10.0,test,-12.339709,-29.103725,15.401765
12182,30-08-2026,2,KSG,-10.0,test,-12.495607,-29.56565,11.4767475
12182,30-08-2026,3,FL,-15.0,test,-14.707299,-34.042366,8.944903
12182,30-08-2026,4,JP,-22.0,test,-19.689154,-40.48935,8.097558
12182,30-08-2026,5,DPA,-21.0,test,-18.572554,-39.820797,6.5409255
12182,30-08-2026,6,BNLW,-20.0,test,-18.841738,-42.192616,4.3044696
12182,30-08-2026,7,CKB,-19.0,test,-18.771507,-40.94901,4.3364835
12182,30-08-2026,8,SWM,-14.0,test,-12.455096,-29.385979,10.014808
12182,30-08-2026,9,IDG,-24.0,test,-19.674423,-40.923405,4.9005857
12182,30-08-2026,10,LKE,-25.0,test,-21.392723,-42.005867,10.652184
12182,30-08-2026,11,KOTA,-11.0,test,-13.067265,-30.2636,8.372708
12182,30-08-2026,12,ATH,-13.0,test,-14.452734,-31.072021,9.412936
12182,30-08-2026,13,BAZ,-14.0,test,-15.46378,-33.107838,6.6841965
12182,30-08-2026,14,ATRU,-13.0,test,-16.180777,-32.28022,5.7215295
12182,30-08-2026,15,CAG,-17.0,test,-16.365831,-36.425697,8.466994
12182,30-08-2026,16,RTA,-11.0,test,-9.833873,-28.924618,8.945521
12182,30-08-2026,17,GUNA,-12.0,test,-10.343766,-29.472284,10.812749
12182,30-08-2026,18,ASKN,-17.0,test,-14.085304,-33.967373,5.1373515
12182,30-08-2026,19,MNV,-23.0,test,-20.452372,-40.802876,3.1148598
12182,30-08-2026,20,MAKR,-10.0,test,-10.862726,-28.636866,8.944643
12182,30-08-2026,21,SGO,-15.0,test,-15.72375,-35.03851,3.865306
12182,30-08-2026,22,DMO,-27.0,test,-25.096237,-41.05008,-6.00776
12182,30-08-2026,23,KMZ,-22.0,test,-25.745316,-43.650616,-0.32569432
12182,30-08-2026,24,SHR,-30.0,test,-28.200613,-40.647457,-7.6476645
12182,31-08-2026,1,AII,14.0,test,-9.969481,-29.029705,10.811106
12182,31-08-2026,2,KSG,14.0,test,-10.260194,-29.401485,8.760505
12182,31-08-2026,3,FL,9.0,test,-13.672842,-33.095966,7.5421066
12182,31-08-2026,4,JP,-3.0,test,-22.677816,-41.9847,-1.1825651
12182,31-08-2026,7,CKB,-9.0,test,-30.402117,-47.832817,-7.899054
12182,31-08-2026,8,SWM,4.0,test,-16.046911,-37.178017,4.1699867
12182,31-08-2026,9,IDG,-9.0,test,-30.357143,-44.25575,-4.5244575
12182,31-08-2026,10,LKE,-12.0,test,-31.486404,-45.131195,-6.650682
12182,31-08-2026,11,KOTA,5.0,test,-16.571121,-37.7884,6.811178
12182,31-08-2026,12,ATH,6.0,test,-14.886669,-36.021416,6.0348926
12182,31-08-2026,13,BAZ,3.0,test,-19.318707,-41.551273,3.3348594
12182,31-08-2026,14,ATRU,5.0,test,-19.020422,-38.987156,2.3167682
12182,31-08-2026,15,CAG,5.0,test,-18.115877,-38.339924,6.2453856
12182,31-08-2026,16,RTA,13.0,test,-9.85052,-28.876423,8.296049
12182,31-08-2026,17,GUNA,13.0,test,-10.290558,-28.27153,9.755541
12182,31-08-2026,18,ASKN,7.0,test,-14.380526,-34.61495,5.1373515
12182,31-08-2026,19,MNV,3.0,test,-19.534288,-39.655117,4.056779
12182,31-08-2026,20,MAKR,13.0,test,-10.879598,-29.389156,8.562015
12182,31-08-2026,21,SGO,-6.0,test,-24.5134,-44.74966,-5.2179
12182,31-08-2026,22,DMO,-11.0,test,-32.244667,-44.996563,-9.926846
12182,31-08-2026,23,KMZ,-43.0,test,-44.719513,-54.20432,-8.839949
12182,31-08-2026,24,SHR,-35.0,test,-36.23397,-42.65922,-8.848341
12316,31-08-2026,1,UDZ,2.0,test,5.322757,-15.433886,6.6341114
12316,31-08-2026,2,RPZ,-1.0,test,0.59582543,-15.263181,3.5723577
12316,31-08-2026,3,MVJ,0.0,test,0.87203526,-15.530375,4.8911104
12316,31-08-2026,4,CNA,-2.0,test,1.5728023,-16.613775,4.7648745
12316,31-08-2026,5,BHL,2.0,test,1.7633336,-16.27606,5.294581
12316,31-08-2026,6,BJNR,-18.0,test,-21.485613,-29.616104,-7.3128767
12316,31-08-2026,7,NSD,-25.0,test,-26.993788,-38.0309,-7.2750883
12316,31-08-2026,8,AII,-1.0,test,-1.0541083,-16.110483,5.2001166
12316,31-08-2026,9,JP,-5.0,test,-1.7760891,-16.886826,3.465837
12316,31-08-2026,10,SWM,2.0,test,0.6358247,-15.74219,4.446553
12316,31-08-2026,11,IDH,-11.0,test,-19.037285,-25.24085,-5.25993
12316,31-08-2026,12,TDL,2.0,test,-1.3412886,-16.768312,3.0831263
12316,31-08-2026,14,PRYJ,-21.0,test,-24.017595,-34.20185,-9.872052
12316,31-08-2026,15,DDU,-6.0,test,-5.087292,-18.312075,2.52365
12316,31-08-2026,16,PNBE,-4.0,test,-9.812729,-21.287746,-1.7060603
12316,31-08-2026,17,JAJ,2.0,test,-0.9846288,-17.083687,4.8775
12316,31-08-2026,18,JSME,-2.0,test,-4.77432,-17.318861,5.036895
12316,31-08-2026,19,MDP,-5.0,test,-4.901947,-18.08014,-0.22862327
12316,31-08-2026,20,ASN,-3.0,test,-6.4447184,-19.748442,1.6398534
12316,31-08-2026,21,BWN,2.0,test,-4.4772553,-17.206154,3.3135643
12413,28-08-2026,1,AII,12.0,test,-13.258904,-32.672905,13.911785
12413,28-08-2026,2,KSG,11.0,test,-13.427933,-33.690956,9.931587
12413,28-08-2026,3,FL,-2.0,test,-23.270996,-45.810726,6.568926
12413,28-08-2026,4,JP,-8.0,test,-28.273438,-46.157345,5.205992
12413,28-08-2026,5,GADJ,-6.0,test,-26.173182,-44.802475,9.849535
12413,28-08-2026,6,DO,-9.0,test,-30.74603,-47.08337,5.6305947
12413,28-08-2026,7,BKI,-15.0,test,-33.616257,-50.94361,3.959436
12413,28-08-2026,8,RHG,-14.0,test,-33.066696,-49.784405,3.6833358
12413,28-08-2026,9,AWR,-5.0,test,-26.98273,-45.050117,5.2929745
12413,28-08-2026,10,KRH,-16.0,test,-31.22775,-51.501556,6.4283023
12413,28-08-2026,11,RE,4.0,test,-16.665924,-39.48181,16.242891
12413,28-08-2026,12,GGN,0.0,test,-23.724918,-42.87548,10.609369
12413,28-08-2026,13,DEC,-2.0,test,-25.617117,-44.929546,7.1529016
12413,28-08-2026,14,DLI,-3.0,test,-26.379765,-43.919407,5.861914
12413,28-08-2026,15,KUN,-21.0,test,-41.797665,-63.28985,-4.4157324
12413,28-08-2026,16,UMB,9.0,test,-17.996645,-37.35697,3.1591854
12413,28-08-2026,17,LDH,7.0,test,-19.69355,-40.371227,2.6986482
12413,28-08-2026,18,JRC,-1.0,test,-27.458977,-47.121006,-1.3384826
12413,28-08-2026,19,PTKC,-25.0,test,-35.53952,-53.776634,-0.2481542
12413,28-08-2026,20,MSKT,-41.0,test,-37.162388,-51.660706,-0.7542952
12413,29-08-2026,1,AII,18.0,test,-13.416233,-32.21493,14.844945
12413,29-08-2026,2,KSG,17.0,test,-13.949396,-33.674175,10.864747
12413,29-08-2026,3,FL,11.0,test,-17.619753,-41.238846,8.409012
12413,29-08-2026,4,JP,10.0,test,-18.616062,-40.521557,8.422972
12413,29-08-2026,5,GADJ,12.0,test,-18.02952,-40.093365,13.180484
12413,29-08-2026,6,DO,7.0,test,-21.842983,-44.822796,5.677481
12413,29-08-2026,7,BKI,3.0,test,-28.318314,-46.347088,8.747878
12413,29-08-2026,8,RHG,2.0,test,-28.471413,-46.662437,10.286298
12413,29-08-2026,9,AWR,11.0,test,-19.057371,-42.35671,6.9537153
12413,29-08-2026,10,KRH,6.0,test,-25.946896,-45.598213,5.586457
12413,29-08-2026,11,RE,14.0,test,-14.522927,-34.889427,16.804672
12413,29-08-2026,12,GGN,7.0,test,-21.807192,-42.430332,12.192546
12413,29-08-2026,13,DEC,0.0,test,-28.021248,-46.063004,6.2424417
12413,29-08-2026,14,DLI,-9.0,test,-29.589987,-48.934406,10.124425
12413,29-08-2026,15,KUN,-23.0,test,-45.228977,-61.255093,-3.6561856
12413,29-08-2026,16,UMB,14.0,test,-18.969759,-36.116985,2.85592
12413,29-08-2026,17,LDH,11.0,test,-20.168268,-40.775528,2.3011773
12413,29-08-2026,18,JRC,8.0,test,-23.911001,-44.40665,-1.7413149
12413,29-08-2026,19,PTKC,3.0,test,-26.735962,-44.27092,4.3417916
12413,29-08-2026,20,MSKT,-11.0,test,-30.141405,-47.269558,3.4356787
12413,30-08-2026,1,AII,-12.0,test,-13.557309,-32.19064,14.973395
12413,30-08-2026,2,KSG,-15.0,test,-14.953075,-33.99328,10.980947
12413,30-08-2026,3,FL,-15.0,test,-15.380665,-35.992897,9.581814
12413,30-08-2026,4,JP,-18.0,test,-17.910969,-38.762943,9.123011
12413,30-08-2026,5,GADJ,-16.0,test,-16.315104,-34.897392,13.869557
12413,30-08-2026,6,DO,-25.0,test,-24.390919,-44.229656,6.7446966
12413,30-08-2026,7,BKI,-30.0,test,-29.129967,-45.118183,10.009714
12413,30-08-2026,8,RHG,-30.0,test,-29.653202,-47.2223,12.343714
12413,30-08-2026,9,AWR,-23.0,test,-22.419353,-43.87599,7.99364
12413,30-08-2026,10,KRH,-35.0,test,-30.546728,-45.710968,4.560268
12413,30-08-2026,11,RE,-19.0,test,-16.07691,-37.716827,16.726559
12413,30-08-2026,12,GGN,-26.0,test,-25.50529,-44.399654,8.003749
12413,30-08-2026,13,DEC,-40.0,test,-27.561522,-47.285732,7.3695025
12413,30-08-2026,14,DLI,-29.0,test,-26.933407,-45.417526,11.678431
12413,30-08-2026,15,KUN,-44.0,test,-38.46702,-59.235485,-4.0781016
12413,30-08-2026,16,UMB,-12.0,test,-14.1402025,-33.424583,2.2025628
12413,30-08-2026,17,LDH,-12.0,test,-15.451876,-33.032734,2.7900608
12413,30-08-2026,18,JRC,-12.0,test,-14.903972,-33.99101,-0.2490978
12413,30-08-2026,19,PTKC,-12.0,test,-14.8064165,-34.056488,3.3849134
12413,30-08-2026,20,MSKT,-25.0,test,-28.286114,-46.594498,1.2999488
12413,31-08-2026,1,AII,14.0,test,-11.692333,-30.853254,10.310183
12413,31-08-2026,2,KSG,11.0,test,-12.567609,-31.424583,7.3229976
12413,31-08-2026,3,FL,11.0,test,-13.266792,-32.138676,7.1826487
12413,31-08-2026,4,JP,6.0,test,-20.271048,-40.690296,5.1088104
12413,31-08-2026,5,GADJ,8.0,test,-16.12869,-37.907734,9.552302
12413,31-08-2026,6,DO,5.0,test,-21.097727,-43.76226,3.3456368
12413,31-08-2026,7,BKI,-9.0,test,-33.96912,-50.546032,-4.3454547
12413,31-08-2026,8,RHG,-9.0,test,-32.58416,-49.79915,-5.452425
12413,31-08-2026,9,AWR,1.0,test,-24.501364,-45.338226,2.1134298
12413,31-08-2026,10,KRH,-5.0,test,-31.934004,-48.335686,-4.981273
12413,31-08-2026,11,RE,6.0,test,-19.450806,-40.52716,6.328069
12413,31-08-2026,12,GGN,2.0,test,-25.541857,-45.391792,3.2162395
12413,31-08-2026,13,DEC,-2.0,test,-27.937729,-48.259262,-1.3561598
12413,31-08-2026,14,DLI,-15.0,test,-29.618427,-51.16912,-2.4824617
12413,31-08-2026,15,KUN,-52.0,test,-58.5811,-73.2956,-12.830817
12413,31-08-2026,16,UMB,-43.0,test,-41.161266,-54.022934,-11.019169
12413,31-08-2026,17,LDH,-46.0,test,-41.41865,-54.936188,-11.133825
12413,31-08-2026,18,JRC,-56.0,test,-43.120758,-55.958366,-14.51671
12413,31-08-2026,19,PTKC,-39.0,test,-37.278744,-48.972485,-9.504494
12413,31-08-2026,20,MSKT,-48.0,test,-38.89488,-49.33818,-11.080995
12466,28-08-2026,1,BGKT,0.0,test,-17.896618,-28.08432,1.2065274
12466,28-08-2026,2,JU,0.0,test,-18.112438,-28.300087,1.3270342
12466,28-08-2026,3,RKB,-1.0,test,-19.120607,-28.909351,0.848353
12466,28-08-2026,4,GOTN,-3.0,test,-20.9361,-29.106003,-5.352833
12466,28-08-2026,5,MTD,-2.0,test,-20.892962,-28.83436,-4.163993
12466,28-08-2026,6,REN,-27.0,test,-36.80043,-51.630318,-23.997086
12466,28-08-2026,7,DNA,-15.0,test,-29.022348,-40.75962,-12.03257
12466,28-08-2026,8,MKN,-16.0,test,-31.624857,-41.722874,-13.8656225
12466,28-08-2026,9,KMNC,-19.0,test,-33.86474,-44.78045,-15.782258
12466,28-08-2026,10,NAC,-16.0,test,-32.195225,-42.526936,-14.260898
12466,28-08-2026,11,SBR,-5.0,test,-21.018114,-31.755663,-3.3029332
12466,28-08-2026,12,FL,-9.0,test,-23.627975,-38.46496,-5.701192
12466,28-08-2026,13,JP,-9.0,test,-26.622488,-40.456573,-8.097985
12466,28-08-2026,14,DPA,-15.0,test,-30.993488,-41.928673,-13.8264265
12466,28-08-2026,15,BNLW,-10.0,test,-28.562733,-42.570663,-10.420697
12466,28-08-2026,16,ISA,-11.0,test,-30.586124,-42.568142,-12.407275
12466,28-08-2026,17,CKB,-10.0,test,-29.61179,-43.80678,-10.692112
12466,28-08-2026,18,SWM,-10.0,test,-24.30098,-36.91253,-5.9167986
12466,28-08-2026,19,IDG,-14.0,test,-30.56578,-40.663254,-13.205827
12466,28-08-2026,20,LKE,-14.0,test,-30.594858,-41.894115,-12.59334
12466,28-08-2026,21,KPZ,-14.0,test,-31.094923,-40.138134,-13.155478
12466,28-08-2026,22,KOTA,-13.0,test,-29.949064,-40.050125,-11.61441
12466,28-08-2026,23,NKOT,-19.0,test,-34.47214,-43.404293,-15.310553
12466,28-08-2026,24,DARA,-35.0,test,-39.87571,-52.377064,-23.50219
12466,28-08-2026,25,RMA,-44.0,test,-43.244373,-47.518078,-23.103058
12466,28-08-2026,26,BWM,-53.0,test,-44.82872,-50.915928,-24.268024
12466,28-08-2026,27,GOH,-54.0,test,-46.115128,-50.568336,-24.472082
12466,28-08-2026,28,SGZ,-55.0,test,-46.093456,-51.440342,-24.042477
12466,28-08-2026,29,SVA,-57.0,test,-46.470844,-53.623432,-24.85815
12466,28-08-2026,30,CMU,-57.0,test,-48.933086,-54.039967,-25.264301
12466,28-08-2026,31,VMA,-50.0,test,-42.491814,-46.841434,-23.595118
12466,28-08-2026,32,MEP,-44.0,test,-39.710903,-45.28567,-22.86573
12466,28-08-2026,33,NAD,-44.0,test,-36.281807,-43.340427,-21.63547
12466,28-08-2026,34,UJN,-37.0,test,-31.771734,-42.398083,-21.255861
12466,28-08-2026,35,DWX,-36.0,test,-30.675333,-42.64388,-21.885925
12466,29-08-2026,1,BGKT,-20.0,test,-17.45239,-28.623854,1.6834842
12466,29-08-2026,2,JU,-18.0,test,-16.99361,-28.57954,1.7610555
12466,29-08-2026,3,RKB,-20.0,test,-18.620821,-29.803946,1.3023146
12466,29-08-2026,4,GOTN,-24.0,test,-21.670113,-33.04772,-5.6863227
12466,29-08-2026,5,MTD,-24.0,test,-21.41127,-32.49549,-5.008816
12466,29-08-2026,6,REN,-48.0,test,-35.945473,-54.797478,-24.280016
12466,29-08-2026,7,DNA,-35.0,test,-28.63387,-40.863316,-11.760936
12466,29-08-2026,8,MKN,-36.0,test,-31.367762,-43.444527,-14.103904
12466,29-08-2026,9,KMNC,-40.0,test,-33.228077,-46.573154,-15.81043
12466,29-08-2026,11,SBR,-27.0,test,-20.89542,-33.817688,-3.4091446
12466,29-08-2026,12,FL,-31.0,test,-24.54087,-39.045437,-9.619828
12466,29-08-2026,13,JP,-38.0,test,-31.388977,-44.374096,-14.311612
12466,29-08-2026,14,DPA,-40.0,test,-32.611374,-44.973003,-16.192719
12466,29-08-2026,15,BNLW,-36.0,test,-32.356293,-44.519455,-16.192017
12466,29-08-2026,16,ISA,-39.0,test,-34.077213,-45.531757,-17.373308
12466,29-08-2026,17,CKB,-40.0,test,-34.9194,-46.941963,-17.980564
12466,29-08-2026,18,SWM,-18.0,test,-17.390158,-28.434376,-2.3485286
12466,29-08-2026,19,IDG,-23.0,test,-24.519688,-33.53034,-6.3610845
12466,29-08-2026,20,LKE,-23.0,test,-24.388117,-35.243225,-5.934498
12466,29-08-2026,21,KPZ,-23.0,test,-24.994017,-34.23389,-6.1079016
12466,29-08-2026,22,KOTA,-22.0,test,-23.104315,-30.598705,-5.929196
12466,29-08-2026,23,NKOT,-30.0,test,-27.625603,-39.9731,-9.940968
12466,29-08-2026,24,DARA,-29.0,test,-26.54836,-43.359455,-9.1543045
12466,29-08-2026,25,RMA,-32.0,test,-30.306004,-41.64242,-11.5883665
12466,29-08-2026,26,BWM,-35.0,test,-32.32266,-43.59886,-14.127169
12466,29-08-2026,27,GOH,-36.0,test,-33.47367,-43.865112,-16.283758
12466,29-08-2026,28,SGZ,-38.0,test,-34.210197,-45.830112,-15.670802
12466,29-08-2026,29,SVA,-40.0,test,-34.75575,-47.95028,-17.117153
12466,29-08-2026,30,CMU,-41.0,test,-35.842163,-47.674397,-17.8441
12466,29-08-2026,31,VMA,-34.0,test,-30.979858,-43.825268,-12.498432
12466,29-08-2026,32,MEP,-28.0,test,-25.729652,-41.27336,-6.982505
12466,29-08-2026,33,NAD,-21.0,test,-22.797676,-29.376488,-6.0699244
12466,29-08-2026,34,UJN,-27.0,test,-22.37888,-31.870693,-8.014034
12466,29-08-2026,35,DWX,-31.0,test,-27.444702,-34.01439,-12.618973
12466,30-08-2026,1,BGKT,-31.0,test,-15.388814,-29.219723,2.827718
12466,30-08-2026,2,JU,-51.0,test,-28.40903,-39.00378,-4.8913217
12466,30-08-2026,3,RKB,-62.0,test,-33.251904,-45.934715,-12.985931
12466,30-08-2026,4,GOTN,-67.0,test,-33.603615,-43.026108,-16.360683
12466,30-08-2026,5,MTD,-67.0,test,-34.141796,-43.81535,-18.333858
12466,30-08-2026,6,REN,-69.0,test,-40.70695,-50.879883,-23.947104
12466,30-08-2026,7,DNA,-54.0,test,-27.963749,-41.250004,-17.32317
12466,30-08-2026,8,MKN,-56.0,test,-30.378439,-44.665585,-18.81398
12466,30-08-2026,9,KMNC,-56.0,test,-30.865936,-45.691345,-20.404295
12466,30-08-2026,10,NAC,-52.0,test,-28.519999,-43.664875,-13.912012
12466,30-08-2026,11,SBR,-36.0,test,-17.238878,-32.737614,-1.2893189
12466,30-08-2026,12,FL,-48.0,test,-27.318188,-41.106453,-10.934674
12466,30-08-2026,13,JP,-46.0,test,-25.10877,-42.424778,-11.481409
12466,30-08-2026,14,DPA,-47.0,test,-26.002954,-42.967262,-12.564415
12466,30-08-2026,15,BNLW,-41.0,test,-23.603523,-43.475193,-11.346084
12466,30-08-2026,16,ISA,-44.0,test,-24.746979,-43.81342,-14.321324
12466,30-08-2026,17,CKB,-45.0,test,-27.41423,-44.516895,-14.956904
12466,30-08-2026,18,SWM,-28.0,test,-15.905784,-29.544987,-0.7339681
12466,30-08-2026,19,IDG,-34.0,test,-19.4189,-35.24111,-4.3325067
12466,30-08-2026,20,LKE,-33.0,test,-18.53698,-35.85311,-3.8106134
12466,30-08-2026,21,KPZ,-39.0,test,-21.618208,-39.48291,-5.81332
12466,30-08-2026,22,KOTA,-36.0,test,-19.53327,-35.81224,-3.24724
12466,30-08-2026,23,NKOT,-38.0,test,-20.753847,-40.46905,-5.0456166
12466,30-08-2026,24,DARA,-36.0,test,-19.689184,-39.6438,-5.8693776
12466,30-08-2026,25,RMA,-39.0,test,-20.45682,-40.22713,-6.251428
12466,30-08-2026,26,BWM,-42.0,test,-23.343401,-42.29497,-11.07827
12466,30-08-2026,27,GOH,-45.0,test,-26.352291,-42.430977,-14.471547
12466,30-08-2026,28,SGZ,-47.0,test,-27.267437,-44.153088,-13.853953
12466,30-08-2026,29,SVA,-49.0,test,-29.216528,-45.311848,-15.795932
12466,30-08-2026,30,CMU,-51.0,test,-30.14388,-46.16086,-16.79984
12466,30-08-2026,31,VMA,-43.0,test,-23.772343,-42.7873,-10.174638
12466,30-08-2026,32,MEP,-37.0,test,-20.749502,-40.241634,-4.3532968
12466,30-08-2026,33,NAD,-31.0,test,-17.375683,-28.73673,-4.4056954
12466,30-08-2026,34,UJN,-31.0,test,-19.084871,-29.352991,-5.7720256
12466,30-08-2026,35,DWX,-33.0,test,-19.498798,-31.938606,-6.8955526
12466,31-08-2026,1,BGKT,-5.0,test,-16.32201,-28.366428,2.050659
12466,31-08-2026,2,JU,-4.0,test,-16.45768,-28.15303,2.2231853
12466,31-08-2026,3,RKB,-7.0,test,-17.498236,-29.666998,1.547824
12466,31-08-2026,4,GOTN,-9.0,test,-20.40143,-31.467371,-5.259091
12466,31-08-2026,5,MTD,-8.0,test,-19.39121,-29.241957,-4.31131
12466,31-08-2026,6,REN,-33.0,test,-36.781776,-51.502594,-24.740105
12466,31-08-2026,7,DNA,-20.0,test,-26.89588,-40.669067,-11.70214
12466,31-08-2026,8,MKN,-22.0,test,-30.62344,-42.44888,-14.828228
12466,31-08-2026,9,KMNC,-25.0,test,-34.290123,-44.22984,-15.935513
12466,31-08-2026,10,NAC,-23.0,test,-32.013294,-43.634262,-15.325268
12466,31-08-2026,11,SBR,-11.0,test,-19.507664,-31.950867,-2.6794715
12466,31-08-2026,12,FL,-19.0,test,-25.874308,-39.303074,-10.455041
12466,31-08-2026,13,JP,-18.0,test,-26.288841,-41.289722,-11.751101
12466,31-08-2026,14,DPA,-20.0,test,-28.617117,-41.24821,-13.365763
12466,31-08-2026,15,BNLW,-20.0,test,-29.879898,-44.162746,-14.0353775
12466,31-08-2026,16,ISA,-21.0,test,-31.664103,-44.508114,-16.472012
12466,31-08-2026,17,CKB,-34.0,test,-37.164715,-53.011005,-24.16568
12466,31-08-2026,18,SWM,-13.0,test,-21.359552,-33.625526,-5.13011
12466,31-08-2026,19,IDG,-21.0,test,-30.240429,-40.479534,-13.601188
12466,31-08-2026,20,LKE,-21.0,test,-29.906929,-42.665993,-13.391403
12466,31-08-2026,21,KPZ,-23.0,test,-32.145668,-41.393127,-14.559393
12466,31-08-2026,22,KOTA,-17.0,test,-27.845053,-39.168854,-10.749302
12466,31-08-2026,23,NKOT,-20.0,test,-29.295624,-42.038933,-12.405635
12466,31-08-2026,24,DARA,-17.0,test,-27.824238,-42.872395,-12.485252
12466,31-08-2026,25,RMA,-21.0,test,-30.507502,-41.463657,-13.626803
12466,31-08-2026,26,BWM,-23.0,test,-33.671413,-43.270844,-15.746378
12466,31-08-2026,27,GOH,-25.0,test,-35.164223,-43.55463,-16.91327
12466,31-08-2026,28,SGZ,-26.0,test,-35.27501,-44.991768,-16.418982
12466,31-08-2026,29,SVA,-29.0,test,-36.39481,-48.53519,-20.153511
12466,31-08-2026,30,CMU,-30.0,test,-36.676807,-48.19819,-21.105558
12466,31-08-2026,31,VMA,-23.0,test,-32.98783,-44.122932,-15.432229
12466,31-08-2026,32,MEP,-17.0,test,-27.337524,-41.595947,-11.16013
12466,31-08-2026,33,NAD,-14.0,test,-23.52883,-37.428432,-7.4344816
12466,31-08-2026,34,UJN,-22.0,test,-27.996437,-34.84562,-14.43645
12466,31-08-2026,35,DWX,-36.0,test,-30.994192,-44.56583,-20.95442
12468,28-08-2026,0,JP,7.0,test,-8.824675,-21.026337,16.821192
12468,28-08-2026,1,KKU,5.0,test,-11.113848,-21.099936,9.346899
12468,28-08-2026,2,JOB,2.0,test,-13.4569,-23.340248,11.624569
12468,28-08-2026,3,FL,7.0,test,-10.955774,-21.355568,13.984142
12468,28-08-2026,4,SBR,7.0,test,-10.414721,-20.747139,17.426167
12468,28-08-2026,5,NAC,7.0,test,-10.901894,-21.075598,10.077902
12468,28-08-2026,6,KMNC,7.0,test,-11.072866,-21.269737,11.969965
12468,28-08-2026,7,MKN,7.0,test,-10.748825,-21.029675,11.380872
12468,28-08-2026,8,GCH,7.0,test,-10.521387,-20.918406,11.702986
12468,28-08-2026,9,DNA,6.0,test,-11.554072,-21.199945,9.73094
12468,28-08-2026,10,REN,7.0,test,-10.509553,-21.093615,14.344464
12468,28-08-2026,11,MTDB,7.0,test,-11.175174,-21.97664,11.451747
12468,28-08-2026,12,MDW,-3.0,test,-17.484755,-30.185299,8.556288
12468,28-08-2026,13,NGO,7.0,test,-12.008555,-22.812592,10.175386
12468,28-08-2026,14,NOK,-18.0,test,-30.374786,-46.40022,-3.221182
12468,28-08-2026,15,DSO,-9.0,test,-22.108358,-31.81005,4.486166
12468,28-08-2026,16,BKN,-7.0,test,-16.808292,-28.666927,11.208049
12468,28-08-2026,17,LGH,-12.0,test,-24.69594,-33.218933,1.6313945
12468,28-08-2026,18,KLYT,-20.0,test,-29.57165,-41.75797,0.47979915
12468,28-08-2026,19,PLCJ,-7.0,test,-16.92834,-28.67106,13.913533
12468,28-08-2026,20,RDRA,-14.0,test,-24.15579,-33.945732,10.627105
12468,28-08-2026,21,POK,-24.0,test,-25.266232,-39.741062,7.0723486
12468,28-08-2026,22,SBLT,-19.0,test,-24.263334,-37.218178,2.0910013
12468,29-08-2026,0,JP,-20.0,test,-9.646801,-21.2131,15.212829
12468,29-08-2026,1,KKU,-24.0,test,-12.939943,-22.659937,8.335803
12468,29-08-2026,2,JOB,-27.0,test,-16.269188,-24.989447,11.269788
12468,29-08-2026,3,FL,-23.0,test,-12.813964,-22.545704,13.559116
12468,29-08-2026,4,SBR,-20.0,test,-11.174606,-21.324987,15.056304
12468,29-08-2026,5,NAC,-18.0,test,-11.50359,-21.075598,11.086062
12468,29-08-2026,6,KMNC,-18.0,test,-11.738085,-21.64057,12.533536
12468,29-08-2026,7,MKN,-18.0,test,-11.464492,-21.400507,11.855686
12468,29-08-2026,8,GCH,-19.0,test,-11.299293,-21.102022,13.414317
12468,29-08-2026,9,DNA,-19.0,test,-11.807533,-21.488905,10.294512
12468,29-08-2026,10,REN,-18.0,test,-11.17477,-20.783737,14.197981
12468,29-08-2026,11,MTDB,-18.0,test,-11.840393,-21.97664,11.114771
12468,29-08-2026,12,MDW,-24.0,test,-13.683987,-26.350418,8.560429
12468,29-08-2026,13,NGO,-18.0,test,-12.673774,-22.082598,9.187924
12468,29-08-2026,14,NOK,-45.0,test,-30.597008,-47.743286,-0.59027636
12468,29-08-2026,15,DSO,-24.0,test,-13.049696,-24.296656,12.0380945
12468,29-08-2026,16,BKN,-19.0,test,-11.35812,-20.896967,11.494346
12468,29-08-2026,17,LGH,-27.0,test,-17.12032,-25.76242,8.388375
12468,29-08-2026,18,KLYT,-34.0,test,-24.494751,-33.324203,-0.20505677
12468,29-08-2026,19,PLCJ,-18.0,test,-11.537377,-21.880852,12.653464
12468,29-08-2026,20,RDRA,-18.0,test,-13.523937,-21.82704,9.4428215
12468,29-08-2026,22,SBLT,-19.0,test,-13.9530525,-21.441898,5.7635045
12468,30-08-2026,0,JP,-15.0,test,-10.432255,-21.555227,14.39139
12468,30-08-2026,1,KKU,-19.0,test,-13.257787,-22.798702,6.9135213
12468,30-08-2026,2,JOB,-22.0,test,-17.66371,-26.170286,10.840723
12468,30-08-2026,3,FL,-17.0,test,-13.131807,-22.517147,13.051162
12468,30-08-2026,4,SBR,-17.0,test,-12.586266,-21.906528,12.913131
12468,30-08-2026,5,NAC,-19.0,test,-13.739422,-22.909184,8.506502
12468,30-08-2026,6,KMNC,-19.0,test,-13.593991,-22.908884,10.814055
12468,30-08-2026,7,MKN,-19.0,test,-13.540604,-22.89954,9.68795
12468,30-08-2026,8,GCH,-16.0,test,-12.215225,-20.916487,9.603677
12468,30-08-2026,9,DNA,-22.0,test,-18.003279,-26.443983,7.237199
12468,30-08-2026,10,REN,-21.0,test,-15.723056,-24.113413,10.82105
12468,30-08-2026,11,MTDB,-18.0,test,-13.491509,-23.932358,9.000432
12468,30-08-2026,12,MDW,-47.0,test,-30.368696,-49.73739,5.175434
12468,30-08-2026,13,NGO,-57.0,test,-35.476704,-51.188866,0.6995697
12468,30-08-2026,14,NOK,-63.0,test,-40.85989,-57.85911,-5.054555
12468,30-08-2026,15,DSO,-45.0,test,-29.05729,-46.21878,0.4992022
12468,30-08-2026,16,BKN,-26.0,test,-17.670818,-28.809746,9.337488
12468,30-08-2026,17,LGH,-32.0,test,-25.012945,-34.756317,1.2502297
12468,30-08-2026,18,KLYT,-41.0,test,-30.418869,-42.57962,-9.069619
12468,30-08-2026,19,PLCJ,-21.0,test,-14.275198,-24.451216,6.294617
12468,30-08-2026,20,RDRA,-18.0,test,-13.463753,-22.70328,2.8374045
12468,30-08-2026,21,POK,-20.0,test,-13.226382,-23.21136,2.616413
12468,30-08-2026,22,SBLT,-18.0,test,-13.677057,-21.634853,2.3143528
12468,31-08-2026,0,JP,-11.0,test,-8.088532,-20.924337,10.372571
12468,31-08-2026,1,KKU,-14.0,test,-10.242663,-20.847271,5.9040513
12468,31-08-2026,2,JOB,-17.0,test,-12.483097,-23.484999,7.1773205
12468,31-08-2026,3,FL,-14.0,test,-10.826677,-21.38663,9.244617
12468,31-08-2026,4,SBR,-13.0,test,-10.105055,-20.868443,9.225078
12468,31-08-2026,5,NAC,-12.0,test,-10.2315,-21.130564,7.8191686
12468,31-08-2026,6,KMNC,-10.0,test,-10.403161,-21.114573,10.574423
12468,31-08-2026,7,MKN,-10.0,test,-9.945621,-21.03539,8.897256
12468,31-08-2026,8,GCH,-10.0,test,-9.692563,-20.45445,6.9131417
12468,31-08-2026,9,DNA,-10.0,test,-10.316144,-20.90657,7.2924514
12468,31-08-2026,10,REN,-12.0,test,-10.151137,-20.897121,10.619168
12468,31-08-2026,12,MDW,-13.0,test,-10.923493,-23.981352,5.2539
12468,31-08-2026,13,NGO,-25.0,test,-21.275654,-31.18839,-1.9681258
12468,31-08-2026,14,NOK,-29.0,test,-26.296282,-38.10439,-5.6882424
12468,31-08-2026,15,DSO,-16.0,test,-11.824,-24.445316,7.9051456
12468,31-08-2026,16,BKN,-13.0,test,-10.616276,-21.580616,8.620449
12468,31-08-2026,17,LGH,-17.0,test,-12.970849,-24.139952,5.3908253
12468,31-08-2026,18,KLYT,-25.0,test,-24.400623,-32.4371,-4.8853335
12468,31-08-2026,19,PLCJ,-10.0,test,-10.338675,-21.411694,7.5470552
12468,31-08-2026,20,RDRA,-25.0,test,-20.918903,-30.088276,-0.4427722
12468,31-08-2026,21,POK,-15.0,test,-13.113834,-21.812668,2.7123387
12468,31-08-2026,22,SBLT,-18.0,test,-14.244777,-22.507227,0.45338473
12481,28-08-2026,0,DLI,-10.0,test,-11.248753,-20.738703,2.641155
12481,28-08-2026,1,SSB,-20.0,test,-20.17428,-27.629921,-2.5100799
12481,28-08-2026,2,BGZ,-27.0,test,-24.72408,-31.130741,-4.9820285
12481,28-08-2026,3,SPZ,-28.0,test,-25.87866,-32.404133,-7.1137033
12481,28-08-2026,4,ROK,-26.0,test,-24.282259,-30.247972,-8.505093
12481,28-08-2026,5,JIND,-34.0,test,-31.90834,-38.311214,-19.7207
12481,28-08-2026,6,NRW,-34.0,test,-31.721775,-38.699196,-19.21298
12481,28-08-2026,7,TUN,-37.0,test,-34.121143,-41.618637,-19.994638
12481,28-08-2026,8,JHL,-38.0,test,-34.081326,-41.444557,-20.697329
12481,28-08-2026,9,BLZ,-38.0,test,-34.137733,-41.808247,-21.26326
12481,28-08-2026,10,MSZ,-38.0,test,-34.181072,-41.280464,-20.929665
12481,28-08-2026,11,MAUR,-40.0,test,-37.389454,-43.626774,-22.015556
12481,28-08-2026,12,BTI,-9.0,test,-11.81733,-21.926111,0.92148787
12481,28-08-2026,13,GDB,-16.0,test,-16.51186,-22.134008,-1.5177851
12481,28-08-2026,14,MOT,-18.0,test,-18.4005,-23.305082,-2.3536944
12481,28-08-2026,15,ABS,-18.0,test,-18.441727,-22.744318,-5.0263624
12481,29-08-2026,0,DLI,-19.0,test,-19.930508,-29.028759,-1.6015754
12481,29-08-2026,12,BTI,-4.0,test,-13.208849,-22.109516,0.65427136
12481,29-08-2026,13,GDB,-11.0,test,-16.173262,-22.963676,-1.5471296
12481,29-08-2026,14,MOT,-11.0,test,-15.832548,-22.382267,-1.9216373
12481,29-08-2026,15,ABS,-11.0,test,-15.764461,-21.8436,-5.1099596
12481,30-08-2026,0,DLI,-1.0,test,-12.070813,-20.684673,4.1290483
12481,30-08-2026,1,SSB,-1.0,test,-13.712796,-22.203169,0.9143643
12481,30-08-2026,2,BGZ,-12.0,test,-19.982313,-28.618275,-1.3114816
12481,30-08-2026,3,SPZ,-14.0,test,-21.493448,-28.83287,-3.7900314
12481,30-08-2026,4,ROK,-15.0,test,-22.14693,-28.860973,-7.221374
12481,30-08-2026,5,JIND,-26.0,test,-29.513998,-38.817284,-20.43464
12481,30-08-2026,6,NRW,-29.0,test,-29.906424,-40.188633,-20.063818
12481,30-08-2026,7,TUN,-39.0,test,-41.984413,-52.757084,-21.197094
12481,30-08-2026,8,JHL,-41.0,test,-42.95503,-53.204723,-21.103828
12481,30-08-2026,10,MSZ,-44.0,test,-43.0557,-52.87158,-21.38751
12481,30-08-2026,11,MAUR,-46.0,test,-45.91753,-54.603382,-22.032887
12481,30-08-2026,12,BTI,-6.0,test,-15.267509,-22.783659,0.58049035
12481,30-08-2026,13,GDB,-11.0,test,-18.02432,-25.858458,-3.094758
12481,30-08-2026,14,MOT,-15.0,test,-20.280062,-27.047829,-6.746905
12481,30-08-2026,15,ABS,-15.0,test,-19.80025,-26.544052,-8.984185
12481,31-08-2026,0,DLI,-7.0,test,-18.763376,-27.613674,0.39416635
12481,31-08-2026,1,SSB,-16.0,test,-26.450136,-35.545612,-7.8295765
12481,31-08-2026,2,BGZ,-18.0,test,-27.98994,-35.32706,-6.6003466
12481,31-08-2026,3,SPZ,-18.0,test,-28.223057,-36.417553,-8.649573
12481,31-08-2026,4,ROK,-17.0,test,-27.88984,-35.799553,-12.626984
12481,31-08-2026,5,JIND,-26.0,test,-35.854904,-42.07479,-21.621216
12481,31-08-2026,6,NRW,-26.0,test,-35.67762,-41.993034,-20.920095
12481,31-08-2026,7,TUN,-38.0,test,-44.952442,-52.47211,-21.887451
12481,31-08-2026,8,JHL,-39.0,test,-45.266727,-52.805687,-21.941648
12481,31-08-2026,9,BLZ,-39.0,test,-45.083168,-52.80179,-22.031553
12481,31-08-2026,10,MSZ,-40.0,test,-45.137665,-52.675053,-22.12687
12481,31-08-2026,11,MAUR,-41.0,test,-45.155087,-53.86313,-22.731073
12481,31-08-2026,12,BTI,0.0,test,-15.371723,-22.899733,1.6516473
12481,31-08-2026,13,GDB,-6.0,test,-19.614834,-25.887209,-3.8696365
12481,31-08-2026,14,MOT,-7.0,test,-19.89593,-26.30569,-5.1727204
12481,31-08-2026,15,ABS,-17.0,test,-24.436749,-33.667374,-11.145159
12964,28-08-2026,1,UDZ,-1.0,test,1.8706251,-15.293543,9.025131
12964,28-08-2026,2,RPZ,-3.0,test,0.16470212,-15.024636,7.5472717
12964,28-08-2026,3,MVJ,-2.0,test,0.0110406205,-15.245386,6.6836667
12964,28-08-2026,4,KIN,-4.0,test,-2.070377,-15.804084,5.503196
12964,28-08-2026,5,COR,-3.0,test,-1.5798595,-15.504668,5.9605303
12964,28-08-2026,6,MLGH,-5.0,test,-1.2490104,-15.1841345,8.949348
12964,28-08-2026,7,BUDI,-9.0,test,-4.2940097,-15.525425,7.0850997
12964,28-08-2026,8,KOTA,-11.0,test,-11.231798,-18.725428,2.4259892
12964,28-08-2026,9,SWM,-9.0,test,-6.9020133,-16.522655,1.279089
12964,28-08-2026,10,GGC,-13.0,test,-15.49382,-18.779564,-4.1072283
12964,28-08-2026,11,SMVJ,-15.0,test,-16.22209,-21.758778,-4.1442575
12964,28-08-2026,12,HAN,-14.0,test,-16.027657,-21.028967,-3.965254
12964,28-08-2026,13,BXN,-13.0,test,-16.20808,-19.874043,-4.213631
12964,28-08-2026,14,BTE,-12.0,test,-12.540842,-20.740248,-3.5946913
12964,28-08-2026,15,MTJ,-3.0,test,-4.678664,-15.013567,3.720466
12964,28-08-2026,16,KSV,-11.0,test,-12.999769,-18.615555,-4.1767774
12964,28-08-2026,17,BVH,-1.0,test,0.27936712,-15.126557,6.367754
12964,29-08-2026,1,UDZ,-1.0,test,1.9277754,-15.307882,10.62779
12964,29-08-2026,2,RPZ,-4.0,test,0.31099054,-15.076794,7.910474
12964,29-08-2026,3,MVJ,-2.0,test,0.0012546107,-15.259726,7.142013
12964,29-08-2026,4,KIN,-3.0,test,-2.0022714,-15.594445,6.1183577
12964,29-08-2026,6,MLGH,-1.0,test,0.6756158,-15.341332,12.019969
12964,29-08-2026,7,BUDI,-1.0,test,0.8011754,-15.133627,11.562053
12964,29-08-2026,8,KOTA,-14.0,test,-14.554406,-21.747484,1.6227719
12964,29-08-2026,9,SWM,-10.0,test,-9.438475,-17.234497,2.4542992
12964,29-08-2026,10,GGC,-16.0,test,-18.515232,-20.410683,-4.9003677
12964,29-08-2026,11,SMVJ,-17.0,test,-19.390442,-22.177914,-8.994995
12964,29-08-2026,12,HAN,-16.0,test,-17.924484,-21.313473,-7.61319
12964,29-08-2026,13,BXN,-14.0,test,-17.197699,-20.987959,-4.163816
12964,29-08-2026,14,BTE,-12.0,test,-12.894084,-20.740248,-2.9437072
12964,29-08-2026,15,MTJ,-11.0,test,-10.211714,-17.469229,1.436927
12964,29-08-2026,16,KSV,-16.0,test,-18.787567,-20.842712,-9.782548
12964,29-08-2026,17,BVH,-1.0,test,-0.0021384396,-15.126557,6.854792
12964,30-08-2026,1,UDZ,17.0,test,1.7949158,-15.298625,10.1499195
12964,30-08-2026,2,RPZ,13.0,test,-0.6528312,-15.159448,7.385682
12964,30-08-2026,3,MVJ,15.0,test,-1.7935532,-15.323434,7.536614
12964,30-08-2026,4,KIN,14.0,test,-3.8852007,-15.804084,6.662164
12964,30-08-2026,5,COR,15.0,test,-1.7761375,-15.535355,7.5637903
12964,30-08-2026,6,MLGH,18.0,test,-0.4962987,-15.259921,12.823122
12964,30-08-2026,7,BUDI,17.0,test,0.057621762,-15.133627,11.930952
12964,30-08-2026,8,KOTA,4.0,test,-13.384112,-21.902744,-0.64469314
12964,30-08-2026,9,SWM,3.0,test,-16.878765,-20.571316,-6.313859
12964,30-08-2026,10,GGC,-3.0,test,-21.47264,-24.748646,-10.367195
12964,30-08-2026,11,SMVJ,-6.0,test,-25.645151,-28.38473,-12.951147
12964,30-08-2026,12,HAN,-7.0,test,-25.882818,-28.645737,-13.842665
12964,30-08-2026,13,BXN,-8.0,test,-26.215532,-28.970823,-15.422338
12964,30-08-2026,14,BTE,-6.0,test,-25.670637,-28.786703,-12.617593
12964,30-08-2026,15,MTJ,3.0,test,-15.469066,-19.833208,-2.9898794
12964,30-08-2026,16,KSV,-10.0,test,-26.221687,-30.499954,-15.737605
12964,30-08-2026,17,BVH,2.0,test,-14.137073,-20.53042,-2.6452327
12964,31-08-2026,1,UDZ,5.0,test,2.0021324,-15.307882,7.125836
12964,31-08-2026,2,RPZ,3.0,test,0.7301041,-15.038976,5.556521
12964,31-08-2026,3,MVJ,3.0,test,-0.75400406,-15.259726,4.5604916
12964,31-08-2026,4,KIN,2.0,test,-1.7566545,-15.583102,4.2470446
12964,31-08-2026,5,COR,4.0,test,-0.39264867,-15.339923,4.9284196
12964,31-08-2026,6,MLGH,5.0,test,0.48953035,-15.1841345,5.379973
12964,31-08-2026,7,BUDI,5.0,test,0.7947992,-15.133627,5.436606
12964,31-08-2026,8,KOTA,-8.0,test,-13.942212,-21.817894,-0.77066654
12964,31-08-2026,9,SWM,-8.0,test,-13.717953,-20.216293,-1.1371102
12964,31-08-2026,10,GGC,-15.0,test,-21.332586,-23.931278,-9.884655
12964,31-08-2026,11,SMVJ,-17.0,test,-23.651653,-27.629604,-11.505634
12964,31-08-2026,12,HAN,-18.0,test,-24.26318,-27.413261,-11.728033
12964,31-08-2026,13,BXN,-23.0,test,-27.554657,-30.83754,-14.850281
12964,31-08-2026,14,BTE,-26.0,test,-29.637056,-34.82128,-16.584854
12964,31-08-2026,15,MTJ,-11.0,test,-16.107584,-20.05163,-4.646044
12964,31-08-2026,16,KSV,-18.0,test,-23.740053,-26.74586,-13.753698
12964,31-08-2026,17,BVH,4.0,test,0.8712497,-15.117738,4.3897595
12974,28-08-2026,1,JP,3.0,test,-0.84753567,-16.655,6.1504703
12974,28-08-2026,2,DPA,-3.0,test,-10.331322,-19.020245,0.46277332
12974,28-08-2026,3,SWM,9.0,test,-3.1195288,-15.560395,5.95909
12974,28-08-2026,4,KOTA,2.0,test,-6.5899386,-16.846107,4.306613
12974,28-08-2026,5,RMA,-8.0,test,-18.440273,-23.395748,-3.8345487
12974,28-08-2026,6,NAD,8.0,test,-4.919801,-15.860953,3.058862
12974,28-08-2026,7,UJN,4.0,test,-7.758288,-16.915531,-0.65603226
12974,28-08-2026,8,DWX,0.0,test,-10.376165,-19.09929,-1.6968588
12974,30-08-2026,1,JP,-9.0,test,-0.6229667,-16.361736,7.2648644
12974,30-08-2026,2,DPA,-13.0,test,-7.625707,-18.860449,1.8246032
12974,30-08-2026,3,SWM,-6.0,test,-4.2675414,-15.473026,5.6541605
12974,30-08-2026,4,KOTA,-15.0,test,-11.693765,-20.72429,-1.9618367
12974,30-08-2026,5,RMA,-21.0,test,-19.260681,-25.605225,-8.950061
12974,30-08-2026,6,NAD,-13.0,test,-9.725787,-19.31856,-1.3073153
12974,30-08-2026,7,UJN,-17.0,test,-16.274342,-21.511732,-6.728107
12974,30-08-2026,8,DWX,-21.0,test,-17.808899,-24.649595,-8.770412
12980,28-08-2026,1,JP,8.0,test,0.76345134,-17.474611,16.03138
12980,28-08-2026,2,DPA,-6.0,test,-10.20725,-27.561338,10.424974
12980,28-08-2026,3,SWM,1.0,test,-7.2638807,-18.453527,12.751617
12980,28-08-2026,4,KOTA,5.0,test,-5.581574,-17.659002,11.646246
12980,28-08-2026,5,NAD,8.0,test,-1.9804561,-17.580624,13.319708
12980,28-08-2026,6,RTM,7.0,test,-2.4001062,-17.998093,10.985438
12980,28-08-2026,7,MGN,5.0,test,-5.207169,-18.301552,9.736757
12980,28-08-2026,8,DHD,6.0,test,-6.077742,-18.253565,10.473074
12980,28-08-2026,9,GDA,8.0,test,-0.6445151,-18.249903,11.182522
12980,28-08-2026,10,BRC,-19.0,test,-23.78274,-36.97081,7.1250486
12980,28-08-2026,11,ST,-5.0,test,-12.751832,-25.975111,7.0160236
12980,28-08-2026,12,NVS,-12.0,test,-21.114496,-31.174503,-0.72485465
12980,28-08-2026,13,BL,-40.0,test,-31.280338,-47.514236,-4.3593993
12980,28-08-2026,14,VAPI,-35.0,test,-29.183443,-43.219074,-2.329803
12980,28-08-2026,15,PLG,-31.0,test,-31.066166,-42.878983,-9.22951
12980,28-08-2026,16,BVI,-22.0,test,-25.154192,-35.242718,-5.840225
12980,28-08-2026,17,ADH,-21.0,test,-24.552248,-34.15911,-5.554795
12980,31-08-2026,1,JP,-26.0,test,-2.4862993,-20.298496,8.259325
12980,31-08-2026,2,DPA,-33.0,test,-12.722174,-26.284739,-1.011588
12980,31-08-2026,3,SWM,-22.0,test,-3.4927053,-17.318514,8.749223
12980,31-08-2026,4,KOTA,-25.0,test,-8.845604,-19.258379,6.8241243
12980,31-08-2026,5,NAD,-18.0,test,-2.4481623,-17.612316,9.962475
12980,31-08-2026,6,RTM,-18.0,test,-2.2709222,-18.117527,9.566861
12980,31-08-2026,7,MGN,-21.0,test,-4.917977,-18.434093,6.762579
12980,31-08-2026,8,DHD,-20.0,test,-5.9289823,-18.369719,7.552622
12980,31-08-2026,9,GDA,-18.0,test,-0.747886,-18.366056,9.10161
12980,31-08-2026,10,BRC,-26.0,test,-9.608037,-20.29981,5.3027873
12980,31-08-2026,11,ST,-19.0,test,-5.2869134,-17.334581,7.690255
12980,31-08-2026,12,NVS,-25.0,test,-10.151657,-20.447048,5.2817187
12980,31-08-2026,13,BL,-27.0,test,-13.357934,-23.765308,2.125835
12980,31-08-2026,14,VAPI,-27.0,test,-12.538697,-23.796812,2.5046043
12980,31-08-2026,15,PLG,-26.0,test,-14.806119,-23.351593,0.48766452
12980,31-08-2026,16,BVI,-19.0,test,-7.820251,-18.49308,4.573603
12980,31-08-2026,17,ADH,-18.0,test,-7.530212,-18.11847,3.9504557
12985,28-08-2026,1,JP,15.0,test,9.349232,-16.072409,18.246462
12985,28-08-2026,2,GADJ,8.0,test,3.8804457,-16.782879,14.859808
12985,28-08-2026,3,DO,5.0,test,3.2804167,-18.5232,12.994035
12985,28-08-2026,4,AWR,-5.0,test,-11.536509,-27.617176,10.588098
12985,28-08-2026,5,GGN,9.0,test,1.8053254,-16.691326,12.478076
12985,29-08-2026,1,JP,21.0,test,8.514385,-16.170082,17.514042
12985,29-08-2026,2,GADJ,13.0,test,2.4006262,-19.435808,11.1555195
12985,29-08-2026,3,DO,15.0,test,3.224463,-17.270926,11.015555
12985,29-08-2026,4,AWR,15.0,test,0.67935437,-17.802309,10.973861
12985,29-08-2026,5,GGN,16.0,test,1.7763752,-16.804356,11.626212
12985,30-08-2026,1,JP,0.0,test,7.1366644,-16.362644,16.351675
12985,30-08-2026,3,DO,-8.0,test,1.7342559,-18.697382,7.476805
12985,30-08-2026,4,AWR,-8.0,test,-1.3464954,-18.98426,7.883191
12985,30-08-2026,5,GGN,-3.0,test,3.2726676,-16.80143,8.173887
12985,31-08-2026,1,JP,-9.0,test,7.614078,-16.072409,13.667837
12985,31-08-2026,2,GADJ,-16.0,test,0.47045076,-16.679607,9.304616
12985,31-08-2026,3,DO,-16.0,test,0.8905372,-16.618921,8.19212
12985,31-08-2026,4,AWR,-16.0,test,-1.9190902,-17.079767,7.963706
12985,31-08-2026,5,GGN,-9.0,test,2.9017258,-16.499048,10.249778
12991,28-08-2026,0,UDZ,0.0,test,-2.546779,-16.638178,4.5928936
12991,28-08-2026,1,RPZ,-3.0,test,-6.9504523,-16.435368,2.3868263
12991,28-08-2026,2,MVJ,-2.0,test,-7.5686297,-16.682833,1.0143327
12991,28-08-2026,3,FAN,-7.0,test,-10.363883,-20.095177,-2.9914114
12991,28-08-2026,4,KIN,-8.0,test,-13.091895,-21.101725,-3.913375
12991,28-08-2026,5,COR,-17.0,test,-19.962778,-27.702007,-9.772136
12991,28-08-2026,6,BHL,-13.0,test,-14.920958,-24.88996,-7.86376
12991,28-08-2026,7,MDL,-12.0,test,-14.740419,-24.462923,-7.528686
12991,28-08-2026,9,BJNR,-12.0,test,-16.320171,-25.459259,-8.033206
12991,28-08-2026,10,NSD,-15.0,test,-19.772015,-27.575079,-11.368776
12991,28-08-2026,11,AII,-2.0,test,-6.2353206,-17.648273,3.0735555
12991,28-08-2026,12,KSG,-2.0,test,-8.589963,-17.720253,-0.16107461
12991,28-08-2026,13,FL,-1.0,test,-8.847374,-17.452385,-1.0508499
12991,28-08-2026,14,JOB,-3.0,test,-10.431091,-18.024096,-2.7179713
12991,29-08-2026,0,UDZ,-7.0,test,-2.7526534,-16.661776,6.334735
12991,29-08-2026,1,RPZ,-9.0,test,-6.4852257,-16.41189,2.8950946
12991,29-08-2026,2,MVJ,-22.0,test,-16.90975,-25.993221,-5.8205347
12991,29-08-2026,3,FAN,-26.0,test,-19.863825,-28.76422,-7.0837007
12991,29-08-2026,4,KIN,-25.0,test,-18.672955,-28.431519,-9.331797
12991,29-08-2026,5,COR,-31.0,test,-24.959938,-31.570839,-10.324971
12991,29-08-2026,6,BHL,-29.0,test,-22.868343,-31.036083,-13.6018505
12991,29-08-2026,7,MDL,-28.0,test,-19.973866,-28.990923,-11.678309
12991,29-08-2026,9,BJNR,-23.0,test,-19.027163,-25.957079,-7.8934865
12991,29-08-2026,10,NSD,-26.0,test,-21.754118,-30.253265,-11.482387
12991,29-08-2026,12,KSG,-15.0,test,-11.091329,-19.678066,-2.551928
12991,29-08-2026,13,FL,-11.0,test,-9.733196,-17.369356,-1.6700857
12991,29-08-2026,14,JOB,-24.0,test,-19.782175,-26.502434,-9.549078
12991,30-08-2026,0,UDZ,-15.0,test,-3.0030308,-16.661776,4.9254375
12991,30-08-2026,1,RPZ,-20.0,test,-8.980421,-17.075983,1.621446
12991,30-08-2026,2,MVJ,-22.0,test,-10.063005,-18.496574,-0.76696676
12991,30-08-2026,3,FAN,-26.0,test,-13.118811,-24.092443,-4.254224
12991,30-08-2026,4,KIN,-26.0,test,-13.141943,-23.433447,-4.3413043
12991,30-08-2026,5,COR,-30.0,test,-18.8285,-24.984827,-7.937777
12991,30-08-2026,6,BHL,-23.0,test,-11.117998,-19.91546,-3.8338783
12991,30-08-2026,7,MDL,-25.0,test,-13.636877,-22.09593,-3.664593
12991,30-08-2026,9,BJNR,-21.0,test,-12.805272,-19.60675,-3.9484398
12991,30-08-2026,10,NSD,-28.0,test,-18.033825,-27.523455,-9.899455
12991,30-08-2026,11,AII,-15.0,test,-6.6323195,-17.461485,3.6340182
12991,30-08-2026,12,KSG,-16.0,test,-9.009625,-17.58146,0.04256059
12991,30-08-2026,13,FL,-18.0,test,-9.901725,-17.310656,-0.829777
12991,30-08-2026,14,JOB,-21.0,test,-12.134584,-19.168901,-3.416842
12991,31-08-2026,0,UDZ,-3.0,test,-2.5029042,-16.557558,5.5135803
12991,31-08-2026,1,RPZ,-5.0,test,-5.7580833,-16.43332,2.9371269
12991,31-08-2026,2,MVJ,-4.0,test,-7.139936,-16.571526,1.851723
12991,31-08-2026,3,FAN,-9.0,test,-9.745099,-19.232073,-2.2060516
12991,31-08-2026,4,KIN,-9.0,test,-9.856875,-19.154833,-2.0051978
12991,31-08-2026,5,COR,-12.0,test,-13.467875,-22.457056,-4.180894
12991,31-08-2026,6,BHL,-9.0,test,-10.71599,-19.016907,-3.5485744
12991,31-08-2026,7,MDL,-8.0,test,-10.575909,-18.252283,-2.5609674
12991,31-08-2026,9,BJNR,-10.0,test,-11.658723,-20.109549,-4.1875587
12991,31-08-2026,10,NSD,-19.0,test,-19.932852,-27.847618,-11.933216
12991,31-08-2026,11,AII,-2.0,test,-5.6784487,-17.185114,2.6040835
12991,31-08-2026,12,KSG,-6.0,test,-9.221541,-17.605799,-0.7837595
12991,31-08-2026,13,FL,-4.0,test,-8.953507,-17.197708,-0.67930466
12991,31-08-2026,14,JOB,-15.0,test,-16.136759,-24.937546,-7.6976686
14602,28-08-2026,1,HMH,-5.0,test,-8.374151,-15.541687,1.9948237
14602,28-08-2026,2,SDS,-13.0,test,-13.568414,-19.395641,-1.057287
14602,28-08-2026,3,SGNR,-6.0,test,-9.10592,-15.063396,0.48231703
14602,28-08-2026,4,ABS,-4.0,test,-7.5225024,-14.783001,-0.14176428
14602,28-08-2026,5,CWDA,-4.0,test,-7.637951,-15.12422,1.3602085
14602,28-08-2026,6,KUKA,-4.0,test,-7.8640738,-15.39246,2.025424
14602,28-08-2026,7,FKA,-12.0,test,-11.824942,-18.57317,-0.39428526
14602,28-08-2026,8,LDK,-11.0,test,-11.562952,-18.078331,-0.31981668
14602,28-08-2026,9,JBD,-17.0,test,-16.780731,-23.399841,-4.8469787
14602,28-08-2026,10,GHS,-12.0,test,-11.41591,-18.456213,-3.2148535
14602,28-08-2026,11,FZP,-9.0,test,-10.577652,-16.052652,-3.4955814
14602,29-08-2026,1,HMH,5.0,test,-7.3093076,-15.511001,2.394409
14602,29-08-2026,2,SDS,5.0,test,-7.5687056,-15.768195,-0.02973771
14602,29-08-2026,3,SGNR,1.0,test,-8.697279,-15.429842,0.66084456
14602,29-08-2026,4,ABS,6.0,test,-5.0586915,-14.719414,0.28068954
14602,29-08-2026,5,CWDA,5.0,test,-7.6874623,-15.160707,2.1224053
14602,29-08-2026,7,FKA,3.0,test,-9.403666,-14.9856615,-0.041014053
14602,29-08-2026,8,LDK,3.0,test,-8.705098,-15.251687,0.07504186
14602,29-08-2026,10,GHS,3.0,test,-8.535273,-14.994269,-3.2436976
14602,29-08-2026,11,FZP,-10.0,test,-16.01335,-25.222223,-3.808434
14602,30-08-2026,1,HMH,-4.0,test,-7.479446,-15.511001,2.3349202
14602,30-08-2026,2,SDS,-14.0,test,-14.429853,-19.575882,-2.0095396
14602,30-08-2026,3,SGNR,-8.0,test,-9.283206,-15.319025,1.9221928
14602,30-08-2026,4,ABS,-4.0,test,-7.539255,-14.743988,-0.04757135
14602,30-08-2026,5,CWDA,-5.0,test,-8.376746,-15.12422,1.3695291
14602,30-08-2026,6,KUKA,-6.0,test,-8.407496,-15.453518,1.8624432
14602,30-08-2026,7,FKA,-9.0,test,-10.127339,-15.594939,-0.26661426
14602,30-08-2026,8,LDK,-10.0,test,-9.891512,-15.956648,-0.76815236
14602,30-08-2026,9,JBD,-10.0,test,-9.693048,-16.243395,-4.0147867
14602,30-08-2026,10,GHS,-8.0,test,-9.73574,-15.407418,-3.0317113
14602,30-08-2026,11,FZP,-5.0,test,-7.9034076,-15.306708,-3.2866192
14602,31-08-2026,1,HMH,-2.0,test,-6.472658,-15.511001,3.887026
14602,31-08-2026,2,SDS,-15.0,test,-16.898611,-23.786007,-3.2645037
14602,31-08-2026,3,SGNR,-5.0,test,-8.104208,-15.021111,2.3277328
14602,31-08-2026,4,ABS,-2.0,test,-6.0538597,-14.743988,1.4364443
14602,31-08-2026,5,CWDA,-2.0,test,-6.322198,-15.12422,2.6512458
14602,31-08-2026,7,FKA,-9.0,test,-9.967613,-16.658474,0.6706037
14602,31-08-2026,8,LDK,-9.0,test,-9.629627,-16.78891,-0.17529896
14602,31-08-2026,9,JBD,-10.0,test,-10.971705,-18.322807,-2.5025036
14602,31-08-2026,10,GHS,-11.0,test,-10.884945,-18.612385,-2.0929146
14602,31-08-2026,11,FZP,-9.0,test,-10.147532,-16.854307,-2.56311
14662,28-08-2026,1,JAT,-1.0,test,-0.5106328,-15.62107,10.705864
14662,28-08-2026,2,SMBX,-3.0,test,-8.11953,-18.556854,5.6688743
14662,28-08-2026,3,MSKT,-5.0,test,-3.7851014,-15.944917,10.75138
14662,28-08-2026,6,DZA,-7.0,test,-7.544893,-17.139318,6.714992
14662,28-08-2026,7,JRC,-1.0,test,-0.8546284,-17.511126,10.092314
14662,28-08-2026,8,PGW,-4.0,test,-3.997847,-16.312937,11.803237
14662,28-08-2026,9,LDH,-4.0,test,-3.602145,-16.568872,8.093725
14662,28-08-2026,10,KNN,-1.0,test,-0.9525046,-15.605062,9.384366
14662,28-08-2026,11,SIR,-8.0,test,-7.4456825,-16.754528,2.9420652
14662,28-08-2026,12,RPJ,-4.0,test,-2.8411565,-15.363475,7.0175004
14662,28-08-2026,13,UBC,-3.0,test,-3.0580435,-15.581168,9.306086
14662,28-08-2026,14,UMB,-13.0,test,-13.853876,-19.348135,3.70954
14662,28-08-2026,15,JUDW,-18.0,test,-13.836418,-21.412146,-1.7720577
14662,28-08-2026,16,YJUD,-19.0,test,-14.09669,-23.214838,-4.4423885
14662,28-08-2026,17,SRE,-1.0,test,0.20031258,-15.70246,11.525208
14662,28-08-2026,18,DBD,-3.0,test,-2.5630882,-15.491099,9.755313
14662,28-08-2026,19,MOZ,-4.0,test,-2.8651724,-15.919465,9.244274
14662,28-08-2026,20,KAT,-5.0,test,-4.6435866,-16.439964,6.7399535
14662,28-08-2026,21,SKF,-10.0,test,-10.746148,-18.590122,3.4540544
14662,28-08-2026,22,MUT,-11.0,test,-12.743897,-19.866175,-1.3090787
14662,28-08-2026,23,MTC,-9.0,test,-10.809263,-18.020296,0.052604828
14662,28-08-2026,24,MDNR,-13.0,test,-15.09787,-20.975468,-3.305186
14662,28-08-2026,25,MUD,-16.0,test,-16.735407,-23.05157,-8.368554
14662,28-08-2026,27,GZB,-26.0,test,-27.377098,-33.254025,-16.495924
14662,28-08-2026,28,DLI,-27.0,test,-28.16199,-35.04064,-20.002619
14662,28-08-2026,29,DEE,-28.0,test,-31.344799,-36.981415,-20.369299
14662,28-08-2026,30,DEC,-28.0,test,-31.075737,-39.188564,-21.532251
14662,28-08-2026,31,PM,-29.0,test,-33.23184,-40.344185,-23.346918
14662,28-08-2026,32,GGN,-28.0,test,-31.43925,-38.663513,-20.047297
14662,28-08-2026,33,GHH,-31.0,test,-34.043823,-42.27465,-25.496956
14662,28-08-2026,34,PTRD,-23.0,test,-28.542067,-36.066063,-17.778107
14662,28-08-2026,35,KIP,-26.0,test,-31.484877,-38.38717,-21.576061
14662,28-08-2026,36,RE,-5.0,test,-10.989242,-20.98196,-3.9936323
14662,28-08-2026,37,BWL,-4.0,test,-11.65427,-22.477272,-2.4009256
14662,28-08-2026,39,KRH,-9.0,test,-15.433517,-24.452755,-6.8944006
14662,28-08-2026,40,AWR,-11.0,test,-16.798986,-26.509537,-7.8479996
14662,28-08-2026,41,MKH,-9.0,test,-15.216191,-24.714071,-7.2168922
14662,28-08-2026,42,RHG,-10.0,test,-16.542837,-24.46085,-8.107052
14662,28-08-2026,43,BU,-9.0,test,-15.504849,-24.795916,-8.185967
14662,28-08-2026,44,BKI,-10.0,test,-17.43138,-25.728035,-8.063499
14662,28-08-2026,45,DO,-11.0,test,-18.265827,-28.90387,-9.595827
14662,28-08-2026,46,GTJT,-16.0,test,-25.325186,-33.174892,-15.66281
14662,28-08-2026,47,GADJ,-16.0,test,-24.47457,-32.462547,-14.89785
14662,28-08-2026,48,JP,-6.0,test,-14.25716,-23.974611,-7.1561484
14662,28-08-2026,49,JOB,-4.0,test,-13.127304,-23.895489,-5.243714
14662,28-08-2026,50,FL,-1.0,test,-6.2704325,-21.119772,-1.9402448
14662,28-08-2026,51,KMNC,-1.0,test,-4.993102,-18.984072,-2.14206
14662,28-08-2026,52,MKN,-1.0,test,-5.2057242,-19.713173,-1.6099291
14662,28-08-2026,53,DNA,-1.0,test,-5.494016,-18.859703,-0.84375775
14662,28-08-2026,54,MTD,-1.0,test,-5.0051446,-18.553104,-1.5850668
14662,28-08-2026,55,RKB,-15.0,test,-18.695454,-28.388237,-10.047634
14662,28-08-2026,56,JU,-6.0,test,-10.979616,-22.188879,-4.373207
14662,28-08-2026,57,BANE,-8.0,test,-12.615287,-22.470648,-8.105857
14662,28-08-2026,58,LUNI,-2.0,test,-5.6758313,-22.05783,-2.6773272
14662,28-08-2026,59,DOR,-20.0,test,-22.675323,-28.830547,-13.114948
14662,28-08-2026,60,SMR,-16.0,test,-19.726406,-26.831942,-10.728385
14662,28-08-2026,61,BLT,-12.0,test,-12.96469,-20.193346,-5.1112537
14662,28-08-2026,62,BUT,-16.0,test,-17.834778,-21.628613,-10.773588
14662,28-08-2026,63,UTL,-23.0,test,-24.333315,-27.50741,-17.524714
14662,29-08-2026,1,JAT,-3.0,test,-0.41964623,-15.62107,12.649272
14662,29-08-2026,2,SMBX,-8.0,test,-9.244154,-19.007277,4.21512
14662,29-08-2026,3,MSKT,-10.0,test,-5.8882585,-16.203909,8.865734
14662,29-08-2026,4,PTKC,-12.0,test,-9.081889,-17.372314,7.059565
14662,29-08-2026,5,MEX,-12.0,test,-8.533838,-17.8068,4.1629744
14662,29-08-2026,6,DZA,-12.0,test,-8.394989,-17.968985,5.9857674
14662,29-08-2026,7,JRC,-5.0,test,-2.2743268,-17.2718,12.846695
14662,29-08-2026,8,PGW,-7.0,test,-4.3517175,-16.296549,12.401454
14662,29-08-2026,9,LDH,-10.0,test,-8.342852,-16.803286,7.0395784
14662,29-08-2026,10,KNN,-10.0,test,-7.6349435,-15.966883,8.508314
14662,29-08-2026,11,SIR,-18.0,test,-14.124309,-21.109547,-2.485767
14662,29-08-2026,12,RPJ,-19.0,test,-14.992454,-20.857246,-1.3356355
14662,29-08-2026,13,UBC,-15.0,test,-12.253041,-18.865253,1.5643793
14662,29-08-2026,14,UMB,-3.0,test,-1.3479093,-16.073118,10.430478
14662,29-08-2026,15,JUDW,-6.0,test,-3.385226,-15.670793,11.631252
14662,29-08-2026,16,YJUD,-7.0,test,-3.4436073,-15.844554,9.620368
14662,29-08-2026,17,SRE,-3.0,test,0.0043103434,-15.537951,11.445015
14662,29-08-2026,18,DBD,-6.0,test,-2.6728122,-15.507487,11.088725
14662,29-08-2026,19,MOZ,-5.0,test,-2.380542,-15.919465,13.247527
14662,29-08-2026,20,KAT,-6.0,test,-2.9821007,-16.41539,10.981823
14662,29-08-2026,21,SKF,-11.0,test,-7.846814,-18.119114,9.580309
14662,29-08-2026,22,MUT,-13.0,test,-11.385038,-19.87562,2.7208574
14662,29-08-2026,23,MTC,-14.0,test,-11.235522,-20.53498,1.9402063
14662,29-08-2026,24,MDNR,-13.0,test,-10.902159,-20.521973,0.27822778
14662,29-08-2026,25,MUD,-18.0,test,-16.840422,-23.09254,-6.385854
14662,29-08-2026,27,GZB,-15.0,test,-16.965252,-23.702229,-7.351857
14662,29-08-2026,28,DLI,-59.0,test,-47.99166,-57.161747,-25.095808
14662,29-08-2026,29,DEE,-59.0,test,-51.94815,-55.58699,-24.9708
14662,29-08-2026,30,DEC,-62.0,test,-53.946606,-59.782394,-25.109516
14662,29-08-2026,31,PM,-64.0,test,-56.481728,-62.510986,-25.984375
14662,29-08-2026,32,GGN,-63.0,test,-52.418022,-60.623055,-24.95211
14662,29-08-2026,33,GHH,-66.0,test,-55.956615,-63.50436,-26.283031
14662,29-08-2026,34,PTRD,-64.0,test,-54.873665,-60.994408,-26.226421
14662,29-08-2026,35,KIP,-65.0,test,-56.620476,-62.674007,-26.062378
14662,29-08-2026,36,RE,-41.0,test,-36.524548,-42.92461,-20.8766
14662,29-08-2026,37,BWL,-41.0,test,-37.601833,-44.216896,-25.666756
14662,29-08-2026,38,HSI,-55.0,test,-45.911213,-52.20078,-25.16689
14662,29-08-2026,39,KRH,-58.0,test,-46.710575,-53.87124,-25.206703
14662,29-08-2026,40,AWR,-65.0,test,-51.190994,-61.59654,-24.437283
14662,29-08-2026,41,MKH,-67.0,test,-51.547405,-60.67702,-25.860258
14662,29-08-2026,42,RHG,-69.0,test,-50.645206,-61.51415,-24.833187
14662,29-08-2026,43,BU,-69.0,test,-50.68893,-61.46102,-25.84747
14662,29-08-2026,44,BKI,-68.0,test,-51.623253,-60.98187,-25.224688
14662,29-08-2026,45,DO,-70.0,test,-54.33593,-61.786667,-25.547575
14662,29-08-2026,46,GTJT,-73.0,test,-58.87898,-63.793476,-26.370985
14662,29-08-2026,47,GADJ,-74.0,test,-58.67501,-64.38516,-26.025501
14662,29-08-2026,48,JP,-57.0,test,-46.24452,-54.964,-25.638609
14662,29-08-2026,49,JOB,-56.0,test,-49.463684,-54.59839,-25.085602
14662,29-08-2026,50,FL,-41.0,test,-36.56988,-42.60087,-23.17827
14662,29-08-2026,51,KMNC,-30.0,test,-26.877039,-33.195156,-19.671389
14662,29-08-2026,52,MKN,-30.0,test,-27.052244,-33.441933,-18.579012
14662,29-08-2026,53,DNA,-48.0,test,-39.616455,-44.101013,-21.377851
14662,29-08-2026,54,MTD,-52.0,test,-40.311974,-46.218307,-21.593346
14662,29-08-2026,55,RKB,-54.0,test,-42.14515,-51.38774,-22.018215
14662,29-08-2026,56,JU,-53.0,test,-41.80114,-50.41867,-22.760084
14662,29-08-2026,57,BANE,-57.0,test,-44.916763,-52.638947,-25.19502
14662,29-08-2026,58,LUNI,-57.0,test,-44.41791,-52.13855,-22.915497
14662,29-08-2026,59,DOR,-39.0,test,-33.202095,-40.840153,-22.617712
14662,29-08-2026,60,SMR,-36.0,test,-32.395496,-39.903587,-23.387833
14662,29-08-2026,61,BLT,-20.0,test,-18.530416,-22.205957,-10.724803
14662,29-08-2026,62,BUT,-20.0,test,-18.586372,-22.143368,-11.522171
14662,29-08-2026,63,UTL,-27.0,test,-26.572845,-28.384983,-17.926085
14662,30-08-2026,1,JAT,23.0,test,-12.075595,-20.389484,9.016573
14662,30-08-2026,2,SMBX,14.0,test,-23.55962,-30.24207,-2.9699147
14662,30-08-2026,3,MSKT,13.0,test,-22.514002,-28.172983,3.8693807
14662,30-08-2026,4,PTKC,9.0,test,-24.33383,-30.956022,-6.613265
14662,30-08-2026,5,MEX,6.0,test,-26.200497,-34.36746,-13.130321
14662,30-08-2026,6,DZA,-10.0,test,-39.29284,-46.264793,-14.20328
14662,30-08-2026,7,JRC,-2.0,test,-33.967903,-42.377174,-15.363152
14662,30-08-2026,8,PGW,-4.0,test,-34.411842,-41.823082,-16.120764
14662,30-08-2026,9,LDH,9.0,test,-23.654425,-32.107395,-10.53562
14662,30-08-2026,10,KNN,16.0,test,-18.525751,-24.513113,-7.1113443
14662,30-08-2026,11,SIR,16.0,test,-17.590601,-24.552467,-6.3491406
14662,30-08-2026,12,RPJ,17.0,test,-18.430412,-23.293062,-6.0694866
14662,30-08-2026,13,UBC,23.0,test,-11.671076,-20.248478,1.8944807
14662,30-08-2026,14,UMB,35.0,test,-1.171907,-16.166815,5.1112094
14662,30-08-2026,15,JUDW,31.0,test,-4.6617327,-15.74738,4.607803
14662,30-08-2026,16,YJUD,30.0,test,-4.7664948,-15.871696,5.066657
14662,30-08-2026,17,SRE,36.0,test,-0.24388179,-15.537951,7.854706
14662,30-08-2026,18,DBD,35.0,test,-1.5165329,-15.491099,8.815414
14662,30-08-2026,19,MOZ,34.0,test,-2.6394413,-15.916671,9.122698
14662,30-08-2026,20,KAT,30.0,test,-6.384452,-16.534836,7.686261
14662,30-08-2026,21,SKF,26.0,test,-9.274748,-19.759066,6.1267743
14662,30-08-2026,22,MUT,25.0,test,-11.458679,-20.410782,1.6177604
14662,30-08-2026,23,MTC,26.0,test,-10.294063,-19.887392,1.1285185
14662,30-08-2026,24,MDNR,22.0,test,-15.062614,-22.255941,-3.0312176
14662,30-08-2026,25,MUD,19.0,test,-17.231667,-23.845745,-7.704809
14662,30-08-2026,27,GZB,12.0,test,-26.894053,-31.970118,-13.65745
14662,30-08-2026,28,DLI,-5.0,test,-41.336205,-48.059868,-24.86395
14662,30-08-2026,29,DEE,-33.0,test,-67.87025,-70.58682,-26.05236
14662,30-08-2026,30,DEC,-35.0,test,-65.09161,-68.58077,-25.731564
14662,30-08-2026,31,PM,-43.0,test,-70.528496,-76.16373,-26.133022
14662,30-08-2026,32,GGN,-43.0,test,-68.62161,-74.818054,-25.431202
14662,30-08-2026,33,GHH,-47.0,test,-75.32478,-78.88313,-26.431679
14662,30-08-2026,34,PTRD,-45.0,test,-72.30197,-75.763916,-26.593245
14662,30-08-2026,35,KIP,-47.0,test,-75.30571,-79.7729,-26.435707
14662,30-08-2026,36,RE,-23.0,test,-47.903126,-60.934597,-21.778305
14662,30-08-2026,37,BWL,-23.0,test,-47.650776,-62.536804,-25.731718
14662,30-08-2026,38,HSI,-35.0,test,-61.057228,-69.26935,-25.690025
14662,30-08-2026,39,KRH,-40.0,test,-64.176254,-72.98788,-25.85484
14662,30-08-2026,40,AWR,-49.0,test,-73.68307,-82.21013,-25.769703
14662,30-08-2026,41,MKH,-47.0,test,-70.778824,-79.40256,-26.178005
14662,30-08-2026,42,RHG,-49.0,test,-72.97218,-80.37738,-25.52834
14662,30-08-2026,43,BU,-49.0,test,-72.781456,-80.32612,-26.274712
14662,30-08-2026,44,BKI,-57.0,test,-81.75868,-83.220474,-25.342207
14662,30-08-2026,45,DO,-60.0,test,-84.11859,-84.96426,-26.25313
14662,30-08-2026,46,GTJT,-86.0,test,-88.1774,-88.1774,-27.23364
14662,30-08-2026,47,GADJ,-90.0,test,-87.509186,-87.509186,-26.431076
14662,30-08-2026,48,JP,-76.0,test,-84.692955,-84.692955,-25.961542
14662,30-08-2026,49,JOB,-74.0,test,-86.00187,-86.00187,-26.232162
14662,30-08-2026,50,FL,-56.0,test,-70.615425,-76.34562,-22.363094
14662,30-08-2026,51,KMNC,-45.0,test,-60.03312,-68.43548,-23.363766
14662,30-08-2026,52,MKN,-45.0,test,-60.305843,-69.714935,-23.736464
14662,30-08-2026,53,DNA,-37.0,test,-54.239983,-62.108055,-21.426735
14662,30-08-2026,54,MTD,-35.0,test,-53.20906,-61.0958,-22.775238
14662,30-08-2026,55,RKB,-46.0,test,-63.061035,-70.4726,-23.70471
14662,30-08-2026,56,JU,-45.0,test,-61.38695,-72.44767,-23.701399
14662,30-08-2026,57,BANE,-46.0,test,-62.74074,-73.04932,-25.248627
14662,30-08-2026,58,LUNI,-41.0,test,-58.13535,-67.91547,-23.883244
14662,30-08-2026,59,DOR,-32.0,test,-53.136173,-56.137707,-23.556503
14662,30-08-2026,60,SMR,-26.0,test,-51.625526,-53.69346,-23.786827
14662,30-08-2026,61,BLT,-8.0,test,-37.917847,-38.82231,-21.17074
14662,30-08-2026,62,BUT,-31.0,test,-44.99908,-49.458267,-23.765442
14662,30-08-2026,63,UTL,-25.0,test,-38.388924,-47.849117,-25.295471
14662,31-08-2026,1,JAT,-2.0,test,-0.47509664,-15.645644,10.250132
14662,31-08-2026,2,SMBX,-6.0,test,-9.538514,-18.95018,4.3007045
14662,31-08-2026,3,MSKT,-9.0,test,-6.1746507,-16.397612,5.0503316
14662,31-08-2026,4,PTKC,-10.0,test,-9.59931,-17.372314,2.5468285
14662,31-08-2026,5,MEX,-12.0,test,-9.76729,-19.990435,1.0841568
14662,31-08-2026,6,DZA,-13.0,test,-11.620939,-20.045193,0.734295
14662,31-08-2026,7,JRC,-1.0,test,-0.95413566,-17.711428,7.415814
14662,31-08-2026,8,PGW,-3.0,test,-3.7354977,-16.266478,5.90191
14662,31-08-2026,9,LDH,-2.0,test,-1.9045277,-16.471468,5.4230976
14662,31-08-2026,10,KNN,-2.0,test,-1.1142497,-15.610486,5.073153
14662,31-08-2026,11,SIR,-8.0,test,-8.117239,-16.754528,2.4330091
14662,31-08-2026,12,RPJ,-5.0,test,-3.993234,-15.388049,3.5382802
14662,31-08-2026,13,UBC,-3.0,test,-3.556913,-15.581168,6.3448706
14662,31-08-2026,14,UMB,-2.0,test,-1.2002273,-16.073118,4.9912295
14662,31-08-2026,15,JUDW,-10.0,test,-10.115914,-16.872309,-0.20973486
14662,31-08-2026,16,YJUD,-12.0,test,-7.177888,-19.015186,0.6770492
14662,31-08-2026,17,SRE,-3.0,test,-1.0274285,-15.537951,7.6832566
14662,31-08-2026,18,DBD,-3.0,test,-2.048417,-15.491099,6.2798295
14662,31-08-2026,19,MOZ,-4.0,test,-2.8730278,-15.913569,6.6980376
14662,31-08-2026,20,KAT,-5.0,test,-3.1632547,-16.464128,5.232202
14662,31-08-2026,21,SKF,-9.0,test,-8.039128,-17.978445,2.5675898
14662,31-08-2026,22,MUT,-11.0,test,-11.734421,-19.914913,-0.61087084
14662,31-08-2026,23,MTC,-11.0,test,-10.637671,-19.869047,-0.96784043
14662,31-08-2026,24,MDNR,-21.0,test,-21.309156,-25.618017,-5.7980146
14662,31-08-2026,25,MUD,-25.0,test,-25.625599,-29.716238,-9.598634
14662,31-08-2026,27,GZB,-39.0,test,-37.936104,-44.116558,-23.6767
14662,31-08-2026,28,DLI,-42.0,test,-42.209347,-47.3961,-25.423016
14662,31-08-2026,29,DEE,-48.0,test,-48.107597,-50.14068,-25.095825
14662,31-08-2026,30,DEC,-50.0,test,-49.17725,-51.59255,-25.731564
14662,31-08-2026,31,PM,-52.0,test,-49.957985,-54.83932,-26.744297
14662,31-08-2026,32,GGN,-52.0,test,-48.916107,-54.364807,-25.620266
14662,31-08-2026,33,GHH,-56.0,test,-57.175507,-59.7906,-26.990662
14662,31-08-2026,34,PTRD,-49.0,test,-49.299545,-52.10822,-27.120874
14662,31-08-2026,35,KIP,-49.0,test,-49.329224,-50.98773,-26.404354
14662,31-08-2026,36,RE,-26.0,test,-27.003273,-33.228966,-16.395384
14662,31-08-2026,37,BWL,-26.0,test,-27.299248,-34.616207,-18.812258
14662,31-08-2026,38,HSI,-26.0,test,-28.56033,-35.871674,-21.158878
14662,31-08-2026,39,KRH,-30.0,test,-31.00877,-38.105087,-23.913563
14662,31-08-2026,40,AWR,-33.0,test,-36.40592,-41.51387,-24.36067
14662,31-08-2026,41,MKH,-32.0,test,-35.651722,-39.911144,-24.855185
14662,31-08-2026,42,RHG,-33.0,test,-36.501564,-40.750935,-24.209347
14662,31-08-2026,44,BKI,-43.0,test,-46.26891,-48.625526,-25.375093
14662,31-08-2026,45,DO,-45.0,test,-45.166866,-48.118073,-26.25313
14662,31-08-2026,46,GTJT,-53.0,test,-53.53007,-56.931854,-26.694933
14662,31-08-2026,47,GADJ,-54.0,test,-52.385113,-58.776264,-26.364456
14662,31-08-2026,48,JP,-37.0,test,-39.76988,-44.002304,-26.330858
14662,31-08-2026,49,JOB,-38.0,test,-41.72788,-45.64312,-26.131474
14662,31-08-2026,50,FL,-17.0,test,-19.316381,-26.470337,-11.092759
14662,31-08-2026,51,KMNC,-7.0,test,-10.203609,-19.306946,-4.7613497
14662,31-08-2026,52,MKN,-6.0,test,-10.412248,-20.07182,-3.7480662
14662,31-08-2026,53,DNA,-5.0,test,-8.559239,-19.07081,-2.1752272
14662,31-08-2026,54,MTD,-2.0,test,-5.51524,-18.679506,-1.6387708
14662,31-08-2026,55,RKB,-2.0,test,-5.897421,-21.989843,-3.210811
14662,31-08-2026,56,JU,-3.0,test,-6.8369355,-21.846334,-3.296931
14662,31-08-2026,57,BANE,-4.0,test,-9.465743,-22.204481,-4.9868655
14662,31-08-2026,59,DOR,-15.0,test,-17.947426,-25.495829,-9.715505
14662,31-08-2026,60,SMR,-16.0,test,-19.139717,-26.905497,-11.213041
14662,31-08-2026,61,BLT,-11.0,test,-13.325537,-19.463606,-4.1629467
14662,31-08-2026,62,BUT,-12.0,test,-14.610372,-20.057611,-6.6209855
14662,31-08-2026,63,UTL,-24.0,test,-25.796997,-28.173159,-17.328754
14701,28-08-2026,1,SGNR,-20.0,test,-4.304569,-17.525288,4.727529
14701,28-08-2026,2,SDS,-25.0,test,-11.530479,-19.854267,3.3049166
14701,28-08-2026,3,HMH,-28.0,test,-12.74019,-20.880377,1.9549172
14701,28-08-2026,4,HMO,-28.0,test,-13.276251,-21.929878,2.9496236
14701,28-08-2026,5,ENB,-23.0,test,-11.40604,-19.81502,1.5248613
14701,28-08-2026,6,NHR,-20.0,test,-11.5750475,-19.733181,4.177587
14701,28-08-2026,7,GAMI,-21.0,test,-12.095143,-21.147896,2.0361454
14701,28-08-2026,8,TSD,-24.0,test,-11.7419195,-21.147305,2.9991913
14701,28-08-2026,9,SDLP,-31.0,test,-14.928138,-24.10411,1.721161
14701,28-08-2026,10,CUR,-29.0,test,-14.188729,-22.773155,4.290433
14701,28-08-2026,11,BUB,-33.0,test,-18.25618,-27.140902,-1.4723433
14701,28-08-2026,12,RSWT,-31.0,test,-15.865888,-25.708736,2.8837328
14701,28-08-2026,13,FPS,-38.0,test,-24.01315,-31.602198,-4.820798
14701,28-08-2026,14,LNH,-38.0,test,-24.170155,-32.61252,-5.0544825
14701,28-08-2026,15,SIKR,-30.0,test,-18.112066,-24.261166,-1.7451808
14701,28-08-2026,16,PLSN,-30.0,test,-17.971046,-25.357273,-1.0650753
14701,28-08-2026,17,RGS,-30.0,test,-19.495127,-25.534891,-1.5734236
14701,28-08-2026,18,GND,-33.0,test,-21.573788,-29.218348,-4.160467
14701,28-08-2026,19,COM,-32.0,test,-21.83572,-28.246101,-4.798305
14701,28-08-2026,20,DKBJ,-29.0,test,-20.149681,-25.510706,-5.7934856
14701,28-08-2026,21,JP,-20.0,test,-12.257214,-19.6636,0.8550904
14701,28-08-2026,22,JOB,-21.0,test,-14.954697,-22.038986,0.7309009
14701,28-08-2026,23,FL,-26.0,test,-18.147314,-23.964548,1.3028386
14701,28-08-2026,24,NRI,-27.0,test,-18.61341,-24.280737,-1.2986066
14701,28-08-2026,25,KSG,-27.0,test,-18.07206,-21.728867,-0.5477991
14701,28-08-2026,26,AII,-22.0,test,-11.882311,-19.250172,6.2536793
14701,28-08-2026,27,BER,-21.0,test,-11.883284,-19.664959,5.8096337
14701,28-08-2026,28,SOD,-21.0,test,-12.379298,-19.521248,1.1956327
14701,28-08-2026,29,MJ,-21.0,test,-9.904797,-19.282913,8.987411
14701,28-08-2026,30,SOS,-23.0,test,-12.060386,-19.274092,7.246387
14701,28-08-2026,31,JAL,-22.0,test,-9.97444,-18.418926,6.9520783
14701,28-08-2026,32,RANI,-23.0,test,-12.492453,-19.042719,8.565898
14701,28-08-2026,33,FA,-22.0,test,-10.264094,-18.708961,7.311823
14701,28-08-2026,34,SJWB,-24.0,test,-12.880337,-19.149462,4.968955
14701,28-08-2026,35,MOI,-24.0,test,-12.060073,-18.646774,4.927932
14701,28-08-2026,36,NANA,-23.0,test,-12.351071,-19.10304,7.6256824
14701,28-08-2026,37,PDWA,-23.0,test,-12.178399,-19.783907,2.379227
14701,28-08-2026,38,SRPJ,-24.0,test,-12.31652,-19.300753,1.3808286
14701,28-08-2026,39,ABR,-21.0,test,-9.185859,-18.781498,5.2415137
14701,28-08-2026,40,PNU,-20.0,test,-8.083771,-18.588148,5.198855
14701,28-08-2026,41,CHP,-20.0,test,-8.068499,-17.941874,10.519834
14701,28-08-2026,42,SID,-20.0,test,-8.210983,-17.5794,6.9829144
14701,28-08-2026,43,UJA,-20.0,test,-9.434454,-18.988266,3.3050525
14701,28-08-2026,44,MSH,-20.0,test,-8.816392,-17.601633,5.340336
14701,28-08-2026,45,KLL,-20.0,test,-7.9486046,-19.043825,4.490066
14701,28-08-2026,46,SBIB,-36.0,test,-21.887835,-28.396414,-2.9312656
14701,28-08-2026,47,ADI,-39.0,test,-22.78567,-31.384365,-5.047117
14701,28-08-2026,48,ND,-24.0,test,-10.573402,-18.571846,2.1522722
14701,28-08-2026,50,BRC,-28.0,test,-13.863769,-21.542871,2.1090536
14701,28-08-2026,52,ST,-20.0,test,-9.241727,-18.98186,4.0358143
14701,28-08-2026,53,NVS,-28.0,test,-16.902788,-22.528294,0.9090143
14701,28-08-2026,55,DRD,-26.0,test,-15.843723,-22.856997,1.8764803
14701,28-08-2026,56,BVI,-32.0,test,-22.219055,-27.393063,-7.6982036
14701,28-08-2026,57,ADH,-26.0,test,-17.136229,-22.153553,-2.9540086
14701,29-08-2026,1,SGNR,-4.0,test,-5.4920135,-17.39382,5.244345
14701,29-08-2026,2,SDS,-17.0,test,-17.75818,-27.432058,-0.5532692
14701,29-08-2026,3,HMH,-17.0,test,-17.329092,-26.54329,0.56698847
14701,29-08-2026,4,HMO,-16.0,test,-17.391909,-26.976206,1.0795077
14701,29-08-2026,5,ENB,-10.0,test,-13.335621,-20.948385,0.7746719
14701,29-08-2026,6,NHR,-6.0,test,-11.237903,-19.86726,4.5550394
14701,29-08-2026,7,GAMI,-34.0,test,-35.329494,-45.983513,-3.113336
14701,29-08-2026,8,TSD,-36.0,test,-34.839542,-45.970257,-3.617423
14701,29-08-2026,9,SDLP,-26.0,test,-26.900723,-35.05904,-0.28735924
14701,29-08-2026,10,CUR,-13.0,test,-14.508726,-23.901066,4.290136
14701,29-08-2026,11,BUB,-17.0,test,-18.341684,-26.796827,0.464253
14701,29-08-2026,12,RSWT,-18.0,test,-20.885384,-26.96134,3.3822613
14701,29-08-2026,13,FPS,-26.0,test,-27.47663,-36.359917,0.08321588
14701,29-08-2026,14,LNH,-28.0,test,-29.164694,-38.563633,-3.4780571
14701,29-08-2026,15,SIKR,-21.0,test,-24.106417,-29.717508,-0.89197326
14701,29-08-2026,16,PLSN,-20.0,test,-22.26226,-28.836647,-0.4192127
14701,29-08-2026,17,RGS,-21.0,test,-25.385181,-31.006653,1.5706329
14701,29-08-2026,18,GND,-24.0,test,-25.886671,-35.17127,-1.2429591
14701,29-08-2026,19,COM,-24.0,test,-26.476406,-35.017467,-2.4637833
14701,29-08-2026,20,DKBJ,-21.0,test,-25.833487,-32.409214,-4.7057834
14701,29-08-2026,21,JP,-13.0,test,-16.594938,-24.290678,1.2699773
14701,29-08-2026,22,JOB,-14.0,test,-18.967031,-26.55602,-0.7666476
14701,29-08-2026,23,FL,-23.0,test,-26.164467,-34.18478,0.19702224
14701,29-08-2026,24,NRI,-24.0,test,-26.572279,-35.436844,-1.2411901
14701,29-08-2026,25,KSG,-24.0,test,-26.047224,-33.02274,1.1344845
14701,29-08-2026,26,AII,-6.0,test,-12.391846,-20.007505,6.4999495
14701,29-08-2026,27,BER,-4.0,test,-12.053422,-19.6493,6.244935
14701,29-08-2026,28,SOD,-6.0,test,-12.9912615,-19.851088,1.8283165
14701,29-08-2026,29,MJ,-3.0,test,-10.387294,-19.267849,9.413117
14701,29-08-2026,30,SOS,-3.0,test,-10.359829,-19.086145,8.897639
14701,29-08-2026,31,JAL,-5.0,test,-10.297946,-18.589766,6.515337
14701,29-08-2026,32,RANI,-6.0,test,-12.341355,-19.1072,10.713219
14701,29-08-2026,33,FA,-4.0,test,-10.48517,-18.773443,9.117209
14701,29-08-2026,34,SJWB,-5.0,test,-10.768398,-19.018852,7.071563
14701,29-08-2026,35,MOI,-5.0,test,-10.070053,-18.516932,4.9840794
14701,29-08-2026,36,NANA,-6.0,test,-12.736967,-19.159319,7.997155
14701,29-08-2026,37,PDWA,-6.0,test,-12.194534,-19.812542,2.788463
14701,29-08-2026,38,SRPJ,-6.0,test,-12.35002,-19.276178,1.7101318
14701,29-08-2026,39,ABR,-3.0,test,-9.397997,-18.781498,6.577822
14701,29-08-2026,40,PNU,-3.0,test,-8.3317175,-18.65263,5.5046105
14701,29-08-2026,41,CHP,-3.0,test,-8.316445,-17.941874,10.860344
14701,29-08-2026,42,SID,-4.0,test,-7.768368,-17.64388,7.389144
14701,29-08-2026,43,UJA,-3.0,test,-9.604592,-18.988266,3.8628256
14701,29-08-2026,44,MSH,-4.0,test,-8.986528,-17.68118,5.7461486
14701,29-08-2026,45,KLL,-3.0,test,-8.196551,-19.043825,4.462184
14701,29-08-2026,46,SBIB,-7.0,test,-11.500044,-20.16698,3.113343
14701,29-08-2026,47,ADI,-11.0,test,-13.801967,-21.658329,0.8350253
14701,29-08-2026,48,ND,-3.0,test,-8.519145,-18.092808,2.814043
14701,29-08-2026,49,ANND,-13.0,test,-16.397223,-23.866856,3.5232325
14701,29-08-2026,50,BRC,-4.0,test,-7.9105506,-18.772356,3.427637
14701,29-08-2026,51,BH,-3.0,test,-8.946657,-19.47988,2.1139998
14701,29-08-2026,52,ST,-4.0,test,-7.887754,-18.7758,4.0136747
14701,29-08-2026,53,NVS,-12.0,test,-17.378681,-22.610518,0.21446802
14701,29-08-2026,54,VAPI,-19.0,test,-20.292469,-27.733564,-6.5841217
14701,29-08-2026,55,DRD,-22.0,test,-24.260859,-31.35821,-8.054533
14701,29-08-2026,56,BVI,-34.0,test,-31.47203,-39.7034,-14.476233
14701,29-08-2026,57,ADH,-28.0,test,-28.061985,-34.651108,-13.775704
14701,30-08-2026,1,SGNR,1.0,test,-5.50097,-17.418394,6.285548
14701,30-08-2026,2,SDS,-3.0,test,-10.287868,-18.91645,4.964182
14701,30-08-2026,3,HMH,-16.0,test,-22.977617,-29.845934,-6.473909
14701,30-08-2026,4,HMO,-15.0,test,-20.659536,-27.564411,-4.2054777
14701,30-08-2026,5,ENB,-9.0,test,-14.563325,-23.533033,-0.03269897
14701,30-08-2026,6,NHR,-5.0,test,-12.11987,-20.21564,2.82453
14701,30-08-2026,7,GAMI,-6.0,test,-12.907548,-22.60757,0.68179095
14701,30-08-2026,8,TSD,-10.0,test,-15.032283,-25.883448,-0.17035146
14701,30-08-2026,9,SDLP,-14.0,test,-20.027264,-25.282993,-4.2798834
14701,30-08-2026,10,CUR,-10.0,test,-14.65693,-24.061314,1.1174049
14701,30-08-2026,11,BUB,-13.0,test,-17.88,-25.862713,-3.052699
14701,30-08-2026,12,RSWT,-12.0,test,-17.240435,-25.6097,-1.7951069
14701,30-08-2026,13,FPS,-20.0,test,-25.393324,-32.97438,-10.524969
14701,30-08-2026,14,LNH,-21.0,test,-26.671394,-34.55829,-11.906152
14701,30-08-2026,15,SIKR,-13.0,test,-20.01993,-25.803074,-4.666951
14701,30-08-2026,16,PLSN,-14.0,test,-21.569963,-26.508955,-5.116595
14701,30-08-2026,17,RGS,-15.0,test,-23.11528,-28.317028,-4.883153
14701,30-08-2026,18,GND,-19.0,test,-24.925045,-33.770927,-9.744938
14701,30-08-2026,19,COM,-20.0,test,-26.412046,-34.876637,-11.348907
14701,30-08-2026,20,DKBJ,-18.0,test,-25.520485,-31.822838,-12.67961
14701,30-08-2026,21,JP,-11.0,test,-18.116308,-24.812172,-3.7774138
14701,30-08-2026,22,JOB,-13.0,test,-21.3232,-27.226635,-5.2982464
14701,30-08-2026,23,FL,-15.0,test,-23.216124,-30.465296,-6.679899
14701,30-08-2026,24,NRI,-15.0,test,-23.36173,-29.947084,-8.555624
14701,30-08-2026,26,AII,0.0,test,-10.491151,-19.251862,4.373615
14701,30-08-2026,27,BER,-3.0,test,-11.074955,-19.90565,3.9660108
14701,30-08-2026,28,SOD,1.0,test,-10.929165,-19.105072,1.5290132
14701,30-08-2026,29,MJ,1.0,test,-8.518645,-19.280317,4.794805
14701,30-08-2026,30,SOS,0.0,test,-8.44402,-18.994974,5.3745723
14701,30-08-2026,31,JAL,-18.0,test,-22.929749,-30.881315,-5.104635
14701,30-08-2026,32,RANI,-19.0,test,-22.91247,-30.470917,-3.6345067
14701,30-08-2026,33,FA,-19.0,test,-22.978828,-30.500433,-5.162872
14701,30-08-2026,35,MOI,-20.0,test,-24.181025,-31.662022,-7.116573
14701,30-08-2026,36,NANA,-21.0,test,-25.792439,-33.783295,-4.2638707
14701,30-08-2026,37,PDWA,-21.0,test,-25.12342,-34.220913,-7.8674455
14701,30-08-2026,38,SRPJ,-21.0,test,-25.193703,-33.582962,-8.910042
14701,30-08-2026,39,ABR,-10.0,test,-15.018092,-23.836832,1.1867009
14701,30-08-2026,40,PNU,1.0,test,-6.380579,-18.536676,3.6267784
14701,30-08-2026,41,CHP,1.0,test,-6.2211804,-17.890402,7.3091455
14701,30-08-2026,42,SID,0.0,test,-6.3898587,-17.392813,5.434268
14701,30-08-2026,43,UJA,1.0,test,-7.8944983,-18.92222,2.3866236
14701,30-08-2026,44,MSH,1.0,test,-7.3426175,-17.577425,4.257968
14701,30-08-2026,45,KLL,1.0,test,-6.4501443,-18.894615,3.720012
14701,30-08-2026,46,SBIB,-6.0,test,-13.158299,-21.300129,1.5482116
14701,30-08-2026,47,ADI,-18.0,test,-23.210476,-31.263342,-6.4922915
14701,30-08-2026,48,ND,-10.0,test,-14.122475,-22.791086,-0.0024812706
14701,30-08-2026,50,BRC,1.0,test,-7.9302154,-19.108637,3.3468175
14701,30-08-2026,51,BH,0.0,test,-8.836335,-20.033459,2.1592436
14701,30-08-2026,53,NVS,-14.0,test,-22.085384,-29.291004,-5.330931
14701,30-08-2026,54,VAPI,-34.0,test,-34.38087,-45.789314,-7.559721
14701,30-08-2026,55,DRD,-36.0,test,-34.623238,-44.867924,-9.535928
14701,30-08-2026,56,BVI,-18.0,test,-25.084711,-32.46383,-10.72208
14701,30-08-2026,57,ADH,-20.0,test,-25.2911,-31.528923,-11.96613
14701,31-08-2026,1,SGNR,-15.0,test,-3.9011111,-17.525288,4.263844
14701,31-08-2026,2,SDS,-19.0,test,-11.159943,-19.562536,2.6940918
14701,31-08-2026,3,HMH,-20.0,test,-12.296227,-19.63567,3.6622722
14701,31-08-2026,4,HMO,-20.0,test,-12.662418,-20.693321,4.0484457
14701,31-08-2026,5,ENB,-17.0,test,-10.218367,-19.722342,1.737003
14701,31-08-2026,6,NHR,-30.0,test,-22.175756,-28.928236,-5.32266
14701,31-08-2026,7,GAMI,-40.0,test,-29.839,-39.484093,-9.933562
14701,31-08-2026,8,TSD,-40.0,test,-29.000097,-39.23145,-8.3988695
14701,31-08-2026,9,SDLP,-24.0,test,-14.534042,-23.457397,1.4815
14701,31-08-2026,10,CUR,-23.0,test,-14.010136,-22.488764,2.669869
14701,31-08-2026,11,BUB,-25.0,test,-14.970031,-25.07565,0.17200343
14701,31-08-2026,12,RSWT,-24.0,test,-15.51403,-24.243511,0.8519477
14701,31-08-2026,13,FPS,-32.0,test,-23.994024,-31.31682,-9.585443
14701,31-08-2026,14,LNH,-34.0,test,-24.68525,-33.1558,-10.310836
14701,31-08-2026,15,SIKR,-26.0,test,-19.835209,-24.742208,-4.750325
14701,31-08-2026,16,PLSN,-25.0,test,-18.021717,-25.386665,-2.025875
14701,31-08-2026,17,RGS,-31.0,test,-23.531887,-30.01448,-4.9368787
14701,31-08-2026,18,GND,-33.0,test,-24.608053,-33.69207,-9.752915
14701,31-08-2026,19,COM,-35.0,test,-26.514687,-35.26796,-11.40697
14701,31-08-2026,20,DKBJ,-33.0,test,-25.658108,-32.606483,-12.4384
14701,31-08-2026,21,JP,-20.0,test,-13.864678,-20.760763,0.09510024
14701,31-08-2026,22,JOB,-18.0,test,-14.978105,-22.594786,0.3654206
14701,31-08-2026,23,FL,-26.0,test,-21.382765,-27.669436,-4.654079
14701,31-08-2026,24,NRI,-25.0,test,-19.49934,-27.832527,-2.2771068
14701,31-08-2026,25,KSG,-23.0,test,-18.942713,-23.098124,-1.304985
14701,31-08-2026,26,AII,-19.0,test,-13.173891,-20.046383,2.996471
14701,31-08-2026,27,BER,-28.0,test,-18.015543,-27.211264,-2.0017223
14701,31-08-2026,28,SOD,-23.0,test,-15.77499,-22.51123,-0.3203749
14701,31-08-2026,29,MJ,-26.0,test,-17.26472,-24.540802,-1.116519
14701,31-08-2026,30,SOS,-26.0,test,-17.251314,-24.468998,0.9648541
14701,31-08-2026,31,JAL,-29.0,test,-20.214733,-26.01138,-4.8932734
14701,31-08-2026,32,RANI,-30.0,test,-20.964613,-27.270693,-0.34605992
14701,31-08-2026,33,FA,-28.0,test,-17.403135,-25.813274,0.03623112
14701,31-08-2026,34,SJWB,-31.0,test,-21.774158,-27.608957,-3.982821
14701,31-08-2026,35,MOI,-31.0,test,-20.298655,-27.744726,-5.8594847
14701,31-08-2026,36,NANA,-32.0,test,-22.84694,-29.724667,-4.633588
14701,31-08-2026,37,PDWA,-33.0,test,-22.702183,-30.665245,-5.3550973
14701,31-08-2026,38,SRPJ,-34.0,test,-22.984007,-30.853527,-7.597983
14701,31-08-2026,39,ABR,-25.0,test,-15.08183,-24.22677,1.1812497
14701,31-08-2026,40,PNU,-14.0,test,-6.8505635,-18.536676,3.6340187
14701,31-08-2026,41,CHP,-16.0,test,-6.882064,-17.925726,5.5046344
14701,31-08-2026,42,SID,-16.0,test,-7.0450573,-17.487772,5.429853
14701,31-08-2026,43,UJA,-15.0,test,-8.208215,-19.131199,1.6337926
14701,31-08-2026,44,MSH,-15.0,test,-7.455058,-17.565226,4.2647915
14701,31-08-2026,45,KLL,-14.0,test,-6.792548,-19.104908,3.6438782
14701,31-08-2026,46,SBIB,-38.0,test,-28.870619,-37.95967,-6.742053
14701,31-08-2026,47,ADI,-28.0,test,-17.429012,-26.187447,-2.097918
14701,31-08-2026,48,ND,-19.0,test,-11.943277,-18.693205,1.5160563
14701,31-08-2026,49,ANND,-25.0,test,-14.881246,-23.779028,2.148474
14701,31-08-2026,50,BRC,-14.0,test,-8.265522,-19.058264,3.2278626
14701,31-08-2026,51,BH,-14.0,test,-8.998329,-19.81454,2.1752617
14701,31-08-2026,52,ST,-15.0,test,-8.048837,-18.907993,3.7049618
14701,31-08-2026,53,NVS,-32.0,test,-23.95419,-31.818941,-7.2074585
14701,31-08-2026,54,VAPI,-23.0,test,-15.458499,-23.165295,0.89471173
14701,31-08-2026,55,DRD,-26.0,test,-19.797297,-26.555754,-4.233106
14701,31-08-2026,56,BVI,-33.0,test,-25.621395,-32.827515,-11.532211
14701,31-08-2026,57,ADH,-28.0,test,-20.708298,-26.323874,-6.4805584
14707,28-08-2026,0,HMH,-5.0,test,2.6145792,-16.196072,22.534388
14707,28-08-2026,1,PGK,-8.0,test,0.95709586,-17.030209,23.713821
14707,28-08-2026,2,SOG,-5.0,test,2.653202,-15.745179,26.89976
14707,28-08-2026,3,LKS,-16.0,test,-12.271199,-23.979578,18.83774
14707,28-08-2026,4,LGH,-14.0,test,-8.661626,-21.18225,11.648518
14707,28-08-2026,5,BKN,-5.0,test,0.8077549,-16.039345,24.221739
14707,28-08-2026,6,DSO,0.0,test,4.193816,-16.211378,27.018648
14707,28-08-2026,7,NOK,-11.0,test,-6.478321,-20.75798,17.29266
14707,28-08-2026,8,NGO,-39.0,test,-35.323997,-44.03893,13.860747
14707,28-08-2026,9,MDW,-39.0,test,-34.118965,-43.599567,8.733682
14707,28-08-2026,10,MTD,-32.0,test,-27.187975,-36.54331,8.572697
14707,28-08-2026,11,GOTN,-29.0,test,-24.10259,-33.269073,10.356357
14707,28-08-2026,12,RKB,-38.0,test,-36.391216,-44.824856,12.7066
14707,28-08-2026,13,JU,-34.0,test,-28.704767,-40.646755,19.238699
14707,28-08-2026,14,LUNI,-22.0,test,-19.634705,-29.877863,20.605282
14707,28-08-2026,15,PMY,-14.0,test,-10.228895,-22.7016,26.146862
14707,28-08-2026,16,MJ,-5.0,test,-2.2721272,-17.871868,31.202688
14707,28-08-2026,17,SOS,-6.0,test,-2.5259008,-17.808874,25.495392
14707,28-08-2026,18,RANI,-9.0,test,-6.0783825,-20.00659,23.27099
14707,28-08-2026,19,FA,-7.0,test,-3.9950185,-18.446722,24.78745
14707,28-08-2026,20,SJWB,-7.0,test,-3.0819864,-18.832827,22.02958
14707,28-08-2026,21,PDWA,-12.0,test,-7.1233087,-22.662207,16.781202
14707,28-08-2026,22,ABR,0.0,test,1.093835,-16.979595,26.513153
14707,28-08-2026,23,PNU,1.0,test,3.9758058,-16.494799,26.172218
14707,28-08-2026,25,MSH,1.0,test,3.415227,-15.336104,24.709248
14707,28-08-2026,26,KLL,0.0,test,3.3807893,-16.987185,21.64209
14707,28-08-2026,27,SBIB,-8.0,test,-2.0774298,-18.350704,21.31384
14707,28-08-2026,28,ADI,-11.0,test,-6.640595,-19.858704,14.585688
14707,28-08-2026,29,ND,-13.0,test,-6.1849875,-20.502157,13.319284
14707,28-08-2026,30,ANND,-20.0,test,-14.387104,-26.588825,7.838446
14707,28-08-2026,31,BRC,-11.0,test,-6.553112,-20.012922,15.420497
14707,28-08-2026,32,BH,1.0,test,-1.6102885,-16.957142,21.797565
14707,28-08-2026,33,ST,1.0,test,3.1193416,-16.476477,20.233597
14707,28-08-2026,34,NVS,-10.0,test,-5.849935,-22.209341,16.37781
14707,28-08-2026,35,BL,-11.0,test,-6.6267743,-20.274244,11.0741625
14707,28-08-2026,36,VAPI,-3.0,test,1.7884372,-16.95472,16.75478
14707,28-08-2026,37,PLG,-9.0,test,-6.939213,-20.107138,13.663338
14707,28-08-2026,38,BVI,-29.0,test,-23.941826,-32.609947,-5.28278
14707,29-08-2026,0,HMH,-47.0,test,-19.629765,-36.293236,9.565938
14707,29-08-2026,1,PGK,-51.0,test,-23.983034,-39.83447,7.4636135
14707,29-08-2026,2,SOG,-50.0,test,-23.151993,-38.41155,9.479183
14707,29-08-2026,3,LKS,-52.0,test,-31.373285,-41.98667,12.586961
14707,29-08-2026,4,LGH,-26.0,test,-6.487325,-19.24248,18.278908
14707,29-08-2026,5,BKN,-17.0,test,4.073724,-15.856755,21.807497
14707,29-08-2026,6,DSO,-14.0,test,4.6464887,-16.211378,25.200695
14707,29-08-2026,7,NOK,-21.0,test,-0.45401382,-17.48938,19.374157
14707,29-08-2026,8,NGO,-37.0,test,-22.78237,-31.851603,11.148537
14707,29-08-2026,9,MDW,-36.0,test,-20.906385,-32.503742,10.239853
14707,29-08-2026,10,MTD,-45.0,test,-25.399689,-35.31742,8.369931
14707,29-08-2026,11,GOTN,-41.0,test,-22.439182,-31.476254,11.525322
14707,29-08-2026,12,RKB,-42.0,test,-27.685251,-35.55512,12.243907
14707,29-08-2026,13,JU,-38.0,test,-21.220015,-30.96852,17.388155
14707,29-08-2026,14,LUNI,-29.0,test,-9.547622,-23.501402,22.032331
14707,29-08-2026,15,PMY,-21.0,test,-4.1594806,-18.477251,29.305729
14707,29-08-2026,16,MJ,-14.0,test,0.81569755,-17.221556,28.245378
14707,29-08-2026,17,SOS,-16.0,test,0.5967282,-17.134623,23.451674
14707,29-08-2026,18,RANI,-19.0,test,-3.1320243,-17.413527,21.194838
14707,29-08-2026,19,FA,-18.0,test,-1.9965464,-17.452822,22.76833
14707,29-08-2026,20,SJWB,-19.0,test,-2.197328,-18.136362,20.284454
14707,29-08-2026,21,PDWA,-19.0,test,-3.1445718,-18.520077,18.781427
14707,29-08-2026,22,ABR,-14.0,test,1.6223395,-17.17929,24.162659
14707,29-08-2026,23,PNU,-14.0,test,5.2421827,-16.494799,24.32948
14707,29-08-2026,25,MSH,-15.0,test,4.1060243,-15.336104,22.419167
14707,29-08-2026,26,KLL,-16.0,test,3.50999,-17.011759,22.241146
14707,29-08-2026,27,SBIB,-16.0,test,0.092160404,-16.795822,22.875076
14707,29-08-2026,28,ADI,-19.0,test,2.614521,-16.786417,18.166916
14707,29-08-2026,29,ND,-25.0,test,-1.5704314,-19.269506,17.351866
14707,29-08-2026,30,ANND,-35.0,test,-15.296825,-26.502579,8.231671
14707,29-08-2026,31,BRC,-32.0,test,-11.158069,-24.02184,8.738329
14707,29-08-2026,32,BH,-35.0,test,-16.398525,-26.253239,7.342384
14707,29-08-2026,33,ST,-20.0,test,1.1338983,-17.015997,17.872131
14707,29-08-2026,34,NVS,-24.0,test,-5.94247,-20.481224,16.525978
14707,29-08-2026,35,BL,-20.0,test,-0.9695036,-17.516808,14.021713
14707,29-08-2026,36,VAPI,-14.0,test,2.1796868,-16.95472,16.886694
14707,29-08-2026,37,PLG,-19.0,test,-4.3285975,-17.147842,12.529016
14707,29-08-2026,38,BVI,-34.0,test,-19.185774,-26.61752,-4.7088146
14707,30-08-2026,0,HMH,-7.0,test,4.7710786,-16.071932,20.610802
14707,30-08-2026,1,PGK,-9.0,test,3.8914747,-15.670329,21.110512
14707,30-08-2026,2,SOG,-8.0,test,3.6510186,-15.516589,24.470762
14707,30-08-2026,3,LKS,-22.0,test,-12.272978,-23.989305,16.8741
14707,30-08-2026,4,LGH,-20.0,test,-7.567278,-20.733809,15.204772
14707,30-08-2026,5,BKN,-16.0,test,-1.7899495,-18.54472,20.559772
14707,30-08-2026,6,DSO,-25.0,test,-11.290252,-24.690474,11.501382
14707,30-08-2026,7,NOK,-29.0,test,-17.810694,-28.260475,7.3534503
14707,30-08-2026,8,NGO,-46.0,test,-34.538216,-43.739563,9.112779
14707,30-08-2026,9,MDW,-42.0,test,-30.796377,-41.446445,7.718177
14707,30-08-2026,10,MTD,-42.0,test,-29.18464,-39.681637,9.194813
14707,30-08-2026,11,GOTN,-38.0,test,-25.005861,-34.8126,11.341399
14707,30-08-2026,12,RKB,-38.0,test,-28.82559,-38.7749,9.330236
14707,30-08-2026,13,JU,-31.0,test,-21.607172,-31.833035,13.720333
14707,30-08-2026,14,LUNI,-22.0,test,-11.205841,-23.830471,20.989471
14707,30-08-2026,15,PMY,-16.0,test,-6.4581203,-20.539145,28.236725
14707,30-08-2026,16,MJ,-17.0,test,-6.1870823,-20.575237,24.784452
14707,30-08-2026,17,SOS,-18.0,test,-6.775105,-20.470818,17.615873
14707,30-08-2026,18,RANI,-20.0,test,-7.68996,-21.934618,15.940292
14707,30-08-2026,19,FA,-20.0,test,-8.426105,-22.283339,15.363963
14707,30-08-2026,20,SJWB,-22.0,test,-9.152789,-23.31083,7.840403
14707,30-08-2026,21,PDWA,-21.0,test,-10.034322,-23.18022,11.069778
14707,30-08-2026,22,ABR,-8.0,test,-0.3768863,-16.95502,23.148554
14707,30-08-2026,23,PNU,-6.0,test,4.3405724,-16.494799,23.194757
14707,30-08-2026,24,UJA,-6.0,test,-0.12121788,-17.050323,17.449873
14707,30-08-2026,25,MSH,-12.0,test,0.7218636,-15.737104,19.375893
14707,30-08-2026,26,KLL,-11.0,test,1.8954455,-17.087343,19.672085
14707,30-08-2026,27,SBIB,-24.0,test,-12.253696,-24.789265,12.814651
14707,30-08-2026,28,ADI,-12.0,test,1.4304792,-17.004833,17.114037
14707,30-08-2026,29,ND,-19.0,test,-6.5393314,-20.449394,12.319782
14707,30-08-2026,30,ANND,-26.0,test,-15.104286,-25.471783,1.7610058
14707,30-08-2026,31,BRC,-33.0,test,-19.940104,-30.153086,-2.0135522
14707,30-08-2026,32,BH,-21.0,test,-11.565876,-22.179056,2.7147317
14707,30-08-2026,33,ST,-7.0,test,2.1665983,-16.312305,19.665354
14707,30-08-2026,34,NVS,-6.0,test,-2.407461,-17.259474,17.483208
14707,30-08-2026,35,BL,-14.0,test,-3.018386,-18.132244,13.737312
14707,30-08-2026,36,VAPI,-10.0,test,0.18116437,-17.053228,13.944907
14707,30-08-2026,37,PLG,-23.0,test,-15.257199,-23.323887,-3.6484234
14707,31-08-2026,0,HMH,4.0,test,2.9138145,-15.940444,12.63485
14707,31-08-2026,1,PGK,-1.0,test,-1.6313349,-18.31963,11.959666
14707,31-08-2026,2,SOG,1.0,test,0.5409029,-16.195593,13.251476
14707,31-08-2026,3,LKS,-17.0,test,-21.831736,-31.376894,-0.08805987
14707,31-08-2026,4,LGH,-13.0,test,-16.697037,-27.26593,-4.452374
14707,31-08-2026,5,BKN,-1.0,test,-2.8928795,-18.54472,13.938984
14707,31-08-2026,6,DSO,5.0,test,3.1870625,-16.242065,13.569897
14707,31-08-2026,7,NOK,-8.0,test,-9.880811,-22.42213,0.9845859
14707,31-08-2026,8,NGO,-30.0,test,-35.45636,-43.353836,-4.4290576
14707,31-08-2026,9,MDW,-31.0,test,-34.474686,-43.661922,-5.670278
14707,31-08-2026,10,MTD,-38.0,test,-40.834316,-44.4759,-5.0241637
14707,31-08-2026,11,GOTN,-35.0,test,-35.722782,-41.29135,-4.680798
14707,31-08-2026,12,RKB,-38.0,test,-44.553387,-47.00852,-4.3577003
14707,31-08-2026,13,JU,-36.0,test,-38.5244,-44.908207,-3.068434
14707,31-08-2026,14,LUNI,-26.0,test,-29.212488,-39.403458,-2.816911
14707,31-08-2026,15,PMY,-17.0,test,-21.033749,-30.613972,-1.9870969
14707,31-08-2026,16,MJ,-1.0,test,-5.643754,-19.998314,13.610066
14707,31-08-2026,17,SOS,-6.0,test,-8.78009,-22.104984,2.5844972
14707,31-08-2026,18,RANI,-8.0,test,-10.755127,-22.938978,3.5322232
14707,31-08-2026,19,FA,-7.0,test,-11.082315,-22.831692,-0.07933666
14707,31-08-2026,20,SJWB,-7.0,test,-10.869556,-23.174538,-1.1233065
14707,31-08-2026,21,PDWA,-6.0,test,-10.419955,-23.07288,1.5831699
14707,31-08-2026,22,ABR,7.0,test,-0.4112708,-16.793467,16.054499
14707,31-08-2026,23,PNU,8.0,test,2.940781,-16.295103,15.283083
14707,31-08-2026,24,UJA,7.0,test,-0.86218923,-16.952585,10.656953
14707,31-08-2026,25,MSH,9.0,test,2.920098,-15.336104,15.100533
14707,31-08-2026,26,KLL,8.0,test,2.763117,-16.889446,15.137602
14707,31-08-2026,27,SBIB,8.0,test,0.057984646,-16.774025,15.746152
14707,31-08-2026,28,ADI,-3.0,test,-7.6413727,-20.706135,8.429217
14707,31-08-2026,29,ND,-5.0,test,-6.7036824,-20.53025,10.221752
14707,31-08-2026,30,ANND,-14.0,test,-17.150703,-28.576208,-1.5737802
14707,31-08-2026,31,BRC,-5.0,test,-7.4955506,-21.430033,10.0262575
14707,31-08-2026,32,BH,8.0,test,-2.5024297,-17.08476,16.045324
14707,31-08-2026,33,ST,7.0,test,2.71111,-16.589031,19.127165
14707,31-08-2026,34,NVS,4.0,test,-4.370016,-17.596674,13.719922
14707,31-08-2026,35,BL,-3.0,test,-8.196623,-20.414202,8.368498
14707,31-08-2026,36,VAPI,-4.0,test,-7.125795,-21.8051,7.6213775
14707,31-08-2026,37,PLG,-13.0,test,-18.269373,-27.871286,-7.168605
14707,31-08-2026,38,BVI,-29.0,test,-28.18213,-38.49758,-9.984954
14709,28-08-2026,1,HMH,1.0,test,-12.43921,-22.198725,3.2495298
14709,28-08-2026,2,HMO,0.0,test,-13.863198,-23.378725,3.621334
14709,28-08-2026,4,ENB,-6.0,test,-16.276299,-26.59999,-0.2181598
14709,28-08-2026,5,NHR,-8.0,test,-20.127262,-30.299997,-0.8350706
14709,28-08-2026,6,DPLN,-5.0,test,-17.796648,-27.921469,-0.6517101
14709,28-08-2026,7,GAMI,-5.0,test,-17.98886,-27.86334,-0.005368393
14709,28-08-2026,8,TSD,-3.0,test,-17.089077,-26.334206,2.27036
14709,28-08-2026,9,AUS,-3.0,test,-17.609522,-26.815523,1.1721909
14709,28-08-2026,10,SDMK,-3.0,test,-17.428596,-26.570114,2.5783546
14709,28-08-2026,11,SDLP,2.0,test,-12.352864,-21.945034,4.0385785
14709,28-08-2026,12,RMB,-2.0,test,-14.897283,-24.534693,2.071942
14709,28-08-2026,13,LHU,1.0,test,-12.644132,-21.813665,5.421029
14709,28-08-2026,14,SRGH,2.0,test,-12.334951,-21.709215,4.7209935
14709,28-08-2026,15,CRWA,2.0,test,-12.788562,-21.709444,5.9963923
14709,28-08-2026,16,RSH,2.0,test,-13.933156,-22.723011,3.5375109
14709,28-08-2026,17,JJN,-16.0,test,-26.282137,-36.576397,-9.284284
14709,28-08-2026,18,NUA,-14.0,test,-22.801626,-34.753906,-6.214862
14709,28-08-2026,19,DOB,-14.0,test,-22.88692,-34.815132,-6.4828644
14709,28-08-2026,20,NWH,-11.0,test,-22.020708,-33.17032,-3.3232791
14709,28-08-2026,21,SIKR,-8.0,test,-20.589697,-29.290676,-2.526168
14709,28-08-2026,22,PLSN,-2.0,test,-16.225721,-23.151903,0.145248
14709,28-08-2026,23,RGS,0.0,test,-16.6102,-24.015436,-0.83720535
14709,28-08-2026,24,GND,-17.0,test,-26.01622,-34.51277,-8.409594
14709,28-08-2026,25,COM,-16.0,test,-24.548233,-33.07802,-9.790172
14709,28-08-2026,26,DKBJ,-19.0,test,-29.322115,-36.77139,-14.4768305
14709,29-08-2026,1,HMH,-20.0,test,-12.317024,-21.99043,3.1221437
14709,29-08-2026,2,HMO,-22.0,test,-13.763492,-23.145676,3.4935303
14709,29-08-2026,4,ENB,-20.0,test,-13.321321,-23.112461,1.4491069
14709,29-08-2026,5,NHR,-20.0,test,-13.644157,-23.693453,2.3789284
14709,29-08-2026,6,DPLN,-20.0,test,-13.773595,-25.71363,1.6681563
14709,29-08-2026,7,GAMI,-20.0,test,-14.067958,-25.31703,2.769237
14709,29-08-2026,8,TSD,-21.0,test,-13.530329,-24.888231,2.8938513
14709,29-08-2026,9,AUS,-21.0,test,-13.869731,-25.424757,2.6338434
14709,29-08-2026,10,SDMK,-20.0,test,-13.917475,-25.118504,3.985209
14709,29-08-2026,11,SDLP,-21.0,test,-12.226626,-21.988941,4.9063897
14709,29-08-2026,12,RMB,-28.0,test,-16.61376,-27.852541,0.20842183
14709,29-08-2026,13,LHU,-22.0,test,-12.942569,-21.844711,4.3661485
14709,29-08-2026,14,SRGH,-23.0,test,-13.338091,-21.902922,4.2971644
14709,29-08-2026,15,CRWA,-24.0,test,-13.632324,-21.897528,4.4824367
14709,29-08-2026,16,RSH,-34.0,test,-20.687492,-31.625465,0.56737715
14709,29-08-2026,17,JJN,-36.0,test,-22.849035,-33.606174,-6.7768707
14709,29-08-2026,18,NUA,-34.0,test,-21.544693,-33.29926,-3.2593849
14709,29-08-2026,19,DOB,-35.0,test,-22.35463,-33.478394,-5.208571
14709,29-08-2026,20,NWH,-35.0,test,-22.315859,-33.307434,-5.7081633
14709,29-08-2026,21,SIKR,-32.0,test,-21.30587,-29.806347,-4.4945216
14709,29-08-2026,22,PLSN,-25.0,test,-16.62522,-23.789072,0.27989525
14709,29-08-2026,23,RGS,-25.0,test,-17.636135,-25.11392,-0.38521004
14709,29-08-2026,24,GND,-27.0,test,-18.112474,-25.439974,-0.28293526
14709,29-08-2026,25,COM,-27.0,test,-19.157024,-25.679417,-2.551007
14709,29-08-2026,26,DKBJ,-31.0,test,-24.27344,-31.339418,-6.847599
14709,30-08-2026,1,HMH,-5.0,test,-12.329794,-22.299263,2.5198638
14709,30-08-2026,2,HMO,-6.0,test,-13.776261,-23.41031,2.936148
14709,30-08-2026,4,ENB,-4.0,test,-13.417252,-23.470623,1.0872307
14709,30-08-2026,5,NHR,-23.0,test,-27.21854,-38.468533,-5.6442375
14709,30-08-2026,6,DPLN,-19.0,test,-22.266504,-33.521008,-4.9674683
14709,30-08-2026,7,GAMI,-19.0,test,-22.590271,-33.505085,-3.8511603
14709,30-08-2026,8,TSD,-19.0,test,-22.18559,-33.68821,-3.2393963
14709,30-08-2026,9,AUS,-19.0,test,-22.498676,-33.81298,-3.870545
14709,30-08-2026,10,SDMK,-19.0,test,-22.429369,-34.12561,-4.0090637
14709,30-08-2026,11,SDLP,-5.0,test,-12.698234,-22.044012,5.682334
14709,30-08-2026,12,RMB,-12.0,test,-16.860193,-28.125507,1.64292
14709,30-08-2026,13,LHU,-5.0,test,-12.76827,-21.819002,4.9291463
14709,30-08-2026,14,SRGH,-5.0,test,-12.96529,-21.846771,4.2258067
14709,30-08-2026,15,CRWA,-8.0,test,-13.833612,-22.152742,3.8475418
14709,30-08-2026,16,RSH,-12.0,test,-16.804956,-25.76367,3.6341472
14709,30-08-2026,17,JJN,-6.0,test,-15.742068,-24.508387,-0.9896591
14709,30-08-2026,18,NUA,-6.0,test,-15.641431,-24.831276,1.2643026
14709,30-08-2026,19,DOB,-8.0,test,-16.992298,-25.829807,0.5027772
14709,30-08-2026,20,NWH,-8.0,test,-16.992973,-25.471941,-0.21468616
14709,30-08-2026,21,SIKR,-5.0,test,-15.895911,-24.087845,0.31176302
14709,30-08-2026,22,PLSN,-22.0,test,-25.389584,-33.93812,-5.9430046
14709,30-08-2026,23,RGS,-25.0,test,-25.96964,-35.99148,-7.7729516
14709,30-08-2026,24,GND,-24.0,test,-25.247011,-34.97242,-7.455886
14709,30-08-2026,25,COM,-27.0,test,-27.440939,-37.333897,-10.851196
14709,30-08-2026,26,DKBJ,-31.0,test,-30.98576,-39.037987,-19.342348
14709,31-08-2026,1,HMH,-13.0,test,-13.907185,-23.60198,3.1855285
14709,31-08-2026,2,HMO,-16.0,test,-17.722021,-28.559746,2.792077
14709,31-08-2026,4,ENB,-28.0,test,-30.64743,-39.974613,-9.602357
14709,31-08-2026,5,NHR,-33.0,test,-34.077557,-41.034832,-14.081215
14709,31-08-2026,6,DPLN,-33.0,test,-33.705666,-42.277668,-15.444582
14709,31-08-2026,7,GAMI,-30.0,test,-33.168026,-41.70773,-10.98765
14709,31-08-2026,8,TSD,-30.0,test,-32.77826,-41.779068,-10.479091
14709,31-08-2026,9,AUS,-30.0,test,-33.003487,-42.29571,-11.409173
14709,31-08-2026,10,SDMK,-30.0,test,-32.85668,-41.511288,-11.2458935
14709,31-08-2026,11,SDLP,-7.0,test,-11.319542,-22.278826,7.0063143
14709,31-08-2026,12,RMB,-12.0,test,-15.1518135,-26.75883,2.0294805
14709,31-08-2026,13,LHU,-11.0,test,-13.6603155,-23.02738,4.2260885
14709,31-08-2026,14,SRGH,-12.0,test,-13.932975,-23.430168,3.1552093
14709,31-08-2026,15,CRWA,-16.0,test,-17.153215,-27.261328,1.5606928
14709,31-08-2026,16,RSH,-19.0,test,-19.537374,-30.60556,0.5026366
14709,31-08-2026,17,JJN,-26.0,test,-26.281149,-36.14491,-8.54146
14709,31-08-2026,18,NUA,-28.0,test,-28.532784,-38.83748,-9.60036
14709,31-08-2026,19,DOB,-28.0,test,-28.607992,-39.591084,-10.251846
14709,31-08-2026,20,NWH,-29.0,test,-29.072895,-39.46191,-11.647976
14709,31-08-2026,21,SIKR,-32.0,test,-29.937426,-38.12239,-13.943445
14709,31-08-2026,22,PLSN,-26.0,test,-24.579512,-34.219887,-7.895211
14709,31-08-2026,23,RGS,-27.0,test,-26.489578,-35.825066,-9.287166
14709,31-08-2026,24,GND,-26.0,test,-25.280752,-34.269543,-8.537301
14709,31-08-2026,25,COM,-25.0,test,-24.471807,-33.282257,-9.507032
14715,28-08-2026,0,HSR,-8.0,test,-16.218102,-27.03495,2.7341962
14715,28-08-2026,1,STD,-9.0,test,-17.798204,-29.22863,2.8397412
14715,28-08-2026,2,HNS,-11.0,test,-20.862297,-32.63087,1.8566616
14715,28-08-2026,4,JKZ,-13.0,test,-22.718782,-33.51239,-2.601213
14715,28-08-2026,5,BWK,-14.0,test,-23.32462,-33.990437,-7.283455
14715,28-08-2026,6,BNW,-8.0,test,-19.360569,-29.137575,-1.0285544
14715,28-08-2026,7,MHU,-9.0,test,-20.934305,-30.267027,-3.9492795
14715,28-08-2026,8,CKD,-9.0,test,-20.671686,-30.354937,-2.8226094
14715,28-08-2026,9,JRL,-9.0,test,-20.78741,-30.773516,-2.1860902
14715,28-08-2026,10,SDRA,-8.0,test,-20.372478,-29.913195,-1.7488112
14715,28-08-2026,11,KSI,-8.0,test,-19.82843,-29.268944,-1.3489313
14715,28-08-2026,13,JTS,-5.0,test,-17.547777,-26.113739,1.6701614
14715,28-08-2026,14,KGBS,-5.0,test,-17.610485,-25.293243,1.0904382
14715,28-08-2026,15,RE,-6.0,test,-18.880045,-26.795862,-2.118531
14715,28-08-2026,16,BWL,-47.0,test,-52.046524,-60.11994,-27.565947
14715,28-08-2026,18,AIA,-49.0,test,-53.440296,-61.755722,-27.25175
14715,28-08-2026,20,HSI,-60.0,test,-65.61314,-74.02235,-27.903645
14715,28-08-2026,21,KRH,-45.0,test,-47.96917,-56.52357,-27.429924
14715,28-08-2026,23,PSL,-49.0,test,-51.703285,-57.65389,-26.870636
14715,28-08-2026,24,AWR,-53.0,test,-57.251095,-62.601475,-26.892307
14715,28-08-2026,25,MWW,-53.0,test,-56.9247,-64.303955,-27.550251
14715,28-08-2026,26,MKH,-52.0,test,-56.703384,-62.385357,-27.500805
14715,28-08-2026,27,DGW,-59.0,test,-64.07997,-68.63649,-27.568659
14715,28-08-2026,28,RHG,-77.0,test,-75.51142,-79.95747,-27.67664
14715,28-08-2026,30,BU,-78.0,test,-77.71522,-79.606094,-28.370695
14715,28-08-2026,32,BKI,-76.0,test,-75.71974,-80.46048,-26.975683
14715,28-08-2026,33,ARNA,-75.0,test,-78.03105,-83.53467,-27.261005
14715,28-08-2026,35,DO,-81.0,test,-80.71078,-83.832375,-28.110403
14715,28-08-2026,37,BAI,-70.0,test,-73.85821,-74.91898,-27.237106
14715,28-08-2026,38,KWP,-67.0,test,-68.60899,-72.741585,-27.12669
14715,28-08-2026,39,GTJT,-45.0,test,-40.992172,-53.44888,-26.716694
14715,28-08-2026,40,GADJ,-35.0,test,-32.63804,-47.763805,-25.77393
14715,29-08-2026,0,HSR,-47.0,test,-80.759926,-84.29137,-12.995614
14715,29-08-2026,1,STD,-49.0,test,-82.09078,-84.46263,-14.183202
14715,29-08-2026,2,HNS,-51.0,test,-82.72523,-84.585815,-16.742825
14715,29-08-2026,4,JKZ,-51.0,test,-83.47105,-84.42629,-18.231918
14715,29-08-2026,5,BWK,-52.0,test,-83.44184,-84.4477,-21.096102
14715,29-08-2026,6,BNW,-59.0,test,-83.413795,-84.24136,-19.01368
14715,29-08-2026,7,MHU,-62.0,test,-83.49909,-83.67467,-21.21969
14715,29-08-2026,8,CKD,-64.0,test,-83.28678,-84.12807,-21.364723
14715,29-08-2026,9,JRL,-64.0,test,-82.70838,-84.41198,-21.306839
14715,29-08-2026,10,SDRA,-63.0,test,-82.4545,-85.02073,-20.769493
14715,29-08-2026,11,KSI,-63.0,test,-82.34676,-82.5761,-20.812262
14715,29-08-2026,13,JTS,-63.0,test,-80.83147,-81.42498,-18.324093
14715,29-08-2026,14,KGBS,-63.0,test,-80.98777,-81.93493,-18.341839
14715,29-08-2026,15,RE,-79.0,test,-81.17571,-81.67277,-18.081358
14715,29-08-2026,16,BWL,-79.0,test,-90.99938,-90.99938,-27.430357
14715,29-08-2026,18,AIA,-81.0,test,-96.71981,-96.71981,-27.25175
14715,29-08-2026,20,HSI,-83.0,test,-96.66967,-96.66967,-26.734634
14715,29-08-2026,21,KRH,-64.0,test,-90.674255,-90.674255,-26.910463
14715,29-08-2026,23,PSL,-67.0,test,-91.41318,-91.41318,-26.765446
14715,29-08-2026,24,AWR,-70.0,test,-92.014046,-92.014046,-26.761448
14715,29-08-2026,25,MWW,-71.0,test,-92.72313,-92.72313,-27.44506
14715,29-08-2026,26,MKH,-69.0,test,-86.84227,-86.84227,-27.13662
14715,29-08-2026,27,DGW,-69.0,test,-90.131226,-90.131226,-27.406977
14715,29-08-2026,28,RHG,-70.0,test,-91.54081,-91.54081,-27.595486
14715,29-08-2026,30,BU,-69.0,test,-94.95488,-94.95488,-28.092722
14715,29-08-2026,32,BKI,-66.0,test,-95.17591,-95.17591,-26.459047
14715,29-08-2026,33,ARNA,-79.0,test,-97.82365,-97.82365,-27.065418
14715,29-08-2026,37,BAI,-69.0,test,-97.86176,-97.86176,-27.057106
14715,29-08-2026,38,KWP,-64.0,test,-96.40906,-96.40906,-26.94669
14715,29-08-2026,40,GADJ,-15.0,test,-77.921295,-77.921295,-25.186872
14715,30-08-2026,0,HSR,1.0,test,-16.627586,-29.71208,2.677322
14715,30-08-2026,1,STD,-3.0,test,-19.861702,-33.886284,-1.2153457
14715,30-08-2026,2,HNS,-4.0,test,-21.146128,-34.33737,-2.2215989
14715,30-08-2026,4,JKZ,-3.0,test,-21.709505,-33.79684,-4.4125986
14715,30-08-2026,5,BWK,-15.0,test,-28.398693,-41.104176,-16.24225
14715,30-08-2026,6,BNW,-9.0,test,-25.079191,-38.658253,-10.713482
14715,30-08-2026,7,MHU,-11.0,test,-27.054539,-40.127975,-12.606931
14715,30-08-2026,8,CKD,-10.0,test,-26.449112,-40.494507,-11.796729
14715,30-08-2026,9,JRL,-12.0,test,-27.17231,-41.770283,-12.679459
14715,30-08-2026,10,SDRA,-11.0,test,-27.159996,-42.21889,-11.783317
14715,30-08-2026,11,KSI,-9.0,test,-24.983017,-39.523987,-11.069795
14715,30-08-2026,13,JTS,-13.0,test,-26.501999,-42.292877,-9.929099
14715,30-08-2026,15,RE,-15.0,test,-27.56598,-39.568523,-13.102881
14715,30-08-2026,16,BWL,-48.0,test,-56.401787,-65.57668,-27.392452
14715,30-08-2026,18,AIA,-48.0,test,-61.661716,-68.00931,-27.07175
14715,30-08-2026,20,HSI,-49.0,test,-62.45151,-70.96177,-27.723644
14715,30-08-2026,21,KRH,-29.0,test,-43.77056,-52.921806,-26.686514
14715,30-08-2026,23,PSL,-36.0,test,-50.187073,-56.311188,-26.585445
14715,30-08-2026,24,AWR,-44.0,test,-56.521072,-62.61824,-26.1722
14715,30-08-2026,25,MWW,-49.0,test,-59.822315,-68.467026,-27.26506
14715,30-08-2026,26,MKH,-48.0,test,-56.83373,-67.0725,-27.408632
14715,30-08-2026,27,DGW,-50.0,test,-62.149902,-69.47634,-27.476486
14715,30-08-2026,28,RHG,-67.0,test,-71.751884,-78.797745,-27.57885
14715,30-08-2026,30,BU,-75.0,test,-83.59609,-83.59609,-28.190695
14715,30-08-2026,32,BKI,-77.0,test,-84.19376,-85.943504,-26.62491
14715,30-08-2026,33,ARNA,-77.0,test,-86.48156,-90.073524,-27.081005
14715,30-08-2026,35,DO,-78.0,test,-90.40817,-90.40817,-28.14802
14715,30-08-2026,37,BAI,-67.0,test,-77.708565,-77.708565,-27.237106
14715,30-08-2026,38,KWP,-63.0,test,-72.956085,-72.956085,-27.12669
14715,30-08-2026,39,GTJT,-38.0,test,-43.4128,-52.593166,-26.814667
14715,30-08-2026,40,GADJ,-28.0,test,-34.60606,-49.39683,-25.95811
14715,31-08-2026,0,HSR,-1.0,test,-15.209756,-26.52771,4.0492334
14715,31-08-2026,1,STD,-2.0,test,-16.185823,-27.643806,1.9672449
14715,31-08-2026,2,HNS,-5.0,test,-18.736002,-32.650135,0.7912932
14715,31-08-2026,4,JKZ,-6.0,test,-20.0782,-32.862415,-0.47464067
14715,31-08-2026,5,BWK,-15.0,test,-27.82992,-38.69096,-11.232624
14715,31-08-2026,6,BNW,-10.0,test,-23.226881,-35.030216,-7.784457
14715,31-08-2026,7,MHU,-11.0,test,-24.15443,-36.200016,-9.717092
14715,31-08-2026,8,CKD,-11.0,test,-23.76669,-36.06033,-9.196478
14715,31-08-2026,9,JRL,-12.0,test,-24.811697,-38.233204,-9.373471
14715,31-08-2026,10,SDRA,-11.0,test,-23.5196,-37.19404,-9.116145
14715,31-08-2026,11,KSI,-11.0,test,-23.415758,-36.746353,-9.130233
14715,31-08-2026,13,JTS,-7.0,test,-21.168177,-34.0647,-1.3212725
14715,31-08-2026,14,KGBS,-7.0,test,-21.110548,-33.16671,-0.56016445
14715,31-08-2026,15,RE,-15.0,test,-26.45855,-38.258045,-8.675934
14715,31-08-2026,16,BWL,-40.0,test,-50.11217,-57.28956,-27.565947
14715,31-08-2026,18,AIA,-39.0,test,-49.478806,-59.242176,-27.25175
14715,31-08-2026,20,HSI,-40.0,test,-53.23042,-61.13439,-27.903645
14715,31-08-2026,21,KRH,-20.0,test,-34.56146,-43.765762,-22.122377
14715,31-08-2026,23,PSL,-24.0,test,-36.141216,-46.479652,-24.682604
14715,31-08-2026,24,AWR,-29.0,test,-44.5947,-51.89474,-26.541904
14715,31-08-2026,25,MWW,-29.0,test,-44.27459,-51.95058,-27.046066
14715,31-08-2026,26,MKH,-27.0,test,-42.748234,-51.419567,-26.065079
14715,31-08-2026,27,DGW,-30.0,test,-46.20903,-53.48006,-27.056759
14715,31-08-2026,28,RHG,-32.0,test,-48.569523,-56.15489,-27.590427
14715,31-08-2026,30,BU,-60.0,test,-70.16273,-77.346985,-28.370695
14715,31-08-2026,32,BKI,-59.0,test,-71.21056,-80.017845,-26.975683
14715,31-08-2026,33,ARNA,-75.0,test,-81.16565,-87.99696,-27.261005
14715,31-08-2026,35,DO,-85.0,test,-92.46522,-92.46522,-28.14802
14715,31-08-2026,37,BAI,-74.0,test,-79.34813,-79.34813,-27.237106
14715,31-08-2026,38,KWP,-68.0,test,-74.02273,-74.02273,-27.12669
14715,31-08-2026,39,GTJT,-45.0,test,-51.371407,-54.730133,-26.863258
14715,31-08-2026,40,GADJ,-35.0,test,-35.562008,-51.683598,-25.95811
14734,28-08-2026,0,JP,-39.0,test,-22.304585,-31.297438,-5.968966
14734,28-08-2026,1,GADJ,-43.0,test,-27.336618,-37.063175,-11.373281
14734,28-08-2026,2,GTJT,-45.0,test,-27.582672,-39.425648,-12.548626
14734,28-08-2026,3,KWP,-46.0,test,-28.523672,-41.112434,-14.305654
14734,28-08-2026,4,BAI,-49.0,test,-31.543108,-43.86775,-14.71817
14734,28-08-2026,6,DO,-50.0,test,-32.47706,-44.71854,-14.247345
14734,28-08-2026,8,ARNA,-51.0,test,-33.295235,-43.7563,-17.603733
14734,28-08-2026,9,BKI,-66.0,test,-45.571766,-56.16733,-25.556547
14734,28-08-2026,11,BU,-66.0,test,-47.037148,-57.45093,-26.298466
14734,28-08-2026,13,RHG,-66.0,test,-47.001698,-57.948345,-25.788216
14734,28-08-2026,14,DGW,-79.0,test,-63.742794,-72.08436,-27.346592
14734,28-08-2026,15,MKH,-82.0,test,-65.99468,-73.87235,-27.69117
14734,28-08-2026,16,MWW,-83.0,test,-66.37409,-76.14913,-27.21298
14734,28-08-2026,17,AWR,-63.0,test,-45.904133,-52.872616,-23.924927
14734,28-08-2026,18,PSL,-65.0,test,-47.038483,-55.49115,-25.604357
14734,28-08-2026,20,KRH,-66.0,test,-47.530304,-59.276077,-26.736322
14734,28-08-2026,21,HSI,-85.0,test,-68.95618,-73.35913,-27.97941
14734,28-08-2026,23,AIA,-85.0,test,-68.37649,-72.42359,-27.481127
14734,28-08-2026,25,BWL,-86.0,test,-68.12236,-72.690735,-28.56541
14734,28-08-2026,26,RE,-47.0,test,-29.886707,-42.921085,-11.982424
14734,28-08-2026,27,KGBS,-49.0,test,-32.044064,-43.064297,-13.846843
14734,28-08-2026,28,JTS,-49.0,test,-32.227318,-44.210907,-15.777204
14734,28-08-2026,30,KSI,-49.0,test,-32.27602,-43.262074,-15.804
14734,28-08-2026,31,SDRA,-51.0,test,-33.832558,-44.533607,-17.246529
14734,28-08-2026,32,JRL,-54.0,test,-38.31289,-45.14351,-19.135096
14734,28-08-2026,33,CKD,-55.0,test,-38.68155,-46.702236,-18.947636
14734,28-08-2026,34,MHU,-57.0,test,-39.502296,-47.27635,-20.60346
14734,28-08-2026,35,BNW,-55.0,test,-39.457703,-47.304836,-20.478062
14734,28-08-2026,36,BWK,-57.0,test,-41.009533,-47.912773,-20.649343
14734,28-08-2026,37,JKZ,-59.0,test,-43.53111,-50.091454,-22.34472
14734,28-08-2026,39,HNS,-61.0,test,-51.005325,-56.40271,-24.357775
14734,28-08-2026,40,STD,-63.0,test,-51.12296,-55.646927,-25.040707
14734,28-08-2026,41,HSR,-66.0,test,-47.01597,-54.530552,-26.510567
14734,28-08-2026,42,ADR,-66.0,test,-46.603424,-54.976456,-26.455507
14734,28-08-2026,43,BHT,-70.0,test,-53.68975,-61.286808,-27.984291
14734,28-08-2026,44,DING,-70.0,test,-52.824654,-61.154667,-27.237461
14734,28-08-2026,45,SSA,-51.0,test,-35.575607,-44.893898,-16.4459
14734,28-08-2026,46,KNL,-52.0,test,-34.88088,-43.093193,-18.055218
14734,28-08-2026,47,RMN,-60.0,test,-43.222942,-53.344368,-21.410769
14734,29-08-2026,0,JP,-5.0,test,-21.183138,-32.517776,-5.927324
14734,29-08-2026,1,GADJ,-9.0,test,-26.127655,-34.997066,-11.294552
14734,29-08-2026,2,GTJT,-10.0,test,-26.024721,-36.970257,-11.570431
14734,29-08-2026,3,KWP,-12.0,test,-28.011646,-38.065403,-13.8320675
14734,29-08-2026,4,BAI,-16.0,test,-30.901688,-42.598644,-15.4817095
14734,29-08-2026,6,DO,-17.0,test,-32.05217,-44.140232,-13.664732
14734,29-08-2026,8,ARNA,-18.0,test,-32.02887,-42.794083,-17.202644
14734,29-08-2026,9,BKI,-29.0,test,-44.289566,-52.03078,-23.39718
14734,29-08-2026,11,BU,-31.0,test,-47.971523,-52.628845,-24.89464
14734,29-08-2026,13,RHG,-46.0,test,-58.790077,-66.77354,-27.42887
14734,29-08-2026,14,DGW,-60.0,test,-73.4841,-80.198364,-27.346592
14734,29-08-2026,15,MKH,-61.0,test,-73.298744,-79.79746,-27.69117
14734,29-08-2026,16,MWW,-60.0,test,-73.39535,-80.34841,-27.10779
14734,29-08-2026,17,AWR,-41.0,test,-56.227764,-64.56993,-26.922836
14734,29-08-2026,18,PSL,-44.0,test,-57.092842,-65.58493,-27.002205
14734,29-08-2026,20,KRH,-47.0,test,-59.19039,-70.09529,-27.75115
14734,29-08-2026,21,HSI,-81.0,test,-80.47418,-87.59997,-27.97941
14734,29-08-2026,23,AIA,-82.0,test,-81.97521,-88.48991,-27.481127
14734,29-08-2026,25,BWL,-89.0,test,-90.16914,-95.00321,-28.56541
14734,29-08-2026,26,RE,-59.0,test,-59.539795,-68.58376,-24.585394
14734,29-08-2026,27,KGBS,-61.0,test,-59.31418,-68.623314,-24.568163
14734,29-08-2026,28,JTS,-61.0,test,-61.14862,-68.95425,-26.626156
14734,29-08-2026,30,KSI,-60.0,test,-61.413883,-68.56393,-27.109123
14734,29-08-2026,31,SDRA,-61.0,test,-61.989628,-69.12137,-26.922632
14734,29-08-2026,32,JRL,-61.0,test,-63.252743,-68.59038,-27.640728
14734,29-08-2026,33,CKD,-63.0,test,-66.60601,-70.84828,-27.378973
14734,29-08-2026,34,MHU,-63.0,test,-65.94617,-71.79324,-27.607752
14734,29-08-2026,35,BNW,-59.0,test,-68.039955,-68.039955,-27.945597
14734,29-08-2026,36,BWK,-67.0,test,-74.10024,-76.25308,-27.886553
14734,29-08-2026,37,JKZ,-69.0,test,-73.80658,-77.01689,-27.662428
14734,29-08-2026,39,HNS,-71.0,test,-78.497246,-82.63321,-27.208778
14734,29-08-2026,40,STD,-71.0,test,-78.40179,-81.13805,-27.1119
14734,29-08-2026,41,HSR,-60.0,test,-67.44097,-69.12815,-27.346722
14734,29-08-2026,42,ADR,-58.0,test,-66.28053,-69.57896,-27.575958
14734,29-08-2026,43,BHT,-60.0,test,-68.04392,-70.91789,-27.984291
14734,29-08-2026,44,DING,-59.0,test,-67.45334,-72.139885,-27.521757
14734,29-08-2026,45,SSA,-47.0,test,-54.891266,-64.14705,-27.733843
14734,29-08-2026,46,KNL,-47.0,test,-53.87427,-62.724487,-27.363922
14734,29-08-2026,47,RMN,-50.0,test,-59.812572,-67.48008,-27.616901
14734,30-08-2026,0,JP,-39.0,test,-18.341316,-31.965109,-5.113738
14734,30-08-2026,1,GADJ,-47.0,test,-24.599028,-38.76965,-11.516331
14734,30-08-2026,2,GTJT,-49.0,test,-26.403555,-39.08511,-13.015641
14734,30-08-2026,3,KWP,-50.0,test,-28.24727,-40.59001,-15.751004
14734,30-08-2026,4,BAI,-55.0,test,-33.35011,-42.75583,-18.284048
14734,30-08-2026,6,DO,-54.0,test,-30.994774,-42.807934,-15.576861
14734,30-08-2026,8,ARNA,-54.0,test,-31.68581,-41.568325,-18.422262
14734,30-08-2026,9,BKI,-64.0,test,-44.33842,-49.54649,-23.70521
14734,30-08-2026,11,BU,-65.0,test,-46.6792,-51.465813,-24.822594
14734,30-08-2026,13,RHG,-67.0,test,-46.147564,-54.315216,-25.926762
14734,30-08-2026,14,DGW,-81.0,test,-61.19613,-73.00389,-27.166592
14734,30-08-2026,15,MKH,-81.0,test,-62.59679,-72.18743,-27.51117
14734,30-08-2026,16,MWW,-80.0,test,-62.945774,-71.46907,-26.92779
14734,30-08-2026,17,AWR,-60.0,test,-40.39144,-48.158176,-19.886408
14734,30-08-2026,18,PSL,-62.0,test,-43.702198,-49.29566,-23.185732
14734,30-08-2026,20,KRH,-66.0,test,-45.52908,-51.630898,-25.97704
14734,30-08-2026,21,HSI,-66.0,test,-47.637,-52.792187,-26.880674
14734,30-08-2026,23,AIA,-76.0,test,-58.64115,-62.458755,-27.301126
14734,30-08-2026,25,BWL,-78.0,test,-59.240005,-64.76595,-28.391916
14734,30-08-2026,26,RE,-42.0,test,-22.596807,-35.62544,-9.162691
14734,30-08-2026,27,KGBS,-48.0,test,-27.817703,-40.66547,-11.505569
14734,30-08-2026,28,JTS,-49.0,test,-29.659573,-42.310345,-14.369203
14734,30-08-2026,30,KSI,-49.0,test,-29.4252,-40.58821,-14.415097
14734,30-08-2026,31,SDRA,-51.0,test,-31.030708,-42.221123,-16.062334
14734,30-08-2026,32,JRL,-55.0,test,-35.66232,-43.29498,-19.11128
14734,30-08-2026,33,CKD,-56.0,test,-35.344997,-44.218494,-18.952213
14734,30-08-2026,34,MHU,-58.0,test,-35.814243,-45.249706,-20.424097
14734,30-08-2026,35,BNW,-56.0,test,-37.08938,-45.512146,-20.493519
14734,30-08-2026,36,BWK,-65.0,test,-45.558086,-49.32685,-25.315977
14734,30-08-2026,37,JKZ,-67.0,test,-45.03481,-52.637245,-26.530031
14734,30-08-2026,39,HNS,-70.0,test,-56.226406,-59.955013,-27.028778
14734,30-08-2026,40,STD,-75.0,test,-59.621403,-62.06647,-26.931904
14734,30-08-2026,41,HSR,-63.0,test,-41.901516,-47.321926,-24.674076
14734,30-08-2026,42,ADR,-63.0,test,-42.231766,-47.802986,-24.430037
14734,30-08-2026,43,BHT,-75.0,test,-55.24547,-61.50058,-27.80429
14734,30-08-2026,44,DING,-75.0,test,-54.02981,-60.828754,-27.301847
14734,30-08-2026,45,SSA,-68.0,test,-43.80624,-52.73886,-26.305815
14734,30-08-2026,46,KNL,-65.0,test,-39.81476,-45.601837,-24.354591
14734,30-08-2026,47,RMN,-65.0,test,-42.35557,-50.938362,-24.761
14734,31-08-2026,0,JP,-13.0,test,-20.29432,-31.8695,-6.367274
14734,31-08-2026,1,GADJ,-17.0,test,-22.635572,-33.90216,-11.093246
14734,31-08-2026,2,GTJT,-17.0,test,-22.319666,-32.406227,-11.515473
14734,31-08-2026,3,KWP,-17.0,test,-22.763317,-33.394226,-13.467853
14734,31-08-2026,4,BAI,-19.0,test,-24.445967,-37.793663,-14.254418
14734,31-08-2026,6,DO,-20.0,test,-25.013222,-39.17078,-10.829217
14734,31-08-2026,8,ARNA,-19.0,test,-24.81924,-36.772495,-14.254418
14734,31-08-2026,9,BKI,-37.0,test,-43.27562,-49.610943,-20.729422
14734,31-08-2026,11,BU,-53.0,test,-53.34299,-64.00302,-27.879997
14734,31-08-2026,13,RHG,-67.0,test,-66.068375,-75.0783,-27.42887
14734,31-08-2026,14,DGW,-67.0,test,-69.617355,-77.37212,-27.346592
14734,31-08-2026,15,MKH,-68.0,test,-73.04197,-78.903046,-27.69117
14734,31-08-2026,16,MWW,-67.0,test,-69.94056,-79.082306,-27.21298
14734,31-08-2026,17,AWR,-47.0,test,-51.90078,-58.561348,-26.769403
14734,31-08-2026,18,PSL,-52.0,test,-55.697296,-63.34633,-27.002205
14734,31-08-2026,20,KRH,-63.0,test,-64.83369,-72.10486,-27.75115
14734,31-08-2026,21,HSI,-63.0,test,-66.14421,-70.731064,-27.97941
14734,31-08-2026,23,AIA,-76.0,test,-77.11636,-84.45557,-27.481127
14734,31-08-2026,25,BWL,-86.0,test,-80.28663,-89.9549,-28.56541
14734,31-08-2026,26,RE,-65.0,test,-56.48637,-65.370674,-23.798674
14734,31-08-2026,27,KGBS,-64.0,test,-55.89924,-64.54956,-25.553236
14734,31-08-2026,28,JTS,-64.0,test,-57.58161,-64.96896,-26.626156
14734,31-08-2026,30,KSI,-63.0,test,-57.704826,-62.59806,-27.109123
14734,31-08-2026,31,SDRA,-63.0,test,-58.463123,-63.17046,-26.922632
14734,31-08-2026,32,JRL,-65.0,test,-60.344368,-64.50543,-27.68932
14734,31-08-2026,33,CKD,-64.0,test,-59.267166,-63.79972,-27.427565
14734,31-08-2026,34,MHU,-65.0,test,-59.198517,-64.48119,-27.656343
14734,31-08-2026,35,BNW,-63.0,test,-62.6658,-62.6658,-27.994188
14734,31-08-2026,36,BWK,-64.0,test,-63.385082,-64.70898,-27.886553
14734,31-08-2026,37,JKZ,-65.0,test,-65.30392,-66.85495,-27.662428
14734,31-08-2026,39,HNS,-71.0,test,-75.65872,-76.976425,-27.208778
14734,31-08-2026,40,STD,-72.0,test,-75.22845,-77.229195,-27.559715
14734,31-08-2026,41,HSR,-61.0,test,-58.240406,-62.329414,-27.794537
14734,31-08-2026,42,ADR,-59.0,test,-58.681202,-61.836838,-27.575958
14734,31-08-2026,43,BHT,-63.0,test,-63.448627,-64.99592,-27.984291
14734,31-08-2026,44,DING,-61.0,test,-58.39024,-64.9009,-27.521757
14734,31-08-2026,45,SSA,-67.0,test,-60.101456,-69.12546,-27.733843
14734,31-08-2026,46,KNL,-71.0,test,-64.522644,-69.578316,-27.469112
14734,31-08-2026,47,RMN,-70.0,test,-67.45141,-69.85828,-27.616901
14801,28-08-2026,0,JU,-13.0,test,-16.670296,-22.5688,-2.6328256
14801,28-08-2026,1,BGKT,-15.0,test,-19.458328,-24.570568,-5.4148226
14801,28-08-2026,2,BANE,-15.0,test,-19.615337,-23.677517,-7.5640492
14801,28-08-2026,3,LUNI,-13.0,test,-18.113832,-22.540836,-6.2393594
14801,28-08-2026,4,PMY,-20.0,test,-23.537016,-29.41261,-8.130355
14801,28-08-2026,5,MJ,-21.0,test,-25.364248,-29.888304,-10.888464
14801,28-08-2026,6,SOD,-22.0,test,-26.281404,-31.265953,-13.609149
14801,28-08-2026,7,HP,-21.0,test,-26.121092,-30.611612,-14.673988
14801,28-08-2026,8,SEU,-18.0,test,-23.29246,-28.112883,-12.730067
14801,28-08-2026,9,BER,-17.0,test,-21.71127,-26.11097,-11.204837
14801,28-08-2026,10,AII,-10.0,test,-16.625761,-21.951681,-3.8018196
14801,28-08-2026,11,NSD,-12.0,test,-18.609768,-23.197538,-6.882075
14801,28-08-2026,12,BJNR,-17.0,test,-23.75011,-27.607035,-12.0747
14801,28-08-2026,13,RLR,-18.0,test,-26.050888,-30.923298,-13.210487
14801,28-08-2026,14,BHL,-13.0,test,-21.896666,-26.263384,-11.147855
14801,28-08-2026,15,GGR,-10.0,test,-18.982761,-25.103495,-9.174801
14801,28-08-2026,16,CNA,-12.0,test,-18.018486,-22.337809,-6.501842
14801,28-08-2026,17,COR,-19.0,test,-22.068066,-27.032194,-8.310812
14801,28-08-2026,18,SMP,-16.0,test,-18.97346,-23.8623,-6.442199
14801,28-08-2026,19,NBH,-26.0,test,-29.687649,-33.34452,-17.649918
14801,28-08-2026,20,JWO,-27.0,test,-31.445127,-35.413834,-18.604103
14801,28-08-2026,21,NMH,-21.0,test,-25.491486,-30.791046,-12.041351
14801,28-08-2026,22,MLG,-10.0,test,-16.25166,-21.1211,-4.6334743
14801,28-08-2026,23,PIP,-17.0,test,-21.981974,-25.91905,-9.589711
14801,28-08-2026,24,MDS,-16.0,test,-21.538382,-25.146729,-8.967763
14801,28-08-2026,25,DLD,-15.0,test,-21.345,-24.556858,-7.812534
14801,28-08-2026,26,DOD,-22.0,test,-28.276943,-32.327473,-16.084585
14801,28-08-2026,27,JAO,-17.0,test,-22.289839,-25.874634,-11.056091
14801,28-08-2026,28,NLI,-25.0,test,-27.636621,-33.05634,-16.404066
14801,28-08-2026,29,RTM,-19.0,test,-23.663992,-28.244606,-11.265823
14801,28-08-2026,30,RNJ,-15.0,test,-21.637218,-23.767206,-11.70817
14801,28-08-2026,31,BNG,-28.0,test,-31.321316,-33.426487,-19.660109
14801,28-08-2026,32,GPX,-18.0,test,-22.359995,-25.561338,-11.97442
14801,28-08-2026,33,FTD,-21.0,test,-25.286419,-27.370207,-15.093772
14801,28-08-2026,34,LMNR,-19.0,test,-22.610462,-26.571316,-11.830456
14801,29-08-2026,0,JU,-16.0,test,-14.676745,-22.345594,-3.0357742
14801,29-08-2026,1,BGKT,-17.0,test,-15.984705,-22.758387,-4.9552245
14801,29-08-2026,2,BANE,-19.0,test,-17.067583,-22.19836,-7.510998
14801,29-08-2026,3,LUNI,-20.0,test,-18.416279,-23.67727,-6.7558417
14801,29-08-2026,4,PMY,-23.0,test,-18.413208,-25.5671,-6.878199
14801,29-08-2026,5,MJ,-23.0,test,-19.852335,-25.896963,-8.893339
14801,29-08-2026,6,SOD,-26.0,test,-22.18954,-29.308037,-11.952861
14801,29-08-2026,7,HP,-27.0,test,-23.928846,-30.197182,-14.210268
14801,29-08-2026,8,SEU,-26.0,test,-22.036947,-29.831766,-13.701214
14801,29-08-2026,9,BER,-27.0,test,-22.86601,-29.736956,-13.245991
14801,29-08-2026,10,AII,-17.0,test,-15.916399,-22.014671,-3.718868
14801,29-08-2026,11,NSD,-16.0,test,-16.105358,-22.816854,-6.6884313
14801,29-08-2026,12,BJNR,-20.0,test,-21.551018,-25.970406,-11.426724
14801,29-08-2026,13,RLR,-25.0,test,-24.75954,-32.207054,-13.171875
14801,29-08-2026,14,BHL,-19.0,test,-21.254831,-26.29919,-11.035074
14801,29-08-2026,15,GGR,-15.0,test,-18.028355,-25.040836,-8.406788
14801,29-08-2026,16,CNA,-17.0,test,-16.479534,-22.12759,-5.913029
14801,29-08-2026,17,COR,-15.0,test,-14.971196,-21.58243,-6.1968966
14801,29-08-2026,18,SMP,-15.0,test,-15.039315,-21.54625,-5.1090503
14801,29-08-2026,19,NBH,-24.0,test,-23.269487,-27.825014,-12.715152
14801,29-08-2026,20,JWO,-26.0,test,-23.938774,-29.599281,-13.836053
14801,29-08-2026,21,NMH,-19.0,test,-18.421017,-23.684067,-8.569173
14801,29-08-2026,22,MLG,-15.0,test,-15.413789,-21.033644,-4.47488
14801,29-08-2026,23,PIP,-23.0,test,-20.281395,-25.839487,-9.60847
14801,29-08-2026,24,MDS,-22.0,test,-19.934782,-25.048338,-8.979952
14801,29-08-2026,25,DLD,-21.0,test,-19.801176,-24.46502,-8.220341
14801,29-08-2026,26,DOD,-27.0,test,-25.428453,-31.36854,-14.594005
14801,29-08-2026,27,JAO,-23.0,test,-20.699991,-25.552607,-10.726144
14801,29-08-2026,28,NLI,-27.0,test,-23.493204,-29.502909,-13.823583
14801,29-08-2026,29,RTM,-22.0,test,-20.357784,-24.471695,-10.481599
14801,29-08-2026,30,RNJ,-18.0,test,-18.540512,-22.411259,-11.069873
14801,29-08-2026,31,BNG,-17.0,test,-19.545994,-22.712046,-12.301673
14801,29-08-2026,32,GPX,-15.0,test,-16.582294,-21.170624,-10.868111
14801,29-08-2026,33,FTD,-18.0,test,-18.778282,-22.177546,-12.470794
14801,29-08-2026,34,LMNR,-19.0,test,-17.574854,-21.449083,-11.268166
14801,30-08-2026,0,JU,1.0,test,-14.098574,-22.296087,-1.9543469
14801,30-08-2026,1,BGKT,-7.0,test,-18.190453,-26.174461,-5.057578
14801,30-08-2026,2,BANE,-7.0,test,-18.408335,-25.026756,-6.583684
14801,30-08-2026,3,LUNI,-6.0,test,-18.19275,-24.740074,-5.8389235
14801,30-08-2026,4,PMY,-7.0,test,-17.921843,-25.47161,-5.9181395
14801,30-08-2026,5,MJ,-8.0,test,-20.926043,-27.313265,-8.490026
14801,30-08-2026,7,HP,-9.0,test,-20.839031,-29.056313,-11.418717
14801,30-08-2026,8,SEU,-11.0,test,-22.058064,-30.296984,-13.311043
14801,30-08-2026,9,BER,-11.0,test,-21.89649,-29.72353,-12.297107
14801,30-08-2026,10,AII,0.0,test,-14.914798,-21.943203,-2.8822505
14801,30-08-2026,11,NSD,1.0,test,-14.990666,-22.773441,-5.12655
14801,30-08-2026,12,BJNR,-3.0,test,-17.63221,-25.255613,-10.326073
14801,30-08-2026,13,RLR,-5.0,test,-19.511642,-28.986418,-11.044817
14801,30-08-2026,14,BHL,0.0,test,-16.73459,-25.823486,-9.704536
14801,30-08-2026,16,CNA,1.0,test,-15.240871,-21.961296,-4.8411446
14801,30-08-2026,17,COR,-3.0,test,-15.66247,-22.139788,-5.798299
14801,30-08-2026,18,SMP,-2.0,test,-15.353699,-21.965284,-4.5257263
14801,30-08-2026,19,NBH,-13.0,test,-23.555546,-31.006613,-15.2902775
14801,30-08-2026,20,JWO,-14.0,test,-23.904371,-31.715471,-16.26037
14801,30-08-2026,21,NMH,-7.0,test,-19.371922,-26.291653,-7.725821
14801,30-08-2026,22,MLG,1.0,test,-14.746499,-21.098125,-1.7203453
14801,30-08-2026,23,PIP,-7.0,test,-19.424995,-25.788969,-8.477012
14801,30-08-2026,24,MDS,-7.0,test,-19.38248,-25.842789,-8.087322
14801,30-08-2026,25,DLD,-7.0,test,-19.312252,-25.541016,-7.590548
14801,30-08-2026,26,DOD,-13.0,test,-24.326807,-32.60097,-15.647008
14801,30-08-2026,27,JAO,-10.0,test,-21.704636,-28.333036,-11.716589
14801,30-08-2026,28,NLI,-14.0,test,-24.07654,-31.15173,-15.894674
14801,30-08-2026,29,RTM,-10.0,test,-21.392368,-28.46661,-11.604809
14801,30-08-2026,30,RNJ,-26.0,test,-31.7978,-38.743248,-21.31202
14801,30-08-2026,31,BNG,-26.0,test,-30.40865,-38.724625,-23.586128
14801,30-08-2026,32,GPX,-16.0,test,-22.734146,-30.82195,-15.359411
14801,30-08-2026,33,FTD,-20.0,test,-26.444216,-33.511494,-16.57325
14801,30-08-2026,34,LMNR,-19.0,test,-24.218967,-32.32972,-16.016317
14801,31-08-2026,0,JU,-5.0,test,-14.996496,-22.17822,-3.3250048
14801,31-08-2026,1,BGKT,-7.0,test,-16.33794,-22.879366,-5.1928296
14801,31-08-2026,2,BANE,-7.0,test,-16.603619,-21.978611,-6.8790126
14801,31-08-2026,3,LUNI,-6.0,test,-16.219975,-22.077261,-6.1283207
14801,31-08-2026,4,PMY,-6.0,test,-16.157495,-22.300035,-7.1828856
14801,31-08-2026,5,MJ,-12.0,test,-19.860413,-24.983463,-8.480765
14801,31-08-2026,6,SOD,-13.0,test,-20.594265,-25.918179,-10.659564
14801,31-08-2026,7,HP,-12.0,test,-20.995958,-25.67049,-12.207362
14801,31-08-2026,8,SEU,-9.0,test,-18.141943,-23.779737,-10.957579
14801,31-08-2026,9,BER,-8.0,test,-18.24139,-22.810837,-10.399098
14801,31-08-2026,10,AII,-8.0,test,-16.934399,-22.090075,-4.6569743
14801,31-08-2026,11,NSD,-12.0,test,-20.212934,-25.186495,-8.412301
14801,31-08-2026,12,BJNR,-23.0,test,-30.961056,-35.941105,-18.493046
14801,31-08-2026,13,RLR,-25.0,test,-33.118977,-37.865086,-19.945108
14801,31-08-2026,14,BHL,-22.0,test,-30.102062,-34.909,-18.167332
14801,31-08-2026,15,GGR,-18.0,test,-26.70578,-32.085793,-14.819767
14801,31-08-2026,16,CNA,-9.0,test,-17.467783,-22.263155,-6.5332246
14801,31-08-2026,17,COR,-8.0,test,-17.028315,-21.878199,-6.642446
14801,31-08-2026,19,NBH,-17.0,test,-25.81911,-29.694777,-14.648369
14801,31-08-2026,20,JWO,-19.0,test,-27.028309,-31.430407,-16.439417
14801,31-08-2026,21,NMH,-12.0,test,-20.462828,-25.08459,-9.226861
14801,31-08-2026,22,MLG,-5.0,test,-15.737164,-20.880402,-2.4405901
14801,31-08-2026,23,PIP,-10.0,test,-20.253757,-23.603365,-8.92033
14801,31-08-2026,24,MDS,-15.0,test,-22.651867,-28.543468,-10.263471
14801,31-08-2026,25,DLD,-16.0,test,-23.347921,-28.648996,-10.404497
14801,31-08-2026,26,DOD,-22.0,test,-29.063074,-34.180355,-18.500803
14801,31-08-2026,27,JAO,-18.0,test,-25.639921,-29.65359,-14.749179
14801,31-08-2026,28,NLI,-26.0,test,-31.484953,-36.281883,-18.422882
14801,31-08-2026,29,RTM,-18.0,test,-25.483196,-29.198961,-13.884213
14801,31-08-2026,30,RNJ,-16.0,test,-23.342566,-27.56474,-13.254481
14801,31-08-2026,31,BNG,-25.0,test,-31.179417,-33.5087,-19.896048
14801,31-08-2026,32,GPX,-16.0,test,-22.210371,-27.210484,-12.9394865
14801,31-08-2026,33,FTD,-19.0,test,-25.255215,-28.643633,-16.5232
14801,31-08-2026,34,LMNR,-18.0,test,-24.009405,-28.360727,-14.445464
14813,28-08-2026,0,JU,9.0,test,1.9718237,-16.682543,15.47105
14813,28-08-2026,1,RKB,10.0,test,3.2740285,-16.203312,17.197662
14813,28-08-2026,3,BNO,8.0,test,0.42094928,-14.893246,18.473263
14813,28-08-2026,4,JWL,8.0,test,-0.19668789,-15.319941,18.34784
14813,28-08-2026,5,AAS,3.0,test,-3.4000103,-18.293404,16.639725
14813,28-08-2026,6,PPR,1.0,test,-4.6524134,-18.979244,14.006053
14813,28-08-2026,7,UMED,-1.0,test,-6.043217,-19.42781,7.175896
14813,28-08-2026,8,KXG,-1.0,test,-5.743248,-19.80423,7.6202483
14813,28-08-2026,9,GOTN,-2.0,test,-5.5949817,-20.689966,9.689207
14813,28-08-2026,10,JOM,-3.0,test,-6.941038,-21.019438,7.529627
14813,28-08-2026,11,MTD,-6.0,test,-13.415907,-24.339834,7.211069
14813,28-08-2026,12,REN,-5.0,test,-10.150345,-23.912039,6.508012
14813,28-08-2026,13,JAC,-7.0,test,-12.891551,-24.752926,1.6722958
14813,28-08-2026,14,DNA,-9.0,test,-18.04376,-27.090086,2.0981138
14813,28-08-2026,15,GCH,-5.0,test,-10.916551,-22.598812,5.2629213
14813,28-08-2026,16,BSRL,-6.0,test,-13.582836,-24.13458,8.978174
14813,28-08-2026,17,BOW,-10.0,test,-18.30612,-27.307661,0.8276179
14813,28-08-2026,18,MKN,-14.0,test,-21.052479,-31.082493,1.6236342
14813,28-08-2026,19,KMNC,-13.0,test,-19.514791,-30.555384,4.481139
14813,28-08-2026,20,NYK,-12.0,test,-18.539253,-29.292269,7.479271
14813,28-08-2026,21,NAC,-13.0,test,-19.418879,-30.758688,12.417102
14813,28-08-2026,22,GA,-6.0,test,-12.520359,-24.439053,19.61677
14813,28-08-2026,23,SBR,-5.0,test,-10.900869,-23.028553,17.18295
14813,28-08-2026,24,FL,12.0,test,2.1596174,-15.34281,22.965454
14813,28-08-2026,25,HDA,11.0,test,1.0963887,-14.996641,21.194284
14813,28-08-2026,27,JOB,7.0,test,-2.7512505,-16.744045,12.853398
14813,28-08-2026,28,BOBS,5.0,test,-5.184281,-16.370005,14.871988
14813,28-08-2026,30,DNK,-1.0,test,-10.899883,-20.336237,4.586177
14813,28-08-2026,31,KKU,-15.0,test,-21.94668,-31.327093,1.8565599
14813,28-08-2026,32,JP,1.0,test,-9.217288,-19.970749,16.580399
14813,28-08-2026,33,DPA,0.0,test,-10.218723,-19.9465,8.90647
14813,28-08-2026,34,SNGN,-3.0,test,-13.324276,-20.192183,1.0914979
14813,28-08-2026,35,SAS,-3.0,test,-11.28685,-20.988186,0.6663665
14813,28-08-2026,36,CKS,-2.0,test,-11.1586895,-20.683155,1.154051
14813,28-08-2026,37,CHNN,-3.0,test,-11.442043,-21.445707,-0.85714984
14813,28-08-2026,38,BNLW,-1.0,test,-11.77085,-21.9375,-0.053373974
14813,28-08-2026,39,SRAS,-7.0,test,-18.067476,-25.687733,-2.1576486
14813,28-08-2026,40,ISA,-4.0,test,-16.64267,-23.159166,-1.4215126
14813,28-08-2026,42,CKB,-4.0,test,-16.687254,-24.79771,-2.9223442
14813,28-08-2026,43,DPZ,-9.0,test,-19.017628,-27.869907,-3.56723
14813,28-08-2026,44,SWM,11.0,test,-0.20903032,-15.268262,13.522606
14813,28-08-2026,45,RWJ,9.0,test,-2.0413773,-15.005943,12.172728
14813,28-08-2026,46,AMLI,6.0,test,-3.772888,-15.829378,11.389818
14813,28-08-2026,47,IDG,4.0,test,-8.324426,-19.222153,10.904096
14813,28-08-2026,48,LKE,4.0,test,-8.087051,-19.403156,10.305366
14813,28-08-2026,49,KPZ,8.0,test,-4.5663743,-16.54512,13.921903
14813,28-08-2026,50,KPTN,6.0,test,-7.040234,-19.051048,7.758177
14813,28-08-2026,51,KOTA,13.0,test,-2.97291,-15.898566,17.588276
14813,28-08-2026,52,ATH,14.0,test,-4.1169004,-15.965631,15.835312
14813,28-08-2026,53,BAZ,1.0,test,-9.594852,-22.25909,10.111507
14813,28-08-2026,54,ATRU,4.0,test,-8.655494,-20.10955,15.531699
14813,28-08-2026,55,SYL,4.0,test,-8.263615,-19.949656,13.133645
14813,28-08-2026,56,CAG,14.0,test,-1.8946335,-15.77802,17.884634
14813,28-08-2026,57,RTA,-1.0,test,-12.349297,-21.72313,21.129541
14813,28-08-2026,58,GUNA,4.0,test,-2.8902962,-18.014023,19.642288
14813,28-08-2026,59,PGA,0.0,test,-6.5068545,-19.875626,18.31948
14813,28-08-2026,60,SHDR,-1.0,test,-8.446239,-20.201445,18.24909
14813,28-08-2026,61,ASKN,-3.0,test,-9.720968,-20.687841,15.976231
14813,28-08-2026,62,PIA,-12.0,test,-18.924429,-27.77534,17.939718
14813,28-08-2026,63,MNV,-18.0,test,-22.95201,-33.384483,13.302914
14813,28-08-2026,64,BINA,-31.0,test,-30.95641,-42.84251,13.343232
14813,28-08-2026,65,MABA,-35.0,test,-33.063427,-43.68918,9.475852
14813,28-08-2026,66,KAH,-38.0,test,-33.332867,-44.96074,5.990571
14813,28-08-2026,67,BET,-47.0,test,-33.90369,-48.29047,4.4400797
14813,28-08-2026,68,BAQ,-48.0,test,-34.62727,-49.993603,0.8158117
14813,28-08-2026,69,GLG,-52.0,test,-35.14891,-52.230022,0.62986493
14813,28-08-2026,70,BHS,-44.0,test,-33.515987,-42.582176,2.3498256
14813,28-08-2026,71,SCI,-43.0,test,-33.74223,-43.71173,3.212262
14813,28-08-2026,72,SMT,-45.0,test,-32.27046,-46.02437,4.3842382
14813,29-08-2026,0,JU,41.0,test,3.7215264,-16.641758,19.50368
14813,29-08-2026,1,RKB,41.0,test,4.108793,-16.185324,18.698553
14813,29-08-2026,3,BNO,39.0,test,2.6233454,-14.784276,19.259596
14813,29-08-2026,4,JWL,38.0,test,1.9024522,-15.210971,19.68296
14813,29-08-2026,5,AAS,33.0,test,-2.1853964,-16.186678,17.547367
14813,29-08-2026,6,PPR,30.0,test,-4.353192,-17.578995,15.834619
14813,29-08-2026,7,UMED,31.0,test,-4.302446,-17.631102,13.555606
14813,29-08-2026,8,KXG,31.0,test,-4.002476,-18.00752,13.6073065
14813,29-08-2026,9,GOTN,31.0,test,-2.6397674,-18.682228,15.66676
14813,29-08-2026,10,JOM,32.0,test,-4.8221154,-17.892166,15.50769
14813,29-08-2026,11,MTD,26.0,test,-9.256192,-21.278435,18.450016
14813,29-08-2026,12,REN,30.0,test,-6.731865,-18.592714,17.51786
14813,29-08-2026,13,JAC,28.0,test,-7.091597,-20.04043,11.891676
14813,29-08-2026,14,DNA,25.0,test,-9.634054,-21.526423,14.027333
14813,29-08-2026,15,GCH,30.0,test,-7.435486,-18.126776,11.167024
14813,29-08-2026,16,BSRL,30.0,test,-8.058483,-18.781713,12.487038
14813,29-08-2026,17,BOW,30.0,test,-7.802311,-18.466324,9.374611
14813,29-08-2026,18,MKN,25.0,test,-9.575634,-21.722862,15.589922
14813,29-08-2026,19,KMNC,26.0,test,-9.243158,-21.216757,14.459818
14813,29-08-2026,20,NYK,27.0,test,-8.498926,-21.223259,15.637588
14813,29-08-2026,21,NAC,27.0,test,-8.39526,-21.168732,18.906816
14813,29-08-2026,22,GA,34.0,test,-2.4451606,-16.043165,20.244225
14813,29-08-2026,23,SBR,35.0,test,-3.7841933,-15.790211,19.22523
14813,29-08-2026,24,FL,42.0,test,1.159852,-15.34281,16.65391
14813,29-08-2026,25,HDA,40.0,test,-0.4638713,-14.982301,17.737604
14813,29-08-2026,27,JOB,36.0,test,-3.178029,-16.016336,11.724622
14813,29-08-2026,28,BOBS,30.0,test,-8.577836,-18.146685,12.972728
14813,29-08-2026,30,DNK,30.0,test,-10.144401,-18.332678,10.918436
14813,29-08-2026,31,KKU,18.0,test,-18.917831,-28.426239,12.10385
14813,29-08-2026,32,JP,37.0,test,-3.789025,-15.614843,17.632414
14813,29-08-2026,33,DPA,39.0,test,-0.2163059,-15.392366,12.29361
14813,29-08-2026,34,SNGN,36.0,test,-3.1343484,-15.066102,11.667715
14813,29-08-2026,35,SAS,36.0,test,-3.5143251,-15.633715,9.8434105
14813,29-08-2026,36,CKS,36.0,test,-5.197401,-16.007376,8.390805
14813,29-08-2026,37,CHNN,26.0,test,-11.704699,-21.198088,8.229265
14813,29-08-2026,38,BNLW,28.0,test,-9.482426,-21.428736,7.011704
14813,29-08-2026,39,SRAS,25.0,test,-13.301311,-21.91361,7.0557814
14813,29-08-2026,40,ISA,24.0,test,-15.056371,-23.17081,7.2001944
14813,29-08-2026,42,CKB,18.0,test,-19.43429,-29.985365,5.334521
14813,29-08-2026,43,DPZ,17.0,test,-19.557388,-29.128115,5.815757
14813,29-08-2026,44,SWM,38.0,test,-0.4666751,-15.277519,12.878955
14813,29-08-2026,45,RWJ,35.0,test,-3.6530783,-15.263161,12.631841
14813,29-08-2026,46,AMLI,33.0,test,-5.3449826,-16.53546,11.440677
14813,29-08-2026,47,IDG,32.0,test,-8.3893385,-19.359425,10.904096
14813,29-08-2026,48,LKE,32.0,test,-8.173514,-19.403156,10.763712
14813,29-08-2026,49,KPZ,35.0,test,-5.7661085,-16.741247,13.55399
14813,29-08-2026,50,KPTN,33.0,test,-8.467523,-19.821085,7.4792643
14813,29-08-2026,51,KOTA,41.0,test,-2.878071,-15.898566,17.619972
14813,29-08-2026,52,ATH,38.0,test,-4.7116523,-16.139856,12.661212
14813,29-08-2026,53,BAZ,37.0,test,-6.166705,-17.280352,9.31853
14813,29-08-2026,54,ATRU,39.0,test,-4.6414547,-16.759462,14.980074
14813,29-08-2026,55,SYL,39.0,test,-4.2495766,-17.308962,14.935554
14813,29-08-2026,56,CAG,42.0,test,-1.6956869,-15.77802,18.451937
14813,29-08-2026,57,RTA,28.0,test,-9.652401,-21.166855,20.902132
14813,29-08-2026,58,GUNA,35.0,test,-0.22044271,-15.940929,19.98383
14813,29-08-2026,59,PGA,30.0,test,-6.9235406,-18.384298,19.764984
14813,29-08-2026,60,SHDR,29.0,test,-6.6724925,-19.697958,19.302183
14813,29-08-2026,61,ASKN,27.0,test,-8.98779,-20.094612,16.646286
14813,29-08-2026,62,PIA,22.0,test,-13.660681,-23.26759,12.859483
14813,29-08-2026,63,MNV,20.0,test,-17.106695,-26.11028,13.375159
14813,29-08-2026,64,BINA,22.0,test,-15.570527,-24.778833,14.277412
14813,29-08-2026,65,MABA,11.0,test,-22.696583,-35.253475,10.713869
14813,29-08-2026,66,KAH,10.0,test,-23.585436,-36.142628,5.326125
14813,29-08-2026,67,BET,10.0,test,-24.067457,-36.92063,4.432453
14813,29-08-2026,68,BAQ,-14.0,test,-33.70103,-48.785236,-0.6840971
14813,29-08-2026,69,GLG,-14.0,test,-34.12364,-50.233658,-2.3950522
14813,29-08-2026,70,BHS,-8.0,test,-33.816307,-43.01671,2.3338392
14813,29-08-2026,71,SCI,-8.0,test,-33.590446,-44.194633,1.8186435
14813,29-08-2026,72,SMT,-8.0,test,-30.448994,-45.334324,0.37716275
14813,30-08-2026,0,JU,3.0,test,-5.0724354,-21.41109,13.950027
14813,30-08-2026,1,RKB,5.0,test,-3.8119636,-20.944008,14.308334
14813,30-08-2026,3,BNO,2.0,test,-4.7565207,-19.79748,17.501324
14813,30-08-2026,4,JWL,3.0,test,-5.087802,-19.963667,17.414068
14813,30-08-2026,5,AAS,-1.0,test,-7.885927,-22.91141,18.424784
14813,30-08-2026,6,PPR,-2.0,test,-10.319271,-23.115355,17.814058
14813,30-08-2026,7,UMED,-3.0,test,-10.04147,-23.978006,14.451413
14813,30-08-2026,8,KXG,-1.0,test,-8.953734,-22.807713,16.2624
14813,30-08-2026,9,GOTN,-2.0,test,-10.190123,-24.165897,16.554646
14813,30-08-2026,10,JOM,-2.0,test,-11.497658,-24.081923,18.776096
14813,30-08-2026,11,MTD,-12.0,test,-22.28578,-32.551826,16.102448
14813,30-08-2026,12,REN,-13.0,test,-22.072811,-34.392517,14.243151
14813,30-08-2026,13,JAC,-16.0,test,-22.54852,-36.114857,13.613282
14813,30-08-2026,14,DNA,-23.0,test,-30.345665,-41.629967,11.654773
14813,30-08-2026,15,GCH,-19.0,test,-26.724476,-39.11337,14.830799
14813,30-08-2026,16,BSRL,-20.0,test,-29.185654,-40.043407,12.935225
14813,30-08-2026,17,BOW,-19.0,test,-26.92435,-39.392883,7.7081614
14813,30-08-2026,18,MKN,-23.0,test,-30.675343,-42.403877,10.747139
14813,30-08-2026,19,KMNC,-23.0,test,-30.362959,-41.92046,7.606971
14813,30-08-2026,20,NYK,-21.0,test,-29.793365,-41.464413,5.4440265
14813,30-08-2026,21,NAC,-20.0,test,-28.793335,-40.592297,7.1721363
14813,30-08-2026,22,GA,-11.0,test,-20.99605,-31.36615,10.548502
14813,30-08-2026,23,SBR,-11.0,test,-20.740461,-30.518461,10.454118
14813,30-08-2026,24,FL,11.0,test,-3.3091877,-15.759731,14.6998205
14813,30-08-2026,25,HDA,10.0,test,-3.2414954,-15.404087,13.146717
14813,30-08-2026,27,JOB,-7.0,test,-19.363497,-29.416462,9.917104
14813,30-08-2026,28,BOBS,-18.0,test,-26.363731,-37.95666,10.690639
14813,30-08-2026,30,DNK,-20.0,test,-27.830767,-39.87782,10.672907
14813,30-08-2026,31,KKU,-23.0,test,-31.26068,-40.92576,8.827084
14813,30-08-2026,32,JP,-2.0,test,-15.010162,-24.274012,14.981195
14813,30-08-2026,33,DPA,3.0,test,-11.191808,-20.295149,12.113434
14813,30-08-2026,34,SNGN,3.0,test,-11.892078,-19.601736,11.385916
14813,30-08-2026,35,SAS,-2.0,test,-15.532178,-23.846058,10.054367
14813,30-08-2026,36,CKS,-2.0,test,-15.616343,-23.980692,9.261238
14813,30-08-2026,37,CHNN,-3.0,test,-15.801862,-24.990322,8.671553
14813,30-08-2026,38,BNLW,-4.0,test,-18.124258,-27.74583,7.7744436
14813,30-08-2026,39,SRAS,-5.0,test,-19.46483,-27.830172,7.876011
14813,30-08-2026,40,ISA,-6.0,test,-19.8052,-28.148531,8.497559
14813,30-08-2026,42,CKB,-15.0,test,-24.523767,-36.518517,5.931886
14813,30-08-2026,44,SWM,6.0,test,-9.628425,-18.189152,12.264849
14813,30-08-2026,45,RWJ,-1.0,test,-14.796444,-22.825901,11.712106
14813,30-08-2026,46,AMLI,-3.0,test,-15.435559,-24.476461,12.557323
14813,30-08-2026,47,IDG,-4.0,test,-17.68013,-27.009748,11.255564
14813,30-08-2026,48,LKE,-3.0,test,-15.544474,-25.837763,12.763821
14813,30-08-2026,49,KPZ,-10.0,test,-21.430202,-31.587307,9.677871
14813,30-08-2026,50,KPTN,-12.0,test,-22.523607,-34.8651,9.432032
14813,30-08-2026,51,KOTA,-16.0,test,-22.496454,-36.178513,9.902551
14813,30-08-2026,52,ATH,-20.0,test,-30.208221,-39.893063,-7.9109535
14813,30-08-2026,53,BAZ,-22.0,test,-32.502262,-41.106304,-10.967967
14813,30-08-2026,54,ATRU,-19.0,test,-28.917507,-39.557602,-6.6794252
14813,30-08-2026,55,SYL,-20.0,test,-30.245626,-40.72477,-7.3143044
14813,30-08-2026,56,CAG,-11.0,test,-19.935427,-31.308113,-7.1196585
14813,30-08-2026,57,RTA,18.0,test,3.0054488,-15.64338,12.301487
14813,30-08-2026,58,GUNA,-17.0,test,-20.99441,-37.708454,7.6789227
14813,30-08-2026,59,PGA,-22.0,test,-21.065382,-39.970104,1.3302866
14813,30-08-2026,60,SHDR,-23.0,test,-21.600447,-40.54815,-2.8991327
14813,30-08-2026,61,ASKN,-25.0,test,-24.462017,-40.97277,-4.6434135
14813,30-08-2026,62,PIA,-26.0,test,-25.171179,-40.35095,-7.423358
14813,30-08-2026,63,MNV,-33.0,test,-31.924961,-44.47004,-5.6597342
14813,30-08-2026,64,BINA,-27.0,test,-30.932056,-41.96813,-6.555786
14813,30-08-2026,65,MABA,-33.0,test,-34.243782,-45.5013,-8.455642
14813,30-08-2026,66,KAH,-36.0,test,-34.513226,-45.60661,-9.4823675
14813,30-08-2026,67,BET,-37.0,test,-35.52089,-46.966274,-9.953441
14813,30-08-2026,68,BAQ,-40.0,test,-36.073128,-49.73362,-14.235247
14813,30-08-2026,69,GLG,-43.0,test,-36.80041,-50.715897,-14.281201
14813,30-08-2026,70,BHS,-36.0,test,-34.977547,-43.033463,-12.896784
14813,30-08-2026,71,SCI,-36.0,test,-34.58198,-44.150112,-12.415444
14813,30-08-2026,72,SMT,-37.0,test,-34.301624,-45.316654,-13.239731
14813,31-08-2026,0,JU,9.0,test,3.975903,-16.616213,12.472993
14813,31-08-2026,1,RKB,10.0,test,4.418925,-15.981492,13.307709
14813,31-08-2026,3,BNO,7.0,test,2.9799938,-14.800664,11.368062
14813,31-08-2026,4,JWL,6.0,test,2.239991,-15.210971,11.6580105
14813,31-08-2026,5,AAS,6.0,test,2.0851173,-15.094838,11.22725
14813,31-08-2026,6,PPR,-5.0,test,-6.2603016,-20.050882,-0.16154751
14813,31-08-2026,7,UMED,-6.0,test,-6.9540753,-19.632038,-3.620089
14813,31-08-2026,8,KXG,-7.0,test,-6.765669,-20.514029,-2.009453
14813,31-08-2026,9,GOTN,-8.0,test,-8.162312,-22.694952,-2.1395485
14813,31-08-2026,10,JOM,-8.0,test,-9.91133,-22.559929,-4.126748
14813,31-08-2026,11,MTD,-7.0,test,-9.862967,-21.358297,-0.62552387
14813,31-08-2026,12,REN,-11.0,test,-12.757001,-25.517658,-5.002111
14813,31-08-2026,13,JAC,-13.0,test,-17.916056,-26.946852,-8.161459
14813,31-08-2026,14,DNA,-16.0,test,-19.053684,-28.69801,-9.613214
14813,31-08-2026,15,GCH,-12.0,test,-15.0646515,-26.008045,-7.1474814
14813,31-08-2026,16,BSRL,-12.0,test,-15.675533,-26.410221,-5.9506845
14813,31-08-2026,17,BOW,-15.0,test,-18.50797,-28.108475,-8.786238
14813,31-08-2026,18,MKN,-19.0,test,-20.818329,-31.221096,-8.370843
14813,31-08-2026,19,KMNC,-18.0,test,-20.958603,-31.12466,-8.370491
14813,31-08-2026,20,NYK,-18.0,test,-21.099892,-30.947918,-9.327185
14813,31-08-2026,21,NAC,-18.0,test,-20.802908,-31.037706,-9.4458475
14813,31-08-2026,22,GA,-13.0,test,-17.359503,-27.292997,-8.548986
14813,31-08-2026,23,SBR,-13.0,test,-17.082355,-26.872467,-5.5677223
14813,31-08-2026,24,FL,7.0,test,0.73798686,-15.360798,10.389849
14813,31-08-2026,25,HDA,5.0,test,-0.41936535,-14.931209,9.604613
14813,31-08-2026,27,JOB,-18.0,test,-20.561405,-31.266949,-5.552242
14813,31-08-2026,28,BOBS,-20.0,test,-21.000238,-31.34279,-5.714789
14813,31-08-2026,30,DNK,-25.0,test,-25.23593,-37.20002,-8.744366
14813,31-08-2026,31,KKU,-30.0,test,-30.387022,-40.008743,-9.35749
14813,31-08-2026,32,JP,-8.0,test,-13.606376,-22.548264,-1.4560293
14813,31-08-2026,33,DPA,-3.0,test,-10.078267,-19.797138,4.052004
14813,31-08-2026,34,SNGN,-5.0,test,-12.314897,-19.591068,-3.6364782
14813,31-08-2026,35,SAS,-7.0,test,-13.144779,-20.94729,-6.1933227
14813,31-08-2026,36,CKS,-7.0,test,-12.796536,-21.033674,-4.908082
14813,31-08-2026,37,CHNN,-9.0,test,-14.174354,-23.513683,-7.6646667
14813,31-08-2026,38,BNLW,-9.0,test,-14.215523,-24.245245,-6.8875794
14813,31-08-2026,39,SRAS,-11.0,test,-17.641697,-25.437603,-8.5765705
14813,31-08-2026,40,ISA,-13.0,test,-19.385414,-27.52197,-8.45527
14813,31-08-2026,42,CKB,-18.0,test,-22.998264,-33.088394,-9.325897
14813,31-08-2026,43,DPZ,-19.0,test,-22.66276,-31.026876,-8.978678
14813,31-08-2026,44,SWM,-6.0,test,-12.717504,-20.237942,-1.9179767
14813,31-08-2026,45,RWJ,-12.0,test,-17.032854,-26.270306,-6.804726
14813,31-08-2026,46,AMLI,-14.0,test,-18.164232,-27.114153,-6.550501
14813,31-08-2026,47,IDG,-16.0,test,-18.947218,-28.931732,-7.3807335
14813,31-08-2026,48,LKE,-16.0,test,-18.59739,-29.479404,-7.4700522
14813,31-08-2026,49,KPZ,-12.0,test,-15.476495,-27.172518,-5.9277463
14813,31-08-2026,50,KPTN,-19.0,test,-22.273342,-33.6312,-9.463563
14813,31-08-2026,51,KOTA,-17.0,test,-19.51798,-29.538437,-7.5258303
14813,31-08-2026,52,ATH,-19.0,test,-20.793505,-31.1295,-7.8810377
14813,31-08-2026,53,BAZ,-21.0,test,-23.071165,-34.781063,-10.128823
14813,31-08-2026,54,ATRU,-18.0,test,-21.568493,-31.543406,-5.5298605
14813,31-08-2026,55,SYL,-18.0,test,-21.297918,-32.115017,-6.7008033
14813,31-08-2026,56,CAG,-9.0,test,-12.955301,-23.680323,-5.604143
14813,31-08-2026,57,RTA,10.0,test,1.8197477,-15.64338,13.023953
14813,31-08-2026,58,GUNA,4.0,test,-2.204906,-15.874411,12.952303
14813,31-08-2026,59,PGA,-1.0,test,-5.1401663,-18.480658,9.173361
14813,31-08-2026,60,SHDR,-2.0,test,-8.321376,-18.297709,8.290369
14813,31-08-2026,61,ASKN,-5.0,test,-8.987843,-20.094612,-1.0784053
14813,31-08-2026,62,PIA,-7.0,test,-12.131906,-20.3148,-4.5774875
14813,31-08-2026,63,MNV,-10.0,test,-15.827696,-23.657322,-2.7912657
14813,31-08-2026,64,BINA,-26.0,test,-26.152155,-39.3393,-5.3843784
14813,31-08-2026,65,MABA,-29.0,test,-31.609566,-40.669846,-8.455642
14813,31-08-2026,66,KAH,-29.0,test,-32.22312,-41.539642,-9.398055
14813,31-08-2026,67,BET,-30.0,test,-33.069252,-42.591408,-9.749444
14813,31-08-2026,68,BAQ,-31.0,test,-34.598473,-44.96819,-14.150934
14813,31-08-2026,69,GLG,-31.0,test,-35.269592,-46.07787,-14.593841
14813,31-08-2026,70,BHS,-17.0,test,-21.187895,-30.140287,-12.092615
14813,31-08-2026,71,SCI,-19.0,test,-23.60861,-32.547043,-12.072685
14813,31-08-2026,72,SMT,-20.0,test,-24.257042,-34.773376,-13.239731
15013,28-08-2026,1,JSM,-8.0,test,7.986413,-16.08103,53.907837
15013,28-08-2026,2,POK,-23.0,test,-4.936574,-23.12858,38.727882
15013,28-08-2026,3,RDRA,-19.0,test,0.21094969,-20.115177,48.866905
15013,28-08-2026,4,PLCJ,-19.0,test,-0.31199932,-20.83414,49.12766
15013,28-08-2026,5,MWT,-51.0,test,-38.416897,-51.485764,15.622357
15013,28-08-2026,6,RKB,-26.0,test,-10.700193,-28.23676,23.547997
15013,28-08-2026,7,JU,-23.0,test,-5.9961653,-24.386389,34.75115
15013,28-08-2026,8,BGKT,-24.0,test,-6.0997458,-25.25937,34.15515
15013,28-08-2026,9,LUNI,-21.0,test,-3.923449,-23.066362,44.371246
15013,28-08-2026,10,PMY,-34.0,test,-19.494713,-33.817238,34.1997
15013,28-08-2026,11,MJ,-18.0,test,-0.0073781013,-20.56621,53.226524
15013,28-08-2026,12,BER,-14.0,test,0.8142371,-17.741161,50.98118
15013,28-08-2026,13,AII,-8.0,test,6.0285616,-16.831263,52.8959
15013,28-08-2026,14,KSG,-8.0,test,4.7440724,-16.40801,48.84466
15013,28-08-2026,15,JP,-15.0,test,2.9169416,-17.699242,48.445576
15013,28-08-2026,16,GADJ,-17.0,test,2.0246239,-18.53897,45.620792
15013,28-08-2026,17,DO,-28.0,test,-10.420981,-27.732586,36.87439
15013,28-08-2026,18,BKI,-34.0,test,-19.016672,-34.04943,30.476643
15013,28-08-2026,19,RHG,-35.0,test,-22.752205,-34.291576,29.482597
15013,28-08-2026,20,AWR,-30.0,test,-14.64743,-30.509962,31.054522
15013,28-08-2026,21,KRH,-35.0,test,-24.13396,-33.634415,28.33998
15013,28-08-2026,22,BWL,-29.0,test,-13.93525,-29.11632,32.138664
15013,28-08-2026,23,RE,-18.0,test,-0.49670187,-19.749798,50.830246
15013,28-08-2026,24,PTRD,-23.0,test,-7.265728,-22.148863,39.940536
15013,28-08-2026,25,GGN,-32.0,test,-20.12563,-32.292282,27.370165
15013,28-08-2026,26,DEE,-37.0,test,-29.518616,-37.38238,12.056698
15013,28-08-2026,27,DLI,-18.0,test,-2.5552146,-20.39157,28.939178
15013,28-08-2026,28,SBB,-30.0,test,-18.094366,-31.782652,18.58405
15013,28-08-2026,29,GZB,-36.0,test,-25.464113,-33.898937,6.139191
15013,28-08-2026,30,HPU,-32.0,test,-23.203384,-33.21836,8.633565
15013,28-08-2026,31,MB,-10.0,test,-0.081879914,-17.856504,18.592571
15013,28-08-2026,32,RMU,-8.0,test,-0.5836351,-16.216703,19.271912
15013,28-08-2026,33,BLQR,-15.0,test,-5.156529,-18.066833,17.723783
15013,28-08-2026,34,RUPC,-16.0,test,-5.0280037,-18.567497,18.200619
15013,28-08-2026,35,LKU,-17.0,test,-5.725401,-20.144176,19.225319
15013,28-08-2026,36,HDW,-8.0,test,1.1798606,-16.080389,20.691607
15013,29-08-2026,1,JSM,-5.0,test,7.5539107,-16.08103,51.955544
15013,29-08-2026,2,POK,-44.0,test,-30.92318,-47.581654,23.21003
15013,29-08-2026,3,RDRA,-40.0,test,-26.678316,-40.466213,25.463924
15013,29-08-2026,4,PLCJ,-71.0,test,-44.85353,-59.27909,23.508608
15013,29-08-2026,5,MWT,-80.0,test,-49.158813,-67.95993,11.660326
15013,29-08-2026,6,RKB,-64.0,test,-45.16088,-58.995926,14.398376
15013,29-08-2026,7,JU,-50.0,test,-37.400684,-48.38389,16.676252
15013,29-08-2026,8,BGKT,-49.0,test,-36.151688,-48.657787,18.802103
15013,29-08-2026,9,LUNI,-42.0,test,-31.02726,-44.587612,22.59319
15013,29-08-2026,10,PMY,-40.0,test,-29.292591,-41.796974,27.136713
15013,29-08-2026,11,MJ,-26.0,test,-12.398579,-30.93893,30.342491
15013,29-08-2026,12,BER,-21.0,test,-6.148966,-24.249035,32.27977
15013,29-08-2026,13,AII,-11.0,test,0.6217606,-17.309778,49.952045
15013,29-08-2026,14,KSG,-11.0,test,-0.4079944,-16.76581,45.85561
15013,29-08-2026,15,JP,-15.0,test,1.2734262,-20.199404,46.51872
15013,29-08-2026,16,GADJ,-16.0,test,-3.0147462,-20.147745,42.03651
15013,29-08-2026,17,DO,-21.0,test,-7.4100266,-23.709963,39.14867
15013,29-08-2026,18,BKI,-29.0,test,-19.578632,-33.913033,30.36318
15013,29-08-2026,19,RHG,-27.0,test,-16.333216,-31.766706,30.179985
15013,29-08-2026,20,AWR,-21.0,test,-7.2201424,-24.581215,36.57711
15013,29-08-2026,21,KRH,-28.0,test,-19.731533,-31.90976,27.742718
15013,29-08-2026,22,BWL,-31.0,test,-24.021723,-33.965775,29.566881
15013,29-08-2026,23,RE,-11.0,test,1.4043845,-17.912933,48.237362
15013,29-08-2026,24,PTRD,-22.0,test,-10.433798,-25.363884,36.178608
15013,29-08-2026,25,GGN,-27.0,test,-19.196764,-31.450966,26.175037
15013,29-08-2026,26,DEE,-45.0,test,-36.71154,-51.010525,7.697809
15013,29-08-2026,27,DLI,-20.0,test,-8.200137,-23.401117,22.93961
15013,29-08-2026,28,SBB,-33.0,test,-26.19449,-35.698776,15.536828
15013,29-08-2026,29,GZB,-25.0,test,-15.63595,-28.54508,8.556918
15013,29-08-2026,30,HPU,-26.0,test,-19.050192,-32.174545,8.755975
15013,29-08-2026,31,MB,-14.0,test,-6.3014617,-20.731628,5.946829
15013,29-08-2026,32,RMU,-11.0,test,-4.408967,-17.022041,5.2239976
15013,29-08-2026,33,BLQR,-18.0,test,-9.965083,-22.5444,1.8158158
15013,29-08-2026,34,RUPC,-23.0,test,-15.415348,-27.384478,-1.0282743
15013,29-08-2026,35,LKU,-25.0,test,-19.260374,-29.028915,-1.9649228
15013,29-08-2026,36,HDW,-5.0,test,-1.1951948,-17.043524,7.892666
15013,30-08-2026,1,JSM,54.0,test,5.506046,-16.194624,30.69284
15013,30-08-2026,3,RDRA,53.0,test,1.9281334,-16.661083,22.792786
15013,30-08-2026,4,PLCJ,54.0,test,-0.43715495,-17.69476,21.012
15013,30-08-2026,5,MWT,46.0,test,-7.526729,-24.36238,12.409987
15013,30-08-2026,6,RKB,30.0,test,-22.671997,-35.916397,10.736687
15013,30-08-2026,7,JU,42.0,test,-6.7730227,-23.96368,13.779212
15013,30-08-2026,8,BGKT,43.0,test,-7.106316,-23.162481,14.628006
15013,30-08-2026,9,LUNI,51.0,test,-2.4409583,-18.38914,16.995562
15013,30-08-2026,10,PMY,46.0,test,-4.8020444,-19.90198,16.797333
15013,30-08-2026,11,MJ,54.0,test,3.2176373,-17.686975,23.085625
15013,30-08-2026,12,BER,55.0,test,2.3408759,-17.499365,22.346052
15013,30-08-2026,13,AII,55.0,test,2.7086475,-16.83885,21.180527
15013,30-08-2026,14,KSG,55.0,test,1.7035695,-16.400423,19.247242
15013,30-08-2026,15,JP,39.0,test,-10.152092,-24.328447,15.523375
15013,30-08-2026,16,GADJ,38.0,test,-8.4812565,-23.203926,15.92148
15013,30-08-2026,17,DO,31.0,test,-21.145458,-30.896357,17.703001
15013,30-08-2026,18,BKI,26.0,test,-26.72541,-35.52173,17.148201
15013,30-08-2026,19,RHG,23.0,test,-29.088808,-37.847828,18.261257
15013,30-08-2026,20,AWR,28.0,test,-24.503729,-33.96969,17.457268
15013,30-08-2026,21,KRH,17.0,test,-31.983582,-44.727882,14.062549
15013,30-08-2026,22,BWL,24.0,test,-29.723536,-37.094185,15.1988125
15013,30-08-2026,23,RE,50.0,test,2.0446079,-17.327972,21.045551
15013,30-08-2026,24,PTRD,25.0,test,-26.50066,-35.060234,18.729803
15013,30-08-2026,25,GGN,22.0,test,-28.93894,-38.777424,14.895007
15013,30-08-2026,26,DEE,-27.0,test,-47.343445,-62.468803,5.6305857
15013,30-08-2026,27,DLI,14.0,test,-26.904474,-43.43001,11.335717
15013,30-08-2026,28,SBB,4.0,test,-32.509132,-48.70813,8.408474
15013,30-08-2026,29,GZB,-8.0,test,-31.704292,-52.048325,1.3415234
15013,30-08-2026,30,HPU,-11.0,test,-34.73042,-51.70903,3.8093565
15013,30-08-2026,31,MB,1.0,test,-26.39565,-42.800747,-10.6695595
15013,30-08-2026,32,RMU,-1.0,test,-23.969004,-40.34963,-7.785329
15013,30-08-2026,33,BLQR,-8.0,test,-25.74217,-40.25612,-10.375466
15013,30-08-2026,34,RUPC,-4.0,test,-26.202549,-40.297554,-8.4475155
15013,30-08-2026,35,LKU,-9.0,test,-26.294909,-40.35582,-11.29285
15013,30-08-2026,36,HDW,-6.0,test,-15.389729,-38.66626,-6.802421
15013,31-08-2026,1,JSM,-11.0,test,0.31119186,-16.08103,16.095505
15013,31-08-2026,2,POK,-30.0,test,-15.428267,-27.877476,1.8812518
15013,31-08-2026,3,RDRA,-29.0,test,-14.497781,-26.706703,-0.4028592
15013,31-08-2026,4,PLCJ,-31.0,test,-16.9277,-30.599197,1.2156364
15013,31-08-2026,5,MWT,-48.0,test,-37.38012,-50.2234,-4.985808
15013,31-08-2026,7,JU,-21.0,test,-10.028459,-22.939163,11.600152
15013,31-08-2026,8,BGKT,-22.0,test,-11.148071,-24.556204,11.700427
15013,31-08-2026,9,LUNI,-14.0,test,-5.929181,-18.839571,11.500991
15013,31-08-2026,10,PMY,-17.0,test,-6.100973,-19.138004,11.993396
15013,31-08-2026,11,MJ,-9.0,test,0.361938,-17.816376,16.41846
15013,31-08-2026,12,BER,-9.0,test,-0.5961249,-17.477571,15.395117
15013,31-08-2026,13,AII,-10.0,test,-0.32103392,-16.878836,16.9554
15013,31-08-2026,14,KSG,-14.0,test,-2.469131,-16.547989,15.198925
15013,31-08-2026,15,JP,-16.0,test,-4.852462,-17.248756,14.742688
15013,31-08-2026,16,GADJ,-17.0,test,-3.3367388,-17.665546,14.734231
15013,31-08-2026,17,DO,-26.0,test,-13.942123,-23.812408,-0.7042399
15013,31-08-2026,18,BKI,-33.0,test,-21.012377,-33.33264,-1.2209879
15013,31-08-2026,19,RHG,-30.0,test,-16.558336,-29.520905,-0.30404994
15013,31-08-2026,20,AWR,-23.0,test,-8.31439,-23.573574,7.7030125
15013,31-08-2026,21,KRH,-26.0,test,-13.526246,-25.028986,-0.24825789
15013,31-08-2026,22,BWL,-27.0,test,-17.361198,-26.559303,2.818927
15013,31-08-2026,23,RE,-12.0,test,-1.5912993,-16.968937,13.233887
15013,31-08-2026,24,PTRD,-11.0,test,-5.511338,-16.687384,7.4243054
15013,31-08-2026,25,GGN,-17.0,test,-6.9858503,-19.48377,8.915477
15013,31-08-2026,27,DLI,-10.0,test,-2.8001893,-17.210215,8.741266
15013,31-08-2026,28,SBB,-21.0,test,-13.704391,-23.48303,2.6198976
15013,31-08-2026,29,GZB,-11.0,test,-6.974858,-18.094309,5.4462633
15013,31-08-2026,30,HPU,-23.0,test,-15.832206,-26.402082,2.1508834
15013,31-08-2026,31,MB,-9.0,test,-5.819924,-17.42785,4.271063
15013,31-08-2026,32,RMU,-9.0,test,-5.9591203,-16.235678,5.8697643
15013,31-08-2026,33,BLQR,-14.0,test,-10.279379,-17.380136,7.1113224
15013,31-08-2026,34,RUPC,-16.0,test,-10.544589,-18.491066,8.757389
15013,31-08-2026,35,LKU,-19.0,test,-12.218802,-21.375376,4.29882
15013,31-08-2026,36,HDW,-9.0,test,-4.7087703,-16.080389,6.9465876
19056,28-08-2026,1,UDN,-19.0,test,-5.3924685,-18.099297,9.743401
19056,28-08-2026,2,NVS,-29.0,test,-14.675755,-24.832495,-2.0673902
19056,28-08-2026,3,VDH,-29.0,test,-14.691789,-25.28797,-2.6380973
19056,28-08-2026,4,BIM,-32.0,test,-16.077972,-26.327108,-4.418348
19056,28-08-2026,5,BL,-22.0,test,-6.9792757,-19.34651,5.152346
19056,28-08-2026,6,ATUL,-26.0,test,-11.983542,-22.97678,0.75308454
19056,28-08-2026,7,PAD,-26.0,test,-12.529931,-22.474201,-0.21640375
19056,28-08-2026,8,UVD,-26.0,test,-12.138267,-22.67632,0.292924
19056,28-08-2026,9,VAPI,-27.0,test,-11.879591,-24.090807,-0.3014554
19056,28-08-2026,11,BLD,-27.0,test,-13.688735,-24.875267,-2.4667156
19056,28-08-2026,12,SJN,-29.0,test,-15.2567425,-25.852348,-4.2577243
19056,28-08-2026,13,UBR,-29.0,test,-16.209473,-25.335918,-6.7744226
19056,28-08-2026,15,GVD,-17.0,test,-7.1430383,-19.675785,2.742698
19056,28-08-2026,16,DRD,-17.0,test,-7.2157373,-18.993444,4.673093
19056,28-08-2026,17,VGN,-29.0,test,-16.154366,-26.58328,-2.3097205
19056,28-08-2026,18,BOR,-31.0,test,-15.936802,-26.383492,-4.2823277
19056,28-08-2026,19,PLG,-30.0,test,-17.364004,-26.187817,-9.575429
19056,28-08-2026,20,KLV,-29.0,test,-17.06887,-25.118435,-8.231364
19056,28-08-2026,21,SAH,-29.0,test,-17.138489,-25.17003,-8.549841
19056,28-08-2026,22,VTN,-29.0,test,-17.168242,-25.197577,-8.466141
19056,28-08-2026,23,VR,-28.0,test,-17.029697,-25.175531,-9.158689
19056,28-08-2026,24,BSR,-27.0,test,-18.629904,-24.987337,-6.967788
19056,28-08-2026,25,BVI,-37.0,test,-24.439362,-32.806946,-14.796706
19056,28-08-2026,26,ADH,-37.0,test,-24.425657,-32.256367,-14.38635
19056,29-08-2026,1,UDN,5.0,test,-0.8535902,-18.027828,11.384177
19056,29-08-2026,2,NVS,-6.0,test,-13.447466,-25.9326,-1.5121677
19056,29-08-2026,3,VDH,-7.0,test,-14.09254,-25.537975,-2.627325
19056,29-08-2026,4,BIM,-9.0,test,-14.045271,-26.32451,-1.4267392
19056,29-08-2026,5,BL,3.0,test,-5.583734,-18.859386,5.7883945
19056,29-08-2026,7,PAD,-2.0,test,-10.408748,-20.433558,0.26236606
19056,29-08-2026,8,UVD,-5.0,test,-11.660064,-23.70904,0.4659592
19056,29-08-2026,9,VAPI,-4.0,test,-10.462783,-23.004261,-0.5020843
19056,29-08-2026,11,BLD,-8.0,test,-13.941167,-26.876907,-4.884534
19056,29-08-2026,12,SJN,-9.0,test,-14.657495,-26.919981,-5.4981904
19056,29-08-2026,13,UBR,-13.0,test,-17.727041,-29.781612,-8.019081
19056,29-08-2026,15,GVD,-31.0,test,-27.900793,-39.546555,-10.296781
19056,29-08-2026,16,DRD,-19.0,test,-20.39821,-34.889336,-6.623705
19056,29-08-2026,17,VGN,-23.0,test,-23.296783,-34.956303,-11.233471
19056,29-08-2026,18,BOR,-25.0,test,-23.710094,-35.72834,-14.023603
19056,29-08-2026,19,PLG,-24.0,test,-22.873041,-34.941826,-18.335527
19056,29-08-2026,20,KLV,-24.0,test,-23.058756,-34.27707,-17.319256
19056,29-08-2026,21,SAH,-23.0,test,-22.762127,-34.446766,-16.133211
19056,29-08-2026,22,VTN,-22.0,test,-21.519588,-33.579876,-15.996102
19056,29-08-2026,23,VR,-25.0,test,-23.916698,-34.826744,-18.278782
19056,29-08-2026,26,ADH,-24.0,test,-29.17312,-36.052864,-19.129457
19056,30-08-2026,1,UDN,-8.0,test,-2.5858924,-18.099297,12.634923
19056,30-08-2026,2,NVS,-20.0,test,-14.262324,-26.72279,-1.6089625
19056,30-08-2026,3,VDH,-19.0,test,-14.241188,-26.347223,-0.82001096
19056,30-08-2026,4,BIM,-22.0,test,-15.754767,-27.626125,0.7371516
19056,30-08-2026,5,BL,-11.0,test,-7.2231746,-19.374723,4.786246
19056,30-08-2026,6,ATUL,-16.0,test,-11.928996,-24.050468,1.7514203
19056,30-08-2026,7,PAD,-16.0,test,-12.67991,-23.495764,-0.37811992
19056,30-08-2026,8,UVD,-20.0,test,-12.762933,-25.753725,-1.0154604
19056,30-08-2026,9,VAPI,-17.0,test,-11.179831,-24.735844,-0.91958725
19056,30-08-2026,11,BLD,-23.0,test,-16.603003,-28.78113,-6.009782
19056,30-08-2026,12,SJN,-24.0,test,-18.01595,-30.419659,-9.236223
19056,30-08-2026,13,UBR,-24.0,test,-16.863613,-29.795744,-9.329939
19056,30-08-2026,15,GVD,-35.0,test,-24.032257,-37.303776,-8.5033455
19056,30-08-2026,16,DRD,-23.0,test,-15.67145,-28.072338,-4.668803
19056,30-08-2026,17,VGN,-21.0,test,-16.79661,-26.522808,-7.7865314
19056,30-08-2026,18,BOR,-24.0,test,-18.453918,-29.972452,-9.348094
19056,30-08-2026,19,PLG,-24.0,test,-19.091673,-29.949205,-13.245256
19056,30-08-2026,20,KLV,-24.0,test,-18.97402,-29.647238,-12.791103
19056,30-08-2026,21,SAH,-25.0,test,-18.767427,-29.824518,-11.851212
19056,30-08-2026,22,VTN,-25.0,test,-18.736458,-29.490644,-11.897174
19056,30-08-2026,23,VR,-24.0,test,-19.237976,-29.645386,-12.308452
19056,30-08-2026,26,ADH,-25.0,test,-24.037062,-31.902224,-13.223798
19056,31-08-2026,1,UDN,5.0,test,-1.1567671,-17.819902,10.922083
19056,31-08-2026,2,NVS,-7.0,test,-14.757065,-26.064817,-0.96671593
19056,31-08-2026,3,VDH,-10.0,test,-16.437788,-26.323338,-3.2895467
19056,31-08-2026,4,BIM,-12.0,test,-16.613829,-27.873749,-4.32738
19056,31-08-2026,5,BL,-4.0,test,-10.11935,-21.953907,4.153618
19056,31-08-2026,6,ATUL,-10.0,test,-15.208544,-26.216629,-2.857371
19056,31-08-2026,7,PAD,-9.0,test,-13.384255,-25.472902,-1.6003125
19056,31-08-2026,8,UVD,-9.0,test,-12.992592,-25.508387,-0.19957218
19056,31-08-2026,9,VAPI,-9.0,test,-11.526425,-25.913946,-1.9619088
19056,31-08-2026,11,BLD,-13.0,test,-17.86784,-30.17948,-6.32559
19056,31-08-2026,12,SJN,-20.0,test,-22.129215,-36.37488,-12.175012
19056,31-08-2026,13,UBR,-21.0,test,-21.840239,-35.896744,-13.977702
19056,31-08-2026,15,GVD,-35.0,test,-31.543211,-40.587837,-11.7234
19056,31-08-2026,16,DRD,-22.0,test,-21.82617,-34.93366,-9.358403
19056,31-08-2026,17,VGN,-22.0,test,-23.124357,-34.07105,-13.879467
19056,31-08-2026,18,BOR,-22.0,test,-23.104795,-34.2399,-12.724221
19056,31-08-2026,19,PLG,-21.0,test,-21.844635,-34.250763,-17.66416
19056,31-08-2026,20,KLV,-21.0,test,-22.124672,-33.696674,-16.594873
19056,31-08-2026,21,SAH,-19.0,test,-21.865604,-33.582363,-13.723531
19056,31-08-2026,22,VTN,-18.0,test,-21.531313,-32.781284,-13.819254
19056,31-08-2026,23,VR,-13.0,test,-19.834898,-29.469746,-12.932745
19056,31-08-2026,26,ADH,-9.0,test,-22.17377,-28.155418,-10.577026
19330,28-08-2026,1,ASV,-16.529999999999973,test,-12.434743,-36.890953,6.938225
19330,28-08-2026,2,SDGM,-16.200000000000045,test,-16.26009,-38.333424,-3.1187928
19330,28-08-2026,3,NRD,-24.5,test,-22.14326,-36.57233,-3.5575557
19330,28-08-2026,4,NHM,1.8400000000000318,test,-10.668798,-36.929066,-0.2620263
19330,28-08-2026,5,TOD,7.449999999999932,test,-9.90902,-36.1049,4.9530554
19330,28-08-2026,6,PRJ,-8.949999999999932,test,-19.498083,-38.730816,-0.6008337
19330,28-08-2026,7,HMT,32.379999999999995,test,-12.907968,-40.73793,3.5808601
19330,28-08-2026,8,SJS,-6.340000000000032,test,-20.548985,-38.02403,-2.1155577
19330,28-08-2026,9,BHWA,-38.319999999999936,test,-22.0656,-38.983253,-1.7375709
19330,28-08-2026,10,DNRP,-4.75,test,-10.189678,-35.41778,0.11121835
19330,28-08-2026,11,RDP,-22.159999999999968,test,-7.7852445,-26.860529,10.226607
19330,28-08-2026,12,SES,-11.079999999999984,test,-15.795203,-34.886086,7.953911
19330,28-08-2026,13,JYM,-44.52000000000004,test,-16.54143,-36.393486,8.092212
19330,28-08-2026,14,ZW,-40.870000000000005,test,-17.639486,-36.4676,2.206483
19330,28-08-2026,15,UMRA,-30.50999999999999,test,-19.01389,-37.048172,9.274107
19330,28-08-2026,16,UDZ,-25.97999999999999,test,-11.090725,-29.683727,7.7480183
19330,28-08-2026,17,RPZ,-12.140000000000015,test,1.4089358,-32.492046,18.58118
19330,28-08-2026,18,MVJ,-17.689999999999998,test,-18.464546,-38.41605,9.476967
19330,28-08-2026,19,FAN,-19.370000000000005,test,-8.941097,-33.873108,13.144067
19330,28-08-2026,20,KIN,-11.100000000000001,test,-14.376641,-36.182762,6.4580674
19330,28-08-2026,21,COR,-13.0,test,-11.122151,-34.069576,14.890362
19330,29-08-2026,1,ASV,-16.200000000000045,test,-18.25574,-37.677067,4.315417
19330,29-08-2026,2,SDGM,-24.5,test,-22.323753,-36.7366,-2.201529
19330,29-08-2026,3,NRD,1.8400000000000318,test,-11.498277,-36.56455,0.44399077
19330,29-08-2026,4,NHM,7.4500000000000455,test,-9.967593,-36.423637,6.0832224
19330,29-08-2026,5,TOD,-8.960000000000036,test,-19.498083,-38.88275,3.5499797
19330,29-08-2026,6,PRJ,32.379999999999995,test,-12.273801,-41.47156,9.449239
19330,29-08-2026,7,HMT,-6.340000000000032,test,-20.165586,-37.46996,0.41245043
19330,29-08-2026,8,SJS,-38.31000000000006,test,-21.525547,-38.93615,1.4358726
19330,29-08-2026,9,BHWA,-4.75,test,-11.778445,-36.7316,3.8541312
19330,29-08-2026,10,DNRP,-22.160000000000082,test,-7.229152,-26.2002,13.406963
19330,29-08-2026,11,RDP,-11.090000000000032,test,-16.520748,-34.70154,1.9949257
19330,29-08-2026,12,SES,-44.51999999999998,test,-16.776865,-35.76422,8.55168
19330,29-08-2026,13,JYM,-40.870000000000005,test,-17.359627,-36.447342,8.856865
19330,29-08-2026,14,ZW,-30.510000000000048,test,-18.897097,-36.96999,7.4023757
19330,29-08-2026,15,UMRA,-25.97999999999996,test,-11.570178,-29.688597,4.4383407
19330,29-08-2026,16,UDZ,-12.129999999999995,test,0.8452792,-35.587944,18.118725
19330,29-08-2026,17,RPZ,-17.69999999999999,test,-17.983116,-34.448093,4.8919387
19330,29-08-2026,18,MVJ,-19.370000000000005,test,-9.528303,-33.98174,11.935012
19330,29-08-2026,19,FAN,-11.100000000000009,test,-13.874637,-35.57923,6.6371436
19330,29-08-2026,20,KIN,-40.34,test,-11.978593,-38.472298,5.031668
19330,29-08-2026,21,COR,-13.0,test,-7.2816668,-34.20103,13.877295
19330,30-08-2026,1,ASV,-24.5,test,-21.455593,-37.37837,5.802922
19330,30-08-2026,2,SDGM,1.8399999999999181,test,-12.059102,-36.76204,0.26554206
19330,30-08-2026,3,NRD,7.4500000000000455,test,-9.885204,-36.880173,7.7638974
19330,30-08-2026,4,NHM,-8.959999999999923,test,-19.589428,-38.693718,1.6456027
19330,30-08-2026,5,TOD,32.370000000000005,test,-12.726295,-41.734535,10.362231
19330,30-08-2026,6,PRJ,-6.340000000000032,test,-20.341583,-37.96193,2.124596
19330,30-08-2026,7,HMT,-38.31000000000006,test,-21.221058,-37.64782,1.1915793
19330,30-08-2026,8,SJS,-4.75,test,-11.930947,-37.08957,3.4721708
19330,30-08-2026,9,BHWA,-22.159999999999968,test,-8.10514,-25.749876,11.991171
19330,30-08-2026,10,DNRP,-11.090000000000032,test,-16.641636,-34.441185,7.1132913
19330,30-08-2026,11,RDP,-44.52999999999997,test,-18.460636,-35.951847,2.537851
19330,30-08-2026,12,SES,-40.870000000000005,test,-17.757023,-36.173965,6.6936407
19330,30-08-2026,13,JYM,-30.50999999999999,test,-18.160728,-37.202923,9.298197
19330,30-08-2026,14,ZW,-25.980000000000018,test,-11.120497,-29.425407,4.9068017
19330,30-08-2026,15,UMRA,-12.129999999999995,test,0.7531402,-35.224224,17.25591
19330,30-08-2026,16,UDZ,-17.69999999999999,test,-18.193151,-37.34159,7.616639
19330,30-08-2026,17,RPZ,-19.379999999999995,test,-8.180117,-30.709442,10.669004
19330,30-08-2026,18,MVJ,-11.099999999999994,test,-15.234203,-36.240437,7.8111696
19330,30-08-2026,19,FAN,-40.34,test,-12.349694,-38.282238,6.658093
19330,30-08-2026,20,KIN,-34.160000000000004,test,-9.185997,-37.11497,3.7224371
19330,30-08-2026,21,COR,-13.0,test,-3.2181842,-24.026106,10.376987
19330,31-08-2026,1,ASV,1.8399999999999181,test,-11.25177,-36.74901,2.7478533
19330,31-08-2026,2,SDGM,7.449999999999932,test,-10.169485,-35.741753,1.611737
19330,31-08-2026,3,NRD,-8.960000000000036,test,-19.560328,-37.507862,-4.9064813
19330,31-08-2026,4,NHM,32.370000000000005,test,-13.136227,-40.955265,0.44988465
19330,31-08-2026,5,TOD,-6.350000000000023,test,-20.374987,-37.974934,-5.8332334
19330,31-08-2026,6,PRJ,-38.309999999999945,test,-22.310621,-39.0141,-6.0327196
19330,31-08-2026,7,HMT,-4.75,test,-11.4766865,-36.09309,-3.1624098
19330,31-08-2026,8,SJS,-22.149999999999977,test,-6.37336,-26.455828,13.4920435
19330,31-08-2026,9,BHWA,-11.079999999999927,test,-17.726236,-35.012894,-1.2102302
19330,31-08-2026,10,DNRP,-44.52999999999997,test,-18.581196,-34.94962,-0.74339336
19330,31-08-2026,11,RDP,-40.879999999999995,test,-19.320238,-36.201923,-5.1822577
19330,31-08-2026,12,SES,-30.50999999999999,test,-18.619507,-36.45161,-2.52264
19330,31-08-2026,13,JYM,-25.970000000000027,test,-10.744186,-28.91041,3.4775329
19330,31-08-2026,14,ZW,-12.130000000000052,test,0.4429213,-34.55392,17.661083
19330,31-08-2026,15,UMRA,-17.689999999999998,test,-18.374792,-37.052048,-1.1542823
19330,31-08-2026,16,UDZ,-19.379999999999995,test,-9.229794,-33.021843,9.693296
19330,31-08-2026,17,RPZ,-11.110000000000014,test,-14.674074,-32.22972,0.87105155
19330,31-08-2026,18,MVJ,-40.33999999999999,test,-14.153158,-38.183342,-2.139863
19330,31-08-2026,19,FAN,-34.150000000000006,test,-10.643761,-37.19651,-3.5663917
19330,31-08-2026,20,KIN,-25.370000000000005,test,-5.3318133,-29.308226,9.555626
19330,31-08-2026,21,COR,-13.0,test,-10.391473,-34.34345,6.792729
19412,28-08-2026,1,DLPC,-19.0,test,-15.0271015,-21.434929,-1.3203201
19412,28-08-2026,2,AADR,-22.0,test,-16.498774,-22.887947,-3.8540826
19412,28-08-2026,3,UHL,-22.0,test,-17.57799,-22.810738,-4.8064747
19412,28-08-2026,4,NLDM,-19.0,test,-15.474084,-22.101974,-1.2567375
19412,28-08-2026,5,ANSB,-26.0,test,-20.356375,-25.853952,-6.0138636
19412,28-08-2026,6,RPAR,-30.0,test,-24.725471,-31.404823,-11.558395
19412,28-08-2026,7,MRND,-27.0,test,-21.17578,-26.865877,-8.081919
19412,28-08-2026,8,SASN,-29.0,test,-22.57993,-30.034155,-9.63546
19412,28-08-2026,9,CDG,-19.0,test,-16.464163,-23.424654,-4.5884476
19412,28-08-2026,10,UMB,-19.0,test,-16.652376,-23.356655,-3.502179
19412,28-08-2026,11,KKDE,-45.0,test,-45.007893,-49.37004,-25.056728
19412,28-08-2026,12,KLE,-86.0,test,-81.276085,-82.95382,-27.743658
19412,28-08-2026,13,NRW,-90.0,test,-79.58704,-85.42869,-27.843971
19412,28-08-2026,14,UCA,-90.0,test,-79.1678,-84.78098,-27.353848
19412,28-08-2026,15,JIND,-89.0,test,-79.264366,-85.27941,-27.664944
19412,28-08-2026,16,JNA,-103.0,test,-90.97415,-98.74005,-27.060045
19412,28-08-2026,17,ROK,-96.0,test,-81.938065,-91.05002,-27.279552
19412,28-08-2026,18,JHJ,-100.0,test,-85.351715,-96.48663,-26.8772
19412,28-08-2026,19,RE,-46.0,test,-37.38021,-43.353146,-21.241531
19412,28-08-2026,20,KRH,-44.0,test,-39.143135,-43.89043,-22.466604
19412,28-08-2026,21,AWR,-50.0,test,-42.678295,-49.4381,-24.9552
19412,28-08-2026,22,RHG,-48.0,test,-40.57393,-46.00699,-24.257261
19412,28-08-2026,23,BKI,-48.0,test,-39.384212,-46.43543,-25.536587
19412,28-08-2026,24,DO,-51.0,test,-42.81778,-51.874084,-26.79791
19412,28-08-2026,25,GADJ,-52.0,test,-44.05743,-52.277473,-26.5738
19412,28-08-2026,26,JP,-51.0,test,-41.83879,-49.4179,-25.00019
19412,28-08-2026,27,FL,-56.0,test,-48.327812,-56.781258,-27.376102
19412,28-08-2026,28,KSG,-49.0,test,-41.014385,-48.505993,-26.148907
19412,28-08-2026,29,AII,-46.0,test,-38.46189,-44.159615,-22.532997
19412,28-08-2026,30,BER,-40.0,test,-32.745472,-40.39413,-19.469421
19412,28-08-2026,31,SOD,-40.0,test,-33.52816,-40.04283,-19.299398
19412,28-08-2026,32,MJ,-29.0,test,-23.886993,-28.833027,-10.106135
19412,28-08-2026,33,RANI,-38.0,test,-32.582375,-38.57911,-19.201283
19412,28-08-2026,34,FA,-34.0,test,-28.962555,-33.669945,-16.937017
19412,28-08-2026,35,SJWB,-38.0,test,-32.845493,-38.680294,-19.109642
19412,28-08-2026,36,NANA,-36.0,test,-29.110025,-36.06957,-17.180204
19412,28-08-2026,37,PDWA,-38.0,test,-32.725082,-38.009304,-19.101498
19412,28-08-2026,38,SRPJ,-39.0,test,-33.44541,-39.137775,-19.289558
19412,28-08-2026,39,ABR,-31.0,test,-26.485939,-31.723145,-13.983831
19412,28-08-2026,40,PNU,-19.0,test,-16.292358,-22.198196,-7.538818
19412,28-08-2026,41,SID,-19.0,test,-16.944948,-21.851215,-8.720866
19412,28-08-2026,42,UJA,-20.0,test,-17.901556,-22.187262,-7.635059
19412,28-08-2026,43,MSH,-21.0,test,-18.241053,-22.09332,-9.968453
19412,28-08-2026,44,KLL,-19.0,test,-16.131895,-21.088066,-7.6576214
19412,29-08-2026,1,DLPC,-21.0,test,-14.995011,-21.072374,-1.0134305
19412,29-08-2026,2,AADR,-24.0,test,-16.626963,-22.67922,-3.289261
19412,29-08-2026,3,UHL,-24.0,test,-17.54845,-22.89757,-4.9931636
19412,29-08-2026,4,NLDM,-21.0,test,-15.268142,-22.416557,-1.3054583
19412,29-08-2026,5,ANSB,-23.0,test,-17.53462,-23.458078,-5.0236397
19412,29-08-2026,6,RPAR,-33.0,test,-26.935194,-32.905888,-13.289709
19412,29-08-2026,7,MRND,-32.0,test,-23.9648,-31.24844,-10.637348
19412,29-08-2026,8,SASN,-33.0,test,-24.934288,-32.419178,-12.294393
19412,29-08-2026,9,CDG,-28.0,test,-20.713808,-26.577349,-6.213229
19412,29-08-2026,10,UMB,-20.0,test,-16.280909,-23.14242,-1.4090896
19412,29-08-2026,11,KKDE,-46.0,test,-44.982533,-49.361088,-25.056728
19412,29-08-2026,12,KLE,-53.0,test,-50.80033,-55.27634,-27.578932
19412,29-08-2026,13,NRW,-39.0,test,-37.61054,-45.37001,-19.547762
19412,29-08-2026,14,UCA,-39.0,test,-37.589024,-44.990192,-18.949644
19412,29-08-2026,15,JIND,-37.0,test,-35.351353,-44.131832,-17.76118
19412,29-08-2026,16,JNA,-52.0,test,-49.025463,-57.14075,-26.538893
19412,29-08-2026,17,ROK,-49.0,test,-43.53297,-53.358616,-26.500662
19412,29-08-2026,18,JHJ,-58.0,test,-56.42868,-63.90907,-27.146671
19412,29-08-2026,19,RE,-21.0,test,-18.23481,-25.988203,-5.7078857
19412,29-08-2026,20,KRH,-22.0,test,-17.957136,-27.776283,-7.566008
19412,29-08-2026,21,AWR,-27.0,test,-21.688673,-29.939255,-9.158
19412,29-08-2026,22,RHG,-25.0,test,-20.963634,-27.828762,-9.465786
19412,29-08-2026,23,BKI,-25.0,test,-20.904518,-28.542953,-10.307518
19412,29-08-2026,24,DO,-28.0,test,-22.60877,-30.531328,-11.115111
19412,29-08-2026,25,GADJ,-28.0,test,-23.87481,-31.369825,-11.73638
19412,29-08-2026,26,JP,-23.0,test,-18.626625,-26.496956,-8.408447
19412,29-08-2026,27,FL,-26.0,test,-21.936434,-29.555067,-10.216747
19412,29-08-2026,28,KSG,-21.0,test,-19.190876,-27.804193,-9.530379
19412,29-08-2026,29,AII,-22.0,test,-18.60533,-26.262352,-7.980148
19412,29-08-2026,30,BER,-20.0,test,-18.016895,-26.150059,-10.719982
19412,29-08-2026,31,SOD,-20.0,test,-18.489197,-26.145624,-9.7767105
19412,29-08-2026,32,MJ,-22.0,test,-17.986208,-23.598259,-7.586687
19412,29-08-2026,33,RANI,-32.0,test,-27.028744,-33.012634,-13.762127
19412,29-08-2026,34,FA,-29.0,test,-23.896214,-29.097443,-11.319436
19412,29-08-2026,35,SJWB,-30.0,test,-23.662588,-31.057161,-11.508196
19412,29-08-2026,36,NANA,-28.0,test,-22.633322,-28.752472,-10.4473915
19412,29-08-2026,37,PDWA,-29.0,test,-24.188438,-29.128536,-12.461468
19412,29-08-2026,38,SRPJ,-29.0,test,-24.646757,-29.681307,-12.427943
19412,29-08-2026,39,ABR,-23.0,test,-19.3038,-25.485289,-9.392357
19412,29-08-2026,40,PNU,-20.0,test,-16.229145,-22.372923,-7.5416226
19412,29-08-2026,41,SID,-20.0,test,-16.881735,-21.915697,-8.613919
19412,29-08-2026,42,UJA,-20.0,test,-17.545404,-22.11878,-6.87801
19412,29-08-2026,43,MSH,-21.0,test,-17.388706,-22.157803,-9.905198
19412,29-08-2026,44,KLL,-20.0,test,-16.134119,-21.088066,-7.616391
19412,30-08-2026,1,DLPC,-21.0,test,-14.953334,-21.10239,-0.5916569
19412,30-08-2026,2,AADR,-24.0,test,-16.525917,-22.678259,-3.41446
19412,30-08-2026,3,UHL,-23.0,test,-17.17773,-22.783459,-5.3612957
19412,30-08-2026,4,NLDM,-21.0,test,-15.328658,-22.289528,-1.8152113
19412,30-08-2026,5,ANSB,-25.0,test,-19.390408,-24.372175,-5.819699
19412,30-08-2026,6,RPAR,-36.0,test,-28.06872,-34.074997,-14.857957
19412,30-08-2026,7,MRND,-32.0,test,-23.707277,-31.155907,-10.278102
19412,30-08-2026,8,SASN,-31.0,test,-22.457415,-31.120745,-10.692168
19412,30-08-2026,9,CDG,-27.0,test,-19.607643,-25.449558,-5.8683934
19412,30-08-2026,10,UMB,-20.0,test,-16.042517,-23.369211,-0.6931353
19412,30-08-2026,11,KKDE,-51.0,test,-47.389034,-53.462456,-26.694887
19412,30-08-2026,12,KLE,-52.0,test,-44.605843,-54.0215,-26.982191
19412,30-08-2026,13,NRW,-46.0,test,-41.662148,-48.68255,-25.184124
19412,30-08-2026,14,UCA,-47.0,test,-41.746407,-49.14755,-24.198338
19412,30-08-2026,15,JIND,-49.0,test,-42.913338,-52.24333,-26.33303
19412,30-08-2026,16,JNA,-57.0,test,-55.225277,-61.64553,-26.880045
19412,30-08-2026,17,ROK,-61.0,test,-54.19187,-64.81619,-27.356384
19412,30-08-2026,18,JHJ,-66.0,test,-62.67092,-70.21118,-26.926765
19412,30-08-2026,19,RE,-20.0,test,-17.56953,-26.19024,-6.810934
19412,30-08-2026,20,KRH,-21.0,test,-17.825775,-27.461906,-7.925062
19412,30-08-2026,21,AWR,-25.0,test,-21.149073,-28.395945,-8.971558
19412,30-08-2026,22,RHG,-23.0,test,-18.627666,-27.090624,-8.705442
19412,30-08-2026,23,BKI,-22.0,test,-18.501175,-27.695036,-9.548992
19412,30-08-2026,24,DO,-25.0,test,-21.244038,-28.61779,-11.143854
19412,30-08-2026,25,GADJ,-26.0,test,-21.683664,-29.903082,-11.738103
19412,30-08-2026,26,JP,-28.0,test,-21.538963,-28.971306,-10.283982
19412,30-08-2026,27,FL,-32.0,test,-26.815857,-33.630417,-13.547421
19412,30-08-2026,28,KSG,-27.0,test,-22.231512,-29.209585,-11.279352
19412,30-08-2026,29,AII,-31.0,test,-24.351946,-31.79585,-11.621435
19412,30-08-2026,30,BER,-31.0,test,-24.559586,-32.089306,-13.94127
19412,30-08-2026,31,SOD,-29.0,test,-23.930925,-29.686062,-12.127804
19412,30-08-2026,32,MJ,-21.0,test,-17.50017,-23.552103,-7.1029797
19412,30-08-2026,33,RANI,-26.0,test,-21.534801,-27.807041,-11.099532
19412,30-08-2026,34,FA,-24.0,test,-18.895067,-25.574215,-10.8562
19412,30-08-2026,35,SJWB,-26.0,test,-21.182554,-27.812525,-11.525167
19412,30-08-2026,36,NANA,-24.0,test,-18.857075,-25.87177,-9.7218
19412,30-08-2026,37,PDWA,-25.0,test,-21.138649,-26.635431,-11.914822
19412,30-08-2026,38,SRPJ,-26.0,test,-21.310719,-27.53667,-11.907575
19412,30-08-2026,39,ABR,-21.0,test,-17.671732,-25.160715,-8.871393
19412,30-08-2026,40,PNU,-20.0,test,-16.386145,-21.941906,-7.5036025
19412,30-08-2026,41,SID,-20.0,test,-16.89348,-21.712557,-8.858834
19412,30-08-2026,42,UJA,-23.0,test,-18.953909,-22.45359,-7.3257265
19412,30-08-2026,43,MSH,-28.0,test,-21.06812,-25.31298,-10.576484
19412,30-08-2026,44,KLL,-20.0,test,-16.251883,-21.088066,-7.6752405
19412,31-08-2026,1,DLPC,-17.0,test,-14.607218,-21.247211,-0.8238661
19412,31-08-2026,2,AADR,-20.0,test,-16.074768,-22.70718,-3.9377472
19412,31-08-2026,3,UHL,-20.0,test,-16.833717,-22.803,-4.532976
19412,31-08-2026,4,NLDM,-17.0,test,-15.242534,-22.037495,-0.7560242
19412,31-08-2026,5,ANSB,-21.0,test,-17.374231,-23.705816,-5.212531
19412,31-08-2026,6,RPAR,-28.0,test,-24.374706,-30.145601,-11.409641
19412,31-08-2026,7,MRND,-23.0,test,-19.504066,-25.141726,-7.8560004
19412,31-08-2026,8,SASN,-29.0,test,-24.330809,-31.629698,-11.262038
19412,31-08-2026,9,CDG,-28.0,test,-22.874447,-29.438797,-8.209058
19412,31-08-2026,10,UMB,-17.0,test,-16.699306,-23.082584,-2.0220697
19412,31-08-2026,11,KKDE,-57.0,test,-54.087753,-58.625526,-27.331533
19412,31-08-2026,12,KLE,-61.0,test,-55.387012,-64.344215,-27.30946
19412,31-08-2026,13,NRW,-69.0,test,-70.23448,-70.23448,-27.843971
19412,31-08-2026,14,UCA,-71.0,test,-67.79074,-69.954636,-27.353848
19412,31-08-2026,15,JIND,-77.0,test,-73.76584,-77.004776,-27.733946
19412,31-08-2026,16,JNA,-82.0,test,-81.166016,-84.04526,-27.060045
19412,31-08-2026,18,JHJ,-84.0,test,-77.15171,-86.37623,-27.146671
19412,31-08-2026,19,RE,-26.0,test,-18.722294,-30.36471,-8.113989
19412,31-08-2026,20,KRH,-24.0,test,-22.026989,-29.14998,-9.101691
19412,31-08-2026,21,AWR,-31.0,test,-28.27113,-35.944355,-14.344856
19412,31-08-2026,22,RHG,-30.0,test,-27.568867,-34.5681,-13.920093
19412,31-08-2026,23,BKI,-29.0,test,-26.513275,-33.56201,-13.441201
19412,31-08-2026,24,DO,-32.0,test,-29.267412,-36.456364,-17.048769
19412,31-08-2026,25,GADJ,-38.0,test,-34.830494,-42.209328,-19.802292
19412,31-08-2026,26,JP,-26.0,test,-24.009113,-29.911097,-11.301551
19412,31-08-2026,27,FL,-29.0,test,-26.997252,-34.233334,-13.547421
19412,31-08-2026,28,KSG,-27.0,test,-25.02132,-32.699017,-12.351437
19412,31-08-2026,29,AII,-18.0,test,-17.88801,-26.11903,-7.3399606
19412,31-08-2026,30,BER,-23.0,test,-22.041048,-27.87057,-12.001682
19412,31-08-2026,31,SOD,-22.0,test,-21.572365,-27.523483,-11.15514
19412,31-08-2026,32,MJ,-23.0,test,-21.343132,-25.092901,-8.75881
19412,31-08-2026,33,RANI,-30.0,test,-28.472237,-34.1199,-15.129508
19412,31-08-2026,34,FA,-27.0,test,-24.198244,-30.368805,-12.016867
19412,31-08-2026,35,SJWB,-29.0,test,-26.770748,-32.790398,-13.744645
19412,31-08-2026,36,NANA,-27.0,test,-24.025747,-30.654781,-11.282028
19412,31-08-2026,37,PDWA,-30.0,test,-28.123941,-33.511917,-15.49185
19412,31-08-2026,38,SRPJ,-32.0,test,-29.252558,-34.309155,-17.465105
19412,31-08-2026,39,ABR,-23.0,test,-21.520273,-26.43116,-9.740478
19412,31-08-2026,40,PNU,-17.0,test,-16.500675,-22.27787,-7.5036025
19412,31-08-2026,41,SID,-24.0,test,-20.008108,-23.972033,-9.593492
19412,31-08-2026,42,UJA,-25.0,test,-22.15299,-25.226376,-8.233155
19412,31-08-2026,43,MSH,-26.0,test,-22.686861,-26.238827,-11.197449
19412,31-08-2026,44,KLL,-18.0,test,-16.396072,-21.156548,-7.6752405
19574,28-08-2026,1,JP,-16.529999999999973,test,-19.624094,-37.345528,8.87971
19574,28-08-2026,2,FL,-16.210000000000036,test,-15.903278,-35.169548,7.7874265
19574,28-08-2026,3,KSG,-24.50999999999999,test,-26.834633,-42.59061,3.7727134
19574,28-08-2026,4,AII,1.8400000000001455,test,-13.9739685,-28.813482,10.701589
19574,28-08-2026,5,BER,7.4500000000000455,test,-3.2618217,-30.048609,16.184593
19574,28-08-2026,6,SOD,-8.960000000000036,test,-18.002472,-34.32231,2.332708
19574,28-08-2026,7,MJ,32.370000000000005,test,-3.908719,-38.590656,16.448013
19574,28-08-2026,8,FA,-6.349999999999909,test,-15.9773855,-37.470356,7.2285333
19574,28-08-2026,9,SJWB,-38.31000000000006,test,-13.917778,-33.055626,10.472324
19574,28-08-2026,10,ABR,-4.75,test,-2.1402152,-37.548622,-0.5561631
19574,28-08-2026,11,PNU,-22.159999999999968,test,-12.970391,-36.059715,1.9717197
19574,28-08-2026,12,SID,-11.089999999999918,test,-10.384113,-35.39112,5.7060995
19574,28-08-2026,13,MSH,-44.52999999999997,test,-10.53293,-32.913376,6.296084
19574,28-08-2026,14,VG,-40.870000000000005,test,-19.529728,-37.059067,6.2682376
19574,28-08-2026,15,SUNR,-30.50999999999999,test,-10.621894,-32.925064,5.5757604
19574,28-08-2026,16,RJT,-25.980000000000018,test,-12.963416,-34.198612,2.2027404
19574,28-08-2026,17,HAPA,-12.129999999999995,test,-13.127639,-36.7291,5.3943663
19574,28-08-2026,18,JAM,-17.69999999999999,test,-14.1620655,-35.836246,5.144898
19574,28-08-2026,19,KMBL,-19.370000000000005,test,-8.573567,-36.21233,1.0274684
19574,28-08-2026,20,DWK,-11.100000000000001,test,-16.95203,-35.723717,1.2786281
19574,28-08-2026,21,OKHA,-13.0,test,-9.450207,-32.14355,2.6309245
19574,29-08-2026,1,JP,-16.210000000000036,test,-15.395513,-35.599648,13.371833
19574,29-08-2026,2,FL,-24.5,test,-26.385736,-42.62055,7.275663
19574,29-08-2026,3,KSG,1.8300000000001546,test,-13.879906,-29.163548,9.701824
19574,29-08-2026,4,AII,7.4500000000000455,test,-2.4652696,-29.255196,16.074812
19574,29-08-2026,5,BER,-8.950000000000045,test,-17.992016,-34.172943,8.279672
19574,29-08-2026,6,SOD,32.36999999999989,test,-3.7967606,-37.408607,10.269934
19574,29-08-2026,7,MJ,-6.340000000000032,test,-15.856115,-37.70639,9.258457
19574,29-08-2026,8,FA,-38.319999999999936,test,-15.051788,-33.19927,8.248034
19574,29-08-2026,9,SJWB,-4.75,test,-1.8010545,-37.7955,2.1277132
19574,29-08-2026,10,ABR,-22.149999999999977,test,-13.911658,-37.689213,3.246258
19574,29-08-2026,11,PNU,-11.080000000000041,test,-10.633005,-35.861244,3.272219
19574,29-08-2026,12,SID,-44.52999999999997,test,-10.039142,-32.33064,8.262202
19574,29-08-2026,13,MSH,-40.879999999999995,test,-18.819962,-35.359734,9.027905
19574,29-08-2026,14,VG,-30.50999999999999,test,-10.043625,-31.357834,9.081724
19574,29-08-2026,15,SUNR,-25.980000000000018,test,-12.851316,-34.67369,5.470004
19574,29-08-2026,16,RJT,-12.129999999999995,test,-12.421627,-36.089417,3.6750906
19574,29-08-2026,17,HAPA,-17.69999999999999,test,-14.068051,-33.937016,6.4084134
19574,29-08-2026,18,JAM,-19.379999999999995,test,-7.4343104,-37.961685,3.763947
19574,29-08-2026,19,KMBL,-11.099999999999994,test,-17.25044,-36.29203,5.2229486
19574,29-08-2026,20,DWK,-40.34,test,-10.866549,-37.886086,5.368324
19574,29-08-2026,21,OKHA,-13.0,test,-15.66612,-30.31579,5.467932
19574,30-08-2026,1,JP,-24.5,test,-26.424232,-43.866325,10.337361
19574,30-08-2026,2,FL,1.8399999999999181,test,-14.111801,-30.767637,7.810372
19574,30-08-2026,3,KSG,7.4500000000000455,test,-4.774699,-29.632582,15.2752695
19574,30-08-2026,4,AII,-8.950000000000045,test,-17.459862,-33.570267,5.8988843
19574,30-08-2026,5,BER,32.36999999999989,test,-3.8721051,-37.96199,15.262358
19574,30-08-2026,6,SOD,-6.3400000000001455,test,-16.021631,-37.385296,1.7828815
19574,30-08-2026,7,MJ,-38.32000000000005,test,-14.635285,-33.018486,10.668916
19574,30-08-2026,8,FA,-4.759999999999991,test,-2.29621,-37.326817,4.971266
19574,30-08-2026,9,SJWB,-22.149999999999977,test,-13.670127,-37.689396,4.501859
19574,30-08-2026,10,ABR,-11.079999999999927,test,-12.07216,-38.178104,2.348373
19574,30-08-2026,11,PNU,-44.52999999999997,test,-10.132277,-33.27121,4.0965433
19574,30-08-2026,12,SID,-40.86999999999989,test,-18.988878,-34.930416,7.449988
19574,30-08-2026,13,MSH,-30.519999999999982,test,-9.1750765,-30.65264,10.119317
19574,30-08-2026,14,VG,-25.970000000000027,test,-12.265544,-34.40223,3.8826537
19574,30-08-2026,15,SUNR,-12.129999999999995,test,-11.65214,-37.58937,8.585266
19574,30-08-2026,16,RJT,-17.689999999999998,test,-14.214484,-34.330925,2.2402449
19574,30-08-2026,17,HAPA,-19.379999999999995,test,-8.217735,-36.02065,8.425087
19574,30-08-2026,18,JAM,-11.109999999999985,test,-17.112865,-36.294914,1.1357139
19574,30-08-2026,19,KMBL,-40.34,test,-11.201623,-37.570686,3.305542
19574,30-08-2026,20,DWK,-34.160000000000004,test,-17.517733,-36.196476,4.5425286
19574,30-08-2026,21,OKHA,-13.0,test,-5.993032,-29.271168,11.75521
19574,31-08-2026,1,JP,1.8399999999999181,test,-14.342612,-26.526913,7.127122
19574,31-08-2026,2,FL,7.4500000000000455,test,-4.327297,-29.298138,12.89877
19574,31-08-2026,3,KSG,-8.959999999999809,test,-17.855894,-33.435272,-1.2145082
19574,31-08-2026,4,AII,32.38000000000011,test,-3.7012987,-37.211147,4.1995296
19574,31-08-2026,5,BER,-6.339999999999918,test,-16.146473,-37.521126,-2.3602018
19574,31-08-2026,6,SOD,-38.320000000000164,test,-15.440503,-31.731153,4.847103
19574,31-08-2026,7,MJ,-4.759999999999991,test,-2.0213876,-38.207348,2.7942035
19574,31-08-2026,8,FA,-22.159999999999968,test,-14.070693,-37.138206,0.005802233
19574,31-08-2026,9,SJWB,-11.080000000000041,test,-11.774603,-37.342957,-0.57905155
19574,31-08-2026,10,ABR,-44.52999999999997,test,-11.295257,-35.390118,-0.50236547
19574,31-08-2026,11,PNU,-40.870000000000005,test,-18.267694,-34.319214,5.9260173
19574,31-08-2026,12,SID,-30.50999999999999,test,-8.60765,-30.141079,1.7400705
19574,31-08-2026,13,MSH,-25.980000000000018,test,-11.754414,-32.941074,2.5589116
19574,31-08-2026,14,VG,-12.129999999999995,test,-11.928596,-36.479935,3.1095576
19574,31-08-2026,15,SUNR,-17.689999999999998,test,-13.781261,-34.152267,1.4047015
19574,31-08-2026,16,RJT,-19.379999999999995,test,-8.376547,-34.918697,-0.110221446
19574,31-08-2026,17,HAPA,-11.110000000000014,test,-16.90437,-34.11278,-1.8241516
19574,31-08-2026,18,JAM,-40.349999999999994,test,-11.807094,-38.635597,-2.9885254
19574,31-08-2026,19,KMBL,-34.150000000000006,test,-17.603945,-36.127357,-4.101357
19574,31-08-2026,20,DWK,-25.370000000000005,test,4.510332,-35.704884,12.943915
19574,31-08-2026,21,OKHA,-13.0,test,-13.742432,-30.955584,-0.34213334
19601,29-08-2026,1,UDZ,45.0,test,-6.8170457,-21.832254,50.60024
19601,29-08-2026,2,RPZ,41.0,test,-7.5916624,-21.675549,45.71761
19601,29-08-2026,3,MVJ,42.0,test,-8.588289,-22.123795,51.613487
19601,29-08-2026,4,KIN,42.0,test,-5.8785896,-21.468939,49.538242
19601,29-08-2026,5,CNA,43.0,test,-9.771482,-20.951063,39.338394
19601,29-08-2026,6,BHL,46.0,test,-9.46844,-21.450012,47.18453
19601,29-08-2026,7,BJNR,35.0,test,-20.576435,-29.689243,33.920322
19601,29-08-2026,8,NSD,22.0,test,-28.17554,-41.471447,19.074177
19601,29-08-2026,9,AII,44.0,test,-7.457345,-20.957159,53.255413
19601,29-08-2026,10,JP,40.0,test,-13.677811,-22.617924,50.56439
19601,29-08-2026,11,AWR,36.0,test,-17.008282,-27.614782,51.957355
19601,29-08-2026,12,RE,39.0,test,-16.115805,-22.737095,52.342224
19601,29-08-2026,13,GGN,20.0,test,-26.851233,-42.59918,28.13323
19601,29-08-2026,14,DLI,7.0,test,-35.731556,-54.522846,10.36202
19601,29-08-2026,15,MB,-8.0,test,-56.19226,-66.089035,-0.29093766
19601,29-08-2026,16,BE,-6.0,test,-55.185688,-64.46942,5.3820796
19601,29-08-2026,17,LKO,-41.0,test,-45.355324,-64.95132,7.4371676
19601,29-08-2026,18,BBK,-28.0,test,-37.276546,-62.78077,5.6054454
19601,29-08-2026,19,GKP,-5.0,test,-31.449581,-57.72442,4.1060553
19601,29-08-2026,20,DEOS,-31.0,test,-37.230927,-58.11835,6.827472
19601,29-08-2026,21,SV,-39.0,test,-37.72648,-56.35443,5.0261064
19601,29-08-2026,22,CPR,-30.0,test,-35.023975,-54.723434,6.321203
19601,29-08-2026,23,HJP,-23.0,test,-35.282166,-55.999607,5.8992887
19601,29-08-2026,24,MFP,-37.0,test,-35.64057,-56.2791,5.3391905
19601,29-08-2026,25,SPJ,-41.0,test,-44.672386,-61.695877,3.2400835
19601,29-08-2026,26,SLNA,-53.0,test,-50.554348,-67.98834,3.2090578
19601,29-08-2026,27,KGG,-28.0,test,-32.80012,-52.75287,4.196893
19601,29-08-2026,28,KIR,-21.0,test,-31.535326,-49.32896,5.1474967
19601,29-08-2026,29,KNE,-48.0,test,-52.780704,-63.22915,4.9956694
19609,29-08-2026,1,UDZ,-21.0,test,35.236877,-19.86072,43.259953
19609,29-08-2026,2,RPZ,-24.0,test,33.262154,-19.206625,44.287495
19609,29-08-2026,3,MVJ,-21.0,test,34.082523,-18.966208,43.684875
19609,29-08-2026,4,FAN,-22.0,test,34.96136,-18.881504,40.148335
19609,29-08-2026,5,BSJ,-26.0,test,31.399454,-21.246696,37.642223
19609,29-08-2026,6,KIN,-27.0,test,32.359024,-21.411825,41.47075
19609,29-08-2026,7,COR,-30.0,test,24.931032,-23.29751,38.960243
19609,29-08-2026,8,GGR,-22.0,test,32.38747,-20.529888,38.834618
19609,29-08-2026,9,HMG,-22.0,test,33.787464,-19.420761,39.525414
19609,29-08-2026,10,BHL,-22.0,test,31.54107,-19.115705,43.285496
19609,29-08-2026,11,MDL,-21.0,test,33.47804,-18.923262,39.201973
19609,29-08-2026,12,BJNR,-38.0,test,4.8564014,-33.456646,20.950222
19609,29-08-2026,13,NSD,-43.0,test,-2.1726792,-37.700245,17.91089
19609,29-08-2026,14,AII,-21.0,test,33.76851,-19.099009,45.21538
19609,29-08-2026,15,KSG,-19.0,test,33.534534,-19.263273,45.19318
19609,29-08-2026,16,FL,-29.0,test,24.98792,-26.263493,39.960575
19609,29-08-2026,17,JOB,-33.0,test,16.499887,-27.546581,35.829792
19609,29-08-2026,18,JP,-26.0,test,28.278631,-20.63617,41.611107
19609,29-08-2026,19,GADJ,-25.0,test,27.180498,-20.626373,42.52905
19609,29-08-2026,20,DO,-26.0,test,27.830793,-20.715141,42.039085
19609,29-08-2026,21,BKI,-36.0,test,10.192949,-31.817776,28.703812
19609,29-08-2026,22,RHG,-35.0,test,12.303369,-29.973347,26.625378
19609,29-08-2026,23,AWR,-27.0,test,23.297522,-22.852205,32.047104
19609,29-08-2026,24,RE,-25.0,test,22.269117,-20.44804,32.20645
19609,29-08-2026,25,DEC,-44.0,test,-25.856434,-42.350525,0.034079045
19609,29-08-2026,26,DLI,-40.0,test,-20.459778,-37.702328,6.9507294
19609,29-08-2026,27,DSA,-41.0,test,-24.606863,-41.257442,-0.25413752
19609,29-08-2026,28,BTU,-42.0,test,-28.687582,-45.579136,-0.28912908
19609,29-08-2026,29,KQL,-40.0,test,-26.77352,-44.16534,-0.3853451
19609,29-08-2026,30,SMQL,-34.0,test,-20.17674,-39.254486,2.8992906
19609,29-08-2026,31,RPMN,-19.0,test,-5.99009,-30.089064,14.769213
19609,29-08-2026,32,TPZ,-19.0,test,-3.9148939,-22.65212,15.809541
19609,29-08-2026,33,RK,-19.0,test,-4.329446,-20.346182,16.203129
19609,29-08-2026,34,HW,-28.0,test,-8.087121,-29.217579,13.661057
19609,29-08-2026,35,MOTC,-29.0,test,-7.6221275,-27.017986,13.359815
19609,29-08-2026,36,RWL,-25.0,test,1.5649159,-22.011812,14.638354
19609,29-08-2026,37,VRH,-21.0,test,0.65117425,-19.676334,14.324268
19609,31-08-2026,1,UDZ,30.0,test,34.459682,-18.927546,34.459682
19609,31-08-2026,2,RPZ,26.0,test,32.68208,-19.528288,32.68208
19609,31-08-2026,3,MVJ,29.0,test,32.792625,-19.254522,32.792625
19609,31-08-2026,4,FAN,25.0,test,32.08582,-20.084255,32.08582
19609,31-08-2026,5,BSJ,25.0,test,31.006908,-20.539925,31.006908
19609,31-08-2026,6,KIN,23.0,test,31.120375,-21.165104,31.120375
19609,31-08-2026,7,COR,17.0,test,14.966963,-25.79018,21.713078
19609,31-08-2026,8,GGR,21.0,test,24.652092,-26.65046,27.376753
19609,31-08-2026,9,HMG,22.0,test,27.556036,-24.142265,30.526962
19609,31-08-2026,10,BHL,24.0,test,28.8835,-20.278702,28.8835
19609,31-08-2026,11,MDL,24.0,test,29.416151,-20.265736,31.113352
19609,31-08-2026,12,BJNR,4.0,test,-7.005978,-39.428642,8.1590805
19609,31-08-2026,13,NSD,3.0,test,-6.4815774,-39.032196,3.006591
19609,31-08-2026,14,AII,29.0,test,30.35226,-19.319983,30.35226
19609,31-08-2026,15,KSG,22.0,test,24.10058,-24.146484,28.6404
19609,31-08-2026,16,FL,26.0,test,30.029688,-20.501099,30.029688
19609,31-08-2026,17,JOB,21.0,test,21.533373,-24.101032,28.583828
19609,31-08-2026,18,JP,21.0,test,23.088537,-24.645367,27.159105
19609,31-08-2026,19,GADJ,22.0,test,23.125864,-23.855803,28.94648
19609,31-08-2026,20,DO,21.0,test,22.434504,-24.907423,28.484123
19609,31-08-2026,21,BKI,13.0,test,5.5680704,-32.04323,12.614981
19609,31-08-2026,22,RHG,12.0,test,5.0642343,-31.085682,12.970858
19609,31-08-2026,23,AWR,5.0,test,-8.135205,-40.019493,10.7858715
19609,31-08-2026,24,RE,23.0,test,23.033176,-21.390343,26.108051
19609,31-08-2026,25,DEC,-63.0,test,-52.21914,-62.465427,-5.830742
19609,31-08-2026,26,DLI,-76.0,test,-53.837936,-66.84594,-10.631191
19609,31-08-2026,27,DSA,-83.0,test,-58.850323,-72.902115,-10.273565
19609,31-08-2026,28,BTU,-94.0,test,-67.03706,-77.09094,-10.048457
19609,31-08-2026,29,KQL,-109.0,test,-67.11937,-79.283066,-9.154611
19609,31-08-2026,30,SMQL,-105.0,test,-66.892235,-77.4317,-10.862793
19609,31-08-2026,31,RPMN,-98.0,test,-66.85224,-74.153465,-10.294924
19609,31-08-2026,32,TPZ,-74.0,test,-57.552456,-61.64568,-6.8175735
19609,31-08-2026,33,RK,-54.0,test,-33.297127,-44.33857,-7.4602327
19609,31-08-2026,34,HW,-42.0,test,-36.60102,-45.79774,-10.0044985
19609,31-08-2026,35,MOTC,-29.0,test,-26.972002,-42.199673,-9.10633
19609,31-08-2026,36,RWL,-21.0,test,-21.212303,-45.033665,-7.5159144
19609,31-08-2026,37,VRH,-18.0,test,-21.31838,-46.048748,-7.069928
19611,29-08-2026,0,AII,13.0,test,3.335732,-22.44145,11.431896
19611,29-08-2026,1,KSG,14.0,test,-0.10686821,-22.73867,8.640143
19611,29-08-2026,2,FL,2.0,test,-9.290351,-30.636784,0.1817949
19611,29-08-2026,3,JP,-1.0,test,-10.870792,-31.0183,-2.4282901
19611,29-08-2026,4,GADJ,0.0,test,-8.174255,-30.84081,3.321215
19611,29-08-2026,5,GTJT,0.0,test,-8.44291,-31.67821,1.761202
19611,29-08-2026,6,DO,-2.0,test,-11.802586,-33.209805,-3.0376678
19611,29-08-2026,7,BKI,-14.0,test,-23.75061,-42.159378,-7.5156784
19611,29-08-2026,8,BU,-13.0,test,-22.171402,-40.668667,-10.395229
19611,29-08-2026,9,RHG,-13.0,test,-22.444954,-40.791683,-6.402049
19611,29-08-2026,10,AWR,-12.0,test,-21.829777,-39.16249,-7.95502
19611,29-08-2026,11,KRH,-16.0,test,-25.27724,-41.863403,-9.52211
19611,29-08-2026,12,RE,10.0,test,-0.40319854,-23.01528,5.762058
19611,29-08-2026,13,CKD,0.0,test,-12.239003,-32.09474,-2.240373
19611,29-08-2026,14,BNW,-3.0,test,-16.056623,-34.525608,-6.421966
19611,29-08-2026,15,HSR,-10.0,test,-21.369324,-38.707016,-10.007272
19611,29-08-2026,16,SSA,4.0,test,-10.494434,-29.117481,-0.31797776
19611,29-08-2026,17,KNL,2.0,test,-12.697463,-30.027422,-3.7075422
19611,29-08-2026,18,BTI,14.0,test,1.4177785,-23.720596,7.283997
19611,29-08-2026,19,GJUT,9.0,test,-7.0541077,-24.948263,2.1331737
19611,29-08-2026,20,KKP,5.0,test,-8.327382,-26.56021,0.19164301
19611,29-08-2026,21,FDK,1.0,test,-12.692611,-31.882612,-2.50662
19611,29-08-2026,22,FZR,13.0,test,-0.7488887,-23.571352,4.3905787
19611,29-08-2026,23,TWB,9.0,test,-8.012794,-25.093998,2.0921175
19611,29-08-2026,24,MOGA,14.0,test,-2.6485283,-23.527979,4.750676
19611,29-08-2026,25,JGN,10.0,test,-4.8763556,-24.501247,3.472752
19611,29-08-2026,26,LDH,-25.0,test,-33.103195,-54.055122,-14.163532
19611,29-08-2026,27,PGW,-45.0,test,-41.25839,-62.89187,-15.718261
19611,29-08-2026,28,JUC,-45.0,test,-36.29761,-59.11145,-14.514574
19611,29-08-2026,29,BEAS,-41.0,test,-33.955654,-56.451344,-14.770023
19613,31-08-2026,1,AII,12.0,test,-14.0366955,-20.231318,1.7536895
19613,31-08-2026,2,KSG,13.0,test,-14.532438,-20.037199,2.44205
19613,31-08-2026,3,FL,12.0,test,-14.64811,-21.1142,2.1894758
19613,31-08-2026,4,JP,13.0,test,-14.304134,-20.06601,1.0412188
19613,31-08-2026,5,GADJ,10.0,test,-15.037038,-20.621134,0.44280922
19613,31-08-2026,6,GTJT,9.0,test,-15.38845,-20.67228,-0.07539978
19613,31-08-2026,7,DO,6.0,test,-19.901575,-22.396887,-4.345757
19613,31-08-2026,8,BKI,-12.0,test,-31.299736,-41.181004,-18.1065
19613,31-08-2026,9,BU,-17.0,test,-30.365376,-44.760994,-20.214487
19613,31-08-2026,10,RHG,-17.0,test,-30.09288,-44.490868,-19.778744
19613,31-08-2026,11,AWR,-17.0,test,-29.678654,-44.865364,-18.989838
19613,31-08-2026,12,KRH,-18.0,test,-32.256596,-44.938972,-21.38546
19613,31-08-2026,13,RE,3.0,test,-20.902147,-25.156897,-3.1586986
19613,31-08-2026,14,CKD,-2.0,test,-26.575598,-29.616575,-11.420183
19613,31-08-2026,15,BNW,-2.0,test,-29.264942,-32.339016,-13.951408
19613,31-08-2026,16,HSR,3.0,test,-22.756453,-26.538118,-6.1014495
19613,31-08-2026,17,JHL,8.0,test,-19.669086,-22.547525,-2.2627032
19613,31-08-2026,18,SAG,-11.0,test,-31.888838,-40.288296,-15.9920635
19613,31-08-2026,19,DUI,9.0,test,-17.123598,-21.952072,-0.030429067
19613,31-08-2026,20,MET,7.0,test,-20.81309,-23.116817,-2.3571496
19613,31-08-2026,21,LDH,12.0,test,-15.410385,-20.0459,3.872648
19613,31-08-2026,22,PGW,3.0,test,-24.674786,-28.680868,-6.5231075
19613,31-08-2026,23,JUC,13.0,test,-16.405645,-20.697842,0.3738744
19613,31-08-2026,24,BEAS,11.0,test,-15.288518,-21.202333,-0.1423796
19943,28-08-2026,1,UDZ,-16.529999999999973,test,-18.061232,-37.698082,7.4712744
19943,28-08-2026,2,KRCD,-16.19999999999999,test,-12.211393,-28.643349,4.22628
19943,28-08-2026,3,ZW,-24.5,test,-14.008863,-31.434767,2.8428824
19943,28-08-2026,4,JYM,1.8400000000000034,test,-10.448373,-38.810215,2.8919277
19943,28-08-2026,5,DNRP,7.450000000000017,test,-17.53896,-36.29166,4.733561
19943,28-08-2026,6,HMT,-8.960000000000008,test,-17.228432,-38.701294,-4.995209
19943,28-08-2026,7,SDGM,32.379999999999995,test,-15.53166,-32.84998,2.7324593
19943,28-08-2026,8,ASV,-6.350000000000001,test,-16.244053,-38.855885,-2.9056764
19943,28-08-2026,9,ADI,-13.0,test,-17.015959,-33.93056,-1.4170815
19943,29-08-2026,1,UDZ,-16.19999999999999,test,-13.213555,-27.302933,6.638291
19943,29-08-2026,2,KRCD,-24.5,test,-14.428924,-32.40904,3.8784752
19943,29-08-2026,3,ZW,1.839999999999975,test,-10.513602,-38.572372,2.5467272
19943,29-08-2026,4,JYM,7.449999999999989,test,-16.608452,-37.94841,6.8404107
19943,29-08-2026,5,DNRP,-8.95999999999998,test,-16.348547,-38.732483,-0.9129223
19943,29-08-2026,6,HMT,32.370000000000005,test,-15.038507,-32.74632,3.443735
19943,29-08-2026,7,SDGM,-6.340000000000003,test,-16.001461,-38.189003,1.0499418
19943,29-08-2026,8,ASV,-38.32,test,-20.008308,-37.771572,0.33137774
19943,29-08-2026,9,ADI,-4.75,test,-13.204343,-33.215828,0.8968933
19943,30-08-2026,1,UDZ,-24.5,test,-14.5995,-31.82337,5.947682
19943,30-08-2026,2,KRCD,1.8400000000000318,test,-11.890318,-38.24788,-1.2768732
19943,30-08-2026,3,ZW,7.449999999999989,test,-17.771955,-37.273994,7.3898654
19943,30-08-2026,4,JYM,-8.950000000000017,test,-15.735906,-38.44515,0.9041837
19943,30-08-2026,5,DNRP,32.370000000000005,test,-14.316012,-33.242847,4.197479
19943,30-08-2026,6,HMT,-6.340000000000003,test,-15.676634,-38.903286,-1.8220758
19943,30-08-2026,7,SDGM,-38.31,test,-20.12834,-37.186928,2.8229342
19943,30-08-2026,8,ASV,-4.760000000000005,test,-14.962456,-36.51934,6.067003
19943,30-08-2026,9,ADI,-13.0,test,-16.666025,-31.613165,7.2803903
19943,31-08-2026,1,UDZ,1.8400000000000318,test,-18.044994,-37.907482,-1.4067171
19943,31-08-2026,2,KRCD,7.460000000000036,test,-19.67453,-36.911785,-0.7197259
19943,31-08-2026,3,ZW,-8.960000000000036,test,-17.49561,-37.874447,-3.9359272
19943,31-08-2026,4,JYM,32.379999999999995,test,-13.043528,-32.855297,3.1752324
19943,31-08-2026,5,DNRP,-6.349999999999994,test,-16.30698,-38.90035,-6.6653113
19943,31-08-2026,6,HMT,-38.32000000000001,test,-20.456867,-38.214886,-6.260139
19943,31-08-2026,7,SDGM,-4.75,test,-15.156882,-36.10634,-0.62983376
19943,31-08-2026,8,ASV,-22.160000000000004,test,-20.860867,-37.203377,0.34495702
19943,31-08-2026,9,ADI,-11.08,test,-12.16388,-36.144356,-2.7769046
20993,28-08-2026,1,JP,-31.0,test,-15.288519,-27.835356,0.43731922
20993,28-08-2026,2,KKU,-36.0,test,-19.5797,-31.7191,-2.7865899
20993,28-08-2026,3,FL,-38.0,test,-22.465466,-35.602745,-5.369784
20993,28-08-2026,4,KSG,-39.0,test,-23.558443,-35.136307,-7.7057137
20993,28-08-2026,5,AII,-41.0,test,-23.731842,-35.47501,-9.842699
20993,28-08-2026,6,NSD,-42.0,test,-24.338217,-36.168663,-10.136586
20993,28-08-2026,7,BJNR,-46.0,test,-29.140455,-38.45839,-17.856647
20993,28-08-2026,8,BHL,-61.0,test,-43.25694,-49.27874,-27.174633
20993,28-08-2026,9,CNA,-36.0,test,-25.131552,-32.217007,-10.217046
20993,28-08-2026,10,KIN,-30.0,test,-21.42328,-28.43197,-7.7624626
20993,28-08-2026,11,MVJ,-36.0,test,-27.395283,-34.101566,-10.871922
20993,28-08-2026,12,RPZ,-29.0,test,-22.12679,-27.669094,-6.6736884
20993,29-08-2026,1,JP,-32.0,test,-16.86717,-29.937561,-0.5442369
20993,29-08-2026,2,KKU,-36.0,test,-21.817215,-33.573364,-3.8733902
20993,29-08-2026,3,FL,-40.0,test,-24.40483,-37.386375,-8.284676
20993,29-08-2026,4,KSG,-40.0,test,-24.28631,-36.41202,-8.271646
20993,29-08-2026,5,AII,-39.0,test,-23.186493,-34.624344,-8.859125
20993,29-08-2026,6,NSD,-40.0,test,-24.583199,-36.25912,-10.200716
20993,29-08-2026,7,BJNR,-43.0,test,-29.181717,-37.772545,-16.248602
20993,29-08-2026,8,BHL,-52.0,test,-37.435204,-46.51027,-24.21936
20993,29-08-2026,9,CNA,-38.0,test,-26.29404,-35.149963,-12.258171
20993,29-08-2026,10,KIN,-33.0,test,-23.34307,-31.664965,-10.00571
20993,29-08-2026,11,MVJ,-37.0,test,-28.459087,-36.557602,-11.757642
20993,29-08-2026,12,RPZ,-28.0,test,-21.646715,-27.596052,-6.633964
20993,30-08-2026,1,JP,-32.0,test,-15.162117,-28.046911,0.22680143
20993,30-08-2026,2,KKU,-36.0,test,-18.2496,-31.818758,-3.1003013
20993,30-08-2026,3,FL,-39.0,test,-22.089819,-35.823914,-7.1501813
20993,30-08-2026,4,KSG,-39.0,test,-22.58107,-35.286285,-6.808629
20993,30-08-2026,5,AII,-36.0,test,-20.108562,-31.222836,-5.1424346
20993,30-08-2026,6,NSD,-35.0,test,-19.888365,-31.260675,-4.9108205
20993,30-08-2026,7,BJNR,-41.0,test,-27.502045,-37.57302,-14.868149
20993,30-08-2026,8,BHL,-55.0,test,-36.113148,-44.57558,-24.901325
20993,30-08-2026,9,CNA,-31.0,test,-20.992205,-28.684324,-6.263338
20993,30-08-2026,10,KIN,-29.0,test,-21.002571,-28.2472,-7.302516
20993,30-08-2026,11,MVJ,-32.0,test,-23.677101,-30.010664,-8.416486
20993,30-08-2026,12,RPZ,-29.0,test,-20.732615,-27.74561,-6.116334
20993,31-08-2026,1,JP,-19.0,test,-14.007781,-27.412573,-0.15239896
20993,31-08-2026,2,KKU,-25.0,test,-20.069838,-32.963108,-4.4771314
20993,31-08-2026,3,FL,-30.0,test,-23.245607,-35.894814,-9.062557
20993,31-08-2026,4,KSG,-32.0,test,-24.068861,-35.516655,-9.605182
20993,31-08-2026,5,AII,-40.0,test,-27.178595,-38.1278,-15.673174
20993,31-08-2026,6,NSD,-38.0,test,-26.158993,-38.19238,-15.268992
20993,31-08-2026,7,BJNR,-43.0,test,-30.827375,-40.017467,-23.365353
20993,31-08-2026,8,BHL,-43.0,test,-36.243484,-43.911476,-24.87896
20993,31-08-2026,9,CNA,-37.0,test,-28.378206,-37.801483,-17.638653
20993,31-08-2026,10,KIN,-33.0,test,-27.725607,-36.91756,-17.081703
20993,31-08-2026,11,MVJ,-35.0,test,-31.50653,-38.639412,-18.45752
20993,31-08-2026,12,RPZ,-23.0,test,-22.929968,-29.8109,-9.384502
22421,28-08-2026,1,DEE,41.0,test,-15.091079,-26.952059,-4.2744594
22421,28-08-2026,2,DEC,15.0,test,-39.28493,-45.633373,-12.416614
22421,28-08-2026,3,GGN,12.0,test,-41.85001,-47.718983,-11.827865
22421,28-08-2026,4,PTRD,6.0,test,-45.656574,-53.553085,-13.103362
22421,28-08-2026,5,RE,-3.0,test,-45.8709,-55.45205,-9.643108
22421,28-08-2026,6,MHRG,-22.0,test,-51.41428,-67.44259,-16.594198
22421,28-08-2026,7,STNL,-26.0,test,-51.089493,-66.58398,-17.406029
22421,28-08-2026,8,LHU,-19.0,test,-49.620758,-63.434776,-12.769332
22421,28-08-2026,9,RMB,-22.0,test,-49.84068,-64.68143,-14.267352
22421,28-08-2026,10,SDLP,-20.0,test,-49.082092,-63.609035,-14.452826
22421,28-08-2026,11,CUR,-15.0,test,-44.25764,-57.232487,-12.420812
22421,28-08-2026,12,RTGH,-3.0,test,-38.037167,-49.120716,-9.892901
22421,28-08-2026,13,PIH,-11.0,test,-37.229603,-50.070145,-6.9257593
22421,28-08-2026,14,TLC,-16.0,test,-38.379383,-49.352894,-10.366088
22421,28-08-2026,15,SUJH,-21.0,test,-39.43792,-52.492813,-13.610128
22421,28-08-2026,16,LAU,-20.0,test,-37.048058,-48.30183,-13.196768
22421,28-08-2026,17,DIA,-21.0,test,-36.302025,-47.54881,-13.139425
22421,28-08-2026,19,DNA,-17.0,test,-35.37634,-42.95589,-17.072187
22421,28-08-2026,20,MTD,-13.0,test,-33.25907,-42.60579,-14.86167
22421,28-08-2026,21,GOTN,-16.0,test,-33.028507,-42.471138,-15.436948
22421,29-08-2026,1,DEE,7.0,test,3.9391098,-15.946197,10.353594
22421,29-08-2026,2,DEC,2.0,test,-4.643995,-16.463905,4.509222
22421,29-08-2026,3,GGN,0.0,test,-4.448916,-17.544987,4.851267
22421,29-08-2026,4,PTRD,-10.0,test,-15.835436,-22.782684,-3.5543978
22421,29-08-2026,5,RE,-3.0,test,-8.217313,-19.825943,5.240687
22421,29-08-2026,6,MHRG,-5.0,test,-13.410225,-23.108526,-2.4087815
22421,29-08-2026,7,STNL,-14.0,test,-19.233208,-27.378723,-7.7857337
22421,29-08-2026,8,LHU,-12.0,test,-16.89394,-23.888582,-4.1659718
22421,29-08-2026,9,RMB,-14.0,test,-17.150469,-26.057,-6.829361
22421,29-08-2026,10,SDLP,-13.0,test,-16.686615,-25.325312,-7.4350014
22421,29-08-2026,11,CUR,-8.0,test,-13.306792,-21.889132,-1.4459689
22421,29-08-2026,12,RTGH,1.0,test,-4.971101,-15.784781,11.42975
22421,29-08-2026,13,PIH,1.0,test,-4.4011307,-15.757182,11.888638
22421,29-08-2026,14,TLC,-2.0,test,-7.2666106,-17.526964,6.5490522
22421,29-08-2026,15,SUJH,-6.0,test,-10.556799,-20.893946,2.1770136
22421,29-08-2026,16,LAU,-5.0,test,-9.239442,-19.591152,4.5605965
22421,29-08-2026,17,DIA,-6.0,test,-10.234649,-21.351421,0.30973285
22421,29-08-2026,19,DNA,-22.0,test,-23.664286,-31.428097,-15.63574
22421,29-08-2026,20,MTD,-21.0,test,-22.385714,-30.754217,-12.81335
22421,29-08-2026,21,GOTN,-23.0,test,-23.400364,-32.119698,-15.3312025
22421,30-08-2026,1,DEE,-3.0,test,0.40337053,-15.946197,9.4761
22421,30-08-2026,2,DEC,-7.0,test,-3.8245044,-16.138363,4.636427
22421,30-08-2026,3,GGN,-9.0,test,-5.0813146,-17.22948,4.4915695
22421,30-08-2026,4,PTRD,-15.0,test,-12.822393,-21.223822,-0.92109704
22421,30-08-2026,5,RE,-8.0,test,-4.1532273,-16.644976,6.2324
22421,30-08-2026,6,MHRG,-15.0,test,-14.089129,-23.44997,-2.0976975
22421,30-08-2026,7,STNL,-30.0,test,-24.359064,-32.036716,-12.527051
22421,30-08-2026,8,LHU,-25.0,test,-18.884398,-26.855776,-5.959154
22421,30-08-2026,9,RMB,-27.0,test,-20.541615,-28.340092,-7.0323963
22421,30-08-2026,10,SDLP,-27.0,test,-19.918797,-28.214972,-9.09814
22421,30-08-2026,11,CUR,-21.0,test,-15.571756,-23.50336,-3.5598059
22421,30-08-2026,12,RTGH,-13.0,test,-8.326196,-18.543293,7.526918
22421,30-08-2026,13,PIH,-13.0,test,-7.468143,-18.485088,7.62527
22421,30-08-2026,14,TLC,-16.0,test,-10.821051,-20.737253,3.1164234
22421,30-08-2026,15,SUJH,-20.0,test,-13.927113,-21.506699,-3.0703022
22421,30-08-2026,16,LAU,-20.0,test,-12.518923,-21.610703,-1.876392
22421,30-08-2026,17,DIA,-20.0,test,-14.640345,-21.806055,-4.6875877
22421,30-08-2026,19,DNA,-47.0,test,-31.045464,-40.978188,-14.56479
22421,30-08-2026,20,MTD,-47.0,test,-29.03916,-38.36749,-14.551907
22421,30-08-2026,21,GOTN,-40.0,test,-27.782003,-36.99243,-15.930924
22421,31-08-2026,1,DEE,4.0,test,3.5926285,-15.852193,8.378381
22421,31-08-2026,2,DEC,-1.0,test,-3.8763661,-16.901281,3.5722866
22421,31-08-2026,3,GGN,-4.0,test,-8.590608,-19.985197,3.5590532
22421,31-08-2026,4,PTRD,-12.0,test,-15.919451,-23.975796,-7.4510427
22421,31-08-2026,5,RE,1.0,test,-3.1310759,-16.61104,5.443826
22421,31-08-2026,6,MHRG,-5.0,test,-10.793699,-23.250948,-1.1691732
22421,31-08-2026,7,STNL,-16.0,test,-19.663998,-28.428497,-11.255207
22421,31-08-2026,8,LHU,-15.0,test,-17.61204,-25.39899,-7.609294
22421,31-08-2026,9,RMB,-17.0,test,-18.949747,-27.760159,-9.538685
22421,31-08-2026,10,SDLP,-16.0,test,-17.800385,-27.283045,-10.392078
22421,31-08-2026,11,CUR,-9.0,test,-13.601631,-21.677553,-5.279316
22421,31-08-2026,12,RTGH,-2.0,test,-4.9174447,-16.41814,7.520146
22421,31-08-2026,13,PIH,-3.0,test,-7.213504,-17.195667,3.9840462
22421,31-08-2026,14,TLC,-5.0,test,-8.450041,-19.446596,4.061801
22421,31-08-2026,15,SUJH,-9.0,test,-12.613403,-20.992594,-5.212496
22421,31-08-2026,16,LAU,-8.0,test,-8.716431,-21.22286,0.9224967
22421,31-08-2026,17,DIA,-8.0,test,-10.147289,-21.202341,0.2880766
22421,31-08-2026,19,DNA,-54.0,test,-34.50298,-49.127453,-16.135336
22421,31-08-2026,20,MTD,-43.0,test,-30.75696,-39.271366,-16.187143
22421,31-08-2026,21,GOTN,-38.0,test,-30.045813,-38.053917,-18.258207
22473,31-08-2026,1,BKN,-9.0,test,0.032948807,-15.845584,6.235974
22473,31-08-2026,2,NOK,-20.0,test,-14.869642,-21.097776,-2.7377205
22473,31-08-2026,3,NGO,-36.0,test,-30.296091,-38.54134,-14.845017
22473,31-08-2026,4,MTD,-8.0,test,-8.771317,-16.57891,3.2344902
22473,31-08-2026,5,JU,-8.0,test,-4.4748583,-16.524527,4.2710886
22473,31-08-2026,6,LUNI,-32.0,test,-26.011925,-32.96587,-11.10406
22473,31-08-2026,7,PMY,-31.0,test,-25.718918,-31.241728,-11.630446
22473,31-08-2026,8,MJ,-18.0,test,-12.457983,-19.68475,0.7191613
22473,31-08-2026,9,SJWB,-19.0,test,-13.729045,-19.602133,-3.2094362
22473,31-08-2026,10,ABR,-7.0,test,-1.9952404,-16.50458,5.6450987
22473,31-08-2026,11,PNU,-11.0,test,-2.4499063,-15.827819,5.1368194
22473,31-08-2026,12,UJA,-7.0,test,-3.7300003,-16.6368,3.8277047
22473,31-08-2026,13,MSH,-8.0,test,-5.0455747,-14.902645,5.567712
22473,31-08-2026,14,ADI,-27.0,test,-18.507143,-29.059736,-8.308993
22473,31-08-2026,16,ANND,-25.0,test,-19.118027,-24.281504,-9.213842
22473,31-08-2026,18,BH,-15.0,test,-9.009023,-18.000546,1.7782758
22473,31-08-2026,19,ST,-12.0,test,-9.48463,-16.379534,4.526721
22473,31-08-2026,20,NVS,-18.0,test,-15.469914,-21.17673,-1.7728034
22473,31-08-2026,21,BL,-16.0,test,-10.61155,-18.561562,1.7741632
22977,28-08-2026,0,JP,-4.0,test,-13.631864,-27.658426,0.30393454
22977,28-08-2026,1,KKU,-7.0,test,-15.540881,-28.962873,-1.3024962
22977,28-08-2026,2,FL,-5.0,test,-13.865347,-28.58966,-1.468281
22977,28-08-2026,3,NAC,-4.0,test,-13.811367,-28.046633,-3.2993176
22977,28-08-2026,4,KMNC,-5.0,test,-14.235149,-28.94752,-2.991197
22977,28-08-2026,5,MKN,-9.0,test,-16.83933,-30.9813,-4.253318
22977,28-08-2026,6,GCH,-8.0,test,-15.766957,-29.182577,-3.222287
22977,28-08-2026,7,DNA,-9.0,test,-16.934721,-30.764542,-5.181678
22977,28-08-2026,8,REN,-10.0,test,-17.67368,-29.964165,-5.2427287
22977,28-08-2026,9,MTD,-11.0,test,-18.535269,-29.95497,-6.6365347
22977,28-08-2026,10,GOTN,-15.0,test,-20.457834,-30.31003,-9.90152
22977,28-08-2026,11,RKB,-33.0,test,-33.217216,-38.4354,-22.335028
22977,29-08-2026,0,JP,-15.0,test,-13.64914,-28.678852,-0.05738375
22977,29-08-2026,1,KKU,-19.0,test,-16.8216,-30.149162,-2.8534985
22977,29-08-2026,2,FL,-18.0,test,-15.450888,-29.751904,-2.3637085
22977,29-08-2026,3,NAC,-18.0,test,-15.363605,-28.199661,-3.3794758
22977,29-08-2026,4,KMNC,-19.0,test,-16.31425,-28.972162,-4.784439
22977,29-08-2026,5,MKN,-19.0,test,-16.458183,-29.187468,-4.4248385
22977,29-08-2026,6,GCH,-17.0,test,-15.4803095,-27.723877,-2.7307804
22977,29-08-2026,7,DNA,-20.0,test,-16.795708,-29.185442,-5.2285
22977,29-08-2026,8,REN,-21.0,test,-17.585777,-28.843403,-5.546454
22977,29-08-2026,9,MTD,-23.0,test,-18.713137,-28.551783,-8.089343
22977,29-08-2026,10,GOTN,-25.0,test,-19.84924,-30.044067,-9.90152
22977,29-08-2026,11,RKB,-33.0,test,-29.901428,-34.01961,-16.354364
22977,30-08-2026,0,JP,-9.0,test,-14.241623,-29.457266,0.37619895
22977,30-08-2026,1,KKU,-13.0,test,-17.247252,-30.648539,-2.844466
22977,30-08-2026,2,FL,-12.0,test,-15.942906,-30.865925,-1.4911528
22977,30-08-2026,3,NAC,-11.0,test,-15.558523,-29.399734,-2.2310758
22977,30-08-2026,4,KMNC,-12.0,test,-16.110746,-29.663876,-3.5332913
22977,30-08-2026,5,MKN,-12.0,test,-16.411636,-29.692715,-3.6160197
22977,30-08-2026,6,GCH,-11.0,test,-15.9126,-28.282412,-2.4952915
22977,30-08-2026,7,DNA,-13.0,test,-17.241116,-30.124453,-4.1943207
22977,30-08-2026,8,REN,-14.0,test,-17.703665,-29.24527,-4.8247323
22977,30-08-2026,9,MTD,-25.0,test,-22.038967,-30.237024,-12.680684
22977,30-08-2026,10,GOTN,-27.0,test,-24.070477,-30.572687,-14.493019
22977,30-08-2026,11,RKB,-34.0,test,-32.19479,-36.607166,-21.728022
22977,31-08-2026,0,JP,-6.0,test,-12.323865,-25.238358,-0.11588295
22977,31-08-2026,1,KKU,-6.0,test,-12.782999,-25.740477,-2.0054848
22977,31-08-2026,2,FL,-8.0,test,-14.66028,-26.57954,-1.9780905
22977,31-08-2026,3,NAC,-7.0,test,-13.886111,-25.796976,-3.0631433
22977,31-08-2026,4,KMNC,-8.0,test,-14.256742,-25.878502,-3.7790205
22977,31-08-2026,5,MKN,-10.0,test,-15.193907,-26.511742,-4.6994243
22977,31-08-2026,6,GCH,-9.0,test,-14.912052,-24.78955,-3.3219206
22977,31-08-2026,7,DNA,-11.0,test,-16.174217,-28.034323,-5.1876135
22977,31-08-2026,8,REN,-13.0,test,-17.573023,-28.903255,-7.173552
22977,31-08-2026,9,MTD,-15.0,test,-19.784155,-29.684822,-10.461829
22977,31-08-2026,10,GOTN,-18.0,test,-22.330719,-29.863483,-13.642892
22977,31-08-2026,11,RKB,-27.0,test,-33.165157,-36.371048,-21.425732
22982,28-08-2026,1,SGNR,-5.0,test,-12.569814,-20.1553,-0.8265001
22982,28-08-2026,2,SDS,-10.0,test,-16.708029,-22.341595,-4.5738583
22982,28-08-2026,3,HMH,-5.0,test,-13.154544,-21.081776,-2.4816914
22982,28-08-2026,4,PGK,-9.0,test,-17.802292,-23.51805,-5.660781
22982,28-08-2026,5,SOG,-19.0,test,-27.411144,-32.499363,-13.326141
22982,28-08-2026,6,MHJ,-18.0,test,-26.370983,-33.072895,-14.892812
22982,28-08-2026,8,LGH,-35.0,test,-42.873066,-49.028816,-24.898403
22982,28-08-2026,9,BKN,-10.0,test,-17.172419,-23.235247,-1.604454
22982,28-08-2026,10,DSO,-6.0,test,-14.919485,-22.496502,-5.1890163
22982,28-08-2026,11,NOK,-5.0,test,-14.690071,-22.331266,-5.6260986
22982,28-08-2026,12,NGO,-33.0,test,-39.304485,-44.752235,-24.764833
22982,28-08-2026,13,DNA,-41.0,test,-49.46585,-53.20777,-27.223368
22982,28-08-2026,14,MKN,-42.0,test,-52.857525,-55.152218,-26.929447
22982,28-08-2026,15,NAC,-30.0,test,-37.318825,-43.700554,-23.772863
22982,28-08-2026,16,SBR,-17.0,test,-23.438251,-29.572475,-11.200628
22982,28-08-2026,17,FL,-5.0,test,-14.274214,-21.948208,-3.9509125
22982,28-08-2026,18,JOB,-6.0,test,-15.939177,-21.324034,-5.199472
22982,28-08-2026,19,JP,-20.0,test,-28.44869,-34.524464,-16.432497
22982,28-08-2026,20,DPA,-21.0,test,-29.241993,-35.368355,-17.183931
22982,28-08-2026,21,BNLW,-17.0,test,-27.766222,-33.76205,-15.665017
22982,28-08-2026,22,ISA,-22.0,test,-32.01338,-37.649708,-19.632896
22982,28-08-2026,23,CKB,-17.0,test,-28.36572,-33.369938,-15.986896
22982,28-08-2026,24,SWM,-4.0,test,-14.295334,-21.431026,-4.341112
22982,28-08-2026,25,IDG,-7.0,test,-16.562733,-22.047235,-6.939427
22982,28-08-2026,26,LKE,-9.0,test,-18.860811,-23.155403,-8.569878
22982,30-08-2026,1,SGNR,-8.0,test,-12.943425,-20.086819,-0.11575827
22982,30-08-2026,3,HMH,-8.0,test,-13.458653,-21.30322,-2.8542295
22982,30-08-2026,4,PGK,-13.0,test,-17.871624,-23.673449,-4.860233
22982,30-08-2026,5,SOG,-30.0,test,-31.985224,-39.823593,-15.747942
22982,30-08-2026,6,MHJ,-44.0,test,-40.501488,-51.241634,-25.903955
22982,30-08-2026,7,LKS,-43.0,test,-41.865784,-51.07022,-24.761976
22982,30-08-2026,8,LGH,-55.0,test,-54.47729,-62.16037,-25.593052
22982,30-08-2026,9,BKN,-18.0,test,-17.85419,-26.987621,-2.5825572
22982,30-08-2026,10,DSO,-33.0,test,-32.868526,-41.18297,-18.98851
22982,30-08-2026,11,NOK,-34.0,test,-34.132595,-40.934124,-21.242079
22982,30-08-2026,12,NGO,-47.0,test,-48.375572,-55.439117,-26.158962
22982,30-08-2026,13,DNA,-44.0,test,-48.423584,-51.949852,-27.372648
22982,30-08-2026,14,MKN,-44.0,test,-49.10312,-50.912926,-26.929447
22982,30-08-2026,15,NAC,-30.0,test,-34.82809,-41.234756,-20.37296
22982,30-08-2026,16,SBR,-13.0,test,-17.22645,-22.327578,-5.5974526
22982,30-08-2026,17,FL,-8.0,test,-14.6909275,-21.862673,-2.8387475
22982,30-08-2026,18,JOB,-10.0,test,-15.859938,-21.206392,-4.4164114
22982,30-08-2026,19,JP,-22.0,test,-27.78247,-32.98961,-14.70945
22982,30-08-2026,20,DPA,-24.0,test,-28.464163,-34.311623,-15.960464
22982,30-08-2026,21,BNLW,-37.0,test,-38.991753,-45.51414,-26.070913
22982,30-08-2026,22,ISA,-35.0,test,-38.027367,-43.72242,-24.674494
22982,30-08-2026,23,CKB,-28.0,test,-33.410397,-38.92662,-19.557243
22982,30-08-2026,24,SWM,-9.0,test,-14.212331,-21.345774,-3.4292548
22982,30-08-2026,25,IDG,-17.0,test,-20.50173,-26.117197,-8.506477
22982,30-08-2026,26,LKE,-19.0,test,-22.194788,-28.375874,-9.851853
22982,31-08-2026,1,SGNR,-15.0,test,-12.229972,-20.13119,0.5375218
22982,31-08-2026,2,SDS,-20.0,test,-16.158962,-22.18472,-3.4510453
22982,31-08-2026,3,HMH,-34.0,test,-30.649256,-36.059124,-10.747664
22982,31-08-2026,4,PGK,-46.0,test,-39.050125,-46.04744,-19.202969
22982,31-08-2026,5,SOG,-55.0,test,-47.754963,-58.104916,-23.99062
22982,31-08-2026,6,MHJ,-55.0,test,-46.69829,-57.40652,-26.526752
22982,31-08-2026,7,LKS,-55.0,test,-48.560505,-58.450066,-25.539078
22982,31-08-2026,8,LGH,-57.0,test,-50.4164,-59.692577,-26.30283
22982,31-08-2026,9,BKN,-24.0,test,-20.196503,-26.825119,-2.448439
22982,31-08-2026,10,DSO,-24.0,test,-20.713413,-27.960678,-7.404899
22982,31-08-2026,11,NOK,-27.0,test,-23.927011,-30.345287,-10.847998
22982,31-08-2026,12,NGO,-44.0,test,-40.221874,-46.380013,-25.178934
22982,31-08-2026,13,DNA,-47.0,test,-45.070644,-48.80706,-27.27196
22982,31-08-2026,14,MKN,-48.0,test,-49.382366,-49.83292,-26.929447
22982,31-08-2026,15,NAC,-37.0,test,-35.50558,-41.77985,-20.329271
22982,31-08-2026,16,SBR,-21.0,test,-17.959934,-23.017952,-6.3608727
22982,31-08-2026,17,FL,-14.0,test,-14.738336,-21.855616,-2.8387475
22982,31-08-2026,18,JOB,-24.0,test,-21.895977,-26.506828,-7.6369514
22982,31-08-2026,19,JP,-32.0,test,-30.920269,-36.724663,-17.557602
22982,31-08-2026,20,DPA,-34.0,test,-32.54059,-38.406624,-17.970524
22982,31-08-2026,21,BNLW,-36.0,test,-34.777718,-40.966816,-20.718885
22982,31-08-2026,22,ISA,-36.0,test,-35.011257,-40.871387,-20.614716
22982,31-08-2026,23,CKB,-30.0,test,-29.925364,-35.482445,-17.536625
22982,31-08-2026,24,SWM,-15.0,test,-14.442302,-21.52264,-4.2609506
22982,31-08-2026,25,IDG,-23.0,test,-20.739964,-26.239038,-8.506477
22982,31-08-2026,26,LKE,-24.0,test,-21.9963,-27.812208,-8.801383
22985,30-08-2026,1,UDZ,-27.0,test,-9.871476,-24.58046,15.976284
22985,30-08-2026,2,MVJ,-29.0,test,-16.124277,-24.059782,9.750057
22985,30-08-2026,3,CNA,-32.0,test,-17.9517,-27.170162,11.824964
22985,30-08-2026,4,BHL,-37.0,test,-21.249157,-32.147003,6.638289
22985,30-08-2026,5,AII,-26.0,test,-15.171701,-22.92989,11.624882
22985,30-08-2026,6,FL,-28.0,test,-16.044645,-23.964798,8.589916
22985,30-08-2026,7,RGS,-28.0,test,-16.488346,-24.58332,8.575404
22985,30-08-2026,8,NNL,-26.0,test,-16.237099,-24.210213,11.335949
22985,30-08-2026,9,RE,-28.0,test,-16.599009,-24.097382,14.191575
